nct_id,brief_title,overall_status,why_stopped,classification_label,classification_reason,classification_confidence,classification_evidence,disease_area,disease_areas_matched,mesh_terms,countries,study_type,phases,lead_sponsor,collaborators,conditions,intervention_names,intervention_types,start_date,primary_completion_date,completion_date,last_update_post_date,url,classification_outcome_v2,classification_primary_reason_v2,classification_secondary_reasons_v2,classification_needs_review,classification_version,classification_text_hash,classification_source
NCT04401020,First-in-human Single Agent Study of SAR442257 in RRMM and RR-NHL,TERMINATED,Sponsor decision based on limited clinical benefit observed in both Multiple Myeloma and Non-Hodgkin Lymphoma cohorts,BIOLOGICAL_FAILURE,EFFICACY/FUTILITY,HIGH,v=2.0.0;outcome=BIOLOGICAL_FAILURE;primary=EFFICACY_FUTILITY;eff.explicit_lack:limited clinical benefit,Oncology,Oncology,,,INTERVENTIONAL,PHASE1,Sanofi,,Neoplasm Malignant,SAR442257,DRUG,2020-07-24,2024-03-02,2026-05-11,2026-08-14,https://clinicaltrials.gov/study/NCT04401020,BIOLOGICAL_FAILURE,EFFICACY_FUTILITY,,False,2.0.0,f8d1e11a0d479c126731,RULE_V2
NCT05083481,"A Study of ASP1570 Taken by Itself, or ASP1570 Taken Together With Either Pembrolizumab, Standard Therapies, or Both, in Adults With Solid Tumors",TERMINATED,Lack of clinical benefit,BIOLOGICAL_FAILURE,EFFICACY/FUTILITY,HIGH,v=2.0.0;outcome=BIOLOGICAL_FAILURE;primary=EFFICACY_FUTILITY;reviewed.exact_reason:Lack of Clinical Benefit,Oncology,Oncology,,,INTERVENTIONAL,PHASE1,"Astellas Pharma Global Development, Inc.",Merck Sharp & Dohme LLC,Advanced Solid Tumors,ASP1570; pembrolizumab; Trifluridine + Tipiracil; Bevacizumab; Docetaxel; Oxaliplatin; Leucovorin; 5-Fluorouracil; Irinotecan; Pemetrexed; Carboplatin,DRUG; DRUG; DRUG; DRUG; DRUG; DRUG; DRUG; DRUG; DRUG; DRUG; DRUG,2021-10-19,2026-05-11,2026-05-11,2026-08-14,https://clinicaltrials.gov/study/NCT05083481,BIOLOGICAL_FAILURE,EFFICACY_FUTILITY,,False,2.0.0,6fa23511ce57fb98d2aa,REVIEWED_EXACT
NCT05491317,A Safety and Antitumor Activity Trial of Immunoradiotherapy Combinations as a Treatment Option for Subjects With Metastatic Solid Tumors,TERMINATED,"After reviewing all available data from Part 1 of the trial, the Sponsor has decided not to proceed to Part 2 (randomized Phase 2) of the trial due to lack of efficacy",BIOLOGICAL_FAILURE,EFFICACY/FUTILITY,HIGH,"v=2.0.0;outcome=BIOLOGICAL_FAILURE;primary=EFFICACY_FUTILITY;reviewed.exact_reason:After reviewing all available data from Part 1 of the trial, the Sponsor has decided not to proceed to Part 2 (randomized Phase 2) of the trial due to lack of efficacy",Oncology,Oncology,,,INTERVENTIONAL,PHASE1; PHASE2,Genmab,BioNTech SE,Non-CNS Tumor,GEN1042; Pembrolizumab; Radiotherapy,BIOLOGICAL; DRUG; RADIATION,2023-03-08,2025-08-11,2025-08-11,2026-08-12,https://clinicaltrials.gov/study/NCT05491317,BIOLOGICAL_FAILURE,EFFICACY_FUTILITY,,False,2.0.0,6ab09707bc28e9f77b65,REVIEWED_EXACT
NCT03417739,A Phase II Study of BVD-523 in Metastatic Uveal Melanoma,TERMINATED,This was a Simon two stage design trial that terminated after the first stage due to lack of response.,BIOLOGICAL_FAILURE,EFFICACY/FUTILITY,HIGH,v=2.0.0;outcome=BIOLOGICAL_FAILURE;primary=EFFICACY_FUTILITY;eff.explicit_lack:lack of response,Oncology,Oncology,,,INTERVENTIONAL,PHASE2,Dana-Farber Cancer Institute,"BioMed Valley Discoveries, Inc",Uveal Melanoma,BVD-523,DRUG,2018-03-26,2020-05-05,2025-07-16,2026-07-27,https://clinicaltrials.gov/study/NCT03417739,BIOLOGICAL_FAILURE,EFFICACY_FUTILITY,,False,2.0.0,a58e9ac05c36cb83db31,RULE_V2
NCT05167409,Study of Evorpacept (ALX148) With Cetuximab and Pembrolizumab for Refractory Microsatellite Stable Metastatic Colorectal Cancer,TERMINATED,Accrual was terminated due to safety concerns,BIOLOGICAL_FAILURE,SAFETY,HIGH,v=2.0.0;outcome=BIOLOGICAL_FAILURE;primary=SAFETY;saf.explicit:terminated due to safety concerns,Oncology,Oncology,,,INTERVENTIONAL,PHASE2,"University of Colorado, Denver","ALX Oncology Inc.; Merck Sharp & Dohme LLC; Eli Lilly and Company; Criterium, Inc.; Academic GI Cancer Consortium (AGICC)",Microsatellite Stable Metastatic Colorectal Cancer,Evorpacept (ALX148); Cetuximab; Pembrolizumab,DRUG; DRUG; DRUG,2022-07-28,2024-10-30,2024-10-30,2026-07-22,https://clinicaltrials.gov/study/NCT05167409,BIOLOGICAL_FAILURE,SAFETY,,False,2.0.0,07b4fe80f354dc55f246,RULE_V2
NCT06470451,Confirmatory Study of Topical HyBryte™ vs. Placebo for the Treatment of CTCL,TERMINATED,The Data Monitoring Committee conducted an interim analysis and recommended that the study be halted for futility,BIOLOGICAL_FAILURE,EFFICACY/FUTILITY,HIGH,v=2.0.0;outcome=BIOLOGICAL_FAILURE;primary=EFFICACY_FUTILITY;eff.futility:futility,Oncology,Oncology,,,INTERVENTIONAL,PHASE3,Soligenix,,CTCL/ Mycosis Fungoides; CTCL; Mycosis Fungoides; Cutaneous T Cell Lymphoma,Hypericin; Placebo,DRUG; DRUG,2025-01-07,2026-05-22,2026-05-22,2026-07-13,https://clinicaltrials.gov/study/NCT06470451,BIOLOGICAL_FAILURE,EFFICACY_FUTILITY,,False,2.0.0,303c48aab7a0e4b0ea15,RULE_V2
NCT04933695,A Study of Sotorasib (AMG 510) in Participants With Stage IV NSCLC Whose Tumors Harbor a KRAS p.G12C Mutation in Need of First-line Treatment,TERMINATED,Futility,BIOLOGICAL_FAILURE,EFFICACY/FUTILITY,HIGH,v=2.0.0;outcome=BIOLOGICAL_FAILURE;primary=EFFICACY_FUTILITY;reviewed.exact_reason:Futility,Oncology,Oncology; Respiratory,,,INTERVENTIONAL,PHASE2,Amgen,,Non-small Cell Lung Cancer,Sotorasib,DRUG,2022-01-28,2025-05-28,2025-05-28,2026-07-13,https://clinicaltrials.gov/study/NCT04933695,BIOLOGICAL_FAILURE,EFFICACY_FUTILITY,,False,2.0.0,1f112ae47ca5fa590645,REVIEWED_EXACT
NCT06376253,A Phase I Study of [177Lu]Lu-EVS459 in Patients With Ovarian and Lung Cancers,TERMINATED,Study termination based on sponsor decision due to lack of tolerability observed with \[177Lu\]Lu-EVS459,BIOLOGICAL_FAILURE,SAFETY,HIGH,v=2.0.0;outcome=BIOLOGICAL_FAILURE;primary=SAFETY;reviewed.exact_reason:Study termination based on sponsor decision due to lack of tolerability observed with \[177Lu\]Lu-EVS459,Oncology,Oncology; Respiratory,,,INTERVENTIONAL,PHASE1,Novartis Pharmaceuticals,,Ovarian Cancer; Lung Cancer,[68Ga]Ga-EVS459; [177Lu]Lu-EVS459,DRUG; DRUG,2024-09-08,2025-07-10,2025-07-10,2026-07-09,https://clinicaltrials.gov/study/NCT06376253,BIOLOGICAL_FAILURE,SAFETY,,False,2.0.0,e0d643f421267cf5de83,REVIEWED_EXACT
NCT05220098,First-in-Human Study of TAK-280 in Participants With Solid Tumors,TERMINATED,Terminated due to limited anti-cancer activity,BIOLOGICAL_FAILURE,EFFICACY/FUTILITY,HIGH,v=2.0.0;outcome=BIOLOGICAL_FAILURE;primary=EFFICACY_FUTILITY;reviewed.exact_reason:Terminated due to limited anti-cancer activity,Oncology,Oncology,,,INTERVENTIONAL,PHASE1; PHASE2,Takeda,"Takeda Development Center Americas, Inc.",Unresectable Locally Advanced or Metastatic Cancer,TAK-280,DRUG,2022-04-21,2025-07-28,2025-07-28,2026-07-07,https://clinicaltrials.gov/study/NCT05220098,BIOLOGICAL_FAILURE,EFFICACY_FUTILITY,,False,2.0.0,ad1919ac6fff5e1405c6,REVIEWED_EXACT
NCT06169280,Repeated Neural Stem Cell Based Virotherapy for Newly Diagnosed High Grade Glioma,SUSPENDED,Safety issues,BIOLOGICAL_FAILURE,SAFETY,HIGH,v=2.0.0;outcome=BIOLOGICAL_FAILURE;primary=SAFETY;reviewed.exact_reason:safety issues,Oncology,Oncology,,,INTERVENTIONAL,PHASE1,Northwestern University,,"Glioma, Malignant; New Diagnosis Tumor",NSC-CRAd-S-pk7,BIOLOGICAL,2025-06-27,2029-12-31,2030-12-31,2026-06-30,https://clinicaltrials.gov/study/NCT06169280,BIOLOGICAL_FAILURE,SAFETY,,False,2.0.0,fe8e95e17e77b5b89764,REVIEWED_EXACT
NCT05999968,Abemaciclib Plus Darolutamide in Prostate Cancer That Has Spread After Initial Treatment,TERMINATED,The study was terminated early as related study I3Y-MC-JPCM (NCT03706365) did not meet its primary endpoint.,BIOLOGICAL_FAILURE,EFFICACY/FUTILITY,HIGH,v=2.0.0;outcome=BIOLOGICAL_FAILURE;primary=EFFICACY_FUTILITY;eff.endpoint_failure:did not meet its primary endpoint,Oncology,Oncology,,,INTERVENTIONAL,PHASE1,Eli Lilly and Company,Bayer,Prostatic Neoplasms,Abemaciclib; Darolutamide; LHRH agonist/antagonist,DRUG; DRUG; DRUG,2024-01-12,2024-02-23,2026-01-21,2026-06-26,https://clinicaltrials.gov/study/NCT05999968,BIOLOGICAL_FAILURE,EFFICACY_FUTILITY,,False,2.0.0,802d58115d6d0f9047d2,RULE_V2
NCT05712694,Study of ADI-PEG 20 or Placebo Plus Gem and Doc in Previously Treated Subjects With Leiomyosarcoma (ARGSARC),TERMINATED,"Lack of Efficacy, no safety concern.",BIOLOGICAL_FAILURE,EFFICACY/FUTILITY,HIGH,v=2.0.0;outcome=BIOLOGICAL_FAILURE;primary=EFFICACY_FUTILITY;eff.explicit_lack:lack of efficacy,Oncology,Oncology,,,INTERVENTIONAL,PHASE3,Polaris Group,,Soft Tissue Sarcoma,ADI PEG20; Placebo,DRUG; OTHER,2023-11-29,2026-05-25,2026-05-25,2026-06-25,https://clinicaltrials.gov/study/NCT05712694,BIOLOGICAL_FAILURE,EFFICACY_FUTILITY,,False,2.0.0,03438f8f8643e2b9eaab,RULE_V2
NCT01012297,Gemcitabine Hydrochloride and Docetaxel With or Without Bevacizumab in Treating Patients With Advanced or Recurrent Uterine Leiomyosarcoma,TERMINATED,"The study was targeted to accrue 130 patients, but closed early for futility.",BIOLOGICAL_FAILURE,EFFICACY/FUTILITY,HIGH,v=2.0.0;outcome=BIOLOGICAL_FAILURE;primary=EFFICACY_FUTILITY;eff.futility:futility,Oncology,Oncology,,,INTERVENTIONAL,PHASE3,National Cancer Institute (NCI),NRG Oncology,Recurrent Uterine Corpus Sarcoma; Stage IIIA Uterine Sarcoma; Stage IIIB Uterine Sarcoma; Stage IIIC Uterine Sarcoma; Stage IVA Uterine Sarcoma; Stage IVB Uterine Sarcoma; Uterine Corpus Leiomyosarcoma,Bevacizumab; Docetaxel; Filgrastim; Gemcitabine Hydrochloride; Pegfilgrastim; Placebo,BIOLOGICAL; DRUG; BIOLOGICAL; DRUG; BIOLOGICAL; OTHER,2009-11,2015-09,2015-09,2026-06-24,https://clinicaltrials.gov/study/NCT01012297,BIOLOGICAL_FAILURE,EFFICACY_FUTILITY,,False,2.0.0,d465ca99055e85317627,RULE_V2
NCT06076837,The Seven Trial: Exploiting the Unfolded Protein Response,TERMINATED,The study was terminated early per the recommendation of the Data and Safety Monitoring Board (DSMB) after a planned interim analysis met pre-specified criteria for futility.,BIOLOGICAL_FAILURE,EFFICACY/FUTILITY,HIGH,v=2.0.0;outcome=BIOLOGICAL_FAILURE;primary=EFFICACY_FUTILITY;eff.futility:futility,Oncology,Gastroenterology & Hepatology; Oncology,,,INTERVENTIONAL,PHASE1,HonorHealth Research Institute,University of Arizona; Agenus Inc.,Pancreatic Cancer Metastatic; Pancreatic Adenocarcinoma Metastatic,Botensilimab; Balstilimab; Chloroquine Phosphate; Celecoxib; Nab paclitaxel; Gemcitabine; Cisplatin,DRUG; DRUG; DRUG; DRUG; DRUG; DRUG; DRUG,2025-01-09,2025-12-22,2025-12-22,2026-06-23,https://clinicaltrials.gov/study/NCT06076837,BIOLOGICAL_FAILURE,EFFICACY_FUTILITY,,False,2.0.0,aaa91395e8399b7757fb,RULE_V2
NCT05580770,Mirdametinib + BGB-3245 in Advanced Solid Tumors,TERMINATED,Lack of tolerability of BGB-3245 (Brimarafenib) when given in combination with Mirdametinib,BIOLOGICAL_FAILURE,SAFETY,HIGH,v=2.0.0;outcome=BIOLOGICAL_FAILURE;primary=SAFETY;saf.toxicity:lack of tolerability,Oncology,Oncology,,,INTERVENTIONAL,PHASE1; PHASE2,"Merck Healthcare KGaA, Darmstadt, Germany, an affiliate of Merck KGaA, Darmstadt, Germany",,Advanced Solid Tumor,Mirdametinib 2mg; BGB-3245 5mg; Mirdametinib 3mg; Mirdametinib 4mg; BGB-3245 10mg; BGB-3245 20mg,DRUG; DRUG; DRUG; DRUG; DRUG; DRUG,2023-02-03,2025-01-15,2025-01-15,2026-06-11,https://clinicaltrials.gov/study/NCT05580770,BIOLOGICAL_FAILURE,SAFETY,,False,2.0.0,f481a81503ad977fa275,RULE_V2
NCT05419479,Switch Maintenance in Pancreatic,SUSPENDED,Efficacy concerns.,BIOLOGICAL_FAILURE,EFFICACY/FUTILITY,HIGH,v=2.0.0;outcome=BIOLOGICAL_FAILURE;primary=EFFICACY_FUTILITY;reviewed.exact_reason:Efficacy concerns.,Oncology,Gastroenterology & Hepatology; Oncology,,,INTERVENTIONAL,PHASE1; PHASE2,"James Cleary, MD, PhD","Arcus Biosciences, Inc.; Lustgarten Foundation",Pancreatic Cancer; Adenocarcinoma of the Pancreas; Squamous Cell Carcinoma of Pancreas; Adenosquamous Carcinoma of the Pancreas,ZIMBERELIMAB; DOMVANALIMAB; APX005M; FOLFIRI,DRUG; DRUG; DRUG; DRUG,2022-11-30,2026-05-17,2032-05-17,2026-06-04,https://clinicaltrials.gov/study/NCT05419479,BIOLOGICAL_FAILURE,EFFICACY_FUTILITY,,False,2.0.0,d2ecf9697c0953a89714,REVIEWED_EXACT
NCT06351332,ZAP-IT: ZN-c3 + Carboplatin + Pembrolizumab in mTNBC,TERMINATED,"Zentalis terminated contract due to concern for toxicity safety from previously reported serious adverse events. This study had been designed as a Phase I / Phase II study, but never reached Phase II.",BIOLOGICAL_FAILURE,SAFETY,HIGH,v=2.0.0;outcome=BIOLOGICAL_FAILURE;primary=SAFETY;saf.adverse_events:serious adverse events;saf.adverse_events:for toxicity,Oncology,Oncology,,,INTERVENTIONAL,PHASE1,"Filipa Lynce, MD",Merck Sharp & Dohme LLC; Zentalis Pharmaceuticals,Breast Cancer; Breast Cancer Female; Triple Negative Breast Cancer; Hormone Receptor Negative Malignant Tumor Breast Triple; HER2-negative Breast Cancer,Azenosertib; Carboplatin; Pembrolizumab,DRUG; DRUG; DRUG,2024-05-01,2026-02-24,2026-02-24,2026-06-04,https://clinicaltrials.gov/study/NCT06351332,BIOLOGICAL_FAILURE,SAFETY,,False,2.0.0,3d4a4ecf35f8d42495da,RULE_V2
NCT04955743,Pembrolizumab and Lenvatinib in Patients With Brain Metastases From Melanoma or Renal Cell Carcinoma,TERMINATED,Lack of activity in the drugs,BIOLOGICAL_FAILURE,EFFICACY/FUTILITY,HIGH,v=2.0.0;outcome=BIOLOGICAL_FAILURE;primary=EFFICACY_FUTILITY;reviewed.exact_reason:Lack of activity in the drugs,Oncology,Oncology; Renal & Urology,,,INTERVENTIONAL,PHASE2,Yale University,Merck Sharp & Dohme LLC,Melanoma; Renal Cell Carcinoma; Brain Metastases; PD1/PD-L1 Experienced; Pembrolizumab; Lenvatinib; Metastatic Melanoma,Pembrolizumab; Lenvatinib,DRUG; DRUG,2022-02-09,2025-05-28,2025-05-28,2026-06-04,https://clinicaltrials.gov/study/NCT04955743,BIOLOGICAL_FAILURE,EFFICACY_FUTILITY,,False,2.0.0,eaa19aa092cae65b7a73,REVIEWED_EXACT
NCT06171789,PRO1107 in Patients With Advanced Solid Tumors,TERMINATED,Genmab has decided to discontinue the clinical development of GEN1107 as the overall benefit-risk profile no longer supports continuation,BIOLOGICAL_FAILURE,SAFETY,HIGH,v=2.0.0;outcome=BIOLOGICAL_FAILURE;primary=SAFETY;reviewed.exact_reason:Genmab has decided to discontinue the clinical development of GEN1107 as the overall benefit-risk profile no longer supports continuation,Oncology,Gastroenterology & Hepatology; Oncology; Respiratory,,,INTERVENTIONAL,PHASE1; PHASE2,Genmab,,Endometrial Cancer; Ovarian Cancer; Triple Negative Breast Cancer; GastroEsophageal Cancer; Non-small Cell Lung Cancer; Urothelial Carcinoma,GEN1107,DRUG,2024-01-03,2025-08-18,2025-08-18,2026-06-01,https://clinicaltrials.gov/study/NCT06171789,BIOLOGICAL_FAILURE,SAFETY,,False,2.0.0,a39c551e4a7cc0149bf5,REVIEWED_EXACT
NCT03324282,First-line Gemcitabine/Cisplatin +/- Avelumab in Locally Advanced or Metastatic Bladder Carcinoma,TERMINATED,"ANSM's refusal to validate ATU requests for avelumab in bladder cancer, Decrease in recruitment, Most investigators would like to offer avelumab for maintenance, Absence of benefit to the chemo-immuno combination (pembro+gem-platinum) in phase III",BIOLOGICAL_FAILURE,EFFICACY/FUTILITY,HIGH,v=2.0.0;outcome=BIOLOGICAL_FAILURE;primary=EFFICACY_FUTILITY;eff.explicit_lack:absence of benefit,Oncology,Oncology; Renal & Urology,,,INTERVENTIONAL,PHASE2,"University Hospital, Bordeaux",,Bladder Carcinoma,Avelumab; GC,DRUG; DRUG,2018-02-23,2021-12-31,2022-01-14,2026-05-22,https://clinicaltrials.gov/study/NCT03324282,BIOLOGICAL_FAILURE,EFFICACY_FUTILITY,,False,2.0.0,c7b6125de2222c8ed6c8,RULE_V2
NCT06844669,HER2HEART-US: Prevention of Cardiotoxicity in Breast Cancer Patients Receiving HER2-directed Therapy,TERMINATED,Futility,BIOLOGICAL_FAILURE,EFFICACY/FUTILITY,HIGH,v=2.0.0;outcome=BIOLOGICAL_FAILURE;primary=EFFICACY_FUTILITY;reviewed.exact_reason:Futility,Oncology,Oncology,,,INTERVENTIONAL,PHASE2,Washington University School of Medicine,,HER2-positive Breast Cancer; HER2+ Breast Cancer,Carvedilol; Empagliflozin,DRUG; DRUG,2025-04-16,2026-02-16,2026-05-07,2026-05-13,https://clinicaltrials.gov/study/NCT06844669,BIOLOGICAL_FAILURE,EFFICACY_FUTILITY,,False,2.0.0,1f112ae47ca5fa590645,REVIEWED_EXACT
NCT04746924,A Study of Ociperlimab With Tislelizumab Compared to Pembrolizumab in Participants With Untreated Lung Cancer,TERMINATED,This decision was conducted by the sponsor based on lack of efficacy and not driven by safety concerns.,BIOLOGICAL_FAILURE,EFFICACY/FUTILITY,HIGH,v=2.0.0;outcome=BIOLOGICAL_FAILURE;primary=EFFICACY_FUTILITY;eff.explicit_lack:lack of efficacy,Oncology,Oncology; Respiratory,,,INTERVENTIONAL,PHASE3,BeiGene,,Non-small Cell Lung Cancer; NSCLC,Tislelizumab; Ociperlimab; Pembrolizumab; Placebo,DRUG; DRUG; DRUG; DRUG,2021-05-24,2025-05-30,2026-03-18,2026-05-12,https://clinicaltrials.gov/study/NCT04746924,BIOLOGICAL_FAILURE,EFFICACY_FUTILITY,,False,2.0.0,2a2ea3eeb0a2fa83012e,RULE_V2
NCT06732258,"Low-dose Radiotherapy Combined With Concurrent Chemotherapy, Toripalimab and Tifcemalimab in the Treatment of ES-SCLC",WITHDRAWN,"Inorder to avoid the serious adverse effect of Toripalimab combining with Tifcemalimab, considering as the protection of participants.",BIOLOGICAL_FAILURE,SAFETY,HIGH,v=2.0.0;outcome=BIOLOGICAL_FAILURE;primary=SAFETY;saf.adverse_events:serious adverse effect,Oncology,Oncology; Respiratory,,,INTERVENTIONAL,PHASE1,Sichuan University,,Extensive-stage Small-cell Lung Cancer,Low-dose radiotherapy; Tifcemalimab injection; Toripalimab; Cisplatin; Carboplatin; Etoposide,RADIATION; DRUG; DRUG; DRUG; DRUG; DRUG,2025-01-10,2026-02-28,2028-02-29,2026-04-29,https://clinicaltrials.gov/study/NCT06732258,BIOLOGICAL_FAILURE,SAFETY,,False,2.0.0,24e154441bdf8cc37dc2,RULE_V2
NCT05518110,PaTcH Study: A Phase 2 Study of Trametinib and Hydroxychloroquine in Patients With Metastatic Refractory Pancreatic Cancer,TERMINATED,Study terminated due to futility,BIOLOGICAL_FAILURE,EFFICACY/FUTILITY,HIGH,v=2.0.0;outcome=BIOLOGICAL_FAILURE;primary=EFFICACY_FUTILITY;eff.futility:futility,Gastroenterology & Hepatology,Gastroenterology & Hepatology; Oncology,,,INTERVENTIONAL,PHASE2,Cancer Trials Ireland,Novartis,Pancreatic Cancer,Trametinib; Hydroxychloroquine,DRUG; DRUG,2023-05-31,2026-03-03,2026-03-03,2026-04-13,https://clinicaltrials.gov/study/NCT05518110,BIOLOGICAL_FAILURE,EFFICACY_FUTILITY,,False,2.0.0,014955026dcb9952a6d9,RULE_V2
NCT06692452,Tazemetostat Plus CHOP in 1L T-cell Lymphoma,WITHDRAWN,Ipsen requested a temporary closure due to a safety concern.,BIOLOGICAL_FAILURE,SAFETY,HIGH,v=2.0.0;outcome=BIOLOGICAL_FAILURE;primary=SAFETY;reviewed.exact_reason:Ipsen requested a temporary closure due to a safety concern.,Gastroenterology & Hepatology,Gastroenterology & Hepatology; Immunology & Autoimmune; Oncology,,,INTERVENTIONAL,PHASE2,"Eric Jacobsen, MD",Ipsen,Lymphoma; Peripheral T Cell Lymphoma; Angioimmunoblastic T-cell Lymphoma; Enteropathy-Associated T-Cell Lymphoma; Monomorphic Epitheliotropic Intestinal T-Cell Lymphoma,Tazemetostat; Doxorubicin; Vincristine; Prednisone; Cytoxan; Carmustine; Etoposide; Cytarabine; Melphalan,DRUG; DRUG; DRUG; DRUG; DRUG; DRUG; DRUG; DRUG; DRUG,2024-12-24,2027-10-01,2032-10-01,2026-04-01,https://clinicaltrials.gov/study/NCT06692452,BIOLOGICAL_FAILURE,SAFETY,,False,2.0.0,865e1cf2b6ee5c740c35,REVIEWED_EXACT
NCT04234113,Study of Nanrilkefusp Alfa Alone and With Pembrolizumab in Adult Patients With Advanced/Metastatic Solid Tumors,TERMINATED,Due to lack of efficacy shown at the time of the interim analysis.,BIOLOGICAL_FAILURE,EFFICACY/FUTILITY,HIGH,v=2.0.0;outcome=BIOLOGICAL_FAILURE;primary=EFFICACY_FUTILITY;reviewed.exact_reason:Due to lack of efficacy shown at the time of the interim analysis.,Oncology,Dermatology; Endocrine & Metabolic; Gastroenterology & Hepatology; Oncology; Renal & Urology; Respiratory,,,INTERVENTIONAL,PHASE1,SOTIO Biotech AG,SOTIO Biotech a.s.,Thyroid Cancer; Renal Cell Carcinoma; Non Small Cell Lung Cancer; Small-cell Lung Cancer; Bladder Cancer; Melanoma; Merkel Cell Carcinoma; Skin Squamous Cell Carcinoma; Microsatellite Instability High; Triple Negative Breast Cancer; Mesothelioma; Thymic Cancer; Cervical Cancer; Biliary Tract Cancer; Hepatocellular Carcinoma; Ovarian Cancer; Gastric Cancer; Head and Neck Squamous Cell Carcinoma; Anal Cancer,Nanrilkefusp alfa; Pembrolizumab,DRUG; DRUG,2019-06-13,2024-08-31,2024-11-27,2026-03-27,https://clinicaltrials.gov/study/NCT04234113,BIOLOGICAL_FAILURE,EFFICACY_FUTILITY,,False,2.0.0,234624edd901e86dfa90,REVIEWED_EXACT
NCT02173756,Evaluation of Oral Morphine Gel in Oral Mucositis Induced by Chemotherapy in Children and Young Adults,TERMINATED,Numerous premature study discontinuations due to adverse events,BIOLOGICAL_FAILURE,SAFETY,HIGH,v=2.0.0;outcome=BIOLOGICAL_FAILURE;primary=SAFETY;reviewed.exact_reason:Numerous premature study discontinuations due to adverse events,Oncology,Oncology,,,INTERVENTIONAL,PHASE3,"University Hospital, Strasbourg, France",,Cancer,morphine gel; placebo gel,DRUG; DRUG,2014-06,2017-09,2017-09,2026-03-16,https://clinicaltrials.gov/study/NCT02173756,BIOLOGICAL_FAILURE,SAFETY,,False,2.0.0,2bfe8c170a830306beaa,REVIEWED_EXACT
NCT04676360,Belantamab Mafodotin In Plasmablastic Lymphoma & ALK+ Large B-Cell Lymphoma,TERMINATED,The study was closed given lack of efficacy and plans to publish this negative study.,BIOLOGICAL_FAILURE,EFFICACY/FUTILITY,HIGH,v=2.0.0;outcome=BIOLOGICAL_FAILURE;primary=EFFICACY_FUTILITY;reviewed.exact_reason:The study was closed given lack of efficacy and plans to publish this negative study.,Oncology,Oncology,,,INTERVENTIONAL,PHASE2,"Jacob Soumerai, MD",GlaxoSmithKline,Relapsed Plasmablastic Lymphoma; Refractory Plasmablastic Lymphoma; Anaplastic Lymphoma Kinase Positive Large B-Cell Lymphoma,Belantamab Mafodotin,DRUG,2021-07-01,2023-11-27,2024-11-26,2026-03-13,https://clinicaltrials.gov/study/NCT04676360,BIOLOGICAL_FAILURE,EFFICACY_FUTILITY,,False,2.0.0,f8c6485dabdb6ae69162,REVIEWED_EXACT
NCT04651127,Anti-PD-1 Antibody Combined With Histone Deacetylase Inhibitor in Patients With Advanced Cervical Cancer,TERMINATED,"Five patients were enrolled in the study, but no treatment response was observed and all the patients had the best of response of prgressive disease. Given the lack of efficacy, the trial was terminated.",BIOLOGICAL_FAILURE,EFFICACY/FUTILITY,HIGH,v=2.0.0;outcome=BIOLOGICAL_FAILURE;primary=EFFICACY_FUTILITY;eff.explicit_lack:lack of efficacy,Oncology,Oncology,,,INTERVENTIONAL,PHASE1; PHASE2,Sun Yat-sen University,,Cervical Cancer; Cervix Cancer; Cervix Neoplasm,Toripalimab + Chidamide,DRUG,2020-11-09,2023-01-26,2023-01-26,2026-03-10,https://clinicaltrials.gov/study/NCT04651127,BIOLOGICAL_FAILURE,EFFICACY_FUTILITY,,False,2.0.0,bbae33d6d3a9b6a26b19,RULE_V2
NCT04166383,VB-111 in Combination With Nivolumab in People With Metastatic Colorectal Cancer (mCRC),TERMINATED,Interim analysis indicated limited efficacy,BIOLOGICAL_FAILURE,EFFICACY/FUTILITY,HIGH,v=2.0.0;outcome=BIOLOGICAL_FAILURE;primary=EFFICACY_FUTILITY;eff.explicit_lack:limited efficacy,Oncology,Gastroenterology & Hepatology; Oncology,,,INTERVENTIONAL,PHASE2,National Cancer Institute (NCI),,Metastatic Colorectal Cancer; Colorectal Neoplasms; Colorectal Carcinoma; Colorectal Cancer With Hepatic Metastases; Colorectal Tumors,Vascular Biogenics (VB)-111; Nivolumab,BIOLOGICAL; DRUG,2020-08-09,2022-04-12,2022-12-31,2026-03-10,https://clinicaltrials.gov/study/NCT04166383,BIOLOGICAL_FAILURE,EFFICACY_FUTILITY,,False,2.0.0,cb50874c7bdc2b7b775b,RULE_V2
NCT04179864,A Study of Tazemetostat With Enzalutamide or Abiraterone/Prednisone in Participants With Advanced Prostate Cancer,TERMINATED,The study was terminated early as Sponsor decided to discontinue the development of tazemetostat in metastatic castration resistant prostate cancer and the primary endpoint was not met for this study. There were no safety concerns.,BIOLOGICAL_FAILURE,EFFICACY/FUTILITY,HIGH,v=2.0.0;outcome=BIOLOGICAL_FAILURE;primary=EFFICACY_FUTILITY;eff.endpoint_failure:primary endpoint was not met,Oncology,Oncology; Renal & Urology,,,INTERVENTIONAL,PHASE1; PHASE2,"Epizyme, Inc.",,Metastatic Prostate Cancer; Metastatic Castration-resistant Prostate Cancer,Tazemetostat; Abiraterone/prednisone; Enzalutamide,DRUG; DRUG; DRUG,2019-11-18,2024-11-04,2024-11-04,2026-03-10,https://clinicaltrials.gov/study/NCT04179864,BIOLOGICAL_FAILURE,EFFICACY_FUTILITY,,False,2.0.0,0b6928423f73bd5da5e8,RULE_V2
NCT06625515,"First-in-Human Study of ATX-559, an Oral Inhibitor of DHX9, in Patients With Advanced or Metastatic Solid Tumors, and Molecularly Defined Cancers",TERMINATED,The study was terminated by sponsor based on the adverse event profile.,BIOLOGICAL_FAILURE,SAFETY,HIGH,v=2.0.0;outcome=BIOLOGICAL_FAILURE;primary=SAFETY;reviewed.exact_reason:The study was terminated by sponsor based on the adverse event profile.,Oncology,Oncology,,,INTERVENTIONAL,PHASE1,Accent Therapeutics,,Advanced Solid Tumors; Breast Cancer Recurrent; Colorectal Cancer Metastatic; Colon Cancer; Rectal Adenocarcinoma; Endometrial Cancer,ATX-559,DRUG,2024-10-11,2026-01-09,2026-01-09,2026-02-24,https://clinicaltrials.gov/study/NCT06625515,BIOLOGICAL_FAILURE,SAFETY,,False,2.0.0,be29fc6d053bd804c925,REVIEWED_EXACT
NCT02744287,Safety and Activity Study of PSCA-Targeted CAR-T Cells (BPX-601) in Subjects With Selected Advanced Solid Tumors,TERMINATED,Due to a Dose Limiting Toxicity.,BIOLOGICAL_FAILURE,SAFETY,HIGH,v=2.0.0;outcome=BIOLOGICAL_FAILURE;primary=SAFETY;reviewed.exact_reason:Due to a Dose Limiting Toxicity.,Oncology,Oncology; Renal & Urology,,,INTERVENTIONAL,PHASE1,Regeneron Pharmaceuticals,,Metastatic Castration-resistant Prostate Cancer; Metastatic Prostate Cancer,BPX-601; Rimiducid,BIOLOGICAL; DRUG,2016-11-30,2023-03-14,2023-03-14,2026-02-23,https://clinicaltrials.gov/study/NCT02744287,BIOLOGICAL_FAILURE,SAFETY,,False,2.0.0,b6530a494e5496a6e9cc,REVIEWED_EXACT
NCT05983367,A Study to Investigate Ompenaclid Combined With FOLFIRI Plus Bevacizumab in Advanced/Metastatic Colorectal Cancer,TERMINATED,"At the time of the primary analysis, results did not meet the primary endpoint",BIOLOGICAL_FAILURE,EFFICACY/FUTILITY,HIGH,v=2.0.0;outcome=BIOLOGICAL_FAILURE;primary=EFFICACY_FUTILITY;eff.endpoint_failure:did not meet the primary endpoint,Oncology,Oncology,,,INTERVENTIONAL,PHASE2,"Inspirna, Inc.",,Colorectal Cancer; Metastatic Colon Cancer,Ompenaclid; Placebo; Bevacizumab; FOLFIRI regimen,DRUG; DRUG; DRUG; DRUG,2023-10-10,2025-01-31,2025-03-31,2026-02-20,https://clinicaltrials.gov/study/NCT05983367,BIOLOGICAL_FAILURE,EFFICACY_FUTILITY,,False,2.0.0,6734388c2cb3bc269883,RULE_V2
NCT05316116,Siltuximab in Large Granular Lymphocytic Leukemia (LGLL),TERMINATED,lack of efficacy/futility,BIOLOGICAL_FAILURE,EFFICACY/FUTILITY,HIGH,v=2.0.0;outcome=BIOLOGICAL_FAILURE;primary=EFFICACY_FUTILITY;reviewed.exact_reason:lack of efficacy/futility,Oncology,Oncology,,,INTERVENTIONAL,EARLY_PHASE1,H. Lee Moffitt Cancer Center and Research Institute,"EUSA Pharma, Inc.",Large Granular Lymphocyte Leukemia,Siltuximab,DRUG,2023-02-15,2024-10-18,2024-10-18,2026-02-05,https://clinicaltrials.gov/study/NCT05316116,BIOLOGICAL_FAILURE,EFFICACY_FUTILITY,,False,2.0.0,c3defd7c4d9187d2d25a,REVIEWED_EXACT
NCT05756907,Combination of SON-1010 (IL12-FHAB) and Atezolizumab in Patients With Platinum-resistant Ovarian Cancer,TERMINATED,"Failed to meet efficacy endpoint criteria, despite lack of safety concerns",BIOLOGICAL_FAILURE,SAFETY,HIGH,v=2.0.0;outcome=BIOLOGICAL_FAILURE;primary=SAFETY;saf.adverse_events:lack of safety,Oncology,Oncology,,,INTERVENTIONAL,PHASE1; PHASE2,Sonnet BioTherapeutics,Hoffmann-La Roche,Advanced Solid Tumor; Platinum-resistant Ovarian Cancer,SON-1010,BIOLOGICAL,2023-09-15,2025-12-31,2026-01-08,2026-02-03,https://clinicaltrials.gov/study/NCT05756907,BIOLOGICAL_FAILURE,SAFETY,,False,2.0.0,8cf751465b0febdcd432,RULE_V2
NCT02381548,Phase I Trial of AZD1775 and Belinostat in Treating Patients With Relapsed or Refractory Myeloid Malignancies or Untreated Acute Myeloid Leukemia,TERMINATED,Other - Adverse Events,BIOLOGICAL_FAILURE,SAFETY,HIGH,v=2.0.0;outcome=BIOLOGICAL_FAILURE;primary=SAFETY;saf.adverse_events:adverse events,Oncology,Oncology,,,INTERVENTIONAL,PHASE1,National Cancer Institute (NCI),,"Acute Myeloid Leukemia; Acute Myeloid Leukemia Post Cytotoxic Therapy; Blast Phase Chronic Myeloid Leukemia, BCR-ABL1 Positive; Myelodysplastic Syndrome; Recurrent Adult Acute Myeloid Leukemia; Recurrent Chronic Myeloid Leukemia, BCR-ABL1 Positive; Refractory Acute Myeloid Leukemia; Refractory Chronic Myeloid Leukemia, BCR-ABL1 Positive; Secondary Acute Myeloid Leukemia",Adavosertib; Belinostat; Laboratory Biomarker Analysis; Pharmacological Study,DRUG; DRUG; OTHER; OTHER,2015-08-18,2018-05-23,2018-05-23,2026-01-30,https://clinicaltrials.gov/study/NCT02381548,BIOLOGICAL_FAILURE,SAFETY,,False,2.0.0,9e6a78ede6dd99536666,RULE_V2
NCT06771921,A First-in-Human Trial of Safety and Efficacy of GEN1078 in Participants With Solid Tumors,TERMINATED,The sponsor has made the decision to terminate further development of GEN1078 based on emerging safety observations and overall benefit-risk assessment of 1078,BIOLOGICAL_FAILURE,SAFETY,HIGH,v=2.0.0;outcome=BIOLOGICAL_FAILURE;primary=SAFETY;reviewed.exact_reason:The sponsor has made the decision to terminate further development of GEN1078 based on emerging safety observations and overall benefit-risk assessment of 1078,Oncology,Oncology,,,INTERVENTIONAL,PHASE1; PHASE2,Genmab,,Malignant Solid Tumor,GEN1078,DRUG,2025-01-29,2025-06-11,2025-06-11,2026-01-30,https://clinicaltrials.gov/study/NCT06771921,BIOLOGICAL_FAILURE,SAFETY,,False,2.0.0,1cc5e767bd91550c0730,REVIEWED_EXACT
NCT04157517,A Study of Modakafusp Alfa (TAK-573) Given by Itself and Together With Pembrolizumab in Adults With Advanced or Metastatic Solid Tumors,TERMINATED,Study was terminated early due to futility.,BIOLOGICAL_FAILURE,EFFICACY/FUTILITY,HIGH,v=2.0.0;outcome=BIOLOGICAL_FAILURE;primary=EFFICACY_FUTILITY;reviewed.exact_reason:Study was terminated early due to futility.,Oncology,Oncology,,,INTERVENTIONAL,PHASE1; PHASE2,Teva Branded Pharmaceutical Products R&D LLC,,Neoplasms; Melanoma,Modakafusp Alfa; Pembrolizumab,DRUG; DRUG,2019-12-12,2023-12-20,2023-12-20,2026-01-29,https://clinicaltrials.gov/study/NCT04157517,BIOLOGICAL_FAILURE,EFFICACY_FUTILITY,,False,2.0.0,2875ab7a3b5473e8bbbe,REVIEWED_EXACT
NCT05070247,A Study of TAK-500 With or Without Pembrolizumab in Adults With Select Locally Advanced or Metastatic Solid Tumors,TERMINATED,Clinical Futility of TAK 500 met. No further development with this compound,BIOLOGICAL_FAILURE,EFFICACY/FUTILITY,HIGH,v=2.0.0;outcome=BIOLOGICAL_FAILURE;primary=EFFICACY_FUTILITY;reviewed.exact_reason:Clinical Futility of TAK 500 met. No further development with this compound,Gastroenterology & Hepatology,Gastroenterology & Hepatology; Oncology; Renal & Urology; Respiratory,,,INTERVENTIONAL,PHASE1; PHASE2,Takeda,,"Pancreatic Cancer; Hepatocellular Cancer; Mesothelioma; Breast Cancer; Gastric Cancer; Esophageal Cancer; Nasopharyngeal Cancer; Kidney Cancer; Squamous Cell Cancer of Head and Neck (SCCHN); Non-small Cell Lung Cancer (NSCLC), Non-squamous",TAK-500; Pembrolizumab; Tocilizumab; Dexamethasone; Dexamethasone,DRUG; DRUG; DRUG; DRUG; DRUG,2022-04-14,2025-01-06,2025-01-06,2026-01-22,https://clinicaltrials.gov/study/NCT05070247,BIOLOGICAL_FAILURE,EFFICACY_FUTILITY,,False,2.0.0,8b23c6318a20fa4e3c1f,REVIEWED_EXACT
NCT03926624,Trial of DFP-10917 vs Non-Intensive or Intensive Reinduction for AML Patients in 2nd/3rd/4th Salvage,TERMINATED,The data met the protocol-specified criteria for futility of the investigational treatment.,BIOLOGICAL_FAILURE,EFFICACY/FUTILITY,HIGH,v=2.0.0;outcome=BIOLOGICAL_FAILURE;primary=EFFICACY_FUTILITY;reviewed.exact_reason:The data met the protocol-specified criteria for futility of the investigational treatment.,Oncology,Oncology,,,INTERVENTIONAL,PHASE3,"Delta-Fly Pharma, Inc.",,"Leukemia, Myeloid, Acute",DFP-10917; Cytarabine; Azacitidine; Decitabine; Mitoxantrone; Etoposide; Fludarabine; Idarubicin; Venetoclax; Cladribine,DRUG; DRUG; DRUG; DRUG; DRUG; DRUG; DRUG; DRUG; DRUG; DRUG,2019-11-22,2026-01-07,2026-01-07,2026-01-22,https://clinicaltrials.gov/study/NCT03926624,BIOLOGICAL_FAILURE,EFFICACY_FUTILITY,,False,2.0.0,87e0b20825a3a9728e36,REVIEWED_EXACT
NCT04266301,"Study of Efficacy and Safety of MBG453 in Combination With Azacitidine in Subjects With Intermediate, High or Very High Risk Myelodysplastic Syndrome (MDS) as Per IPSS-R, or Chronic Myelomonocytic Leukemia-2 (CMML-2)",TERMINATED,"In December 2023, Novartis decided to terminate the sabatolimab clinical development program early after Phase II (MDS1) and Phase III (MDS2) studies failed to meet their primary objectives. The termination was not due to safety concerns.",BIOLOGICAL_FAILURE,EFFICACY/FUTILITY,HIGH,"v=2.0.0;outcome=BIOLOGICAL_FAILURE;primary=EFFICACY_FUTILITY;reviewed.exact_reason:In December 2023, Novartis decided to terminate the sabatolimab clinical development program early after Phase II (MDS1) and Phase III (MDS2) studies failed to meet their primary o",Oncology,Oncology,,,INTERVENTIONAL,PHASE3,Novartis Pharmaceuticals,,"Myelodysplastic Syndromes; Leukemia, Myelomonocytic, Chronic",Sabatolimab; Azacitidine; Placebo,DRUG; DRUG; DRUG,2020-06-08,2024-10-02,2024-10-02,2026-01-13,https://clinicaltrials.gov/study/NCT04266301,BIOLOGICAL_FAILURE,EFFICACY_FUTILITY,,False,2.0.0,1fff8eb2f573ac8e8e18,REVIEWED_EXACT
NCT04150029,A Study of MBG453 in Combination With Azacitidine and Venetoclax in AML Patients Unfit for Chemotherapy,TERMINATED,"Novartis made a decision to early terminate the sabatolimab clinical development program, including the CMBG453C12201 trial, following the negative results from other 2 trials.",BIOLOGICAL_FAILURE,EFFICACY/FUTILITY,HIGH,"v=2.0.0;outcome=BIOLOGICAL_FAILURE;primary=EFFICACY_FUTILITY;reviewed.exact_reason:Novartis made a decision to early terminate the sabatolimab clinical development program, including the CMBG453C12201 trial, following the negative results from other 2 trials.",Oncology,Oncology,,,INTERVENTIONAL,PHASE2,Novartis Pharmaceuticals,,Acute Myeloid Leukemia,MBG453; Venetoclax; Azacitidine,DRUG; DRUG; DRUG,2020-09-01,2024-10-25,2024-10-25,2026-01-13,https://clinicaltrials.gov/study/NCT04150029,BIOLOGICAL_FAILURE,EFFICACY_FUTILITY,,False,2.0.0,78b60c1bfe929e49b7f6,REVIEWED_EXACT
NCT04770272,Study to Compare a Mono Atezolizumab Window Followed by a Atezolizumab - CTX Therapy With Atezolizumab - CTX Therapy,TERMINATED,The trial stopped recruitment prematurely after a first planned interim analysis of the first 100 pCR results (given that a probability of less than 2.5% of meeting the primary endpoint was estimated).,BIOLOGICAL_FAILURE,EFFICACY/FUTILITY,HIGH,v=2.0.0;outcome=BIOLOGICAL_FAILURE;primary=EFFICACY_FUTILITY;reviewed.exact_reason:The trial stopped recruitment prematurely after a first planned interim analysis of the first 100 pCR results (given that a probability of less than 2.5% of meeting the primary end,Oncology,Oncology,,,INTERVENTIONAL,PHASE2,Palleos Healthcare GmbH,"Roche Pharma AG; Phaon Scientific GmbH; University Hospital, Essen; University Hospital Erlangen",Triple-negative Breast Cancer,Atezolizumab 840 MG in 14 ML Injection; Atezolizumab 1200 MG in 20 ML Injection; Carboplatin; Paclitaxel; Epirubicin; Cyclophosphamide; Biopsy Arm A; Biopsy Arm B; Surgery,DRUG; DRUG; DRUG; DRUG; DRUG; DRUG; PROCEDURE; PROCEDURE; PROCEDURE,2021-03-01,2023-07-06,2024-10-02,2026-01-12,https://clinicaltrials.gov/study/NCT04770272,BIOLOGICAL_FAILURE,EFFICACY_FUTILITY,,False,2.0.0,91eab7e29679a1904f98,REVIEWED_EXACT
NCT03760523,Dose Escalation Study of Minnelide in Relapsed or Refractory Acute Myeloid Leukemia,TERMINATED,Toxicity -Two DLT events occurred,BIOLOGICAL_FAILURE,SAFETY,HIGH,v=2.0.0;outcome=BIOLOGICAL_FAILURE;primary=SAFETY;reviewed.exact_reason:Toxicity -Two DLT events occurred,Oncology,Oncology,,,INTERVENTIONAL,PHASE1,H. Lee Moffitt Cancer Center and Research Institute,Minneamrita Therapeutics LLC,Acute Myeloid Leukemia,Minnelide,DRUG,2019-04-18,2023-10-09,2023-10-09,2026-01-07,https://clinicaltrials.gov/study/NCT03760523,BIOLOGICAL_FAILURE,SAFETY,,False,2.0.0,38a803c54fe5eaccd006,REVIEWED_EXACT
NCT06162351,"A Study to Evaluate the Efficacy and Toxicities of PLX038, in Patients With Locally Advanced or Metastatic Triple-negative Breast Cancer",TERMINATED,No signal of significant toxicity and no signal of activity in the population of the TOPOLGY study,BIOLOGICAL_FAILURE,EFFICACY/FUTILITY,HIGH,v=2.0.0;outcome=BIOLOGICAL_FAILURE;primary=EFFICACY_FUTILITY;reviewed.exact_reason:No signal of significant toxicity and no signal of activity in the population of the TOPOLGY study,Oncology,Oncology,,,INTERVENTIONAL,PHASE2,Institut Curie,ProLynx LLC,Breast; Cancer,PLX038,DRUG,2024-04-17,2025-05-15,2025-05-15,2026-01-02,https://clinicaltrials.gov/study/NCT06162351,BIOLOGICAL_FAILURE,EFFICACY_FUTILITY,,False,2.0.0,d9a66ec7b39d3315abc7,REVIEWED_EXACT
NCT06649682,68Ga-NYM096/177Lu-NYM096 in Metastatic ccRCC,SUSPENDED,This trial has been suspended given the concerns of stomach adverse effect in the first dose of 177Lu-NYM096 treatment (one patient developed grade 3 radiation-induced gastritis).,BIOLOGICAL_FAILURE,SAFETY,HIGH,v=2.0.0;outcome=BIOLOGICAL_FAILURE;primary=SAFETY;reviewed.exact_reason:This trial has been suspended given the concerns of stomach adverse effect in the first dose of 177Lu-NYM096 treatment (one patient developed grade 3 radiation-induced gastritis).,Oncology,Oncology; Renal & Urology,,,INTERVENTIONAL,PHASE1,Peking Union Medical College Hospital,,Clear Cell Renal Cell Carcinoma,68Ga-NYM096 PET/CT and 177Lu-NYM096,DRUG,2024-11-21,2026-10,2027-10,2025-12-31,https://clinicaltrials.gov/study/NCT06649682,BIOLOGICAL_FAILURE,SAFETY,,False,2.0.0,d5b8df2a67b173f76166,REVIEWED_EXACT
NCT05267106,Study to Evaluate the Efficacy and Safety of Pemigatinib in Participants With Previously Treated Glioblastoma or Other Primary Central Nervous System Tumors Harboring Activating FGFR1-3 Alterations,TERMINATED,Recruitment ceased after a pre-planned futility interim analysis indicated a low probability to confer a clinically meaningful improvement in objective response when compared to currently available therapies. There were no safety related concerns.,BIOLOGICAL_FAILURE,EFFICACY/FUTILITY,HIGH,v=2.0.0;outcome=BIOLOGICAL_FAILURE;primary=EFFICACY_FUTILITY;reviewed.exact_reason:Recruitment ceased after a pre-planned futility interim analysis indicated a low probability to confer a clinically meaningful improvement in objective response when compared to cu,Oncology,Oncology,,,INTERVENTIONAL,PHASE2,Incyte Corporation,,Glioblastoma; Adult-type Diffuse Gliomas,Pemigatinib,DRUG,2022-05-20,2024-12-17,2024-12-17,2025-12-30,https://clinicaltrials.gov/study/NCT05267106,BIOLOGICAL_FAILURE,EFFICACY_FUTILITY,,False,2.0.0,d53b1ab686b41646fac9,REVIEWED_EXACT
NCT06881823,Study to Assess [177Lu]Lu-PSMA-R2 (AAA602) and [225Ac]Ac-PSMA-R2 (AAA802) in Participants With PSMA-positive HRLPC,WITHDRAWN,The radioligands to be evaluated showed acceptable safety but limited benefit in metastatic prostate cancer,BIOLOGICAL_FAILURE,EFFICACY/FUTILITY,HIGH,v=2.0.0;outcome=BIOLOGICAL_FAILURE;primary=EFFICACY_FUTILITY;eff.explicit_lack:limited benefit,Oncology,Oncology; Renal & Urology,,,INTERVENTIONAL,PHASE1; PHASE2,Novartis Pharmaceuticals,,Prostate Cancer,AAA602; AAA802; Gallium (68Ga) gozetotide; Piflufolastat (18F); Flotufolastat F 18; 18F-PSMA-1007,DRUG; DRUG; DRUG; DRUG; DRUG; DRUG,2026-06-29,2030-03-31,2033-06-01,2025-12-29,https://clinicaltrials.gov/study/NCT06881823,BIOLOGICAL_FAILURE,EFFICACY_FUTILITY,,False,2.0.0,47d5228b0993417ef9d8,RULE_V2
NCT07283848,Zimberelimab + Domvanalimab in Gastroesophageal Adenocarcinoma,WITHDRAWN,The pharmaceutical company is not moving forward with this intervention due to lack of efficacy.,BIOLOGICAL_FAILURE,EFFICACY/FUTILITY,HIGH,v=2.0.0;outcome=BIOLOGICAL_FAILURE;primary=EFFICACY_FUTILITY;eff.explicit_lack:lack of efficacy,Gastroenterology & Hepatology,Gastroenterology & Hepatology; Oncology,,,INTERVENTIONAL,PHASE2,Massachusetts General Hospital,"Arcus Biosciences, Inc.; Gateway for Cancer Research",Adenocarcinoma Stomach; Adenocarcinoma Gastroesophageal Junction,Zimberelimab; Domvanalimab; FLOT (Fluorouracil+Leucovorin+Oxaliplatin+Docetaxel),DRUG; DRUG; DRUG,2026-02-01,2026-12-01,2029-12-01,2025-12-26,https://clinicaltrials.gov/study/NCT07283848,BIOLOGICAL_FAILURE,EFFICACY_FUTILITY,,False,2.0.0,39dd36f792d332d3c2cc,RULE_V2
NCT03225547,Study of Pembrolizumab and Mifepristone in Patients With Advanced HER2-negative Breast Cancer,TERMINATED,side effects (rash),BIOLOGICAL_FAILURE,SAFETY,HIGH,v=2.0.0;outcome=BIOLOGICAL_FAILURE;primary=SAFETY;reviewed.exact_reason:side effects (rash),Oncology,Oncology,,,INTERVENTIONAL,PHASE2,University of Chicago,,Triple Negative Breast Neoplasms; Breast Cancer,Pembrolizumab; Mifepristone,DRUG; DRUG,2018-02-12,2025-09-30,2025-09-30,2025-12-23,https://clinicaltrials.gov/study/NCT03225547,BIOLOGICAL_FAILURE,SAFETY,,False,2.0.0,aed4da69ca211a229db0,REVIEWED_EXACT
NCT04445064,Activity and Safety of Peptide-based Immunotherapy in Patients With Squamous Cell Carcinoma of the Head and Neck.,TERMINATED,unmet primary endpoint,BIOLOGICAL_FAILURE,EFFICACY/FUTILITY,HIGH,v=2.0.0;outcome=BIOLOGICAL_FAILURE;primary=EFFICACY_FUTILITY;reviewed.exact_reason:unmet primary endpoint,Oncology,Oncology,,,INTERVENTIONAL,PHASE2,Cliniques universitaires Saint-Luc- Université Catholique de Louvain,,Oropharynx Squamous Cell Carcinoma; Larynx Squamous Cell Carcinoma; Hypopharynx Squamous Cell Carcinoma; Oral Cavity Squamous Cell Carcinoma,IO102; IO103,BIOLOGICAL; BIOLOGICAL,2020-08-14,2024-06-08,2025-03-20,2025-12-16,https://clinicaltrials.gov/study/NCT04445064,BIOLOGICAL_FAILURE,EFFICACY_FUTILITY,,False,2.0.0,cd6ad0e4ac0ab555c3ca,REVIEWED_EXACT
NCT05583110,Efficacy and Safety of the Combination of Trastuzumab Plus TUCAtinib Plus viNorelbine in Patients With HER2-positive Non-resectable Locally Advanced or Metastatic Breast Cancer,TERMINATED,"The study was closed early due to safety concerns and an unfavorable benefit-risk balance. Unexpected high neutropenia rates required a costly sub-study, which was not feasible, forcing the sponsor to terminate the trial prematurely.",BIOLOGICAL_FAILURE,SAFETY,HIGH,"v=2.0.0;outcome=BIOLOGICAL_FAILURE;primary=SAFETY;reviewed.exact_reason:The study was closed early due to safety concerns and an unfavorable benefit-risk balance. Unexpected high neutropenia rates required a costly sub-study, which was not feasible, fo",Oncology,Oncology,,,INTERVENTIONAL,PHASE2,Spanish Breast Cancer Research Group,Seagen Inc.,HER2-positive Metastatic Breast Cancer; Locally Advanced HER2 Positive Breast Carcinoma,Tucatinib; Trastuzumab; Vinorelbine,DRUG; DRUG; DRUG,2023-03-08,2025-05-30,2025-05-30,2025-12-10,https://clinicaltrials.gov/study/NCT05583110,BIOLOGICAL_FAILURE,SAFETY,,False,2.0.0,50340bbea391098b74a6,REVIEWED_EXACT
NCT04844073,A Study of TAK-186 (Also Known as MVC-101) in Adults With Advanced or Metastatic Cancer,TERMINATED,Sponsor decision based on limited anti-cancer activity of TAK-186.,BIOLOGICAL_FAILURE,EFFICACY/FUTILITY,HIGH,v=2.0.0;outcome=BIOLOGICAL_FAILURE;primary=EFFICACY_FUTILITY;reviewed.exact_reason:Sponsor decision based on limited anti-cancer activity of TAK-186.,Oncology,Oncology; Respiratory,,,INTERVENTIONAL,PHASE1; PHASE2,Takeda,,Squamous Cell Cancer of Head and Neck (SCCHN); Non-small Cell Lung Cancer (NSCLC); Colorectal Cancer,TAK-186,DRUG,2021-03-08,2025-06-17,2025-06-17,2025-12-04,https://clinicaltrials.gov/study/NCT04844073,BIOLOGICAL_FAILURE,EFFICACY_FUTILITY,,False,2.0.0,814c07d3cd8ddcc784bd,REVIEWED_EXACT
NCT03274258,Phase II Trial of Nivolumab Plus Ipilimumab in Patients With Renal Medullary Carcinoma,TERMINATED,The study met its prespecified futility criteria during the prespecified interim futility analysis after enrolling the first cohort of 10 patients.,BIOLOGICAL_FAILURE,EFFICACY/FUTILITY,HIGH,v=2.0.0;outcome=BIOLOGICAL_FAILURE;primary=EFFICACY_FUTILITY;reviewed.exact_reason:The study met its prespecified futility criteria during the prespecified interim futility analysis after enrolling the first cohort of 10 patients.,Oncology,Oncology; Renal & Urology,,,INTERVENTIONAL,PHASE2,M.D. Anderson Cancer Center,National Cancer Institute (NCI),Kidney Medullary Carcinoma; Loss of INI 1 Protein Expression; Stage III Renal Cell Cancer AJCC v8; Stage IV Renal Cell Cancer AJCC v8,Ipilimumab; Nivolumab,BIOLOGICAL; BIOLOGICAL,2017-12-13,2025-11-21,2025-11-21,2025-12-03,https://clinicaltrials.gov/study/NCT03274258,BIOLOGICAL_FAILURE,EFFICACY_FUTILITY,,False,2.0.0,2e64deff1921e0c32a31,REVIEWED_EXACT
NCT06964165,A Study Comparing Niraparib Versus Platinum-Taxane Doublet Chemotherapy as Neoadjuvant Treatment in Participants With Homologous Recombination-Deficient Stage III/IV Ovarian Cancer (COHORT-C),TERMINATED,The study stopped after meeting pre-specified futility criteria,BIOLOGICAL_FAILURE,EFFICACY/FUTILITY,HIGH,v=2.0.0;outcome=BIOLOGICAL_FAILURE;primary=EFFICACY_FUTILITY;reviewed.exact_reason:The study stopped after meeting pre-specified futility criteria,Oncology,Oncology,,,INTERVENTIONAL,PHASE2,"Tesaro, Inc.",,Ovarian Neoplasms,Niraparib; Carboplatin; Paclitaxel,DRUG; DRUG; DRUG,2022-04-14,2024-06-28,2025-03-31,2025-11-26,https://clinicaltrials.gov/study/NCT06964165,BIOLOGICAL_FAILURE,EFFICACY_FUTILITY,,False,2.0.0,23219210c62e6ed0f921,REVIEWED_EXACT
NCT04635059,Pacritinib for Biochemical Relapse After Definitive Treatment for Prostate Cancer,TERMINATED,futility and drug supplier in favor of new metastatic protocol.,BIOLOGICAL_FAILURE,EFFICACY/FUTILITY,HIGH,v=2.0.0;outcome=BIOLOGICAL_FAILURE;primary=EFFICACY_FUTILITY;reviewed.exact_reason:futility and drug supplier in favor of new metastatic protocol.,Oncology,Oncology; Renal & Urology,,,INTERVENTIONAL,PHASE2,Medical College of Wisconsin,,Prostate Cancer,Pacritinib,DRUG,2021-06-01,2023-11-30,2024-10-27,2025-11-17,https://clinicaltrials.gov/study/NCT04635059,BIOLOGICAL_FAILURE,EFFICACY_FUTILITY,,False,2.0.0,f13d5f7055f7960d46bc,REVIEWED_EXACT
NCT04396535,Docetaxel With or Without Bintrafusp Alfa for the Treatment of Advanced Non-small Cell Lung Cancer,TERMINATED,EMD Serono recommendation based on three other studies that failed to show benefit for bintrafusp alfa,BIOLOGICAL_FAILURE,EFFICACY/FUTILITY,HIGH,v=2.0.0;outcome=BIOLOGICAL_FAILURE;primary=EFFICACY_FUTILITY;reviewed.exact_reason:EMD Serono recommendation based on three other studies that failed to show benefit for bintrafusp alfa,Oncology,Oncology; Respiratory,,,INTERVENTIONAL,PHASE2,Mayo Clinic,,Advanced Lung Non-Small Cell Carcinoma; Stage III Lung Cancer AJCC v8; Stage IIIA Lung Cancer AJCC v8; Stage IIIB Lung Cancer AJCC v8; Stage IIIC Lung Cancer AJCC v8; Stage IV Lung Cancer AJCC v8; Stage IVA Lung Cancer AJCC v8; Stage IVB Lung Cancer AJCC v8,Bintrafusp Alfa; Docetaxel,DRUG; DRUG,2020-10-23,2023-12-31,2023-12-31,2025-11-17,https://clinicaltrials.gov/study/NCT04396535,BIOLOGICAL_FAILURE,EFFICACY_FUTILITY,,False,2.0.0,74b5fea4361b24b200e0,REVIEWED_EXACT
NCT05256381,A Study of SOT101 in Combination With Pembrolizumab to Evaluate the Efficacy and Safety in Patients With Selected Advanced Solid Tumors,TERMINATED,Due to lack of expected efficacy shown at the time of the interim analysis,BIOLOGICAL_FAILURE,EFFICACY/FUTILITY,HIGH,v=2.0.0;outcome=BIOLOGICAL_FAILURE;primary=EFFICACY_FUTILITY;reviewed.exact_reason:Due to lack of expected efficacy shown at the time of the interim analysis,Oncology,Gastroenterology & Hepatology; Oncology; Renal & Urology; Respiratory,,,INTERVENTIONAL,PHASE2,SOTIO Biotech AG,Merck Sharp & Dohme LLC,Non-Small Cell Lung Cancer; Colorectal Cancer; Cutaneous Squamous Cell Carcinoma; Hepatocellular Carcinoma; Castration-resistant Prostate Cancer; Ovarian Cancer,Nanrilkefusp Alfa; Pembrolizumab,DRUG; DRUG,2022-06-21,2024-08-31,2024-11-29,2025-11-17,https://clinicaltrials.gov/study/NCT05256381,BIOLOGICAL_FAILURE,EFFICACY_FUTILITY,,False,2.0.0,280f8beaa15b0cef278b,REVIEWED_EXACT
NCT05525286,Clinical Trial of SOT102 Antibody Drug Conjugate in Patients With Advanced Gastric and Pancreatic Adenocarcinoma,TERMINATED,Trial terminated by Sponsor based on benefit- risk reassessment,BIOLOGICAL_FAILURE,SAFETY,HIGH,v=2.0.0;outcome=BIOLOGICAL_FAILURE;primary=SAFETY;reviewed.exact_reason:Trial terminated by Sponsor based on benefit- risk reassessment,Gastroenterology & Hepatology,Gastroenterology & Hepatology; Oncology,,,INTERVENTIONAL,PHASE1; PHASE2,SOTIO Biotech a.s.,,Pancreatic Cancer,SOT102,DRUG,2022-03-31,2024-12-13,2024-12-13,2025-11-17,https://clinicaltrials.gov/study/NCT05525286,BIOLOGICAL_FAILURE,SAFETY,,False,2.0.0,1b5f67edca199532d303,REVIEWED_EXACT
NCT02623439,A Study of Haploidentical Bone Marrow Transplant for Patients With Hematologic Malignancies,TERMINATED,Toxicity,BIOLOGICAL_FAILURE,SAFETY,HIGH,v=2.0.0;outcome=BIOLOGICAL_FAILURE;primary=SAFETY;reviewed.exact_reason:Toxicity,Hematology (non-onc),Hematology (non-onc); Oncology,,,INTERVENTIONAL,PHASE2,"University of California, San Diego",,Hematologic Malignancies,Cyclophosphamide 50 mg/kg IV Days 3 and 4 post transplant,DRUG,2012-09-21,2016-05-12,2023-01-01,2025-11-10,https://clinicaltrials.gov/study/NCT02623439,BIOLOGICAL_FAILURE,SAFETY,,False,2.0.0,ce8d5cb0641741178e70,REVIEWED_EXACT
NCT03770494,A Study of LY3405105 in Participants With Advanced Cancer,TERMINATED,The study was terminated for lack of sufficient efficacy.,BIOLOGICAL_FAILURE,EFFICACY/FUTILITY,HIGH,v=2.0.0;outcome=BIOLOGICAL_FAILURE;primary=EFFICACY_FUTILITY;reviewed.exact_reason:The study was terminated for lack of sufficient efficacy.,Oncology,Oncology,,,INTERVENTIONAL,PHASE1,Eli Lilly and Company,,Solid Tumor,LY3405105,DRUG,2019-01-31,2021-02-04,2021-02-04,2025-11-04,https://clinicaltrials.gov/study/NCT03770494,BIOLOGICAL_FAILURE,EFFICACY_FUTILITY,,False,2.0.0,21bd579f547fb0b01304,REVIEWED_EXACT
NCT05469178,A Clinical Study of Bemcentinib With Standard of Care Chemoimmunotherapy in Untreated Advanced/Metastatic Non-small Cell Lung Cancer Patients With a Mutation in the STK11 Gene,TERMINATED,Lack of efficacy,BIOLOGICAL_FAILURE,EFFICACY/FUTILITY,HIGH,v=2.0.0;outcome=BIOLOGICAL_FAILURE;primary=EFFICACY_FUTILITY;reviewed.exact_reason:Lack of efficacy,Oncology,Oncology; Respiratory,,,INTERVENTIONAL,PHASE1; PHASE2,BerGenBio ASA,,"Carcinoma, Non-Small-Cell Lung",Bemcentinib; Pembrolizumab; Pemetrexed; Carboplatin,DRUG; DRUG; DRUG; DRUG,2023-03-03,2025-04-03,2025-04-03,2025-10-29,https://clinicaltrials.gov/study/NCT05469178,BIOLOGICAL_FAILURE,EFFICACY_FUTILITY,,False,2.0.0,4431292a7cce2b3e9aed,REVIEWED_EXACT
NCT02711137,Open-Label Safety and Tolerability Study of INCB057643 in Subjects With Advanced Malignancies,TERMINATED,Study terminated due to safety issues.,BIOLOGICAL_FAILURE,SAFETY,HIGH,v=2.0.0;outcome=BIOLOGICAL_FAILURE;primary=SAFETY;reviewed.exact_reason:Study terminated due to safety issues.,Oncology,Oncology,,,INTERVENTIONAL,PHASE1; PHASE2,Incyte Corporation,,Solid Tumors,INCB057643; Gemcitabine; Paclitaxel; Rucaparib; Abiraterone; Ruxolitinib; Azacitidine,DRUG; DRUG; DRUG; DRUG; DRUG; DRUG; DRUG,2016-05-18,2019-02-13,2019-02-13,2025-10-21,https://clinicaltrials.gov/study/NCT02711137,BIOLOGICAL_FAILURE,SAFETY,,False,2.0.0,0f72ab64094eb90a0cc2,REVIEWED_EXACT
NCT04363801,A Study of DKN-01 in Combination With Tislelizumab ± Chemotherapy in Patients With Gastric or Gastroesophageal Cancer,TERMINATED,experimental treatment will not be more efficacious than its comparator in the primary endpoint of PFS,BIOLOGICAL_FAILURE,EFFICACY/FUTILITY,HIGH,v=2.0.0;outcome=BIOLOGICAL_FAILURE;primary=EFFICACY_FUTILITY;reviewed.exact_reason:experimental treatment will not be more efficacious than its comparator in the primary endpoint of PFS,Oncology,Gastroenterology & Hepatology; Oncology,,,INTERVENTIONAL,PHASE2,"Leap Therapeutics, Inc.",BeiGene,Gastric Cancer; Gastric Adenocarcinoma; GastroEsophageal Cancer,DKN-01 300mg; DKN-01 600mg; DKN-01 400mg; Tislelizumab 200mg; Tislelizumab 400mg; Oxaliplatin; Capecitabine 1000mg/ m2 twice daily (BID); Leucovorin Calcium; Fluorouracil,DRUG; DRUG; DRUG; DRUG; DRUG; DRUG; DRUG; DRUG; DRUG,2020-07-29,2025-03-31,2025-03-31,2025-10-09,https://clinicaltrials.gov/study/NCT04363801,BIOLOGICAL_FAILURE,EFFICACY_FUTILITY,,False,2.0.0,bc88fedebdf860df6d58,REVIEWED_EXACT
NCT03522142,A Study Exploring the Safety and Tolerability of INCB081776 in Participants With Advanced Malignancies,TERMINATED,The study was terminated after careful review of the overall clinical activity of this compound and a lack of robust efficacy. The study closure is not based on safety concerns.,BIOLOGICAL_FAILURE,EFFICACY/FUTILITY,HIGH,v=2.0.0;outcome=BIOLOGICAL_FAILURE;primary=EFFICACY_FUTILITY;reviewed.exact_reason:The study was terminated after careful review of the overall clinical activity of this compound and a lack of robust efficacy. The study closure is not based on safety concerns.,Oncology,Oncology,,,INTERVENTIONAL,PHASE1,Incyte Corporation,,Advanced Solid Tumors,INCB081776; INCMGA00012,DRUG; DRUG,2018-08-27,2025-09-10,2025-09-10,2025-10-09,https://clinicaltrials.gov/study/NCT03522142,BIOLOGICAL_FAILURE,EFFICACY_FUTILITY,,False,2.0.0,249f67e94b2716ac1e3f,REVIEWED_EXACT
NCT04459715,"A Study of Xevinapant (Debio 1143) in Combination With Platinum-Based Chemotherapy and Standard Fractionation Intensity-Modulated Radiotherapy in Participants With Locally Advanced Squamous Cell Carcinoma of the Head and Neck, Suitable for Definitive Chemoradiotherapy (TrilynX)",TERMINATED,Study has crossed the pre-defined futility boundary at the Interim Analysis.,BIOLOGICAL_FAILURE,EFFICACY/FUTILITY,HIGH,v=2.0.0;outcome=BIOLOGICAL_FAILURE;primary=EFFICACY_FUTILITY;reviewed.exact_reason:Study has crossed the pre-defined futility boundary at the Interim Analysis.,Oncology,Oncology,,,INTERVENTIONAL,PHASE3,"EMD Serono Research & Development Institute, Inc.","GORTEC (Head and Neck Oncology and Radiotherapy Group); Merck KGaA, Darmstadt, Germany",Squamous Cell Carcinoma of the Head and Neck,Xevinapant (Debio 1143); Cisplatin; Intensity Modulation Radiation Therapy (IMRT); Placebo,DRUG; DRUG; RADIATION; DRUG,2020-08-07,2024-09-18,2024-09-18,2025-10-08,https://clinicaltrials.gov/study/NCT04459715,BIOLOGICAL_FAILURE,EFFICACY_FUTILITY,,False,2.0.0,08bb03fa217fa6f67487,REVIEWED_EXACT
NCT03901469,A Study of ZEN003694 and Talazoparib in Patients With Triple Negative Breast Cancer,TERMINATED,Parts 1 and 2 and Expansion Cohort C were completed. Expansion Cohorts A and B were discontinued based on results from an interim futility analysis and not due to safety concerns.,BIOLOGICAL_FAILURE,EFFICACY/FUTILITY,HIGH,v=2.0.0;outcome=BIOLOGICAL_FAILURE;primary=EFFICACY_FUTILITY;reviewed.exact_reason:Parts 1 and 2 and Expansion Cohort C were completed. Expansion Cohorts A and B were discontinued based on results from an interim futility analysis and not due to safety concerns.,Oncology,Oncology,,,INTERVENTIONAL,PHASE2,Zenith Epigenetics,"Pfizer; Newsoara Biopharma Co., Ltd.",Triple Negative Breast Cancer,ZEN003694; Talazoparib,DRUG; DRUG,2019-06-26,2024-03-07,2024-03-07,2025-10-07,https://clinicaltrials.gov/study/NCT03901469,BIOLOGICAL_FAILURE,EFFICACY_FUTILITY,,False,2.0.0,b95ae84e10e63e91dd30,REVIEWED_EXACT
NCT05276492,Decreasing Dosing Regimens of Abiraterone 500 mg in Men With Prostate Cancer to Find Lowest Recommended Dose.,TERMINATED,Closed by PI due to not meeting primary endpoint,BIOLOGICAL_FAILURE,EFFICACY/FUTILITY,HIGH,v=2.0.0;outcome=BIOLOGICAL_FAILURE;primary=EFFICACY_FUTILITY;reviewed.exact_reason:Closed by PI due to not meeting primary endpoint,Oncology,Oncology; Renal & Urology,,,INTERVENTIONAL,PHASE1,University of Chicago,,Prostate Cancer; Prostate Adenocarcinoma; Prostate Neoplasm; Prostate Cancer Metastatic,Abiraterone Oral Tablet; Prednisone tablet; Drug Dairy/Log; Low-fat meal,DRUG; DRUG; OTHER; DRUG,2023-01-24,2024-11-16,2024-11-16,2025-10-03,https://clinicaltrials.gov/study/NCT05276492,BIOLOGICAL_FAILURE,EFFICACY_FUTILITY,,False,2.0.0,8107e1018724d983fed0,REVIEWED_EXACT
NCT04501614,"A Study of Ponatinib With Chemotherapy in Children, Teenagers, and Adults With Philadelphia Chromosome-Positive Acute Lymphoblastic Leukemia",TERMINATED,"Phase 1 enrollment was terminated due to dose-limiting toxicities, thus the study was terminated by Sponsor.",BIOLOGICAL_FAILURE,SAFETY,HIGH,v=2.0.0;outcome=BIOLOGICAL_FAILURE;primary=SAFETY;saf.toxicity:due to dose-limiting toxicities,Oncology,Oncology,,,INTERVENTIONAL,PHASE1; PHASE2,Takeda,,Pediatric Philadelphia Chromosome-positive Acute Lymphoblastic Leukemia (Ph+ALL); Ph+ Mixed Phenotype Acute Leukemia (MPAL); Philadelphia Chromosome-Like ALL (Ph-like ALL),Ponatinib; Chemotherapy Agents,DRUG; DRUG,2021-02-24,2023-12-19,2024-07-19,2025-10-02,https://clinicaltrials.gov/study/NCT04501614,BIOLOGICAL_FAILURE,SAFETY,,False,2.0.0,d44e0fa084a946a64d07,RULE_V2
NCT02982694,"Study With Atezolizumab Plus Bevacizumab in Patients With Chemotherapy Resistant, MSI-like, Colorectal Cancer",TERMINATED,"The results of the interim analysis showed that the efficacy in the MSS subgroup (MSI like) is inferior to the expected, and this situation is very unlikely to be reversed if the trial is fully completed.",BIOLOGICAL_FAILURE,EFFICACY/FUTILITY,HIGH,"v=2.0.0;outcome=BIOLOGICAL_FAILURE;primary=EFFICACY_FUTILITY;reviewed.exact_reason:The results of the interim analysis showed that the efficacy in the MSS subgroup (MSI like) is inferior to the expected, and this situation is very unlikely to be reversed if the t",Oncology,Oncology,,,INTERVENTIONAL,PHASE2,Vall d'Hebron Institute of Oncology,European Organisation for Research and Treatment of Cancer - EORTC,"MSI; ColoRectal Cancer; Chemotherapy; Resistance, APC",Atezolizumab; Bevacizumab,DRUG; DRUG,2017-11-24,2020-11-27,2020-11-27,2025-10-01,https://clinicaltrials.gov/study/NCT02982694,BIOLOGICAL_FAILURE,EFFICACY_FUTILITY,,False,2.0.0,9037e14daebff285f3a8,REVIEWED_EXACT
NCT06056310,"Phase 1b Safety Study of Xevinapant, Weekly Cisplatin, and RT in Participants With Unresected LA SCCHN (HyperlynX)",TERMINATED,"No major safety concerns were identified in HyperlynX study, but Lack of evidence of efficacy of meaningful clinical benefit.",BIOLOGICAL_FAILURE,EFFICACY/FUTILITY,HIGH,"v=2.0.0;outcome=BIOLOGICAL_FAILURE;primary=EFFICACY_FUTILITY;reviewed.exact_reason:No major safety concerns were identified in HyperlynX study, but Lack of evidence of efficacy of meaningful clinical benefit.",Oncology,Oncology,,,INTERVENTIONAL,PHASE1,"EMD Serono Research & Development Institute, Inc.","Merck KGaA, Darmstadt, Germany",Head and Neck Cancer,Xevinapant; Cisplatin; intensity-modulated radiation therapy (IMRT),DRUG; DRUG; RADIATION,2024-01-18,2024-08-20,2024-08-20,2025-09-29,https://clinicaltrials.gov/study/NCT06056310,BIOLOGICAL_FAILURE,EFFICACY_FUTILITY,,False,2.0.0,e23ac5a6f3197a7784bc,REVIEWED_EXACT
NCT05904496,A Study of BGB-30813 Alone or in Combination With Tislelizumab in Participants With Advanced or Metastatic Solid Tumors,TERMINATED,The Sponsor has made the decision to discontinue the clinical development of BGB-30813 and close the study based on imbalanced benefit/risk profile in the BGB-A317-30813-101 study.,BIOLOGICAL_FAILURE,SAFETY,HIGH,v=2.0.0;outcome=BIOLOGICAL_FAILURE;primary=SAFETY;reviewed.exact_reason:The Sponsor has made the decision to discontinue the clinical development of BGB-30813 and close the study based on imbalanced benefit/risk profile in the BGB-A317-30813-101 study.,Oncology,Oncology,,,INTERVENTIONAL,PHASE1,BeiGene,,Advanced Solid Tumors,BGB-30813; Tislelizumab,DRUG; DRUG,2023-07-19,2025-08-20,2025-08-20,2025-09-16,https://clinicaltrials.gov/study/NCT05904496,BIOLOGICAL_FAILURE,SAFETY,,False,2.0.0,ab80e9cd6ae7ebc06645,REVIEWED_EXACT
NCT05678257,A Study of NUC-3373 in Combination With Other Agents in Patients With Colorectal Cancer,TERMINATED,"A pre-planned initial analysis concluded that the study was unlikely to achieve its primary objective of demonstrating superior progression-free survival. Based on the Steering Committee's recommendation, the Sponsor has closed the study.",BIOLOGICAL_FAILURE,EFFICACY/FUTILITY,HIGH,v=2.0.0;outcome=BIOLOGICAL_FAILURE;primary=EFFICACY_FUTILITY;reviewed.exact_reason:A pre-planned initial analysis concluded that the study was unlikely to achieve its primary objective of demonstrating superior progression-free survival. Based on the Steering Com,Oncology,Oncology,,,INTERVENTIONAL,PHASE2,NuCana plc,,"Colorectal Cancer; Colorectal Neoplasms; Colorectal Adenocarcinoma; Colorectal Cancer Metastatic; Neoplasm, Colorectal",Fosifloxuridine Nafalbenamide; Leucovorin; Irinotecan; Bevacizumab; 5-FU,DRUG; DRUG; DRUG; BIOLOGICAL; DRUG,2023-04-18,2024-08-29,2024-08-29,2025-09-12,https://clinicaltrials.gov/study/NCT05678257,BIOLOGICAL_FAILURE,EFFICACY_FUTILITY,,False,2.0.0,fe1867a468bd0dccd42e,REVIEWED_EXACT
NCT03860844,Isatuximab in Combination With Chemotherapy in Pediatric Patients With Relapsed/Refractory Acute Lymphoblastic Leukemia or Acute Myeloid Leukemia,TERMINATED,Study was prematurely stopped due to sponsor decision (stage 2 efficacy criteria not met); not due to safety concerns.,BIOLOGICAL_FAILURE,EFFICACY/FUTILITY,HIGH,v=2.0.0;outcome=BIOLOGICAL_FAILURE;primary=EFFICACY_FUTILITY;reviewed.exact_reason:Study was prematurely stopped due to sponsor decision (stage 2 efficacy criteria not met); not due to safety concerns.,Oncology,Oncology,,,INTERVENTIONAL,PHASE2,Sanofi,,Acute Lymphoblastic Leukemia; Acute Myeloid Leukemia,Isatuximab; Dexamethasone or equivalent; Fludarabine; Cytarabine; Liposomal daunorubicin; Daunorubicin (nonliposomal); Idarubicin; Filgrastim or equivalent; Mitoxantrone; Doxorubicin; Vincristine; Pegaspargase (PEG) Asparaginase; Cyclophosphamide; Etoposide; Methotrexate; L - Asparginase; Hydroxyurea; L - Asparaginase (Erwinase),DRUG; DRUG; DRUG; DRUG; DRUG; DRUG; DRUG; DRUG; DRUG; DRUG; DRUG; DRUG; DRUG; DRUG; DRUG; DRUG; DRUG; DRUG,2019-08-06,2022-09-12,2023-05-26,2025-09-09,https://clinicaltrials.gov/study/NCT03860844,BIOLOGICAL_FAILURE,EFFICACY_FUTILITY,,False,2.0.0,1dcc3ecf708770546536,REVIEWED_EXACT
NCT02438761,PF-05212384 (PKI-587) for t-AML/MDS or de Novo Relapsed or Refractory Acute Myeloid Leukemia (AML) (LAM-PIK),TERMINATED,"No objective response was observed at the first step. The treatment was considered ineffective, with a complete clinical trial suspension.",BIOLOGICAL_FAILURE,EFFICACY/FUTILITY,HIGH,"v=2.0.0;outcome=BIOLOGICAL_FAILURE;primary=EFFICACY_FUTILITY;reviewed.exact_reason:No objective response was observed at the first step. The treatment was considered ineffective, with a complete clinical trial suspension.",Oncology,Oncology,,,INTERVENTIONAL,PHASE2,Institut Curie,"Fondation ARC; National Cancer Institute, France","Therapy-related Acute Myeloid Leukemia and Myelodysplastic Syndrome; Acute Myeloid Leukemia, in Relapse; de Novo Acute Myeloid Leukemia at Diagnostic",PF-05212384,DRUG,2015-08-31,2017-05-10,2018-04-23,2025-09-08,https://clinicaltrials.gov/study/NCT02438761,BIOLOGICAL_FAILURE,EFFICACY_FUTILITY,,False,2.0.0,f904724db3007a79869a,REVIEWED_EXACT
NCT00766142,Chemotherapy and Cetuximab in Patients Undergoing Surgery for Peritoneal Carcinomatosis From Colorectal Cancer,TERMINATED,"In 2008, new data highlighted that Cetuximab had no efficacy in case of KRAS mutation. As such, eligibility criteria were revised and limited to KRAS wild-type. Inclusions were thus slown down considerably, and the trial was stopped.",BIOLOGICAL_FAILURE,EFFICACY/FUTILITY,HIGH,v=2.0.0;outcome=BIOLOGICAL_FAILURE;primary=EFFICACY_FUTILITY;eff.explicit_lack:no efficacy,Oncology,Oncology,,,INTERVENTIONAL,PHASE2,Institut Bergonié,"Assistance Publique - Hôpitaux de Paris; Centre Alexis Vautrin, Nancy; Centre Leon Berard; Institut Cancerologie de l'Ouest; Hôpital Haut-Lévêque; Clinique Médicale de Francheville",Colorectal Cancer; Primary Peritoneal Cavity Cancer,cetuximab; fluorouracil; leucovorin calcium; oxaliplatin; adjuvant therapy; therapeutic conventional surgery,BIOLOGICAL; DRUG; DRUG; DRUG; PROCEDURE; PROCEDURE,2007-05-01,2013-09-17,2013-09-17,2025-08-29,https://clinicaltrials.gov/study/NCT00766142,BIOLOGICAL_FAILURE,EFFICACY_FUTILITY,,False,2.0.0,fb1113aa1f3a6e53829a,RULE_V2
NCT04057365,Study of the Combination of DKN-01 and Nivolumab in Previously Treated Patients With Advanced Biliary Tract Cancer (BTC),TERMINATED,"Based on a Simon 2-stage design, this study did not meet response criteria to proceed to stage 2.",BIOLOGICAL_FAILURE,EFFICACY/FUTILITY,HIGH,"v=2.0.0;outcome=BIOLOGICAL_FAILURE;primary=EFFICACY_FUTILITY;reviewed.exact_reason:Based on a Simon 2-stage design, this study did not meet response criteria to proceed to stage 2.",Oncology,Oncology,,,INTERVENTIONAL,PHASE2,Massachusetts General Hospital,"Bristol-Myers Squibb; Leap Therapeutics, Inc.",Biliary Tract Cancer,Nivolumab; DKN-01,DRUG; DRUG,2019-10-07,2022-09-25,2022-09-25,2025-08-13,https://clinicaltrials.gov/study/NCT04057365,BIOLOGICAL_FAILURE,EFFICACY_FUTILITY,,False,2.0.0,62d700bf5ff321479040,REVIEWED_EXACT
NCT05617313,"Study of GT103 in Combination With Pembrolizumab in Refractory, Metastatic Non-Small Cell Lung Cancer",TERMINATED,Study did not meet the criteria for continuation after interim analysis,BIOLOGICAL_FAILURE,EFFICACY/FUTILITY,HIGH,v=2.0.0;outcome=BIOLOGICAL_FAILURE;primary=EFFICACY_FUTILITY;reviewed.exact_reason:Study did not meet the criteria for continuation after interim analysis,Oncology,Oncology; Respiratory,,,INTERVENTIONAL,PHASE2,Jeffrey Clarke,Merck Sharp & Dohme LLC; Grid Therapeutics,Non Small Cell Lung Cancer; Metastatic NSCLC; Recurrent Non Small Cell Lung Cancer,Pembrolizumab; GT103,DRUG; DRUG,2023-02-17,2025-06-26,2025-06-26,2025-07-30,https://clinicaltrials.gov/study/NCT05617313,BIOLOGICAL_FAILURE,EFFICACY_FUTILITY,,False,2.0.0,940d1460d681c3980e76,REVIEWED_EXACT
NCT05420636,Iadademstat in Combination With Paclitaxel in Relapsed/Refractory SCLC and Extrapulmonary High Grade NET,TERMINATED,Closed to accrual due to low probability of successful outcomes,BIOLOGICAL_FAILURE,EFFICACY/FUTILITY,HIGH,v=2.0.0;outcome=BIOLOGICAL_FAILURE;primary=EFFICACY_FUTILITY;reviewed.exact_reason:Closed to accrual due to low probability of successful outcomes,Oncology,Neurology; Oncology; Respiratory,,,INTERVENTIONAL,PHASE2,Fox Chase Cancer Center,Oryzon Genomics S.A.,Small-cell Lung Cancer; Neuroendocrine Carcinoma,Iadademstat; Paclitaxel,DRUG; DRUG,2022-12-21,2025-07-23,2025-07-23,2025-07-30,https://clinicaltrials.gov/study/NCT05420636,BIOLOGICAL_FAILURE,EFFICACY_FUTILITY,,False,2.0.0,36481485fee055c019ea,REVIEWED_EXACT
NCT05619172,A Study of Nanrilkefusp Alfa (SOT101) in Combination With Cetuximab to Evaluate the Efficacy and Safety in Patients With Colorectal Cancer,TERMINATED,Due to lack of efficacy shown at the time of the interim analysis.,BIOLOGICAL_FAILURE,EFFICACY/FUTILITY,HIGH,v=2.0.0;outcome=BIOLOGICAL_FAILURE;primary=EFFICACY_FUTILITY;reviewed.exact_reason:Due to lack of efficacy shown at the time of the interim analysis.,Oncology,Oncology,,,INTERVENTIONAL,PHASE2,SOTIO Biotech AG,,Colorectal Cancer,Nanrilkefusp alfa; Cetuximab,DRUG; DRUG,2022-12-22,2024-03-06,2024-06-05,2025-07-24,https://clinicaltrials.gov/study/NCT05619172,BIOLOGICAL_FAILURE,EFFICACY_FUTILITY,,False,2.0.0,234624edd901e86dfa90,REVIEWED_EXACT
NCT00087776,Study of Taxoprexin Injection vs. Dacarbazine in Patients With Metastatic Malignant Melanoma,TERMINATED,Interim analysis determined that the futility boundary had been crossed and there was no reasonable prospect that statistical significance would be achieved if patient accrual continued,BIOLOGICAL_FAILURE,EFFICACY/FUTILITY,HIGH,v=2.0.0;outcome=BIOLOGICAL_FAILURE;primary=EFFICACY_FUTILITY;reviewed.exact_reason:Interim analysis determined that the futility boundary had been crossed and there was no reasonable prospect that statistical significance would be achieved if patient accrual cont,Oncology,Oncology,,,INTERVENTIONAL,PHASE3,"American Regent, Inc.",,Malignant Melanoma,Taxoprexin; Dacarbazine,DRUG; DRUG,2002-12-06,2007-10-27,2007-10-27,2025-07-23,https://clinicaltrials.gov/study/NCT00087776,BIOLOGICAL_FAILURE,EFFICACY_FUTILITY,,False,2.0.0,b810ab726fe74901c560,REVIEWED_EXACT
NCT04720417,Defactinib and VS-6766 for the Treatment of Patients With Metastatic Uveal Melanoma,TERMINATED,Trial enrollment was stopped early by study sponsors (before the anticipated accrual of 18 patients) due to no patients having significant reduction in disease.,BIOLOGICAL_FAILURE,EFFICACY/FUTILITY,HIGH,v=2.0.0;outcome=BIOLOGICAL_FAILURE;primary=EFFICACY_FUTILITY;reviewed.exact_reason:Trial enrollment was stopped early by study sponsors (before the anticipated accrual of 18 patients) due to no patients having significant reduction in disease.,Oncology,Oncology,,,INTERVENTIONAL,PHASE2,Thomas Jefferson University,"Verastem, Inc.",Metastatic Uveal Melanoma,Defactinib Hydrochloride; Raf/MEK Inhibitor VS-6766; Biopsy,DRUG; DRUG; PROCEDURE,2021-01-26,2024-04-30,2024-04-30,2025-07-15,https://clinicaltrials.gov/study/NCT04720417,BIOLOGICAL_FAILURE,EFFICACY_FUTILITY,,False,2.0.0,8505891ff2f8bae34cac,REVIEWED_EXACT
NCT04789408,Study of KITE-222 in Participants With Relapsed/Refractory Acute Myeloid Leukemia,TERMINATED,Study was terminated due to futility,BIOLOGICAL_FAILURE,EFFICACY/FUTILITY,HIGH,v=2.0.0;outcome=BIOLOGICAL_FAILURE;primary=EFFICACY_FUTILITY;reviewed.exact_reason:Study was terminated due to futility,Oncology,Oncology,,,INTERVENTIONAL,PHASE1,"Kite, A Gilead Company",,Acute Myeloid Leukemia,Cyclophosphamide; Fludarabine; KITE-222,DRUG; DRUG; BIOLOGICAL,2021-07-19,2024-05-18,2024-05-18,2025-07-11,https://clinicaltrials.gov/study/NCT04789408,BIOLOGICAL_FAILURE,EFFICACY_FUTILITY,,False,2.0.0,dd72c2ae32874dda6490,REVIEWED_EXACT
NCT03333486,"Fludarabine Phosphate, Cyclophosphamide, Total Body Irradiation, and Donor Stem Cell Transplant in Treating Patients With Blood Cancer",TERMINATED,Futility analysis determined closure,BIOLOGICAL_FAILURE,EFFICACY/FUTILITY,HIGH,v=2.0.0;outcome=BIOLOGICAL_FAILURE;primary=EFFICACY_FUTILITY;reviewed.exact_reason:Futility analysis determined closure,Oncology,Cardiovascular; Hematology (non-onc); Immunology & Autoimmune; Oncology; Respiratory,,,INTERVENTIONAL,PHASE2,Roswell Park Cancer Institute,,"Accelerated Phase Chronic Myelogenous Leukemia, BCR-ABL1 Positive; Acute Leukemia in Remission; Acute Lymphoblastic Leukemia; Acute Myeloid Leukemia; Acute Myeloid Leukemia With FLT3/ITD Mutation; Acute Myeloid Leukemia With Gene Mutations; Aplastic Anemia; B-Cell Non-Hodgkin Lymphoma; CD40 Ligand Deficiency; Chronic Granulomatous Disease; Chronic Leukemia in Remission; Chronic Lymphocytic Leukemia; Chronic Myelogenous Leukemia, BCR-ABL1 Positive; Chronic Myelomonocytic Leukemia; Chronic Phase Chronic Myelogenous Leukemia, BCR-ABL1 Positive; Congenital Amegakaryocytic Thrombocytopenia; Congenital Neutropenia; Congenital Pure Red Cell Aplasia; Glanzmann Thrombasthenia; Immunodeficiency Syndrome; Myelodysplastic Syndrome; Myelofibrosis; Myeloproliferative Neoplasm; Paroxysmal Nocturnal Hemoglobinuria; Plasma Cell Myeloma; Polycythemia Vera; Recurrent Non-Hodgkin Lymphoma; Refractory Non-Hodgkin Lymphoma; Secondary Acute Myeloid Leukemia; Secondary Myelodysplastic Syndrome; Severe Aplastic Anemia; Shwachman-Diamond Syndrome; Sickle Cell Disease; T-Cell Non-Hodgkin Lymphoma; Thalassemia; Waldenstrom Macroglobulinemia; Wiskott-Aldrich Syndrome",Cyclophosphamide; Fludarabine Phosphate; Laboratory Biomarker Analysis; Peripheral Blood Stem Cell Transplantation; Total-Body Irradiation,DRUG; DRUG; OTHER; PROCEDURE; RADIATION,2017-12-07,2023-08-28,2023-08-28,2025-07-04,https://clinicaltrials.gov/study/NCT03333486,BIOLOGICAL_FAILURE,EFFICACY_FUTILITY,,False,2.0.0,db660fc7c1e8dc8a18c5,REVIEWED_EXACT
NCT03991741,Adoptive Cell Transfer of Autologous Tumor Infiltrating Lymphocytes and High-Dose Interleukin 2 in Select Solid Tumors,TERMINATED,"Closed because of feasibility and safety issues, didn't reach our end point",BIOLOGICAL_FAILURE,SAFETY,HIGH,v=2.0.0;outcome=BIOLOGICAL_FAILURE;primary=SAFETY;saf.explicit:because of feasibility and safety issues,Oncology,Oncology,,,INTERVENTIONAL,PHASE1,Gregory Daniels,Immunotherapy Foundation,Metastatic Melanoma; Locally Advanced Refractory/Recurrent Melanoma; Metastatic Head and Neck Cancer; Locally Advanced Refractory/Recurrent Head and Neck Cancer,Autologous Tumor Infiltrating Lymphocytes; High-Dose Interleukin 2,BIOLOGICAL; BIOLOGICAL,2020-10-07,2023-01-26,2023-01-26,2025-07-03,https://clinicaltrials.gov/study/NCT03991741,BIOLOGICAL_FAILURE,SAFETY,,False,2.0.0,2d77941d7647963af9bb,RULE_V2
NCT06370663,First-line Treatment for Unresectable Locally Advanced Distal Cholangiocarcinoma Combining Radiotherapy and HAIC,TERMINATED,Study was terminated due to unacceptable treatment-related toxicity that raised safety concerns and outweighed the potential benefits.,BIOLOGICAL_FAILURE,SAFETY,HIGH,v=2.0.0;outcome=BIOLOGICAL_FAILURE;primary=SAFETY;reviewed.exact_reason:Study was terminated due to unacceptable treatment-related toxicity that raised safety concerns and outweighed the potential benefits.,Gastroenterology & Hepatology,Gastroenterology & Hepatology; Oncology,,,INTERVENTIONAL,PHASE2,Shandong Cancer Hospital and Institute,,Intrahepatic Cholangiocarcinoma,Radiotherapy; HAIC (GEMOX); Chemotherapy,RADIATION; DRUG; DRUG,2024-04-01,2024-06-01,2024-06-01,2025-06-25,https://clinicaltrials.gov/study/NCT06370663,BIOLOGICAL_FAILURE,SAFETY,,False,2.0.0,fce6f23c64f122d0ff6f,REVIEWED_EXACT
NCT04613492,A Study of MEDI9253 in Combination With Durvalumab in Select Solid Tumors,TERMINATED,The study was terminated early due to lack of efficacy and absence of biomarker evidence of MEDI9253's impact on the tumors.,BIOLOGICAL_FAILURE,EFFICACY/FUTILITY,HIGH,v=2.0.0;outcome=BIOLOGICAL_FAILURE;primary=EFFICACY_FUTILITY;reviewed.exact_reason:The study was terminated early due to lack of efficacy and absence of biomarker evidence of MEDI9253's impact on the tumors.,Oncology,Oncology,,,INTERVENTIONAL,PHASE1,AstraZeneca,,Solid Tumors,MEDI9253; Durvalumab,BIOLOGICAL; BIOLOGICAL,2020-12-02,2024-05-31,2024-05-31,2025-06-24,https://clinicaltrials.gov/study/NCT04613492,BIOLOGICAL_FAILURE,EFFICACY_FUTILITY,,False,2.0.0,250d05aa6cb9ee58e43a,REVIEWED_EXACT
NCT05630937,Study on Safety and Efficacy of NMS-01940153E in Adult Patients With Unresectable Hepatocellular Carcinoma (HCC) Previously Treated With Systemic Therapy,TERMINATED,"In the Phase II part of the study, among the participants evaluable for efficacy, no objective (partial response or clinical response) was observed at the first futility analysis.",BIOLOGICAL_FAILURE,EFFICACY/FUTILITY,HIGH,v=2.0.0;outcome=BIOLOGICAL_FAILURE;primary=EFFICACY_FUTILITY;eff.futility:futility,Gastroenterology & Hepatology,Gastroenterology & Hepatology; Oncology,,,INTERVENTIONAL,PHASE1; PHASE2,Nerviano Medical Sciences,,Unresectable Hepatocellular Carcinoma (HCC),NMS-01940153E,DRUG,2020-11-13,2024-01-31,2024-08-06,2025-06-19,https://clinicaltrials.gov/study/NCT05630937,BIOLOGICAL_FAILURE,EFFICACY_FUTILITY,,False,2.0.0,43307c5476be5854d125,RULE_V2
NCT02457598,Dose Escalation and Dose Expansion Study of Tirabrutinib in Combination With Other Targeted Anti-cancer Therapies in Adults With B-cell Malignancies,TERMINATED,The goal of the study was to improve tolerability while maintaining or increasing efficacy. The results of this study showed no efficacy advantage although the combinations were well tolerated.,BIOLOGICAL_FAILURE,EFFICACY/FUTILITY,HIGH,v=2.0.0;outcome=BIOLOGICAL_FAILURE;primary=EFFICACY_FUTILITY;reviewed.exact_reason:The goal of the study was to improve tolerability while maintaining or increasing efficacy. The results of this study showed no efficacy advantage although the combinations were we,Oncology,Oncology,,,INTERVENTIONAL,PHASE1,Gilead Sciences,,B-cell Malignancies,Tirabrutinib; Idelalisib; Entospletinib; Obinutuzumab,DRUG; DRUG; DRUG; DRUG,2015-06-16,2024-09-25,2024-09-25,2025-06-17,https://clinicaltrials.gov/study/NCT02457598,BIOLOGICAL_FAILURE,EFFICACY_FUTILITY,,False,2.0.0,d537c09fe34821fdaf47,REVIEWED_EXACT
NCT04865419,Study of AZD0466 Monotherapy or in Combination in Patients With Advanced Haematological Malignancies,TERMINATED,Trial terminated based on benefit-risk profile assessment,BIOLOGICAL_FAILURE,SAFETY,HIGH,v=2.0.0;outcome=BIOLOGICAL_FAILURE;primary=SAFETY;reviewed.exact_reason:Trial terminated based on benefit-risk profile assessment,Hematology (non-onc),Hematology (non-onc); Oncology,,,INTERVENTIONAL,PHASE1,AstraZeneca,,Haematological Malignancies,AZD0466; Voriconazole,DRUG; DRUG,2021-06-11,2023-08-08,2023-08-08,2025-06-15,https://clinicaltrials.gov/study/NCT04865419,BIOLOGICAL_FAILURE,SAFETY,,False,2.0.0,2bb5f345dbec55380f26,REVIEWED_EXACT
NCT05580588,Open-Label Study of the CDK4/6 Inhibitor SPH4336 in Subjects With Locally Advanced or Metastatic Liposarcomas,TERMINATED,"Although no safety issues with SPH4336 were identified, efficacy in liposarcoma patient was less than anticipated.",BIOLOGICAL_FAILURE,EFFICACY/FUTILITY,HIGH,"v=2.0.0;outcome=BIOLOGICAL_FAILURE;primary=EFFICACY_FUTILITY;reviewed.exact_reason:Although no safety issues with SPH4336 were identified, efficacy in liposarcoma patient was less than anticipated.",Oncology,Oncology,,,INTERVENTIONAL,PHASE2,Shanghai Pharma Biotherapeutics USA Inc.,,"Liposarcoma, Dedifferentiated",SPH4336,DRUG,2023-08-31,2024-10-04,2024-10-31,2025-06-13,https://clinicaltrials.gov/study/NCT05580588,BIOLOGICAL_FAILURE,EFFICACY_FUTILITY,,False,2.0.0,73b70c1881dbe86670a4,REVIEWED_EXACT
NCT02848001,A Dose-finding Study of CC-90009 in Subjects With Relapsed or Refractory Acute Myeloid Leukemia or Relapsed or Refractory Higher-risk Myelodysplastic Syndromes,TERMINATED,Trial terminated because of lack of efficacy in the short term acute phase.,BIOLOGICAL_FAILURE,EFFICACY/FUTILITY,HIGH,v=2.0.0;outcome=BIOLOGICAL_FAILURE;primary=EFFICACY_FUTILITY;reviewed.exact_reason:Trial terminated because of lack of efficacy in the short term acute phase.,Oncology,Oncology,,,INTERVENTIONAL,PHASE1,Celgene,,"Leukemia, Myeloid, Acute; Myelodysplastic Syndromes",CC-90009,DRUG,2016-11-14,2023-04-11,2024-04-11,2025-06-12,https://clinicaltrials.gov/study/NCT02848001,BIOLOGICAL_FAILURE,EFFICACY_FUTILITY,,False,2.0.0,39f90516ecf626e72690,REVIEWED_EXACT
NCT03094169,AVID100 in Advanced Epithelial Carcinomas,TERMINATED,lack of efficacy,BIOLOGICAL_FAILURE,EFFICACY/FUTILITY,HIGH,v=2.0.0;outcome=BIOLOGICAL_FAILURE;primary=EFFICACY_FUTILITY;reviewed.exact_reason:Lack of efficacy,Oncology,Oncology; Respiratory,,,INTERVENTIONAL,PHASE1; PHASE2,Formation Biologics,,"Solid Tumor, Adult; Triple Negative Breast Cancer; Head and Neck Squamous Cell Carcinoma; Non Small Cell Lung Cancer",AVID100 IV,DRUG,2017-02-01,2020-11-28,2021-01-30,2025-06-11,https://clinicaltrials.gov/study/NCT03094169,BIOLOGICAL_FAILURE,EFFICACY_FUTILITY,,False,2.0.0,4431292a7cce2b3e9aed,REVIEWED_EXACT
NCT03712371,Study of Chitosan for Pharmacologic Manipulation of AGE Levels in Prostate Cancer Patients,TERMINATED,Interim study results were not favorable to continue with further enrollment.,BIOLOGICAL_FAILURE,EFFICACY/FUTILITY,HIGH,v=2.0.0;outcome=BIOLOGICAL_FAILURE;primary=EFFICACY_FUTILITY;reviewed.exact_reason:Interim study results were not favorable to continue with further enrollment.,Oncology,Oncology; Renal & Urology,,,INTERVENTIONAL,PHASE1; PHASE2,Medical University of South Carolina,,Prostate Cancer,Chitosan,DRUG,2019-01-16,2020-07-02,2021-09-07,2025-06-10,https://clinicaltrials.gov/study/NCT03712371,BIOLOGICAL_FAILURE,EFFICACY_FUTILITY,,False,2.0.0,9fdc28550236ddcd2afc,REVIEWED_EXACT
NCT01251965,Phase l/II Study of Ruxolitinib for Acute Leukemia,TERMINATED,Study was stopped by the principal investigator due to nonsatisfactory clinical benefit even in patients treated at the highest dose (200 mg ).,BIOLOGICAL_FAILURE,EFFICACY/FUTILITY,HIGH,v=2.0.0;outcome=BIOLOGICAL_FAILURE;primary=EFFICACY_FUTILITY;reviewed.exact_reason:Study was stopped by the principal investigator due to nonsatisfactory clinical benefit even in patients treated at the highest dose (200 mg ).,Oncology,Oncology,,,INTERVENTIONAL,PHASE1; PHASE2,M.D. Anderson Cancer Center,Incyte Corporation,Leukemia,Ruxolitinib,DRUG,2010-12,2012-07,2012-07,2025-06-08,https://clinicaltrials.gov/study/NCT01251965,BIOLOGICAL_FAILURE,EFFICACY_FUTILITY,,False,2.0.0,1788b6c2f212ebfdd58f,REVIEWED_EXACT
NCT01751425,Ruxolitinib in Treating Participants With Chronic Myeloid Leukemia With Minimal Residual Disease While on Therapy With Tyrosine Kinase Inhibitors,TERMINATED,Per PI Request. 2) No additional benefit was noted with the addition of Ruxolitinib.,BIOLOGICAL_FAILURE,EFFICACY/FUTILITY,HIGH,v=2.0.0;outcome=BIOLOGICAL_FAILURE;primary=EFFICACY_FUTILITY;reviewed.exact_reason:Per PI Request. 2) No additional benefit was noted with the addition of Ruxolitinib.,Oncology,Oncology,,,INTERVENTIONAL,PHASE1,M.D. Anderson Cancer Center,National Cancer Institute (NCI),"Chronic Myelogenous Leukemia, BCR-ABL1 Positive; Chronic Myelogenous Leukemia, BCR-ABL1 Positive in Remission; Minimal Residual Disease; Philadelphia Chromosome Positive, BCR-ABL1 Positive Chronic Myelogenous Leukemia",Dasatinib; Imatinib Mesylate; Nilotinib; Ruxolitinib,DRUG; DRUG; DRUG; DRUG,2013-07-24,2019-09-24,2019-09-24,2025-06-03,https://clinicaltrials.gov/study/NCT01751425,BIOLOGICAL_FAILURE,EFFICACY_FUTILITY,,False,2.0.0,e13fb89bd31745f39d49,REVIEWED_EXACT
NCT06108739,ATG Plus Low-dose PT-Cy for GVHD Prevention,TERMINATED,DSMB recommended halting the study owing to futility after the first interim analysis in August 2024.,BIOLOGICAL_FAILURE,EFFICACY/FUTILITY,HIGH,v=2.0.0;outcome=BIOLOGICAL_FAILURE;primary=EFFICACY_FUTILITY;reviewed.exact_reason:DSMB recommended halting the study owing to futility after the first interim analysis in August 2024.,Hematology (non-onc),Hematology (non-onc); Oncology,,,INTERVENTIONAL,PHASE3,Peking University People's Hospital,,Hematologic Malignancy,Cyclophosphamid; ATG,DRUG; DRUG,2023-11-01,2024-12-31,2024-12-31,2025-06-03,https://clinicaltrials.gov/study/NCT06108739,BIOLOGICAL_FAILURE,EFFICACY_FUTILITY,,False,2.0.0,086316b8b97f8c33ac42,REVIEWED_EXACT
NCT03294694,Ribociclib + PDR001 in Breast Cancer and Ovarian Cancer,TERMINATED,Safety Implications,BIOLOGICAL_FAILURE,SAFETY,HIGH,v=2.0.0;outcome=BIOLOGICAL_FAILURE;primary=SAFETY;reviewed.exact_reason:Safety Implications,Oncology,Oncology,,,INTERVENTIONAL,PHASE1,Dana-Farber Cancer Institute,Novartis,Metastatic Hormone-Receptor-Positive (HR+) Breast Cancer; HER2-Negative Breast Cancer; Metastatic Epithelial Ovarian Cancer,Ribociclib; PDR001; Fulvestrant,DRUG; DRUG; DRUG,2017-11-08,2020-10-14,2020-10-14,2025-05-31,https://clinicaltrials.gov/study/NCT03294694,BIOLOGICAL_FAILURE,SAFETY,,False,2.0.0,47d5afce353fd9a086e3,REVIEWED_EXACT
NCT04347226,Anti-Interleukin-8 (Anti-IL-8) for Patients With COVID-19,TERMINATED,Interim analysis indicated that futility boundary was reached.,BIOLOGICAL_FAILURE,EFFICACY/FUTILITY,HIGH,v=2.0.0;outcome=BIOLOGICAL_FAILURE;primary=EFFICACY_FUTILITY;reviewed.exact_reason:Interim analysis indicated that futility boundary was reached.,Oncology,Hematology (non-onc); Infectious Disease; Oncology,,,INTERVENTIONAL,PHASE2,Columbia University,Bristol-Myers Squibb,Solid Tumor; Sars-CoV2; Hematological Malignancy,BMS-986253,DRUG,2020-04-16,2021-03-01,2021-03-01,2025-05-22,https://clinicaltrials.gov/study/NCT04347226,BIOLOGICAL_FAILURE,EFFICACY_FUTILITY,,False,2.0.0,fadaab8ac2e8653c8f77,REVIEWED_EXACT
NCT04479436,A Study to Evaluate U3-1402 in Subjects With Advanced or Metastatic Colorectal Cancer,TERMINATED,Study was terminated early given the Interim Analysis for Part 1 (signal finding) did not meet pre-specified criteria and will not proceed to Part 2. Sponsor will proceed closing the study.,BIOLOGICAL_FAILURE,EFFICACY/FUTILITY,HIGH,v=2.0.0;outcome=BIOLOGICAL_FAILURE;primary=EFFICACY_FUTILITY;reviewed.exact_reason:Study was terminated early given the Interim Analysis for Part 1 (signal finding) did not meet pre-specified criteria and will not proceed to Part 2. Sponsor will proceed closing t,Oncology,Oncology,,,INTERVENTIONAL,PHASE2,Daiichi Sankyo,,Metastatic Colorectal Cancer,Patritumab Deruxtecan,DRUG,2020-09-14,2022-02-03,2022-02-03,2025-05-18,https://clinicaltrials.gov/study/NCT04479436,BIOLOGICAL_FAILURE,EFFICACY_FUTILITY,,False,2.0.0,2c239514ed415b352d75,REVIEWED_EXACT
NCT04171219,Talabostat and Pembrolizumab for the Treatment of Advanced Solid Cancers,TERMINATED,"There is no PR/CR observed in the first stage, so study stopped without proceeding to the stage 2 of efficacy stage.",BIOLOGICAL_FAILURE,EFFICACY/FUTILITY,HIGH,"v=2.0.0;outcome=BIOLOGICAL_FAILURE;primary=EFFICACY_FUTILITY;reviewed.exact_reason:There is no PR/CR observed in the first stage, so study stopped without proceeding to the stage 2 of efficacy stage.",Oncology,Oncology,,,INTERVENTIONAL,PHASE2,M.D. Anderson Cancer Center,National Cancer Institute (NCI),Advanced Malignant Solid Neoplasm; Recurrent Malignant Solid Neoplasm,Pembrolizumab; Talabostat Mesylate,BIOLOGICAL; DRUG,2020-03-19,2025-03-11,2025-03-11,2025-05-16,https://clinicaltrials.gov/study/NCT04171219,BIOLOGICAL_FAILURE,EFFICACY_FUTILITY,,False,2.0.0,2dc605dce6a6ddfd1457,REVIEWED_EXACT
NCT02093962,Study of TH-302 or Placebo in Combination With Pemetrexed in Patients With Non-squamous Non-small Cell Lung Cancer,TERMINATED,"At the interim analysis, the futility boundary was not met and the study was stopped due to insufficient efficacy.",BIOLOGICAL_FAILURE,EFFICACY/FUTILITY,HIGH,"v=2.0.0;outcome=BIOLOGICAL_FAILURE;primary=EFFICACY_FUTILITY;reviewed.exact_reason:At the interim analysis, the futility boundary was not met and the study was stopped due to insufficient efficacy.",Oncology,Oncology; Respiratory,,,INTERVENTIONAL,PHASE2,ImmunoGenesis,EMD Serono,Non-small Cell Lung Cancer,TH-302 combination with pemetrexed; Matched placebo in combination with pemetrexed,DRUG; DRUG,2014-06,2016-04,2016-05,2025-05-16,https://clinicaltrials.gov/study/NCT02093962,BIOLOGICAL_FAILURE,EFFICACY_FUTILITY,,False,2.0.0,584185043c0490fa791c,REVIEWED_EXACT
NCT05930938,Study Comparing RT With Cetuximab + Xevinapant to RT With Cetuximab-placebo in Patients With Head and Neck Cancer,TERMINATED,toxicity,BIOLOGICAL_FAILURE,SAFETY,HIGH,v=2.0.0;outcome=BIOLOGICAL_FAILURE;primary=SAFETY;reviewed.exact_reason:Toxicity,Oncology,Oncology,,,INTERVENTIONAL,PHASE3,Groupe Oncologie Radiotherapie Tete et Cou,,Squamous Cell Carcinoma of the Head and Neck,Xevinapant; Placebo; cetuximab; IMRT,DRUG; DRUG; DRUG; RADIATION,2023-12-12,2024-09-30,2024-09-30,2025-05-09,https://clinicaltrials.gov/study/NCT05930938,BIOLOGICAL_FAILURE,SAFETY,,False,2.0.0,ce8d5cb0641741178e70,REVIEWED_EXACT
NCT05930951,Study of OBT076 Associated or Not in Patients With Recurrent or Metastatic Adenoid Cystic Carcinoma of the Head and Neck,TERMINATED,toxicity,BIOLOGICAL_FAILURE,SAFETY,HIGH,v=2.0.0;outcome=BIOLOGICAL_FAILURE;primary=SAFETY;reviewed.exact_reason:Toxicity,Oncology,Oncology,,,INTERVENTIONAL,PHASE1,Groupe Oncologie Radiotherapie Tete et Cou,,Adenoid Cystic Carcinoma of the Head and Neck,OBT076; Balstilimab,DRUG; DRUG,2023-11-29,2024-10-09,2024-10-09,2025-05-09,https://clinicaltrials.gov/study/NCT05930951,BIOLOGICAL_FAILURE,SAFETY,,False,2.0.0,ce8d5cb0641741178e70,REVIEWED_EXACT
NCT01834235,QUILT-3.010: A Study of Gemcitabine and Nab-paclitaxel With or Without NPC-1C to Treat Patients With Pancreatic Cancer,TERMINATED,DSMB terminated the trial for futility.,BIOLOGICAL_FAILURE,EFFICACY/FUTILITY,HIGH,v=2.0.0;outcome=BIOLOGICAL_FAILURE;primary=EFFICACY_FUTILITY;reviewed.exact_reason:DSMB terminated the trial for futility.,Gastroenterology & Hepatology,Gastroenterology & Hepatology; Oncology,,,INTERVENTIONAL,PHASE1; PHASE2,"Precision Biologics, Inc",,"Pancreatic Cancer, Adult",Gemcitabine; nab-paclitaxel; NPC-1C,DRUG; DRUG; DRUG,2013-04,2017-03-13,2019-12,2025-05-07,https://clinicaltrials.gov/study/NCT01834235,BIOLOGICAL_FAILURE,EFFICACY_FUTILITY,,False,2.0.0,c43c2526774c740d85c3,REVIEWED_EXACT
NCT03596073,Topical Calcipotriene Treatment for Breast Cancer Immunoprevention,TERMINATED,Interim analysis did not show the required cytokine induction by topical calcipotriene to justify continuation of the trial,BIOLOGICAL_FAILURE,EFFICACY/FUTILITY,HIGH,v=2.0.0;outcome=BIOLOGICAL_FAILURE;primary=EFFICACY_FUTILITY;reviewed.exact_reason:Interim analysis did not show the required cytokine induction by topical calcipotriene to justify continuation of the trial,Oncology,Oncology,,,INTERVENTIONAL,PHASE1,Massachusetts General Hospital,,Breast Cancer,Topical Calcipotriene Ointment; Topical Vaseline,DRUG; OTHER,2018-11-07,2020-08-31,2020-08-31,2025-05-07,https://clinicaltrials.gov/study/NCT03596073,BIOLOGICAL_FAILURE,EFFICACY_FUTILITY,,False,2.0.0,351c89e02d079d733477,REVIEWED_EXACT
NCT04875806,A Safety and Tolerability Study of NC762 in Subjects With Advanced or Metastatic Solid Tumors,TERMINATED,"Due to the limited activity in Phase 1, NextCure decided to discontinue development of the anti-B7-H4 antibody monotherapy trial (NC762-01) to move forward with a prioritized B7-H4 ADC program.",BIOLOGICAL_FAILURE,EFFICACY/FUTILITY,HIGH,v=2.0.0;outcome=BIOLOGICAL_FAILURE;primary=EFFICACY_FUTILITY;eff.explicit_lack:limited activity,Oncology,Oncology; Respiratory,,,INTERVENTIONAL,PHASE1; PHASE2,"NextCure, Inc.",,Advanced or Metastatic Solid Tumors; Ovarian Cancer; Non-small Cell Lung Cancer; Breast Cancer,NC762,DRUG,2021-06-30,2024-01-30,2024-01-30,2025-04-22,https://clinicaltrials.gov/study/NCT04875806,BIOLOGICAL_FAILURE,EFFICACY_FUTILITY,,False,2.0.0,7a080c7d32c3a0ed4e0d,RULE_V2
NCT03610490,"Autologous Tumor Infiltrating Lymphocytes MDA-TIL in Treating Patients With Recurrent or Refractory Ovarian Cancer, Colorectal Cancer, or Pancreatic Ductal Adenocarcinoma",TERMINATED,Lack of Efficacy,BIOLOGICAL_FAILURE,EFFICACY/FUTILITY,HIGH,v=2.0.0;outcome=BIOLOGICAL_FAILURE;primary=EFFICACY_FUTILITY;reviewed.exact_reason:Lack of efficacy,Oncology,Gastroenterology & Hepatology; Oncology,,,INTERVENTIONAL,PHASE2,M.D. Anderson Cancer Center,Bristol-Myers Squibb; Iovance Biotherapeutics; National Cancer Institute (NCI),Malignant Solid Neoplasm; Metastatic Colorectal Adenocarcinoma; Metastatic Ovarian Carcinoma; Metastatic Pancreatic Ductal Adenocarcinoma; Platinum-Resistant Ovarian Carcinoma; Recurrent High Grade Ovarian Serous Adenocarcinoma; Recurrent Ovarian Carcinosarcoma; Refractory Colorectal Carcinoma; Stage IV Colorectal Cancer AJCC v8; Stage IVA Colorectal Cancer AJCC v8; Stage IVB Colorectal Cancer AJCC v8; Stage IVC Colorectal Cancer AJCC v8,Autologous Tumor Infiltrating Lymphocytes MDA-TIL; Cyclophosphamide; Fludarabine; Interleukin-2; Quality-of-Life Assessment,BIOLOGICAL; DRUG; DRUG; BIOLOGICAL; OTHER,2018-10-16,2024-08-21,2024-08-21,2025-04-17,https://clinicaltrials.gov/study/NCT03610490,BIOLOGICAL_FAILURE,EFFICACY_FUTILITY,,False,2.0.0,4431292a7cce2b3e9aed,REVIEWED_EXACT
NCT03267680,IRX-2 Regimen in Treating Women With Cervical Squamous Intraepithelial Neoplasia 3 or Squamous Vulvar Intraepithelial Neoplasia 3,TERMINATED,Lack of efficacy,BIOLOGICAL_FAILURE,EFFICACY/FUTILITY,HIGH,v=2.0.0;outcome=BIOLOGICAL_FAILURE;primary=EFFICACY_FUTILITY;reviewed.exact_reason:Lack of efficacy,Oncology,Oncology,,,INTERVENTIONAL,PHASE2,University of Southern California,"National Cancer Institute (NCI); Brooklyn ImmunoTherapeutics, LLC",Cervical Squamous Cell Carcinoma In Situ; Vulvar High Grade Squamous Intraepithelial Lesion,Cyclophosphamide; Indomethacin; IRX-2; Laboratory Biomarker Analysis; Multivitamin; Omeprazole; Placebo; Therapeutic Conventional Surgery,DRUG; DRUG; BIOLOGICAL; OTHER; DIETARY_SUPPLEMENT; DRUG; OTHER; PROCEDURE,2017-11-08,2023-08-04,2024-03-13,2025-04-13,https://clinicaltrials.gov/study/NCT03267680,BIOLOGICAL_FAILURE,EFFICACY_FUTILITY,,False,2.0.0,4431292a7cce2b3e9aed,REVIEWED_EXACT
NCT05904236,Safety and Tolerability of Intravenous Administration of ICVB-1042,TERMINATED,Lack of Demonstrated Clinical Activity,BIOLOGICAL_FAILURE,EFFICACY/FUTILITY,HIGH,v=2.0.0;outcome=BIOLOGICAL_FAILURE;primary=EFFICACY_FUTILITY;reviewed.exact_reason:Lack of Demonstrated Clinical Activity,Oncology,Oncology,,,INTERVENTIONAL,PHASE1,IconOVir Bio,,Patients With Advanced Solid Tumors,Treatment with ICVB-1042 administered intravenously,DRUG,2023-06-01,2024-12-11,2024-12-20,2025-04-08,https://clinicaltrials.gov/study/NCT05904236,BIOLOGICAL_FAILURE,EFFICACY_FUTILITY,,False,2.0.0,0ba847ec35480a608d26,REVIEWED_EXACT
NCT05429762,Effect of Tusamitamab Ravtansine on QTc Interval in Participants With Metastatic Solid Tumors,TERMINATED,Tusamitamab ravtansine clinical development program is discontinued as CARMEN-LC03 trial did not meet dual primary endpoint of improving progression-free survival. The decision is not related to any safety concern.,BIOLOGICAL_FAILURE,EFFICACY/FUTILITY,HIGH,v=2.0.0;outcome=BIOLOGICAL_FAILURE;primary=EFFICACY_FUTILITY;reviewed.exact_reason:Tusamitamab ravtansine clinical development program is discontinued as CARMEN-LC03 trial did not meet dual primary endpoint of improving progression-free survival. The decision is ,Oncology,Oncology,,,INTERVENTIONAL,PHASE1,Sanofi,,Neoplasm,Tusamitamab ravtansine,DRUG,2022-10-03,2023-08-01,2024-04-10,2025-04-06,https://clinicaltrials.gov/study/NCT05429762,BIOLOGICAL_FAILURE,EFFICACY_FUTILITY,,False,2.0.0,4e12ef9627d9d4daeefd,REVIEWED_EXACT
NCT05079230,Study of Magrolimab Versus Placebo in Combination With Venetoclax and Azacitidine in Participants With Acute Myeloid Leukemia,TERMINATED,Study was terminated due to futility,BIOLOGICAL_FAILURE,EFFICACY/FUTILITY,HIGH,v=2.0.0;outcome=BIOLOGICAL_FAILURE;primary=EFFICACY_FUTILITY;reviewed.exact_reason:Study was terminated due to futility,Oncology,Oncology,,,INTERVENTIONAL,PHASE3,Gilead Sciences,,Acute Myeloid Leukemia,Magrolimab; Venetoclax; Azacitidine; Placebo,DRUG; DRUG; DRUG; DRUG,2022-07-07,2024-04-11,2024-04-11,2025-04-04,https://clinicaltrials.gov/study/NCT05079230,BIOLOGICAL_FAILURE,EFFICACY_FUTILITY,,False,2.0.0,dd72c2ae32874dda6490,REVIEWED_EXACT
NCT03871829,Daratumumab Retreatment in Participants With Multiple Myeloma Who Have Been Previously Treated With Daratumumab,TERMINATED,The decision was made to discontinue the 54767414MMY2065 study as the Data Review Committee recommendation was early stop of the study for futility.,BIOLOGICAL_FAILURE,EFFICACY/FUTILITY,HIGH,v=2.0.0;outcome=BIOLOGICAL_FAILURE;primary=EFFICACY_FUTILITY;reviewed.exact_reason:The decision was made to discontinue the 54767414MMY2065 study as the Data Review Committee recommendation was early stop of the study for futility.,Oncology,Oncology,,,INTERVENTIONAL,PHASE2,"Janssen Research & Development, LLC",,Multiple Myeloma,Carfilzomib 20 mg/m^2; Carfilzomib 70 mg/m^2; Dexamethasone 40 mg; Dara-SC 1800 mg; Dexamethasone 20 mg,DRUG; DRUG; DRUG; DRUG; DRUG,2019-05-31,2022-10-24,2023-01-10,2025-03-30,https://clinicaltrials.gov/study/NCT03871829,BIOLOGICAL_FAILURE,EFFICACY_FUTILITY,,False,2.0.0,a32f7f1178772dba0345,REVIEWED_EXACT
NCT04251065,"Daratumumab Plus Gemcitabine, Dexamethasone, Cisplatin in pt R/R CD38+ PTCL-NOS, AITL and TFH",TERMINATED,"The enrolment was prematurely terminated after the planned monitoring of the first 5 patients because of an unacceptable level of relevant toxicities, according to statistical stopping rules and the DSMB recommendation.",BIOLOGICAL_FAILURE,SAFETY,HIGH,"v=2.0.0;outcome=BIOLOGICAL_FAILURE;primary=SAFETY;reviewed.exact_reason:The enrolment was prematurely terminated after the planned monitoring of the first 5 patients because of an unacceptable level of relevant toxicities, according to statistical stop",Oncology,Oncology,,,INTERVENTIONAL,PHASE2,Fondazione Italiana Linfomi - ETS,,Refractory T-Cell Lymphoma; Relapsed T-Cell Lymphoma,Daratumumab,DRUG,2020-09-03,2021-12-22,2022-11-23,2025-03-28,https://clinicaltrials.gov/study/NCT04251065,BIOLOGICAL_FAILURE,SAFETY,,False,2.0.0,3f4fc328b282b91b540b,REVIEWED_EXACT
NCT04952753,Study of NIS793 and Other Novel Investigational Combinations With SOC Anti-cancer Therapy for the 2L Treatment of mCRC,TERMINATED,"The study was terminated early due to the halt of NIS793 treatment and urgent safety measures issued in July and August 2023, respectively, as continued evaluation of Standard of Care alone will not support the trial's purpose.",BIOLOGICAL_FAILURE,SAFETY,HIGH,"v=2.0.0;outcome=BIOLOGICAL_FAILURE;primary=SAFETY;reviewed.exact_reason:The study was terminated early due to the halt of NIS793 treatment and urgent safety measures issued in July and August 2023, respectively, as continued evaluation of Standard of C",Oncology,Oncology,,,INTERVENTIONAL,PHASE2,Novartis Pharmaceuticals,,Metastatic Colorectal Cancer,NIS793; Bevacizumab; Modified FOLFOX6; FOLFIRI; Tislelizumab,DRUG; DRUG; DRUG; DRUG; DRUG,2021-11-15,2025-01-20,2025-01-20,2025-03-26,https://clinicaltrials.gov/study/NCT04952753,BIOLOGICAL_FAILURE,SAFETY,,False,2.0.0,b7b178b3f21bb2b90ddf,REVIEWED_EXACT
NCT04084366,Phase 1/2 Study of OBI-999 in Patients With Advanced Solid Tumors,TERMINATED,Has not shown its expected therapeutic potential for the enrolled patients in this trial,BIOLOGICAL_FAILURE,EFFICACY/FUTILITY,HIGH,v=2.0.0;outcome=BIOLOGICAL_FAILURE;primary=EFFICACY_FUTILITY;reviewed.exact_reason:Has not shown its expected therapeutic potential for the enrolled patients in this trial,Oncology,Oncology,,,INTERVENTIONAL,PHASE1; PHASE2,"OBI Pharma, Inc",,Locally Advanced Solid Tumor,OBI-999; OBI-999,DRUG; DRUG,2019-11-25,2023-10-27,2023-10-27,2025-03-26,https://clinicaltrials.gov/study/NCT04084366,BIOLOGICAL_FAILURE,EFFICACY_FUTILITY,,False,2.0.0,6b0295aa57627183d0ef,REVIEWED_EXACT
NCT05360264,tailOred dRug repurposIng of dEcitabine in KRAS-dependeNt refracTory pAncreaTic cancEr,TERMINATED,Unexpected toxicity events were documented during interim safety evaluations of the investigational drug.,BIOLOGICAL_FAILURE,SAFETY,HIGH,v=2.0.0;outcome=BIOLOGICAL_FAILURE;primary=SAFETY;reviewed.exact_reason:Unexpected toxicity events were documented during interim safety evaluations of the investigational drug.,Oncology,Gastroenterology & Hepatology; Oncology,,,INTERVENTIONAL,PHASE2,Luca Cardone,"Anticancer Fund, Belgium; Azienda Ospedaliera Universitaria Integrata Verona; Catholic University of the Sacred Heart; Istituto Nazionale Tumori IRCCS - Fondazione G. Pascale; San Raffaele University Hospital, Italy; University of Pisa",Pancreatic Adenocarcinoma Metastatic; Pancreatic Adenocarcinoma Recurrent,Decitabine 50 MG [Dacogen],DRUG,2022-01-15,2024-10-10,2024-10-10,2025-03-24,https://clinicaltrials.gov/study/NCT05360264,BIOLOGICAL_FAILURE,SAFETY,,False,2.0.0,757306ee44684ee15be1,REVIEWED_EXACT
NCT02641639,FOCUS: PCC + Bevacizumab + CA4P Versus PCC + Bevacizumab + Placebo for Subjects With Platinum Resistant Ovarian Cancer,TERMINATED,The study was terminated early due to the lack of efficacy and the study sponsor's decision to no longer continue the study,BIOLOGICAL_FAILURE,EFFICACY/FUTILITY,HIGH,v=2.0.0;outcome=BIOLOGICAL_FAILURE;primary=EFFICACY_FUTILITY;reviewed.exact_reason:The study was terminated early due to the lack of efficacy and the study sponsor's decision to no longer continue the study,Oncology,Oncology,,,INTERVENTIONAL,PHASE2; PHASE3,Mateon Therapeutics,,Platinum Resistant Ovarian Cancer,Fosbretabulin tromethamine; Placebo,DRUG; DRUG,2016-06,2017-10,2017-10,2025-03-24,https://clinicaltrials.gov/study/NCT02641639,BIOLOGICAL_FAILURE,EFFICACY_FUTILITY,,False,2.0.0,6f60c6b798958edbdd85,REVIEWED_EXACT
NCT03520790,Paricalcitol Plus Gemcitabine and Nab-paclitaxel in Metastatic Pancreatic Cancer,TERMINATED,Phase II was not pursued due to futility based on the results of the NAPOLI-3 therapeutic clinical trial.,BIOLOGICAL_FAILURE,EFFICACY/FUTILITY,HIGH,v=2.0.0;outcome=BIOLOGICAL_FAILURE;primary=EFFICACY_FUTILITY;reviewed.exact_reason:Phase II was not pursued due to futility based on the results of the NAPOLI-3 therapeutic clinical trial.,Gastroenterology & Hepatology,Gastroenterology & Hepatology; Oncology,,,INTERVENTIONAL,PHASE1,Dana-Farber Cancer Institute,Stand Up To Cancer; Lustgarten Foundation; American Association for Cancer Research,Pancreatic Cancer,Gemcitabine; Nab-paclitaxel; Paricalcitol; Placebo,DRUG; DRUG; DRUG; OTHER,2018-12-05,2024-07-01,2024-07-01,2025-03-21,https://clinicaltrials.gov/study/NCT03520790,BIOLOGICAL_FAILURE,EFFICACY_FUTILITY,,False,2.0.0,318c8e65e643e7f52a23,REVIEWED_EXACT
NCT03387592,CAPTEM or FOLFIRI as SEcond-line Therapy in NEuroendocrine CArcinomas,TERMINATED,Efficacy endpoint not met according to first step of Briant-Day design,BIOLOGICAL_FAILURE,EFFICACY/FUTILITY,HIGH,v=2.0.0;outcome=BIOLOGICAL_FAILURE;primary=EFFICACY_FUTILITY;reviewed.exact_reason:Efficacy endpoint not met according to first step of Briant-Day design,Neurology,Neurology; Oncology,,,INTERVENTIONAL,PHASE2,Istituto Romagnolo per lo Studio dei Tumori Dino Amadori IRST S.r.l. IRCCS,,Neuroendocrine Carcinoma,CPT-11; Calcio levofolinate; 5-Fluorouracil; Capecitabine; Temozolomide,DRUG; DRUG; DRUG; DRUG; DRUG,2017-03-06,2022-02-28,2022-02-28,2025-03-10,https://clinicaltrials.gov/study/NCT03387592,BIOLOGICAL_FAILURE,EFFICACY_FUTILITY,,False,2.0.0,a08248cf252e75d41b8f,REVIEWED_EXACT
NCT04495894,Pre-Incisional Ketorolac for Patients Undergoing Surgery for Non-Small Cell Lung Cancer and Renal Cell Carcinoma,TERMINATED,This study was terminated after interim analyses showed no benefits.,BIOLOGICAL_FAILURE,EFFICACY/FUTILITY,HIGH,v=2.0.0;outcome=BIOLOGICAL_FAILURE;primary=EFFICACY_FUTILITY;reviewed.exact_reason:This study was terminated after interim analyses showed no benefits.,Oncology,Oncology; Renal & Urology; Respiratory,,,INTERVENTIONAL,PHASE2,Emory University,,Non-small Cell Lung Cancer; Renal Cell Carcinoma,Preoperative Ketorolac,DRUG,2020-08-24,2024-02-01,2024-02-01,2025-03-04,https://clinicaltrials.gov/study/NCT04495894,BIOLOGICAL_FAILURE,EFFICACY_FUTILITY,,False,2.0.0,45cf45a7e34371d302dd,REVIEWED_EXACT
NCT06655818,Sub-study of Belantamab Mafodotin (GSK2857916) as Monotherapy and in Combination With Dostarlimab (GSK4057190) in Participants With RRMM,TERMINATED,The study was terminated due to lack of efficacy,BIOLOGICAL_FAILURE,EFFICACY/FUTILITY,HIGH,v=2.0.0;outcome=BIOLOGICAL_FAILURE;primary=EFFICACY_FUTILITY;reviewed.exact_reason:The study was terminated due to lack of efficacy,Oncology,Oncology,,,INTERVENTIONAL,PHASE1; PHASE2,GlaxoSmithKline,,Relapsed/Refractory Multiple Myeloma,Belantamab Mafodotin; Dostarlimab,DRUG; DRUG,2021-03-09,2024-02-14,2024-02-14,2025-03-03,https://clinicaltrials.gov/study/NCT06655818,BIOLOGICAL_FAILURE,EFFICACY_FUTILITY,,False,2.0.0,db3fdfb758f8d0cb2f2b,REVIEWED_EXACT
NCT04421222,Oral EPI-7386 in Patients with Castration-Resistant Prostate Cancer,TERMINATED,Study was terminated early due to a lack of improved efficacy.,BIOLOGICAL_FAILURE,EFFICACY/FUTILITY,HIGH,v=2.0.0;outcome=BIOLOGICAL_FAILURE;primary=EFFICACY_FUTILITY;reviewed.exact_reason:Study was terminated early due to a lack of improved efficacy.,Oncology,Oncology; Renal & Urology,,,INTERVENTIONAL,PHASE1,ESSA Pharmaceuticals,,Prostate Cancer,EPI-7386 (QD); EPI-7386 (BID); Abiraterone acetate; Apalutamide,DRUG; DRUG; DRUG; DRUG,2020-06-23,2024-10-31,2024-12-03,2025-02-28,https://clinicaltrials.gov/study/NCT04421222,BIOLOGICAL_FAILURE,EFFICACY_FUTILITY,,False,2.0.0,f4ebd922f8ea3e88cf6c,REVIEWED_EXACT
NCT05075577,EPI-7386 in Combination with Enzalutamide Compared with Enzalutamide Alone in Subjects with MCRPC,TERMINATED,Study was terminated early due to a lack of improved efficacy.,BIOLOGICAL_FAILURE,EFFICACY/FUTILITY,HIGH,v=2.0.0;outcome=BIOLOGICAL_FAILURE;primary=EFFICACY_FUTILITY;reviewed.exact_reason:Study was terminated early due to a lack of improved efficacy.,Oncology,Oncology; Renal & Urology,,,INTERVENTIONAL,PHASE1; PHASE2,ESSA Pharmaceuticals,,Prostate Cancer,Enzalutamide; EPI-7386 with Enzalutamide,DRUG; DRUG,2021-12-21,2024-10-31,2025-01-14,2025-02-28,https://clinicaltrials.gov/study/NCT05075577,BIOLOGICAL_FAILURE,EFFICACY_FUTILITY,,False,2.0.0,f4ebd922f8ea3e88cf6c,REVIEWED_EXACT
NCT01205828,ABT-888 and Temozolomide for Liver Cancer,TERMINATED,Lack of efficacy,BIOLOGICAL_FAILURE,EFFICACY/FUTILITY,HIGH,v=2.0.0;outcome=BIOLOGICAL_FAILURE;primary=EFFICACY_FUTILITY;reviewed.exact_reason:Lack of efficacy,Gastroenterology & Hepatology,Gastroenterology & Hepatology; Oncology,,,INTERVENTIONAL,PHASE2,Georgetown University,Abbott,Hepatocellular Carcinoma,Temozolomide; ABT-888,DRUG; DRUG,2010-08,2014-10,2014-10,2025-02-12,https://clinicaltrials.gov/study/NCT01205828,BIOLOGICAL_FAILURE,EFFICACY_FUTILITY,,False,2.0.0,4431292a7cce2b3e9aed,REVIEWED_EXACT
NCT04778397,Study of Magrolimab in Combination With Azacitidine Versus Physician's Choice of Venetoclax in Combination With Azacitidine or Intensive Chemotherapy in Patients With TP53 Mutant Acute Myeloid Leukemia That Have Not Been Treated,TERMINATED,Study discontinued due to futility.,BIOLOGICAL_FAILURE,EFFICACY/FUTILITY,HIGH,v=2.0.0;outcome=BIOLOGICAL_FAILURE;primary=EFFICACY_FUTILITY;reviewed.exact_reason:Study discontinued due to futility.,Oncology,Oncology,,,INTERVENTIONAL,PHASE3,Gilead Sciences,,Acute Myeloid Leukemia,Magrolimab; Venetoclax; Azacitidine; Cytarabine; Daunorubicin; Idarubicin; Steroidal Eye Drops,DRUG; DRUG; DRUG; DRUG; DRUG; DRUG; DRUG,2021-07-01,2024-03-25,2024-03-25,2025-02-05,https://clinicaltrials.gov/study/NCT04778397,BIOLOGICAL_FAILURE,EFFICACY_FUTILITY,,False,2.0.0,6a2bdc322507017d37a6,REVIEWED_EXACT
NCT03371381,"An Efficacy and Safety Study of JNJ-64041757, a Live Attenuated Listeria Monocytogenes Immunotherapy, in Combination With Nivolumab Versus Nivolumab Monotherapy in Participants With Advanced Adenocarcinoma of the Lung",TERMINATED,Development of JNJ-64041757 in combination with nivolumab discontinued due to lack of clinical benefit observed in the Phase 1b portion of the study,BIOLOGICAL_FAILURE,EFFICACY/FUTILITY,HIGH,v=2.0.0;outcome=BIOLOGICAL_FAILURE;primary=EFFICACY_FUTILITY;reviewed.exact_reason:Development of JNJ-64041757 in combination with nivolumab discontinued due to lack of clinical benefit observed in the Phase 1b portion of the study,Oncology,Oncology; Respiratory,,,INTERVENTIONAL,PHASE1; PHASE2,"Janssen Research & Development, LLC",,Adenocarcinoma of Lung,JNJ-64041757; Nivolumab,BIOLOGICAL; DRUG,2018-01-02,2018-10-09,2018-10-09,2025-02-04,https://clinicaltrials.gov/study/NCT03371381,BIOLOGICAL_FAILURE,EFFICACY_FUTILITY,,False,2.0.0,a9bacbbc50ad5399a106,REVIEWED_EXACT
NCT05181540,A Study of the Effects of AB-205 in Patients With Lymphoma Undergoing Autologous Hematopoietic Cell Transplantation,TERMINATED,Interim analysis showed lack of efficacy,BIOLOGICAL_FAILURE,EFFICACY/FUTILITY,HIGH,v=2.0.0;outcome=BIOLOGICAL_FAILURE;primary=EFFICACY_FUTILITY;reviewed.exact_reason:Interim analysis showed lack of efficacy,Oncology,Oncology,,,INTERVENTIONAL,PHASE3,Angiocrine Bioscience,California Institute for Regenerative Medicine (CIRM),Hodgkin Lymphoma; Non Hodgkin Lymphoma,AB-205; Placebo,BIOLOGICAL; OTHER,2022-02-21,2023-12-29,2025-01-31,2025-02-04,https://clinicaltrials.gov/study/NCT05181540,BIOLOGICAL_FAILURE,EFFICACY_FUTILITY,,False,2.0.0,83be451c0b24c64cdc3f,REVIEWED_EXACT
NCT02592967,"Safety & Immunogenicity of JNJ-64041757, Live-attenuated Double-deleted Listeria Immunotherapy, in Subjects With Non Small Cell Lung Cancer",TERMINATED,"Development of JNJ-64041757 discontinued due to lack of efficacy. No further follow up data will be collected after October 22, 2018.",BIOLOGICAL_FAILURE,EFFICACY/FUTILITY,HIGH,"v=2.0.0;outcome=BIOLOGICAL_FAILURE;primary=EFFICACY_FUTILITY;reviewed.exact_reason:Development of JNJ-64041757 discontinued due to lack of efficacy. No further follow up data will be collected after October 22, 2018.",Oncology,Oncology; Respiratory,,,INTERVENTIONAL,PHASE1,"Janssen Research & Development, LLC",,"Carcinoma, Non-Small-Cell Lung",JNJ-64041757 (Cohort 1A and 1B); JNJ-64041757 (Cohort 2A and 2B),BIOLOGICAL; BIOLOGICAL,2015-12-02,2018-08-14,2018-10-22,2025-02-03,https://clinicaltrials.gov/study/NCT02592967,BIOLOGICAL_FAILURE,EFFICACY_FUTILITY,,False,2.0.0,e2a38d451a0e5ae31dca,REVIEWED_EXACT
NCT01814813,Vaccine Therapy With Bevacizumab Versus Bevacizumab Alone in Treating Patients With Recurrent Glioblastoma Multiforme That Can Be Removed by Surgery,TERMINATED,DSMB futility analysis,BIOLOGICAL_FAILURE,EFFICACY/FUTILITY,HIGH,v=2.0.0;outcome=BIOLOGICAL_FAILURE;primary=EFFICACY_FUTILITY;reviewed.exact_reason:DSMB futility analysis,Oncology,Oncology,,,INTERVENTIONAL,PHASE2,Alliance for Clinical Trials in Oncology,National Cancer Institute (NCI); Agenus Inc.,Recurrent Glioblastoma; Recurrent Adult Brain Tumor; Gliosarcoma,HSPPC-96; bevacizumab,BIOLOGICAL; DRUG,2013-06-19,2017-04-03,2023-05-22,2025-01-24,https://clinicaltrials.gov/study/NCT01814813,BIOLOGICAL_FAILURE,EFFICACY_FUTILITY,,False,2.0.0,5b74cbb4c4770e78b599,REVIEWED_EXACT
NCT03248479,Magrolimab Monotherapy or Magrolimab in Combination With Azacitidine in Participants With Hematological Malignancies,TERMINATED,This study has been discontinued due to futility based on the results of a planned analysis of the ENHANCE trial.,BIOLOGICAL_FAILURE,EFFICACY/FUTILITY,HIGH,v=2.0.0;outcome=BIOLOGICAL_FAILURE;primary=EFFICACY_FUTILITY;reviewed.exact_reason:This study has been discontinued due to futility based on the results of a planned analysis of the ENHANCE trial.,Hematology (non-onc),Hematology (non-onc); Oncology,,,INTERVENTIONAL,PHASE1,Gilead Sciences,,Hematological Malignancies,Magrolimab; Azacitidine,DRUG; DRUG,2017-09-08,2023-09-05,2023-09-05,2025-01-17,https://clinicaltrials.gov/study/NCT03248479,BIOLOGICAL_FAILURE,EFFICACY_FUTILITY,,False,2.0.0,e7492126523a99c612db,REVIEWED_EXACT
NCT05653427,A Study of Amivantamab Monotherapy in Participants With Previously Treated Advanced Hepatocellular Carcinoma,TERMINATED,N\~15 subjects data analysis did not meet statistical consideration of ORR and study primary/secondary objectives were not met. Enrollment was terminated for futility,BIOLOGICAL_FAILURE,EFFICACY/FUTILITY,HIGH,v=2.0.0;outcome=BIOLOGICAL_FAILURE;primary=EFFICACY_FUTILITY;reviewed.exact_reason:N\~15 subjects data analysis did not meet statistical consideration of ORR and study primary/secondary objectives were not met. Enrollment was terminated for futility,Gastroenterology & Hepatology,Gastroenterology & Hepatology; Oncology,,,INTERVENTIONAL,PHASE2,"Janssen Research & Development, LLC",,"Carcinoma, Hepatocellular",Amivantamab,DRUG,2022-12-08,2023-10-10,2023-10-10,2025-01-13,https://clinicaltrials.gov/study/NCT05653427,BIOLOGICAL_FAILURE,EFFICACY_FUTILITY,,False,2.0.0,ade3e07de2ed76a59a63,REVIEWED_EXACT
NCT05205161,A Phase I/II Study of AZD0466 as Monotherapy or in Combination With Anticancer Agents in Advanced Non-Hodgkin Lymphoma,TERMINATED,Due to safety reasons.,BIOLOGICAL_FAILURE,SAFETY,HIGH,v=2.0.0;outcome=BIOLOGICAL_FAILURE;primary=SAFETY;reviewed.exact_reason:Due to safety reasons.,Oncology,Oncology,,,INTERVENTIONAL,PHASE1,AstraZeneca,,Non-Hodgkin Lymphoma,AZD0466,DRUG,2022-07-05,2023-08-17,2023-08-17,2025-01-07,https://clinicaltrials.gov/study/NCT05205161,BIOLOGICAL_FAILURE,SAFETY,,False,2.0.0,4dd76a28f7cb83a77c8f,REVIEWED_EXACT
NCT04856176,A Study of Sargramostim Plus Pembrolizumab with or Without Pemetrexed in Patients with Advance Non-small Cell Lung Cancer After Completion of Chemoimmunotherapy,TERMINATED,Futility,BIOLOGICAL_FAILURE,EFFICACY/FUTILITY,HIGH,v=2.0.0;outcome=BIOLOGICAL_FAILURE;primary=EFFICACY_FUTILITY;reviewed.exact_reason:Futility,Oncology,Oncology; Respiratory,,,INTERVENTIONAL,PHASE2,Tufts Medical Center,"Partner Therapeutics, Inc.","Advanced Lung Non-Small Cell Carcinoma; Non-Small Cell Carcinoma of Lung, TNM Stage 4",Granulocyte-Macrophage Colony-Stimulating Factor; Pembrolizumab; pemetrexed; Paclitaxel; Carboplatin,DRUG; DRUG; DRUG; DRUG; DRUG,2022-01-03,2024-12-06,2024-12-06,2025-01-01,https://clinicaltrials.gov/study/NCT04856176,BIOLOGICAL_FAILURE,EFFICACY_FUTILITY,,False,2.0.0,1f112ae47ca5fa590645,REVIEWED_EXACT
NCT05355753,"A Study to Assess the Safety and Tolerability of CFT8634 in Locally Advanced or Metastatic SMARCB1-Perturbed Cancers, Including Synovial Sarcoma and SMARCB1-Null Tumors",TERMINATED,High levels of BRD9 degradation did not result in sufficient efficacy in heavily pre-treated synovial sarcoma and SMARCB1-null solid tumor patients treated with CFT8634 as a single agent.,BIOLOGICAL_FAILURE,EFFICACY/FUTILITY,HIGH,v=2.0.0;outcome=BIOLOGICAL_FAILURE;primary=EFFICACY_FUTILITY;reviewed.exact_reason:High levels of BRD9 degradation did not result in sufficient efficacy in heavily pre-treated synovial sarcoma and SMARCB1-null solid tumor patients treated with CFT8634 as a single,Oncology,Oncology,,,INTERVENTIONAL,PHASE1,"C4 Therapeutics, Inc.",,Synovial Sarcoma; Soft Tissue Sarcoma,CFT8634,DRUG,2022-03-25,2023-12-19,2023-12-19,2024-12-17,https://clinicaltrials.gov/study/NCT05355753,BIOLOGICAL_FAILURE,EFFICACY_FUTILITY,,False,2.0.0,24724ccb13a8598a867f,REVIEWED_EXACT
NCT03549000,A Phase I/Ib Study of NZV930 Alone and in Combination With PDR001 and /or NIR178 in Patients With Advanced Malignancies.,TERMINATED,After review of data which showed low likelihood of efficacy in these patients Novartis decided to terminate the trial early. Termination was not safety related,BIOLOGICAL_FAILURE,EFFICACY/FUTILITY,HIGH,v=2.0.0;outcome=BIOLOGICAL_FAILURE;primary=EFFICACY_FUTILITY;reviewed.exact_reason:After review of data which showed low likelihood of efficacy in these patients Novartis decided to terminate the trial early. Termination was not safety related,Oncology,Gastroenterology & Hepatology; Oncology; Renal & Urology; Respiratory,,,INTERVENTIONAL,PHASE1,Novartis Pharmaceuticals,,Non-small Cell Lung Cancer (NSCLC); Triple Negative Breast Cancer (TNBC); Pancreatic Ductal Adenocarcinoma (PDAC); Colorectal Cancer Microsatellite Stable (MSS); Ovarian Cancer; Renal Cell Carcinoma (RCC); Metastatic Castration Resistant Prostate Cancer (mCRPC),NZV930; PDR001; NIR178,OTHER; OTHER; DRUG,2018-07-18,2022-10-17,2022-10-17,2024-12-13,https://clinicaltrials.gov/study/NCT03549000,BIOLOGICAL_FAILURE,EFFICACY_FUTILITY,,False,2.0.0,a0f8a06e2987d81b82d3,REVIEWED_EXACT
NCT02626455,Study of Copanlisib in Combination With Standard Immunochemotherapy in Relapsed Indolent Non-Hodgkin's Lymphoma (iNHL),TERMINATED,Company decided to terminate this study due to study did not meet the primary endpoint.,BIOLOGICAL_FAILURE,EFFICACY/FUTILITY,HIGH,v=2.0.0;outcome=BIOLOGICAL_FAILURE;primary=EFFICACY_FUTILITY;reviewed.exact_reason:Company decided to terminate this study due to study did not meet the primary endpoint.,Oncology,Oncology,,,INTERVENTIONAL,PHASE3,Bayer,,"Lymphoma, Non-Hodgkin",Copanlisib (BAY80-6946); Placebo; Rituximab; Cyclophosphamide; Doxorubicin; Vincristine; Bendamustine; Prednisone,DRUG; DRUG; DRUG; DRUG; DRUG; DRUG; DRUG; DRUG,2016-01-06,2023-09-15,2023-11-10,2024-12-11,https://clinicaltrials.gov/study/NCT02626455,BIOLOGICAL_FAILURE,EFFICACY_FUTILITY,,False,2.0.0,0a1005255090dc5ed52e,REVIEWED_EXACT
NCT04939701,Study of ASP0739 Alone and With Pembrolizumab in Advanced Solid Tumors With NY-ESO-1 Expression Participants,TERMINATED,"The comprehensive assessment of other studies indicated the lack of significant monotherapy activity, therefore, team decided to terminate the study.",BIOLOGICAL_FAILURE,EFFICACY/FUTILITY,HIGH,"v=2.0.0;outcome=BIOLOGICAL_FAILURE;primary=EFFICACY_FUTILITY;reviewed.exact_reason:The comprehensive assessment of other studies indicated the lack of significant monotherapy activity, therefore, team decided to terminate the study.",Oncology,Oncology,,,INTERVENTIONAL,PHASE1; PHASE2,"Astellas Pharma Global Development, Inc.",,Ovarian Cancer; NSCLC; ESCC; Solid Tumors,ASP0739,DRUG,2021-12-23,2023-06-01,2023-06-01,2024-12-11,https://clinicaltrials.gov/study/NCT04939701,BIOLOGICAL_FAILURE,EFFICACY_FUTILITY,,False,2.0.0,7cd953b73ee5d522e2fd,REVIEWED_EXACT
NCT05350163,T-cell Receptor α/β Depleted Donor Lymphocyte Infusion,TERMINATED,The study met criteria for stopping due to lack of efficacy per protocol specifications.,BIOLOGICAL_FAILURE,EFFICACY/FUTILITY,HIGH,v=2.0.0;outcome=BIOLOGICAL_FAILURE;primary=EFFICACY_FUTILITY;reviewed.exact_reason:The study met criteria for stopping due to lack of efficacy per protocol specifications.,Oncology,Oncology,,,INTERVENTIONAL,PHASE1,Guenther Koehne,,"Lymphoid Leukemia, Acute; Myeloid Malignancy; Plasma Cell Tumor",T-cell Receptor α/β Depleted Donor Lymphocyte Infusions,BIOLOGICAL,2022-04-05,2023-09-18,2023-09-18,2024-12-10,https://clinicaltrials.gov/study/NCT05350163,BIOLOGICAL_FAILURE,EFFICACY_FUTILITY,,False,2.0.0,8e9549e3add8f3f26f7f,REVIEWED_EXACT
NCT05049863,Chemotherapy in Patients With Relapsed Small Cell Lung Cancer in Combination With Allopurinol and MycoPhenolate (CLAMP Trial),TERMINATED,Futility,BIOLOGICAL_FAILURE,EFFICACY/FUTILITY,HIGH,v=2.0.0;outcome=BIOLOGICAL_FAILURE;primary=EFFICACY_FUTILITY;reviewed.exact_reason:Futility,Oncology,Oncology; Respiratory,,,INTERVENTIONAL,PHASE1,Washington University School of Medicine,,Small-cell Lung Cancer; Small Cell Lung Carcinoma,Mycophenolate Mofetil; Allopurinol; Irinotecan,DRUG; DRUG; DRUG,2023-02-27,2024-11-17,2024-11-17,2024-12-05,https://clinicaltrials.gov/study/NCT05049863,BIOLOGICAL_FAILURE,EFFICACY_FUTILITY,,False,2.0.0,1f112ae47ca5fa590645,REVIEWED_EXACT
NCT02495233,A Study of ASP2215 in Combination With Erlotinib in Subjects With Epidermal Growth Factor Receptor (EGFR) Activating Mutation-Positive (EGFRm+) Advanced Non-Small-Cell Lung Cancer (NSCLC) Who Have Acquired Resistance to an EGFR Tyrosine Kinase Inhibitor (TKI),TERMINATED,Study terminated due to adverse events related to the combination therapy,BIOLOGICAL_FAILURE,SAFETY,HIGH,v=2.0.0;outcome=BIOLOGICAL_FAILURE;primary=SAFETY;reviewed.exact_reason:Study terminated due to adverse events related to the combination therapy,Oncology,Oncology; Respiratory,,,INTERVENTIONAL,PHASE1; PHASE2,"Astellas Pharma Global Development, Inc.",,Non-Small-Cell Lung Cancer,Gilteritinib; Erlotinib,DRUG; DRUG,2015-09-08,2016-09-28,2016-09-28,2024-11-27,https://clinicaltrials.gov/study/NCT02495233,BIOLOGICAL_FAILURE,SAFETY,,False,2.0.0,c8bceb4cb7a5efb1e19b,REVIEWED_EXACT
NCT03890289,Idelalisib+Obinutuzumab in Patients With Relapsed/Refractory Follicular Lymphoma,TERMINATED,"Study was halted prematurely due to safety, since tocity stopping rules have been met",BIOLOGICAL_FAILURE,SAFETY,HIGH,"v=2.0.0;outcome=BIOLOGICAL_FAILURE;primary=SAFETY;reviewed.exact_reason:Study was halted prematurely due to safety, since tocity stopping rules have been met",Oncology,Oncology,,,INTERVENTIONAL,PHASE2,Fondazione Italiana Linfomi - ETS,,Follicular Lymphoma,Idelalisib; Obinutuzumab,DRUG; DRUG,2019-10-18,2021-04-29,2023-05-10,2024-11-21,https://clinicaltrials.gov/study/NCT03890289,BIOLOGICAL_FAILURE,SAFETY,,False,2.0.0,66613eaddc0b73655068,REVIEWED_EXACT
NCT01318642,Ganitumab in Locally Advanced Unresectable Adenocarcinoma of the Pancreas,TERMINATED,NCT01318642: Planned independent DMC Interim review: ended for futility,BIOLOGICAL_FAILURE,EFFICACY/FUTILITY,HIGH,v=2.0.0;outcome=BIOLOGICAL_FAILURE;primary=EFFICACY_FUTILITY;reviewed.exact_reason:NCT01318642: Planned independent DMC Interim review: ended for futility,Gastroenterology & Hepatology,Gastroenterology & Hepatology; Oncology,,,INTERVENTIONAL,PHASE2,"NantBioScience, Inc.",,Adenocarcinoma of the Pancreas; Locally Advanced; Unresectable,Gemcitabine; AMG 479; Placebo,DRUG; DRUG; DRUG,2012-05-31,2012-11-27,2012-12-03,2024-11-08,https://clinicaltrials.gov/study/NCT01318642,BIOLOGICAL_FAILURE,EFFICACY_FUTILITY,,False,2.0.0,c37959ab6b196d6a0354,REVIEWED_EXACT
NCT04937738,Perioperative Chemotherapy in Gastric Cancer,TERMINATED,High rate of disease progression in XELOX arm,BIOLOGICAL_FAILURE,EFFICACY/FUTILITY,HIGH,v=2.0.0;outcome=BIOLOGICAL_FAILURE;primary=EFFICACY_FUTILITY;reviewed.exact_reason:High rate of disease progression in XELOX arm,Oncology,Oncology,,,INTERVENTIONAL,PHASE2,Ukrainian Society of Clinical Oncology,,Gastric Cancer,Docetaxel; Oxaliplatin; Leucovorin; Fluorouracil; Capecitabine; Oxaliplatin,DRUG; DRUG; DRUG; DRUG; DRUG; DRUG,2021-07-21,2023-02-01,2023-02-01,2024-11-06,https://clinicaltrials.gov/study/NCT04937738,BIOLOGICAL_FAILURE,EFFICACY_FUTILITY,,False,2.0.0,da927784486ab2be89a0,REVIEWED_EXACT
NCT03799003,A Study of ASP1951 in Subjects With Advanced Solid Tumors,TERMINATED,Study was terminated for lack of efficacy.,BIOLOGICAL_FAILURE,EFFICACY/FUTILITY,HIGH,v=2.0.0;outcome=BIOLOGICAL_FAILURE;primary=EFFICACY_FUTILITY;reviewed.exact_reason:Study was terminated for lack of efficacy.,Oncology,Oncology,,,INTERVENTIONAL,PHASE1,"Astellas Pharma Global Development, Inc.",Merck Sharp & Dohme LLC,Advanced Solid Tumors,ASP1951; pembrolizumab,DRUG; DRUG,2019-01-14,2023-07-06,2023-07-06,2024-11-01,https://clinicaltrials.gov/study/NCT03799003,BIOLOGICAL_FAILURE,EFFICACY_FUTILITY,,False,2.0.0,47ee798858a3a8643482,REVIEWED_EXACT
NCT03809624,Study of INBRX-105 and INBRX-105 With Pembrolizumab in Patients With Solid Tumors Including Head and Neck Cancer,TERMINATED,Program terminated due to lack of meaningful efficacy signal.,BIOLOGICAL_FAILURE,EFFICACY/FUTILITY,HIGH,v=2.0.0;outcome=BIOLOGICAL_FAILURE;primary=EFFICACY_FUTILITY;reviewed.exact_reason:Program terminated due to lack of meaningful efficacy signal.,Oncology,Oncology; Renal & Urology; Respiratory,,,INTERVENTIONAL,PHASE1,"Inhibrx Biosciences, Inc",,Metastatic Solid Tumors; Non-small Cell Lung Cancer; Melanoma; Head and Neck Squamous Cell Carcinoma; Gastric Adenocarcinoma; Renal Cell Carcinoma; Esophageal Adenocarcinoma; Nasopharyngeal Carcinoma; Oropharyngeal Carcinoma,INBRX-105 - PDL1x41BB antibody; Pembrolizumab,DRUG; DRUG,2019-01-30,2024-10-03,2024-10-03,2024-10-23,https://clinicaltrials.gov/study/NCT03809624,BIOLOGICAL_FAILURE,EFFICACY_FUTILITY,,False,2.0.0,959f9078cfa4eaf67d53,REVIEWED_EXACT
NCT02864290,A Study to Evaluate Escalating Doses of ASP1235 (AGS62P1) Given as Monotherapy in Subjects With Acute Myeloid Leukemia (AML),TERMINATED,Study was terminated due to lack of efficacy.,BIOLOGICAL_FAILURE,EFFICACY/FUTILITY,HIGH,v=2.0.0;outcome=BIOLOGICAL_FAILURE;primary=EFFICACY_FUTILITY;reviewed.exact_reason:Study was terminated due to lack of efficacy.,Oncology,Oncology,,,INTERVENTIONAL,PHASE1,"Astellas Pharma Global Development, Inc.",,Acute Myeloid Leukemia,ASP1235,DRUG,2016-11-10,2020-09-03,2020-09-03,2024-10-23,https://clinicaltrials.gov/study/NCT02864290,BIOLOGICAL_FAILURE,EFFICACY_FUTILITY,,False,2.0.0,071e0ce8704571b8e013,REVIEWED_EXACT
NCT03755154,"Study of a New Intravenous Drug, Called S65487, in Patients With Acute Myeloid Leukemia, Non Hodgkin Lymphoma, Multiple Myeloma or Chronic Lymphocytic Leukemia",TERMINATED,The study was prematurely terminated on 14th March 2023 for strategic considerations due to the limited efficacy seen with this treatment in monotherapy. This decision was not based on any safety concerns.,BIOLOGICAL_FAILURE,EFFICACY/FUTILITY,HIGH,v=2.0.0;outcome=BIOLOGICAL_FAILURE;primary=EFFICACY_FUTILITY;reviewed.exact_reason:The study was prematurely terminated on 14th March 2023 for strategic considerations due to the limited efficacy seen with this treatment in monotherapy. This decision was not base,Oncology,Oncology,,,INTERVENTIONAL,PHASE1,Institut de Recherches Internationales Servier,"ADIR, a Servier Group company",Relapsed or Refractory Acute Myeloid Leukemia; Relapsed or Refractory Non-Hodgkin Lymphoma; Relapsed or Refractory Multiple Myeloma; Relapsed or Refractory Chronic Lymphocytic Leukemia,S65487- initial scheme; S65487 - alternative scheme,DRUG; DRUG,2019-07-17,2023-11-06,2023-11-06,2024-10-16,https://clinicaltrials.gov/study/NCT03755154,BIOLOGICAL_FAILURE,EFFICACY_FUTILITY,,False,2.0.0,86987187de1785ccd8f5,REVIEWED_EXACT
NCT03592264,A Phase I/II Study of OBI-3424 in Subjects with Advanced Solid Tumors,TERMINATED,Little evidence of clinical activity in tumor types enrolled,BIOLOGICAL_FAILURE,EFFICACY/FUTILITY,HIGH,v=2.0.0;outcome=BIOLOGICAL_FAILURE;primary=EFFICACY_FUTILITY;reviewed.exact_reason:Little evidence of clinical activity in tumor types enrolled,Oncology,Gastroenterology & Hepatology; Oncology,,,INTERVENTIONAL,PHASE1; PHASE2,"OBI Pharma, Inc",,Solid Tumor; Pancreatic Adenocarcinoma,OBI-3424,DRUG,2018-07-02,2024-02-13,2024-03-21,2024-10-15,https://clinicaltrials.gov/study/NCT03592264,BIOLOGICAL_FAILURE,EFFICACY_FUTILITY,,False,2.0.0,a04a5b44fce1c25909d6,REVIEWED_EXACT
NCT03879798,DS-3201b and Irinotecan for Patients With Recurrent Small Cell Lung Cancer,TERMINATED,Due to DLTs,BIOLOGICAL_FAILURE,SAFETY,HIGH,v=2.0.0;outcome=BIOLOGICAL_FAILURE;primary=SAFETY;reviewed.exact_reason:Due to DLTs,Oncology,Oncology; Respiratory,,,INTERVENTIONAL,PHASE1; PHASE2,Memorial Sloan Kettering Cancer Center,,Small Cell Lung Cancer,DS-3201b; irinotecan,DRUG; DRUG,2019-03-15,2023-05-02,2023-05-02,2024-10-10,https://clinicaltrials.gov/study/NCT03879798,BIOLOGICAL_FAILURE,SAFETY,,False,2.0.0,3bb739d3d1c6a88cf3c6,REVIEWED_EXACT
NCT04323436,Study of Capmatinib and Spartalizumab/Placebo in Advanced NSCLC Patients With MET Exon 14 Skipping Mutations,TERMINATED,Study termination based on sponsor decision due to lack of tolerability observed with capmatinib and spartalizumab combination treatment when compared to data from capmatinib single agent studies,BIOLOGICAL_FAILURE,SAFETY,HIGH,v=2.0.0;outcome=BIOLOGICAL_FAILURE;primary=SAFETY;reviewed.exact_reason:Study termination based on sponsor decision due to lack of tolerability observed with capmatinib and spartalizumab combination treatment when compared to data from capmatinib singl,Oncology,Oncology; Respiratory,,,INTERVENTIONAL,PHASE2,Novartis Pharmaceuticals,,"Carcinoma, Non-Small-Cell Lung",Spartalizumab; Capmatinib; spartalizumab placebo,DRUG; DRUG; DRUG,2020-08-19,2022-12-14,2023-01-26,2024-10-09,https://clinicaltrials.gov/study/NCT04323436,BIOLOGICAL_FAILURE,SAFETY,,False,2.0.0,b45da6a82929d756c2c5,REVIEWED_EXACT
NCT04139317,Safety and Efficacy of Capmatinib (INC280) Plus Pembrolizumab vs Pembrolizumab Alone in NSCLC With PD-L1≥ 50%,TERMINATED,Sponsor decision to terminate due to the lack of tolerability observed in patients treated with capmatinib and pembrolizumab in the combination arm as compared to patients treated with pembrolizumab alone in the pembrolizumab single agent arm,BIOLOGICAL_FAILURE,SAFETY,HIGH,v=2.0.0;outcome=BIOLOGICAL_FAILURE;primary=SAFETY;reviewed.exact_reason:Sponsor decision to terminate due to the lack of tolerability observed in patients treated with capmatinib and pembrolizumab in the combination arm as compared to patients treated ,Oncology,Oncology; Respiratory,,,INTERVENTIONAL,PHASE2,Novartis Pharmaceuticals,,Non-small Cell Lung Cancer (NSCLC),Capmatinib; Pembrolizumab,DRUG; BIOLOGICAL,2020-01-22,2022-01-14,2023-02-07,2024-10-09,https://clinicaltrials.gov/study/NCT04139317,BIOLOGICAL_FAILURE,SAFETY,,False,2.0.0,93bfe027b146623f276a,REVIEWED_EXACT
NCT03716596,SBRT and Anti-programmed Cell Death Protein 1(Anti-PD-1) in Late Stage or Recurrent Pancreatic Cancer Patients,TERMINATED,The effect of the regime was not satisfied,BIOLOGICAL_FAILURE,EFFICACY/FUTILITY,HIGH,v=2.0.0;outcome=BIOLOGICAL_FAILURE;primary=EFFICACY_FUTILITY;reviewed.exact_reason:The effect of the regime was not satisfied,Gastroenterology & Hepatology,Gastroenterology & Hepatology; Oncology,,,INTERVENTIONAL,PHASE1,"Second Affiliated Hospital, Zhejiang University, School of Medicine",,Pancreatic Cancer,SBRT; anti-PD-1 antibody,RADIATION; DRUG,2018-10-22,2019-10-22,2019-10-22,2024-09-20,https://clinicaltrials.gov/study/NCT03716596,BIOLOGICAL_FAILURE,EFFICACY_FUTILITY,,False,2.0.0,08faa3bf94968e47e98e,REVIEWED_EXACT
NCT02994953,"A Phase Ib Study to Evaluate the Safety, Tolerability, and Pharmacokinetics (PK) of Avelumab in Combination With M9241(NHS-IL12) (JAVELIN IL-12)",TERMINATED,The study was terminated due to pre-specified futility criteria met.,BIOLOGICAL_FAILURE,EFFICACY/FUTILITY,HIGH,v=2.0.0;outcome=BIOLOGICAL_FAILURE;primary=EFFICACY_FUTILITY;reviewed.exact_reason:The study was terminated due to pre-specified futility criteria met.,Oncology,Oncology,,,INTERVENTIONAL,PHASE1,"EMD Serono Research & Development Institute, Inc.","Merck KGaA, Darmstadt, Germany",Advanced Solid Tumors,Avelumab; M9241; Avelumab (Once weekly); M9241 (MTD); Avelumab (Expansion cohort),DRUG; DRUG; DRUG; DRUG; DRUG,2017-01-31,2020-10-08,2020-10-08,2024-09-20,https://clinicaltrials.gov/study/NCT02994953,BIOLOGICAL_FAILURE,EFFICACY_FUTILITY,,False,2.0.0,8722f691d8adea44637f,REVIEWED_EXACT
NCT05094206,"CAR20.19.22 T-cells in Relapsed, Refractory B-cell Malignancies",TERMINATED,Treated four patients: 2 at a dose of 1x10\^6 cells/kg and 2 ad at dose of 2.5x10\^6 cells/kg. All four patients had no in-vivo expansion and no meaningful response to therapy. At this point per FDA guidance we will not be treating more patients.,BIOLOGICAL_FAILURE,EFFICACY/FUTILITY,HIGH,v=2.0.0;outcome=BIOLOGICAL_FAILURE;primary=EFFICACY_FUTILITY;reviewed.exact_reason:Treated four patients: 2 at a dose of 1x10\^6 cells/kg and 2 ad at dose of 2.5x10\^6 cells/kg. All four patients had no in-vivo expansion and no meaningful response to therapy. At ,Oncology,Oncology,,,INTERVENTIONAL,PHASE1,Medical College of Wisconsin,"Miltenyi Biotec, Inc.",B-cell Non Hodgkin Lymphoma; B-cell Chronic Lymphocytic Leukemia,0.75x10^6 cells/kg CAR20.19.22 cells; 1x10^6 cells/kg CAR20.19.22 cells; 2.5x10^6 cells/kg CAR20.19.22 cells; 5x10^6 cells/kg CAR20.19.22 cells; Dose expansion: The maximum tolerated dose of CAR20.19.22 cells,BIOLOGICAL; BIOLOGICAL; BIOLOGICAL; BIOLOGICAL; BIOLOGICAL,2022-06-30,2024-01-29,2024-01-29,2024-09-19,https://clinicaltrials.gov/study/NCT05094206,BIOLOGICAL_FAILURE,EFFICACY_FUTILITY,,False,2.0.0,120ac0db689bc3918bf8,REVIEWED_EXACT
NCT00687596,Study of TAC-101 as Second Line Treatment in Patients With Advanced Hepatocellular Carcinoma Who Received Sorafenib as First Line Therapy,TERMINATED,Terminated due to safety concerns,BIOLOGICAL_FAILURE,SAFETY,HIGH,v=2.0.0;outcome=BIOLOGICAL_FAILURE;primary=SAFETY;reviewed.exact_reason:Terminated due to safety concerns,Gastroenterology & Hepatology,Gastroenterology & Hepatology; Oncology,,,INTERVENTIONAL,PHASE2,"Taiho Oncology, Inc.","Quintiles, Inc.",Hepatocellular Carcinoma,TAC-101; Placebo,DRUG; DRUG,2008-08-01,2010-05-10,2010-05-10,2024-09-19,https://clinicaltrials.gov/study/NCT00687596,BIOLOGICAL_FAILURE,SAFETY,,False,2.0.0,51674c1ba0a5bb65e6e5,REVIEWED_EXACT
NCT00667628,Phase 2 Study of TAC-101 Combined With Transcatheter Arterial Chemoembolization (TACE) Versus TACE Alone in Japanese Patients With Advanced Hepatocellular Carcinoma,TERMINATED,Terminated due to safety concerns.,BIOLOGICAL_FAILURE,SAFETY,HIGH,v=2.0.0;outcome=BIOLOGICAL_FAILURE;primary=SAFETY;saf.explicit:terminated due to safety concerns,Gastroenterology & Hepatology,Gastroenterology & Hepatology; Oncology,,,INTERVENTIONAL,PHASE2,"Taiho Oncology, Inc.","Quintiles, Inc.",Advanced Hepatocellular Carcinoma,TAC-101; Placebo,DRUG; DRUG,2008-04-24,2009-12-22,2009-12-22,2024-09-19,https://clinicaltrials.gov/study/NCT00667628,BIOLOGICAL_FAILURE,SAFETY,,False,2.0.0,5770f1623ad0dc39a7ac,RULE_V2
NCT03410927,A Study of TAS0728 in Patients With Solid Tumors With HER2 or HER3 Abnormalities,TERMINATED,The study was stopped due to unacceptable toxicity during the dose-escalation portion (Phase 1) of the study and did not progress to Phase 2,BIOLOGICAL_FAILURE,SAFETY,HIGH,v=2.0.0;outcome=BIOLOGICAL_FAILURE;primary=SAFETY;reviewed.exact_reason:The study was stopped due to unacceptable toxicity during the dose-escalation portion (Phase 1) of the study and did not progress to Phase 2,Oncology,Oncology,,,INTERVENTIONAL,PHASE1,"Taiho Oncology, Inc.",,Advanced Solid Tumors With HER2 Abnormalities; Advanced Solid Tumors With HER3 Abnormalities,TAS0728,DRUG,2018-04-06,2022-06-09,2022-06-09,2024-09-05,https://clinicaltrials.gov/study/NCT03410927,BIOLOGICAL_FAILURE,SAFETY,,False,2.0.0,ee22205d4546efcc7b4b,REVIEWED_EXACT
NCT00756782,A Study of TAC-101 in Combination With TACE Versus TACE Alone in Asian Patients With Advanced Hepatocellular Carcinoma,WITHDRAWN,Terminated due to safety concerns.,BIOLOGICAL_FAILURE,SAFETY,HIGH,v=2.0.0;outcome=BIOLOGICAL_FAILURE;primary=SAFETY;saf.explicit:terminated due to safety concerns,Gastroenterology & Hepatology,Gastroenterology & Hepatology; Oncology,,,INTERVENTIONAL,PHASE2,"Taiho Oncology, Inc.",,Advanced Hepatocellular Carcinoma,TAC-101; Placebo,DRUG; DRUG,2008-10,2008-12,2008-12,2024-09-04,https://clinicaltrials.gov/study/NCT00756782,BIOLOGICAL_FAILURE,SAFETY,,False,2.0.0,5770f1623ad0dc39a7ac,RULE_V2
NCT03644342,Study of Niraparib With Radiotherapy for Treatment of Metastatic Invasive Carcinoma of the Cervix,TERMINATED,A recent change in treatment landscape may make study futile,BIOLOGICAL_FAILURE,EFFICACY/FUTILITY,HIGH,v=2.0.0;outcome=BIOLOGICAL_FAILURE;primary=EFFICACY_FUTILITY;eff.futility:futile,Oncology,Oncology,,,INTERVENTIONAL,PHASE1; PHASE2,Michelle S Ludwig,GlaxoSmithKline,Metastatic Carcinoma of the Cervix,Nirapaib,DRUG,2019-07-15,2022-04-18,2023-09-27,2024-09-03,https://clinicaltrials.gov/study/NCT03644342,BIOLOGICAL_FAILURE,EFFICACY_FUTILITY,,False,2.0.0,1aa63bf0244237b28504,RULE_V2
NCT02964507,Dose Escalation and Expansion Study of GSK525762 in Combination With Fulvestrant in Participants With Hormone Receptor-positive (HR+)/Human Epidermal Growth Factor Receptor 2 Negative (HER2-) Advanced or Metastatic Breast Cancer,TERMINATED,This study has been terminated due to meeting protocol defined futility.,BIOLOGICAL_FAILURE,EFFICACY/FUTILITY,HIGH,v=2.0.0;outcome=BIOLOGICAL_FAILURE;primary=EFFICACY_FUTILITY;reviewed.exact_reason:This study has been terminated due to meeting protocol defined futility.,Oncology,Oncology,,,INTERVENTIONAL,PHASE1,GlaxoSmithKline,,Neoplasms,GSK525762; Placebo; Fulvestrant,DRUG; DRUG; DRUG,2019-09-26,2020-09-29,2021-07-19,2024-08-29,https://clinicaltrials.gov/study/NCT02964507,BIOLOGICAL_FAILURE,EFFICACY_FUTILITY,,False,2.0.0,cdcb24184ed1cd0ee1bf,REVIEWED_EXACT
NCT04768881,Safety and Efficacy of Selinexor in Combination With Pembrolizumab in Recurrent Advanced Melanoma,TERMINATED,The trial was terminated due to a lack of sufficient anti-melanoma tumor signal for the combination of selinexor + pembrolizumab.,BIOLOGICAL_FAILURE,EFFICACY/FUTILITY,HIGH,v=2.0.0;outcome=BIOLOGICAL_FAILURE;primary=EFFICACY_FUTILITY;reviewed.exact_reason:The trial was terminated due to a lack of sufficient anti-melanoma tumor signal for the combination of selinexor + pembrolizumab.,Oncology,Oncology,,,INTERVENTIONAL,PHASE2,Karyopharm Therapeutics Inc,,Locally Advanced Unresectable or Metastatic Melanoma,Selinexor; Pembrolizumab,DRUG; DRUG,2021-05-12,2023-09-22,2023-09-22,2024-08-23,https://clinicaltrials.gov/study/NCT04768881,BIOLOGICAL_FAILURE,EFFICACY_FUTILITY,,False,2.0.0,e4705e18079270ef4b19,REVIEWED_EXACT
NCT03498716,A Study Comparing Atezolizumab (Anti PD-L1 Antibody) In Combination With Adjuvant Anthracycline/Taxane-Based Chemotherapy Versus Chemotherapy Alone In Patients With Operable Triple-Negative Breast Cancer,TERMINATED,The study was terminated by the sponsor following interim analysis as the primary endpoint of iDFS crossed the pre-specified futility boundary of hazard ratio \> 1 in the Intent-to-Treat (ITT) population.,BIOLOGICAL_FAILURE,EFFICACY/FUTILITY,HIGH,v=2.0.0;outcome=BIOLOGICAL_FAILURE;primary=EFFICACY_FUTILITY;reviewed.exact_reason:The study was terminated by the sponsor following interim analysis as the primary endpoint of iDFS crossed the pre-specified futility boundary of hazard ratio \> 1 in the Intent-to,Oncology,Oncology,,,INTERVENTIONAL,PHASE3,Hoffmann-La Roche,"Breast International Group; Alliance Foundation Trials, LLC.; Jules Bordet Institute; Frontier Science & Technology Research Foundation, Inc.",Triple Negative Breast Cancer,Atezolizumab; Paclitaxel; Dose-dense Doxorubicin or dose-dense Epirubicin; Cyclophosphamide,DRUG; DRUG; DRUG; DRUG,2018-08-02,2023-08-14,2023-08-14,2024-08-21,https://clinicaltrials.gov/study/NCT03498716,BIOLOGICAL_FAILURE,EFFICACY_FUTILITY,,False,2.0.0,35e6933c0b53d6fb8bd8,REVIEWED_EXACT
NCT03743246,A Study to Evaluate the Safety and Efficacy of JCAR017 in Pediatric Subjects With Relapsed/Refractory (r/r) B-cell Acute Lymphoblastic Leukemia (B-ALL) and B-cell Non-Hodgkin Lymphoma (B-NHL),TERMINATED,Absence of significant therapeutic benefit over existing therapies,BIOLOGICAL_FAILURE,EFFICACY/FUTILITY,HIGH,v=2.0.0;outcome=BIOLOGICAL_FAILURE;primary=EFFICACY_FUTILITY;reviewed.exact_reason:Absence of significant therapeutic benefit over existing therapies,Oncology,Oncology,,,INTERVENTIONAL,PHASE1; PHASE2,Celgene,,"Precursor Cell Lymphoblastic Leukemia-Lymphoma; Lymphoma, Non-Hodgkin",JCAR017; Lymphodepleting; Fludarabine; Cyclophosphamide,DRUG; DRUG; DRUG; DRUG,2018-10-17,2024-01-26,2024-01-26,2024-08-15,https://clinicaltrials.gov/study/NCT03743246,BIOLOGICAL_FAILURE,EFFICACY_FUTILITY,,False,2.0.0,bc9fa139926580e98f45,REVIEWED_EXACT
NCT06065059,Study to Evaluate TNG348 Alone and With a PARP Inhibitor in Patients With BRCA 1/2 Mutant or HRD+ Solid Tumors,TERMINATED,Terminated due to safety,BIOLOGICAL_FAILURE,SAFETY,HIGH,v=2.0.0;outcome=BIOLOGICAL_FAILURE;primary=SAFETY;reviewed.exact_reason:Terminated due to safety,Oncology,Gastroenterology & Hepatology; Oncology; Renal & Urology,,,INTERVENTIONAL,PHASE1; PHASE2,"Tango Therapeutics, Inc.",,Breast Cancer; Ovarian Cancer; Pancreas Cancer; Prostate Cancer; BRCA1 Mutation; BRCA-Mutated Ovarian Carcinoma; BRCA-Associated Breast Carcinoma; HRD Positive Advanced Ovarian Cancer,TNG348; Olaparib,DRUG; DRUG,2023-12-08,2024-05-22,2024-05-22,2024-08-13,https://clinicaltrials.gov/study/NCT06065059,BIOLOGICAL_FAILURE,SAFETY,,False,2.0.0,365355e4284f9af7bdfa,REVIEWED_EXACT
NCT04534283,A Basket Trial of an ERK1/2 Inhibitor (LY3214996) in Combination With Abemaciclib.,TERMINATED,Lack of efficacy.,BIOLOGICAL_FAILURE,EFFICACY/FUTILITY,HIGH,v=2.0.0;outcome=BIOLOGICAL_FAILURE;primary=EFFICACY_FUTILITY;reviewed.exact_reason:Lack of efficacy.,Oncology,Oncology,,,INTERVENTIONAL,PHASE2,Anita Turk,Eli Lilly and Company,Cancer; Cancer Metastatic; BRAF V600E; MEK1 Gene Mutation; MEK2 Gene Mutation; ERK Mutation; RAF1 Gene Mutation,Abemaciclib; LY3214996,DRUG; DRUG,2020-10-05,2023-08-07,2023-08-07,2024-08-07,https://clinicaltrials.gov/study/NCT04534283,BIOLOGICAL_FAILURE,EFFICACY_FUTILITY,,False,2.0.0,f31fcb3072495d0d433e,REVIEWED_EXACT
NCT00848601,"Safety of SGI-1776, A PIM Kinase Inhibitor in Refractory Prostate Cancer and Relapsed/Refractory Non Hodgkin's Lymphoma",TERMINATED,The dose limiting toxicity of cardiac QTc prolongation was identifiedin the phase 1 study in patients with refractory prostate and lymphoma,BIOLOGICAL_FAILURE,SAFETY,HIGH,v=2.0.0;outcome=BIOLOGICAL_FAILURE;primary=SAFETY;reviewed.exact_reason:The dose limiting toxicity of cardiac QTc prolongation was identifiedin the phase 1 study in patients with refractory prostate and lymphoma,Oncology,Oncology; Renal & Urology,,,INTERVENTIONAL,PHASE1,"Astex Pharmaceuticals, Inc.",,Prostate Cancer; Non-Hodgkins Lymphoma,SGI-1776,DRUG,2009-02,2010-10,2010-10,2024-08-02,https://clinicaltrials.gov/study/NCT00848601,BIOLOGICAL_FAILURE,SAFETY,,False,2.0.0,dba64f7931bb789aa322,REVIEWED_EXACT
NCT03323398,Dose Escalation and Efficacy Study of mRNA-2416 for Intratumoral Injection Alone and in Combination With Durvalumab for Participants With Advanced Malignancies,TERMINATED,This study was halted prematurely because the efficacy endpoints were not met for either treatment arm.,BIOLOGICAL_FAILURE,EFFICACY/FUTILITY,HIGH,v=2.0.0;outcome=BIOLOGICAL_FAILURE;primary=EFFICACY_FUTILITY;reviewed.exact_reason:This study was halted prematurely because the efficacy endpoints were not met for either treatment arm.,Oncology,Oncology,,,INTERVENTIONAL,PHASE1; PHASE2,"ModernaTX, Inc.",,Relapsed/Refractory Solid Tumor Malignancies or Lymphoma; Ovarian Cancer,mRNA-2416; Durvalumab,BIOLOGICAL; BIOLOGICAL,2017-08-15,2021-08-18,2021-08-18,2024-07-31,https://clinicaltrials.gov/study/NCT03323398,BIOLOGICAL_FAILURE,EFFICACY_FUTILITY,,False,2.0.0,dbb7226037d4029ea642,REVIEWED_EXACT
NCT03616470,Study to Determine the Efficacy of Uproleselan (GMI-1271) in Combination With Chemotherapy to Treat Relapsed/Refractory Acute Myeloid Leukemia,TERMINATED,Trial failed to meet primary endpoint.,BIOLOGICAL_FAILURE,EFFICACY/FUTILITY,HIGH,v=2.0.0;outcome=BIOLOGICAL_FAILURE;primary=EFFICACY_FUTILITY;reviewed.exact_reason:Trial failed to meet primary endpoint.,Oncology,Oncology,,,INTERVENTIONAL,PHASE3,GlycoMimetics Incorporated,,Acute Myeloid Leukemia,Uproleselan; Placebo,DRUG; DRUG,2018-10-15,2024-03-31,2024-03-31,2024-07-29,https://clinicaltrials.gov/study/NCT03616470,BIOLOGICAL_FAILURE,EFFICACY_FUTILITY,,False,2.0.0,31c417222b6b58ce552b,REVIEWED_EXACT
NCT06084845,"Testing the Addition of an Investigational Drug, Xevinapant, to Usual Radiation Therapy Plus Cisplatin/Carboplatin for Patients With Head and Neck Cancer",WITHDRAWN,A phase III trial of the investigational agent failed to pass futility boundaries at interim analysis,BIOLOGICAL_FAILURE,EFFICACY/FUTILITY,HIGH,v=2.0.0;outcome=BIOLOGICAL_FAILURE;primary=EFFICACY_FUTILITY;eff.futility:futility,Oncology,Oncology,,,INTERVENTIONAL,PHASE2,ECOG-ACRIN Cancer Research Group,National Cancer Institute (NCI),Head and Neck Squamous Cell Carcinoma; Hypopharyngeal Squamous Cell Carcinoma; Laryngeal Squamous Cell Carcinoma; Oral Cavity Squamous Cell Carcinoma; Oropharyngeal Squamous Cell Carcinoma; Stage III Cutaneous Squamous Cell Carcinoma of the Head and Neck AJCC v8; Stage III Hypopharyngeal Carcinoma AJCC v8; Stage III Laryngeal Cancer AJCC v8; Stage III Lip and Oral Cavity Cancer AJCC v8; Stage III Oropharyngeal (p16-Negative) Carcinoma AJCC v8; Stage IV Cutaneous Squamous Cell Carcinoma of the Head and Neck AJCC v8; Stage IV Hypopharyngeal Carcinoma AJCC v8; Stage IV Laryngeal Cancer AJCC v8; Stage IV Lip and Oral Cavity Cancer AJCC v8; Stage IV Oropharyngeal (p16-Negative) Carcinoma AJCC v8,Biospecimen Collection; Carboplatin; Chest Radiography; Cisplatin; Computed Tomography; Image Guided Radiation Therapy; Intensity-Modulated Radiation Therapy; Magnetic Resonance Imaging; Positron Emission Tomography; Xevinapant,PROCEDURE; DRUG; PROCEDURE; DRUG; PROCEDURE; RADIATION; RADIATION; PROCEDURE; PROCEDURE; DRUG,2024-04-12,2028-05-31,2028-05-31,2024-07-25,https://clinicaltrials.gov/study/NCT06084845,BIOLOGICAL_FAILURE,EFFICACY_FUTILITY,,False,2.0.0,27ab98e83f6da3ef616e,RULE_V2
NCT05338346,A Study of ATG-018 (ATR Inhibitor) Treatment in Patients With Advanced Solid Tumors and Hematological Malignancies,TERMINATED,Lack of efficacy of study compound,BIOLOGICAL_FAILURE,EFFICACY/FUTILITY,HIGH,v=2.0.0;outcome=BIOLOGICAL_FAILURE;primary=EFFICACY_FUTILITY;reviewed.exact_reason:Lack of efficacy of study compound,Oncology,Hematology (non-onc); Oncology,,,INTERVENTIONAL,PHASE1,Antengene Discovery Limited,,Advanced Solid Tumors; Hematological Malignancies,ATG-018,DRUG,2022-07-08,2024-01-08,2024-01-08,2024-07-18,https://clinicaltrials.gov/study/NCT05338346,BIOLOGICAL_FAILURE,EFFICACY_FUTILITY,,False,2.0.0,555b646df87641c52627,REVIEWED_EXACT
NCT04159896,ESK981 and Nivolumab for the Treatment of Metastatic Castration Resistant Prostate Cancer,TERMINATED,The study was closed to accrual on 3/1/21 due to safety concerns since 2 patients experienced CVA events.,BIOLOGICAL_FAILURE,SAFETY,HIGH,v=2.0.0;outcome=BIOLOGICAL_FAILURE;primary=SAFETY;reviewed.exact_reason:The study was closed to accrual on 3/1/21 due to safety concerns since 2 patients experienced CVA events.,Oncology,Musculoskeletal; Oncology; Renal & Urology,,,INTERVENTIONAL,PHASE2,Barbara Ann Karmanos Cancer Institute,National Cancer Institute (NCI),Castration Levels of Testosterone; Castration-Resistant Prostate Carcinoma; Metastatic Prostate Carcinoma; Prostate Carcinoma Metastatic in the Bone; Stage IVB Prostate Cancer AJCC v8,Pan-VEGFR/TIE2 Tyrosine Kinase Inhibitor CEP-11981; Nivolumab,DRUG; BIOLOGICAL,2019-11-13,2022-03-01,2022-03-01,2024-07-16,https://clinicaltrials.gov/study/NCT04159896,BIOLOGICAL_FAILURE,SAFETY,,False,2.0.0,7400d3ebaef0ac7d26c5,REVIEWED_EXACT
NCT03176277,A Study of ONO-7475 in Patients With Acute Leukemias,TERMINATED,Protocol defined futility criteria,BIOLOGICAL_FAILURE,EFFICACY/FUTILITY,HIGH,v=2.0.0;outcome=BIOLOGICAL_FAILURE;primary=EFFICACY_FUTILITY;reviewed.exact_reason:Protocol defined futility criteria,Oncology,Oncology,,,INTERVENTIONAL,PHASE1; PHASE2,"Ono Pharmaceutical Co., Ltd.",,Acute Leukemia; Myelodysplastic Syndromes,ONO-7475 3mg once daily; ONO-7475 6mg once daily; ONO-7475 10mg once daily; ONO-7475 6mg + Venetoclax (70-400mg),DRUG; DRUG; DRUG; DRUG,2017-06-26,2022-12-01,2023-01-20,2024-07-15,https://clinicaltrials.gov/study/NCT03176277,BIOLOGICAL_FAILURE,EFFICACY_FUTILITY,,False,2.0.0,583f79b861d9c4980753,REVIEWED_EXACT
NCT04907227,Study of Pembrolizumab (MK-3475) Plus Docetaxel Versus Placebo Plus Docetaxel in Chemotherapy-naïve Metastatic Castration-resistant Prostate Cancer (mCRPC) (MK-3475-921/KEYNOTE-921)-China Extension,TERMINATED,The data did not support study endpoints,BIOLOGICAL_FAILURE,EFFICACY/FUTILITY,HIGH,v=2.0.0;outcome=BIOLOGICAL_FAILURE;primary=EFFICACY_FUTILITY;reviewed.exact_reason:The data did not support study endpoints,Oncology,Oncology,,,INTERVENTIONAL,PHASE3,Merck Sharp & Dohme LLC,,Prostatic Neoplasms,Pembrolizumab; Docetaxel; Prednisone; Placebo; Dexamethasone,BIOLOGICAL; DRUG; DRUG; DRUG; DRUG,2020-09-23,2022-08-03,2023-07-18,2024-07-12,https://clinicaltrials.gov/study/NCT04907227,BIOLOGICAL_FAILURE,EFFICACY_FUTILITY,,False,2.0.0,ce9848b730b1be8b7a9b,REVIEWED_EXACT
NCT02400242,Study of ACY-241 Alone and in Combination With Pomalidomide and Dexamethasone in Multiple Myeloma,TERMINATED,Lack of efficacy,BIOLOGICAL_FAILURE,EFFICACY/FUTILITY,HIGH,v=2.0.0;outcome=BIOLOGICAL_FAILURE;primary=EFFICACY_FUTILITY;reviewed.exact_reason:Lack of efficacy,Oncology,Oncology,,,INTERVENTIONAL,PHASE1,Celgene,,Multiple Myeloma,ACY-241; Pomalidomide; Dexamethasone,DRUG; DRUG; DRUG,2015-05-07,2024-06-03,2024-06-03,2024-07-09,https://clinicaltrials.gov/study/NCT02400242,BIOLOGICAL_FAILURE,EFFICACY_FUTILITY,,False,2.0.0,4431292a7cce2b3e9aed,REVIEWED_EXACT
NCT02295722,GEMHDM2014 : Gem-HDM HDT and ASCT for Relapsed/ Refractory Lymphoma,TERMINATED,It did not show a significant benefit to justify completing the full target accrual.,BIOLOGICAL_FAILURE,EFFICACY/FUTILITY,HIGH,v=2.0.0;outcome=BIOLOGICAL_FAILURE;primary=EFFICACY_FUTILITY;reviewed.exact_reason:It did not show a significant benefit to justify completing the full target accrual.,Oncology,Oncology,,,INTERVENTIONAL,PHASE1; PHASE2,AHS Cancer Control Alberta,Tom Baker Cancer Centre,Hodgkin's Lymphoma - Relapsed/Refractory; Non-Hodgkin's Lymphoma - Aggressive; Follicular Lymphoma,Gemcitabine; Melphalan; ASCT,DRUG; DRUG; OTHER,2015-04,2023-02,2023-02,2024-07-08,https://clinicaltrials.gov/study/NCT02295722,BIOLOGICAL_FAILURE,EFFICACY_FUTILITY,,False,2.0.0,5041e47d0e367475a90b,REVIEWED_EXACT
NCT03451825,Phase I/II Study of Avelumab in Pediatric Cancer Participants,TERMINATED,"Based on the limited activity observed with avelumab monotherapy in the pediatric population, the Phase II study part was cancelled.",BIOLOGICAL_FAILURE,EFFICACY/FUTILITY,HIGH,"v=2.0.0;outcome=BIOLOGICAL_FAILURE;primary=EFFICACY_FUTILITY;reviewed.exact_reason:Based on the limited activity observed with avelumab monotherapy in the pediatric population, the Phase II study part was cancelled.",Oncology,Oncology,,,INTERVENTIONAL,PHASE1,"EMD Serono Research & Development Institute, Inc.","Merck KGaA, Darmstadt, Germany",Refractory or Relapsed Solid Tumors; Lymphoma,Avelumab; Avelumab,DRUG; DRUG,2018-03-07,2021-07-27,2021-07-27,2024-06-24,https://clinicaltrials.gov/study/NCT03451825,BIOLOGICAL_FAILURE,EFFICACY_FUTILITY,,False,2.0.0,d5be96cf4eaa76e2cfff,REVIEWED_EXACT
NCT03690141,An Open-label Study of the Effect of Tomivosertib (eFT508) in Patients With Advanced Castrate-resistant Prostate Cancer,TERMINATED,Terminated early due to a lack of efficacy.,BIOLOGICAL_FAILURE,EFFICACY/FUTILITY,HIGH,v=2.0.0;outcome=BIOLOGICAL_FAILURE;primary=EFFICACY_FUTILITY;reviewed.exact_reason:Terminated early due to a lack of efficacy.,Oncology,Oncology; Renal & Urology,,,INTERVENTIONAL,PHASE2,Effector Therapeutics,,Castrate-resistant Prostate Cancer (CRPC),eFT508,DRUG,2018-11-27,2020-04-27,2020-04-27,2024-06-21,https://clinicaltrials.gov/study/NCT03690141,BIOLOGICAL_FAILURE,EFFICACY_FUTILITY,,False,2.0.0,a2b54da28f287c4797af,REVIEWED_EXACT
NCT01670994,QUILT-3.020: A Study of ALT-801 in Patients With Relapsed or Refractory Multiple Myeloma,TERMINATED,Patient population did not benefit from single agent treatment.,BIOLOGICAL_FAILURE,EFFICACY/FUTILITY,HIGH,v=2.0.0;outcome=BIOLOGICAL_FAILURE;primary=EFFICACY_FUTILITY;reviewed.exact_reason:Patient population did not benefit from single agent treatment.,Oncology,Oncology,,,INTERVENTIONAL,PHASE1; PHASE2,Altor BioScience,National Cancer Institute (NCI),Relapsed or Refractory Multiple Myeloma,ALT-801,BIOLOGICAL,2012-08-14,2015-09-09,2015-09-09,2024-06-18,https://clinicaltrials.gov/study/NCT01670994,BIOLOGICAL_FAILURE,EFFICACY_FUTILITY,,False,2.0.0,dd8b7e00f6d412944df3,REVIEWED_EXACT
NCT03621982,Study of ADCT-301 in Patients With Selected Advanced Solid Tumors,TERMINATED,"Cami in combination with pembrolizumab in solid tumors showed signals of immunomodulatory activity. However, the signals were insufficiently compelling at the tested dose/schedule to justify continuation of the study.",BIOLOGICAL_FAILURE,EFFICACY/FUTILITY,HIGH,"v=2.0.0;outcome=BIOLOGICAL_FAILURE;primary=EFFICACY_FUTILITY;reviewed.exact_reason:Cami in combination with pembrolizumab in solid tumors showed signals of immunomodulatory activity. However, the signals were insufficiently compelling at the tested dose/schedule ",Oncology,Gastroenterology & Hepatology; Oncology; Renal & Urology; Respiratory,,,INTERVENTIONAL,PHASE1,ADC Therapeutics S.A.,,Head and Neck Cancer Squamous Cell Carcinoma; Non-small Cell Lung Cancer; Gastric Cancer; Esophageal Cancer; Pancreas Cancer; Bladder Cancer; Renal Cell Carcinoma; Melanoma; Triple-negative Breast Cancer; Ovarian Cancer; Colo-rectal Cancer; Fallopian Tube Cancer,ADCT-301; Pembrolizumab,DRUG; BIOLOGICAL,2018-11-09,2022-12-14,2022-12-14,2024-06-13,https://clinicaltrials.gov/study/NCT03621982,BIOLOGICAL_FAILURE,EFFICACY_FUTILITY,,False,2.0.0,9b09368d5223880d8670,REVIEWED_EXACT
NCT03492164,In Vivo PARP-1 Expression With 18F-FTT PET/CT in Pancreatic Cancer,TERMINATED,Early analysis of images after 6 patients showed no activity of the radiotracer in this patient population.,BIOLOGICAL_FAILURE,EFFICACY/FUTILITY,HIGH,v=2.0.0;outcome=BIOLOGICAL_FAILURE;primary=EFFICACY_FUTILITY;reviewed.exact_reason:Early analysis of images after 6 patients showed no activity of the radiotracer in this patient population.,Gastroenterology & Hepatology,Gastroenterology & Hepatology; Oncology,,,INTERVENTIONAL,EARLY_PHASE1,Abramson Cancer Center at Penn Medicine,,Pancreatic Cancer,[18F]FluorThanatrace ([18F]FTT),DRUG,2018-03-20,2024-06-11,2024-06-11,2024-06-12,https://clinicaltrials.gov/study/NCT03492164,BIOLOGICAL_FAILURE,EFFICACY_FUTILITY,,False,2.0.0,3c835f22e1a7e74e0b34,REVIEWED_EXACT
NCT05160168,A Study of THE-630 in Patients With Advanced Gastrointestinal Stromal Tumors (GIST),TERMINATED,The Sponsor terminated the study due to early dose-limiting toxicities.,BIOLOGICAL_FAILURE,SAFETY,HIGH,v=2.0.0;outcome=BIOLOGICAL_FAILURE;primary=SAFETY;reviewed.exact_reason:The Sponsor terminated the study due to early dose-limiting toxicities.,Gastroenterology & Hepatology,Gastroenterology & Hepatology; Oncology,,,INTERVENTIONAL,PHASE1; PHASE2,Theseus Pharmaceuticals,,"Gastrointestinal Stromal Tumors (GIST); Neoplasms, Connective Tissue; Neoplasms, Connective and Soft Tissue; Neoplasms by Histologic Type; Neoplasms; Gastrointestinal Neoplasms; Digestive System Neoplasm; Digestive System Disease; Gastrointestinal Diseases",THE-630,DRUG,2022-01-03,2024-02-02,2024-02-02,2024-06-05,https://clinicaltrials.gov/study/NCT05160168,BIOLOGICAL_FAILURE,SAFETY,,False,2.0.0,7d81f50b2cc38f47dfea,REVIEWED_EXACT
NCT04172844,"Pevonedistat, Azacitidine (or Decitabine), and Venetoclax for the Treatment of Patients With Acute Myelogenous Leukemia",TERMINATED,Takeda P3001 study didn't meet primary endpoint of improvement in event-free survival. There is no regulatory path forward for pevonedistat.,BIOLOGICAL_FAILURE,EFFICACY/FUTILITY,HIGH,v=2.0.0;outcome=BIOLOGICAL_FAILURE;primary=EFFICACY_FUTILITY;reviewed.exact_reason:Takeda P3001 study didn't meet primary endpoint of improvement in event-free survival. There is no regulatory path forward for pevonedistat.,Oncology,Oncology,,,INTERVENTIONAL,PHASE1,Medical College of Wisconsin,,Acute Myelogenous Leukemia,Azacitidine; Venetoclax; Pevonedistat,DRUG; DRUG; DRUG,2020-01-13,2021-12-12,2022-02-27,2024-06-04,https://clinicaltrials.gov/study/NCT04172844,BIOLOGICAL_FAILURE,EFFICACY_FUTILITY,,False,2.0.0,465edcae2af85e71d4ff,REVIEWED_EXACT
NCT05048732,Imaging Apoptosis for Lymphoma Treatment Response,TERMINATED,Futility,BIOLOGICAL_FAILURE,EFFICACY/FUTILITY,HIGH,v=2.0.0;outcome=BIOLOGICAL_FAILURE;primary=EFFICACY_FUTILITY;reviewed.exact_reason:Futility,Oncology,Oncology,,,INTERVENTIONAL,EARLY_PHASE1,Washington University School of Medicine,AbbVie,Diffuse Large B Cell Lymphoma,18F-FluorApoTrace,DRUG,2021-12-06,2024-02-10,2024-02-10,2024-05-30,https://clinicaltrials.gov/study/NCT05048732,BIOLOGICAL_FAILURE,EFFICACY_FUTILITY,,False,2.0.0,1f112ae47ca5fa590645,REVIEWED_EXACT
NCT05116917,Immunotherapy Combined With Radiation and Influenza Vaccine for Pancreatic Cancer.,TERMINATED,Based on the precpecified interim analysis the predictive probability was below 10% for the prespecified endpoint.,BIOLOGICAL_FAILURE,EFFICACY/FUTILITY,HIGH,v=2.0.0;outcome=BIOLOGICAL_FAILURE;primary=EFFICACY_FUTILITY;reviewed.exact_reason:Based on the precpecified interim analysis the predictive probability was below 10% for the prespecified endpoint.,Gastroenterology & Hepatology,Gastroenterology & Hepatology; Oncology,,,INTERVENTIONAL,PHASE2,Herlev Hospital,,Pancreatic Cancer,Nivolumab; Ipilimumab; Influenza vaccine; SBRT,DRUG; DRUG; BIOLOGICAL; RADIATION,2021-11-05,2023-10-19,2023-10-19,2024-05-28,https://clinicaltrials.gov/study/NCT05116917,BIOLOGICAL_FAILURE,EFFICACY_FUTILITY,,False,2.0.0,9fbd0302a021624233c7,REVIEWED_EXACT
NCT03132155,QUILT-3.031: AMG 337 in Subjects With Advanced or Metastatic Clear Cell Sarcoma,TERMINATED,Prematurely terminated due to lack of therapeutic effect,BIOLOGICAL_FAILURE,EFFICACY/FUTILITY,HIGH,v=2.0.0;outcome=BIOLOGICAL_FAILURE;primary=EFFICACY_FUTILITY;reviewed.exact_reason:Prematurely terminated due to lack of therapeutic effect,Oncology,Oncology,,,INTERVENTIONAL,PHASE2,"NantPharma, LLC",,Clear Cell Sarcoma,AMG 337,DRUG,2018-08-29,2021-08-13,2021-09-21,2024-05-24,https://clinicaltrials.gov/study/NCT03132155,BIOLOGICAL_FAILURE,EFFICACY_FUTILITY,,False,2.0.0,8449d9a8d55edd17a0ad,REVIEWED_EXACT
NCT04698915,Phase 2b Study of GC4711 in Combination With SBRT for Nonmetastatic Pancreatic Cancer,TERMINATED,Futility Analysis,BIOLOGICAL_FAILURE,EFFICACY/FUTILITY,HIGH,v=2.0.0;outcome=BIOLOGICAL_FAILURE;primary=EFFICACY_FUTILITY;reviewed.exact_reason:Futility Analysis,Gastroenterology & Hepatology,Gastroenterology & Hepatology; Oncology,,,INTERVENTIONAL,PHASE2,"Galera Therapeutics, Inc.",,SBRT; Borderline Resectable Pancreatic Cancer; Unresectable Pancreatic Cancer,Drug GC4711; Placebo,DRUG; DRUG,2021-05-07,2023-11-30,2023-11-30,2024-05-21,https://clinicaltrials.gov/study/NCT04698915,BIOLOGICAL_FAILURE,EFFICACY_FUTILITY,,False,2.0.0,ef54a2c41486f2aa26a3,REVIEWED_EXACT
NCT02635061,Selective HDAC6 Inhibitor ACY 241 in Combination With Nivolumab in Patients With Unresectable Non Small Cell Lung Cancer,TERMINATED,Lack of efficacy,BIOLOGICAL_FAILURE,EFFICACY/FUTILITY,HIGH,v=2.0.0;outcome=BIOLOGICAL_FAILURE;primary=EFFICACY_FUTILITY;reviewed.exact_reason:Lack of efficacy,Oncology,Oncology; Respiratory,,,INTERVENTIONAL,PHASE1,Celgene,,Non Small Cell Lung Cancer,ACY-241; Nivolumab,DRUG; DRUG,2016-08-25,2024-01-22,2024-01-22,2024-05-07,https://clinicaltrials.gov/study/NCT02635061,BIOLOGICAL_FAILURE,EFFICACY_FUTILITY,,False,2.0.0,4431292a7cce2b3e9aed,REVIEWED_EXACT
NCT00199342,"A Study of a Monoclonal Antibody, KW-2871, in Patients With Advanced Melanoma",TERMINATED,Occurrence of 2 dose-limiting toxicities at the initial dose level (60 mg/m2) in Part I.,BIOLOGICAL_FAILURE,SAFETY,HIGH,v=2.0.0;outcome=BIOLOGICAL_FAILURE;primary=SAFETY;reviewed.exact_reason:Occurrence of 2 dose-limiting toxicities at the initial dose level (60 mg/m2) in Part I.,Oncology,Oncology,,,INTERVENTIONAL,PHASE1; PHASE2,"Kyowa Kirin, Inc.",,Stage IV Melanoma,KW-2871,DRUG,2004-11,2005-10,,2024-05-03,https://clinicaltrials.gov/study/NCT00199342,BIOLOGICAL_FAILURE,SAFETY,,False,2.0.0,7cd6a660cc7c21c249b2,REVIEWED_EXACT
NCT04476797,Phase I/II Study of SBRT and GC4711 for Centrally Located or Large NSCLC,TERMINATED,Development GC4711 was halted after the lead study in pancreatic cancer was stopped early due to meeting the requirements of a futility analysis,BIOLOGICAL_FAILURE,EFFICACY/FUTILITY,HIGH,v=2.0.0;outcome=BIOLOGICAL_FAILURE;primary=EFFICACY_FUTILITY;reviewed.exact_reason:Development GC4711 was halted after the lead study in pancreatic cancer was stopped early due to meeting the requirements of a futility analysis,Oncology,Oncology,,,INTERVENTIONAL,PHASE1; PHASE2,"Galera Therapeutics, Inc.",,SBRT; NSCLC; Non-metastatic,GC4711 +SBRT; Placebo +SBRT,DRUG; DRUG,2020-10-18,2023-11-28,2023-11-28,2024-04-30,https://clinicaltrials.gov/study/NCT04476797,BIOLOGICAL_FAILURE,EFFICACY_FUTILITY,,False,2.0.0,43ec512f0c6fdc62cd59,REVIEWED_EXACT
NCT02181699,Study of KHK2823 in Patients With Acute Myeloid Leukemia (AML) and Myelodysplastic Syndrome (MDS),TERMINATED,Failed treatment response,BIOLOGICAL_FAILURE,EFFICACY/FUTILITY,HIGH,v=2.0.0;outcome=BIOLOGICAL_FAILURE;primary=EFFICACY_FUTILITY;reviewed.exact_reason:Failed treatment response,Oncology,Oncology,,,INTERVENTIONAL,PHASE1,"Kyowa Kirin, Inc.",,Acute Myeloid Leukemia; Myelodysplastic Syndrome,KHK2823,DRUG,2014-06,2019-05-10,2019-05-10,2024-04-29,https://clinicaltrials.gov/study/NCT02181699,BIOLOGICAL_FAILURE,EFFICACY_FUTILITY,,False,2.0.0,07f3eddc401c5e3ca6a1,REVIEWED_EXACT
NCT01898156,"Two-Part, Open-Label, Multi-Center, Phase 1/2 Study of BIW-8962 as Monotherapy in Subjects With Lung Cancer",TERMINATED,lack of efficacy,BIOLOGICAL_FAILURE,EFFICACY/FUTILITY,HIGH,v=2.0.0;outcome=BIOLOGICAL_FAILURE;primary=EFFICACY_FUTILITY;reviewed.exact_reason:Lack of efficacy,Oncology,Oncology; Respiratory,,,INTERVENTIONAL,PHASE1; PHASE2,"Kyowa Kirin Korea Co., Ltd.",,"Phase 1 Portion : Non Small Cell Lung Cancer(NSCLC), Small Cell Lung Cancer(SCLC), Mesothelioma; Phase 2 Portion : Small Cell Lung Cancer(SCLC)",BIW-8962,DRUG,2013-07,2016-06,2016-06,2024-04-25,https://clinicaltrials.gov/study/NCT01898156,BIOLOGICAL_FAILURE,EFFICACY_FUTILITY,,False,2.0.0,4431292a7cce2b3e9aed,REVIEWED_EXACT
NCT01199367,"Safety, Tolerability, and Efficacy Study in Subjects With Advanced or Metastatic Breast Cancer",TERMINATED,The results of the dose escalation phase did not identify a well-tolerated dose that would permit further study in Phase 2.,BIOLOGICAL_FAILURE,SAFETY,HIGH,v=2.0.0;outcome=BIOLOGICAL_FAILURE;primary=SAFETY;reviewed.exact_reason:The results of the dose escalation phase did not identify a well-tolerated dose that would permit further study in Phase 2.,Oncology,Oncology,,,INTERVENTIONAL,PHASE1,"Kyowa Kirin Co., Ltd.","Kyowa Hakko Kirin Pharma, Inc.",Breast Cancer,KW-2450 in combination with lapatinib and letrozole,DRUG,2010-12,2012-12,2012-12,2024-04-25,https://clinicaltrials.gov/study/NCT01199367,BIOLOGICAL_FAILURE,SAFETY,,False,2.0.0,59eba40ab68ecfd832e6,REVIEWED_EXACT
NCT04458311,Abiraterone Acetate in Combination With Tildrakizumab,TERMINATED,Funder decided that response outcomes to date did not support continuation of the study.,BIOLOGICAL_FAILURE,EFFICACY/FUTILITY,HIGH,v=2.0.0;outcome=BIOLOGICAL_FAILURE;primary=EFFICACY_FUTILITY;reviewed.exact_reason:Funder decided that response outcomes to date did not support continuation of the study.,Oncology,Oncology; Renal & Urology,,,INTERVENTIONAL,PHASE1; PHASE2,"Institute of Cancer Research, United Kingdom",Sun Pharmaceutical Industries Limited,Metastatic Castration Resistant Prostate Cancer,Abiraterone Acetate; Tildrakizumab,DRUG; DRUG,2020-12-01,2023-04-01,2023-11-15,2024-04-25,https://clinicaltrials.gov/study/NCT04458311,BIOLOGICAL_FAILURE,EFFICACY_FUTILITY,,False,2.0.0,36fcaed768a335396640,REVIEWED_EXACT
NCT00775502,Phase 1/2 Study of Anti GM-2 Monoclonal Antibody To Treat Multiple Myeloma,TERMINATED,lack of efficacy in Multiple myeloma,BIOLOGICAL_FAILURE,EFFICACY/FUTILITY,HIGH,v=2.0.0;outcome=BIOLOGICAL_FAILURE;primary=EFFICACY_FUTILITY;reviewed.exact_reason:lack of efficacy in Multiple myeloma,Oncology,Oncology,,,INTERVENTIONAL,PHASE1,"Kyowa Kirin Co., Ltd.","Kyowa Hakko Kirin Pharma, Inc.",Multiple Myeloma,BIW-8962,DRUG,2008-10,2011-05,2011-10,2024-04-25,https://clinicaltrials.gov/study/NCT00775502,BIOLOGICAL_FAILURE,EFFICACY_FUTILITY,,False,2.0.0,8fb53fde3490e33d9bfa,REVIEWED_EXACT
NCT04633148,Dose-escalating Trial With UniCAR02-T Cells and PSMA Target Module (TMpPSMA) in Patients With Progressive Disease After Standard Systemic Therapy in Cancers With Positive PSMA Marker,TERMINATED,"Although IMP has been well tolerated, biological activity was very limited. The sponsor concluded that continued development of IMP would be unlikely to result in meaningful clinical benefit for patients with prostate cancer.",BIOLOGICAL_FAILURE,EFFICACY/FUTILITY,HIGH,"v=2.0.0;outcome=BIOLOGICAL_FAILURE;primary=EFFICACY_FUTILITY;reviewed.exact_reason:Although IMP has been well tolerated, biological activity was very limited. The sponsor concluded that continued development of IMP would be unlikely to result in meaningful clinic",Oncology,Oncology; Renal & Urology,,,INTERVENTIONAL,PHASE1,AvenCell Europe GmbH,PHARMALOG Institut für klinische Forschung GmbH,Prostate Cancer,Cyclophosphamide (Non-IMP); Fludarabine (Non-IMP); UniCAR02-T-pPSMA; UniCAR02-T (IMP),DRUG; DRUG; DRUG; DRUG,2020-11-23,2024-03-28,2024-03-28,2024-04-23,https://clinicaltrials.gov/study/NCT04633148,BIOLOGICAL_FAILURE,EFFICACY_FUTILITY,,False,2.0.0,c7f8fa462a836d50608d,REVIEWED_EXACT
NCT03396471,Study of Pembrolizumab and Concurrent Radiation in Patients With Previously Treated Carcinoma of Unknown Primary,TERMINATED,Study failed to meet its interim analysis endpoint,BIOLOGICAL_FAILURE,EFFICACY/FUTILITY,HIGH,v=2.0.0;outcome=BIOLOGICAL_FAILURE;primary=EFFICACY_FUTILITY;reviewed.exact_reason:Study failed to meet its interim analysis endpoint,Oncology,Oncology,,,INTERVENTIONAL,PHASE2,Hoosier Cancer Research Network,Merck Sharp & Dohme LLC,"Carcinoma, Unspecified Site",Pembrolizumab; External Beam Radiation Therapy,DRUG; RADIATION,2018-02-01,2021-08-12,2023-03-02,2024-04-18,https://clinicaltrials.gov/study/NCT03396471,BIOLOGICAL_FAILURE,EFFICACY_FUTILITY,,False,2.0.0,36c588340789372cff26,REVIEWED_EXACT
NCT04349280,A Study to Evaluate the Efficacy and Safety of Bintrafusp Alfa (M7824) Monotherapy in Metastatic or Locally Advanced Urothelial Cancer,TERMINATED,Primary investigator withdrew the participant due to an SAE,BIOLOGICAL_FAILURE,SAFETY,HIGH,v=2.0.0;outcome=BIOLOGICAL_FAILURE;primary=SAFETY;reviewed.exact_reason:Primary investigator withdrew the participant due to an SAE,Oncology,Oncology,,,INTERVENTIONAL,PHASE1,GlaxoSmithKline,"Merck KGaA, Darmstadt, Germany",Neoplasms,Bintrafusp alfa,DRUG,2020-10-15,2022-08-15,2022-08-15,2024-04-18,https://clinicaltrials.gov/study/NCT04349280,BIOLOGICAL_FAILURE,SAFETY,,False,2.0.0,b7a99a199ad1623d758f,REVIEWED_EXACT
NCT04925947,A Study of KN046 in Patients With Thymic Carcinoma Who Failed Immune Checkpoint Inhibitors,TERMINATED,Data collected did not support the study endpoints,BIOLOGICAL_FAILURE,EFFICACY/FUTILITY,HIGH,v=2.0.0;outcome=BIOLOGICAL_FAILURE;primary=EFFICACY_FUTILITY;reviewed.exact_reason:Data collected did not support the study endpoints,Oncology,Oncology,,,INTERVENTIONAL,PHASE2,Weill Medical College of Cornell University,"Jiangsu Alphamab Biopharmaceuticals Co., Ltd",Thymic Carcinoma,KN046,DRUG,2021-12-13,2023-05-05,2023-05-05,2024-04-16,https://clinicaltrials.gov/study/NCT04925947,BIOLOGICAL_FAILURE,EFFICACY_FUTILITY,,False,2.0.0,310f3ab06656c947e6cf,REVIEWED_EXACT
NCT03558724,Fluorescence Endoscopy of Esophageal Carcinoma,TERMINATED,"Dose-escalation was finished, but no clear correlation between fluorescence and tumor grade was established",BIOLOGICAL_FAILURE,EFFICACY/FUTILITY,HIGH,"v=2.0.0;outcome=BIOLOGICAL_FAILURE;primary=EFFICACY_FUTILITY;reviewed.exact_reason:Dose-escalation was finished, but no clear correlation between fluorescence and tumor grade was established",Oncology,Oncology,,,INTERVENTIONAL,PHASE1,University Medical Center Groningen,,Esophageal Cancer,Bevacizumab-IRDye800CW; Molecular Fluorescence Endoscopy platform,DRUG; DEVICE,2018-10-29,2022-10-11,2022-10-11,2024-04-16,https://clinicaltrials.gov/study/NCT03558724,BIOLOGICAL_FAILURE,EFFICACY_FUTILITY,,False,2.0.0,072baadb67ca7bd1e4fc,REVIEWED_EXACT
NCT00310232,Epoetin Alfa in Advanced Non-Small Cell Lung Cancer (EPO-CAN-20),TERMINATED,"Recommendation of DSMB for safety issue, increased mortality with study drug.",BIOLOGICAL_FAILURE,SAFETY,HIGH,"v=2.0.0;outcome=BIOLOGICAL_FAILURE;primary=SAFETY;reviewed.exact_reason:Recommendation of DSMB for safety issue, increased mortality with study drug.",Oncology,Hematology (non-onc); Oncology; Respiratory,,,INTERVENTIONAL,PHASE3,Ontario Clinical Oncology Group (OCOG),"Ortho Biotech, Inc.",Non-Small-Cell Lung Carcinoma; Lung Cancer; Anemia,Epoetin Alfa,DRUG,2001-02,,2004-04,2024-04-02,https://clinicaltrials.gov/study/NCT00310232,BIOLOGICAL_FAILURE,SAFETY,,False,2.0.0,ce175622b67c866e7a64,REVIEWED_EXACT
NCT04610658,Immune Checkpoint Inhibition With Lurbinectedin Relapsed/Recurrent SCLC,TERMINATED,DLTs,BIOLOGICAL_FAILURE,SAFETY,HIGH,v=2.0.0;outcome=BIOLOGICAL_FAILURE;primary=SAFETY;reviewed.exact_reason:DLTs,Oncology,Oncology; Respiratory,,,INTERVENTIONAL,PHASE1,H. Lee Moffitt Cancer Center and Research Institute,Bristol-Myers Squibb; Jazz Pharmaceuticals,Small-cell Lung Cancer; Relapsed Small Cell Lung Cancer; Recurrent Small Cell Lung Cancer,Nivolumab; Ipilimumab; Lurbinectedin,DRUG; DRUG; DRUG,2020-11-23,2023-03-24,2023-03-24,2024-04-02,https://clinicaltrials.gov/study/NCT04610658,BIOLOGICAL_FAILURE,SAFETY,,False,2.0.0,f9517fa5a6d75795bcae,REVIEWED_EXACT
NCT05128539,A Study Explore JS001+JS002 in Patients With Advanced Cancer,TERMINATED,"The regimen of JS002 75\~300mg Q3W has been completed, and the combination therapy is well tolerated and safe. However, considering that the efficacy did not reach the preset, it is recommended to terminate the trial in advance.",BIOLOGICAL_FAILURE,EFFICACY/FUTILITY,HIGH,"v=2.0.0;outcome=BIOLOGICAL_FAILURE;primary=EFFICACY_FUTILITY;reviewed.exact_reason:The regimen of JS002 75\~300mg Q3W has been completed, and the combination therapy is well tolerated and safe. However, considering that the efficacy did not reach the preset, it i",Oncology,Oncology,,,INTERVENTIONAL,PHASE1,"Shanghai Junshi Bioscience Co., Ltd.",,Advanced Cancer,JS001(Toripalimab)+JS002,DRUG,2022-02-10,2023-11-10,2023-11-10,2024-03-26,https://clinicaltrials.gov/study/NCT05128539,BIOLOGICAL_FAILURE,EFFICACY_FUTILITY,,False,2.0.0,bf376b10a40f1337369f,REVIEWED_EXACT
NCT04793399,Safety and Efficacy Evaluation of Bosutinib Plus Atezolizumab in Newly Diagnosed Chronic Leukemia Adult Patients,TERMINATED,The study has been prematurely terminated due to the onset of 2 dose limiting toxicities in 2 patients.,BIOLOGICAL_FAILURE,SAFETY,HIGH,v=2.0.0;outcome=BIOLOGICAL_FAILURE;primary=SAFETY;reviewed.exact_reason:The study has been prematurely terminated due to the onset of 2 dose limiting toxicities in 2 patients.,Oncology,Oncology,,,INTERVENTIONAL,PHASE1; PHASE2,Fundacion Espanola para la Curacion de la Leucemia Mieloide Cronica,"Pfizer; Roche Farma, S.A",Chronic Phase-Chronic Myeloid Leukemia,Bosutinib 400 MG Monotherapy; Bosutinib 400 MG + Atezolizumab 840 MG in 14 ML Injection,DRUG; DRUG,2021-02-24,2021-09-24,2021-09-24,2024-03-19,https://clinicaltrials.gov/study/NCT04793399,BIOLOGICAL_FAILURE,SAFETY,,False,2.0.0,3bde33ae66c724a595a0,REVIEWED_EXACT
NCT04430348,PTX-35 in Patients With Advanced Solid Tumors,TERMINATED,Absence of immunological response,BIOLOGICAL_FAILURE,EFFICACY/FUTILITY,HIGH,v=2.0.0;outcome=BIOLOGICAL_FAILURE;primary=EFFICACY_FUTILITY;reviewed.exact_reason:Absence of immunological response,Oncology,Oncology,,,INTERVENTIONAL,PHASE1,"Pelican Therapeutics, Inc.",,Advanced Solid Tumor,PTX-35,DRUG,2020-06-04,2022-11-02,2023-06-15,2024-03-12,https://clinicaltrials.gov/study/NCT04430348,BIOLOGICAL_FAILURE,EFFICACY_FUTILITY,,False,2.0.0,156c431c45d504f5608f,REVIEWED_EXACT
NCT06160609,Platform Sub-study of Belantamab Mafodotin (GSK2857916) in Combination With aOX40 (GSK3174998) in Participants With RRMM,TERMINATED,The study was terminated due to lack of efficacy.,BIOLOGICAL_FAILURE,EFFICACY/FUTILITY,HIGH,v=2.0.0;outcome=BIOLOGICAL_FAILURE;primary=EFFICACY_FUTILITY;reviewed.exact_reason:The study was terminated due to lack of efficacy.,Oncology,Oncology,,,INTERVENTIONAL,PHASE1; PHASE2,GlaxoSmithKline,,Relapsed/Refractory Multiple Myeloma,Belantamab Mafodotin; GSK3174998,DRUG; DRUG,2019-10-07,2023-01-09,2023-01-09,2024-03-12,https://clinicaltrials.gov/study/NCT06160609,BIOLOGICAL_FAILURE,EFFICACY_FUTILITY,,False,2.0.0,278c2768912d331d06b1,REVIEWED_EXACT
NCT02723006,"Study to Evaluate the Safety, Tolerability, and Pharmacodynamics of Investigational Treatments in Combination With Standard of Care Immune Checkpoint Inhibitors in Participants With Advanced Melanoma",TERMINATED,Business decision: Protocol efficacy futility met,BIOLOGICAL_FAILURE,EFFICACY/FUTILITY,HIGH,v=2.0.0;outcome=BIOLOGICAL_FAILURE;primary=EFFICACY_FUTILITY;reviewed.exact_reason:Business decision: Protocol efficacy futility met,Oncology,Oncology,,,INTERVENTIONAL,PHASE1,"Millennium Pharmaceuticals, Inc.",,Melanoma,TAK-580; TAK-202; vedolizumab; nivolumab; ipilimumab,DRUG; DRUG; DRUG; DRUG; DRUG,2016-06-22,2018-05-11,2018-05-11,2024-03-05,https://clinicaltrials.gov/study/NCT02723006,BIOLOGICAL_FAILURE,EFFICACY_FUTILITY,,False,2.0.0,454cf4a5ca7eb59586f3,REVIEWED_EXACT
NCT03357224,PARCT: Trial of Atezolizumab in Relapsed/Refractory Cutaneous T Cell Lymphoma (CTCL),TERMINATED,Following an urgent safety measure due to toxicity recruitment has been closed prematurely.,BIOLOGICAL_FAILURE,SAFETY,HIGH,v=2.0.0;outcome=BIOLOGICAL_FAILURE;primary=SAFETY;reviewed.exact_reason:Following an urgent safety measure due to toxicity recruitment has been closed prematurely.,Oncology,Oncology,,,INTERVENTIONAL,PHASE2,European Organisation for Research and Treatment of Cancer - EORTC,Hoffmann-La Roche,"Lymphoma, T-Cell, Cutaneous; Mycosis Fungoides/Sezary Syndrome",Atezolizumab,DRUG,2018-09-24,2021-03-11,2022-08-18,2024-02-22,https://clinicaltrials.gov/study/NCT03357224,BIOLOGICAL_FAILURE,SAFETY,,False,2.0.0,6950fb8c31475ec1dfa6,REVIEWED_EXACT
NCT03818776,Proton Based Cardiac Sparing Accelerated Fractionated RadioTherapy in Unresectable NSCLC,TERMINATED,Safety,BIOLOGICAL_FAILURE,SAFETY,HIGH,v=2.0.0;outcome=BIOLOGICAL_FAILURE;primary=SAFETY;reviewed.exact_reason:Safety,Oncology,Oncology; Respiratory,,,INTERVENTIONAL,EARLY_PHASE1,Case Comprehensive Cancer Center,,Non-Small Cell Lung Cancer,Durvalumab; Proton beam therapy RT,DRUG; RADIATION,2019-08-30,2022-01-27,2022-01-27,2024-02-15,https://clinicaltrials.gov/study/NCT03818776,BIOLOGICAL_FAILURE,SAFETY,,False,2.0.0,856e8bd358ece398c72f,REVIEWED_EXACT
NCT02841540,A Study of H3B-8800 (RVT-2001) in Participants With Lower Risk Myelodysplastic Syndromes,TERMINATED,The study was terminated after conducting an interim analysis of the available data where it became evident that the observed efficacy results were not in alignment with the initially set expectations.,BIOLOGICAL_FAILURE,EFFICACY/FUTILITY,HIGH,v=2.0.0;outcome=BIOLOGICAL_FAILURE;primary=EFFICACY_FUTILITY;reviewed.exact_reason:The study was terminated after conducting an interim analysis of the available data where it became evident that the observed efficacy results were not in alignment with the initia,Oncology,Oncology,,,INTERVENTIONAL,PHASE1,Hemavant Sciences GmbH,,"Leukemia, Myeloid, Acute; Myelodysplastic Syndromes; Leukemia, Myelomonocytic, Chronic",H3B-8800 (RVT-2001),DRUG,2016-10-06,2024-02-13,2024-02-13,2024-02-14,https://clinicaltrials.gov/study/NCT02841540,BIOLOGICAL_FAILURE,EFFICACY_FUTILITY,,False,2.0.0,d5b86330b1cf8d95633d,REVIEWED_EXACT
NCT03834220,"Basket Trial in Solid Tumors Harboring a Fusion of FGFR1, FGFR2 or FGFR3- (FUZE Clinical Trial)",TERMINATED,Due to lower antitumor activity than expected,BIOLOGICAL_FAILURE,EFFICACY/FUTILITY,HIGH,v=2.0.0;outcome=BIOLOGICAL_FAILURE;primary=EFFICACY_FUTILITY;reviewed.exact_reason:Due to lower antitumor activity than expected,Oncology,Oncology,,,INTERVENTIONAL,PHASE2,Debiopharm International SA,Caris Life Sciences; Optimal Research (Just In Time sites),Solid Tumor,Debio 1347,DRUG,2019-03-22,2020-12-31,2022-01-04,2024-02-07,https://clinicaltrials.gov/study/NCT03834220,BIOLOGICAL_FAILURE,EFFICACY_FUTILITY,,False,2.0.0,55cd20ffc58e28d7ee6c,REVIEWED_EXACT
NCT00617656,Study to Evaluate Treatment Customized According to RAP80 and BRCA1 in Patients With Advanced Lung Carcinoma,TERMINATED,No safety reasons. Interim analysis shows that the hypothesis superiority of the experimental arm over the control arm- would not be confirmed.,BIOLOGICAL_FAILURE,EFFICACY/FUTILITY,HIGH,v=2.0.0;outcome=BIOLOGICAL_FAILURE;primary=EFFICACY_FUTILITY;reviewed.exact_reason:No safety reasons. Interim analysis shows that the hypothesis superiority of the experimental arm over the control arm- would not be confirmed.,Oncology,Oncology; Respiratory,,,INTERVENTIONAL,PHASE3,Spanish Lung Cancer Group,,Non Small Cell Lung Cancer; BRCA1 Mutation,"Cisplatin, Docetaxel; Gemcitabine, Cisplatin; Docetaxel, Cisplatin; Docetaxel",DRUG; DRUG; DRUG; DRUG,2008-02,2015-04,2015-04,2024-01-30,https://clinicaltrials.gov/study/NCT00617656,BIOLOGICAL_FAILURE,EFFICACY_FUTILITY,,False,2.0.0,836ca3932a0ed9c42b84,REVIEWED_EXACT
NCT01996696,Prevention of Metabolic Syndrome and Increased Weight Using Metformin Concurrent to Androgen Deprivation Therapy and Radiotherapy for Locally Advanced Adenocarcinoma of the Prostate,TERMINATED,Results of interim analysis indicate no statistically significant difference in the primary objective between the two arms at baseline and 12 months of follow-up.,BIOLOGICAL_FAILURE,EFFICACY/FUTILITY,HIGH,v=2.0.0;outcome=BIOLOGICAL_FAILURE;primary=EFFICACY_FUTILITY;reviewed.exact_reason:Results of interim analysis indicate no statistically significant difference in the primary objective between the two arms at baseline and 12 months of follow-up.,Oncology,Oncology,,,INTERVENTIONAL,PHASE2,AHS Cancer Control Alberta,,Prostatic Neoplasm,Metformin; Placebo,DRUG; DRUG,2014-09,2020-11,2020-11,2024-01-30,https://clinicaltrials.gov/study/NCT01996696,BIOLOGICAL_FAILURE,EFFICACY_FUTILITY,,False,2.0.0,87e036b5a9544ff41924,REVIEWED_EXACT
NCT05124795,"IMU-935 in Patients With Progressive, Metastatic Castration Resistant Prostate Cancer",TERMINATED,Lack of Efficacy,BIOLOGICAL_FAILURE,EFFICACY/FUTILITY,HIGH,v=2.0.0;outcome=BIOLOGICAL_FAILURE;primary=EFFICACY_FUTILITY;reviewed.exact_reason:Lack of efficacy,Oncology,Oncology; Renal & Urology,,,INTERVENTIONAL,PHASE1,Immunic AG,,Metastatic Castration Resistant Prostate Cancer,IMU-935,DRUG,2021-12-09,2023-05-31,2023-05-31,2024-01-17,https://clinicaltrials.gov/study/NCT05124795,BIOLOGICAL_FAILURE,EFFICACY_FUTILITY,,False,2.0.0,4431292a7cce2b3e9aed,REVIEWED_EXACT
NCT03840902,M7824 With cCRT in Unresectable Stage III Non-small Cell Lung Cancer (NSCLC),TERMINATED,"Based on recommendations by an external Independent data Monitoring Committee (IDMC), Sponsor decided to discontinue this clinical study due to a low likelihood of achieving superiority in the efficacy endpoints versus standard of care.",BIOLOGICAL_FAILURE,EFFICACY/FUTILITY,HIGH,"v=2.0.0;outcome=BIOLOGICAL_FAILURE;primary=EFFICACY_FUTILITY;reviewed.exact_reason:Based on recommendations by an external Independent data Monitoring Committee (IDMC), Sponsor decided to discontinue this clinical study due to a low likelihood of achieving superi",Oncology,Oncology; Respiratory,,,INTERVENTIONAL,PHASE2,"EMD Serono Research & Development Institute, Inc.","Merck KGaA, Darmstadt, Germany",Non-small Cell Lung Cancer,M7824; Placebo; Durvalumab; Etoposide; Pemetrexed; Carboplatin; Paclitaxel; Cisplatin; Intensity Modulated Radiation Therapy (IMRT),DRUG; DRUG; DRUG; DRUG; DRUG; DRUG; DRUG; DRUG; RADIATION,2019-04-16,2023-02-17,2023-02-17,2024-01-16,https://clinicaltrials.gov/study/NCT03840902,BIOLOGICAL_FAILURE,EFFICACY_FUTILITY,,False,2.0.0,ac1f33098fe79536112b,REVIEWED_EXACT
NCT04267939,ATR Inhibitor Elimusertib (BAY1895344) Plus Niraparib Phase 1b Study in Advanced Solid Tumors and Ovarian Cancer,TERMINATED,There was no anticipated benefit of the experimental combination as tested over available standard therapies; therefore Sponsor has decided to terminate the investigation.,BIOLOGICAL_FAILURE,EFFICACY/FUTILITY,HIGH,v=2.0.0;outcome=BIOLOGICAL_FAILURE;primary=EFFICACY_FUTILITY;reviewed.exact_reason:There was no anticipated benefit of the experimental combination as tested over available standard therapies; therefore Sponsor has decided to terminate the investigation.,Oncology,Oncology; Renal & Urology,,,INTERVENTIONAL,PHASE1,Bayer,GlaxoSmithKline,Advanced Solid Tumors (Excluding Prostate Cancer); Ovarian Cancer,Elimusertib (BAY1895344); Niraparib,DRUG; DRUG,2020-02-26,2023-12-01,2023-12-01,2023-12-21,https://clinicaltrials.gov/study/NCT04267939,BIOLOGICAL_FAILURE,EFFICACY_FUTILITY,,False,2.0.0,b01734e931b81fcbbc90,REVIEWED_EXACT
NCT04809805,"A Study to Learn How Safe BAY2666605 is, How it Affects the Body, How it Moves Into, Through and Out of the Body, the Maximum Amount That Can be Given and Its Action Against Tumors in Adult Participants With Skin Cancer That Has Spread to Other Parts of the Body and Other Types of Advanced Cancer",TERMINATED,Due to the high probability of not achieving a therapeutic window and lack of evidence of sufficient clinical benefit.,BIOLOGICAL_FAILURE,EFFICACY/FUTILITY,HIGH,v=2.0.0;outcome=BIOLOGICAL_FAILURE;primary=EFFICACY_FUTILITY;reviewed.exact_reason:Due to the high probability of not achieving a therapeutic window and lack of evidence of sufficient clinical benefit.,Oncology,Oncology,,,INTERVENTIONAL,PHASE1,Bayer,,Metastatic Melanoma and Other Solid Tumors,BAY2666605,DRUG,2021-04-15,2022-11-09,2023-04-27,2023-12-14,https://clinicaltrials.gov/study/NCT04809805,BIOLOGICAL_FAILURE,EFFICACY_FUTILITY,,False,2.0.0,216d16ae6603ff452658,REVIEWED_EXACT
NCT04663126,Feasibility of IV Tc-99m-tilmanocept for Imaging of M2-like TAMs in Metastatic Melanoma,TERMINATED,"after inclusion of 5 patients, tracer had low uptake (kidney/liver)",BIOLOGICAL_FAILURE,EFFICACY/FUTILITY,HIGH,"v=2.0.0;outcome=BIOLOGICAL_FAILURE;primary=EFFICACY_FUTILITY;reviewed.exact_reason:after inclusion of 5 patients, tracer had low uptake (kidney/liver)",Oncology,Oncology,,,INTERVENTIONAL,EARLY_PHASE1,John O. Prior,,Melanoma,Tc-99m tilmanocept,DRUG,2021-02-01,2023-01-08,2023-06-19,2023-12-13,https://clinicaltrials.gov/study/NCT04663126,BIOLOGICAL_FAILURE,EFFICACY_FUTILITY,,False,2.0.0,cc41234b96df5214f226,REVIEWED_EXACT
NCT00679029,Chemotherapy & Bevacizumab for Human Epidermal Growth Factor Receptor 2 (HER2)/Neu-Negative Stage II/III Breast Cancer,TERMINATED,drug toxicity,BIOLOGICAL_FAILURE,SAFETY,HIGH,v=2.0.0;outcome=BIOLOGICAL_FAILURE;primary=SAFETY;reviewed.exact_reason:drug toxicity,Oncology,Oncology,,,INTERVENTIONAL,PHASE2,University of Nebraska,National Cancer Institute (NCI),HER2-negative Breast Cancer; Stage II Breast Cancer; Stage IIIA Breast Cancer; Stage IIIB Breast Cancer; Stage IIIC Breast Cancer,doxorubicin hydrochloride; cyclophosphamide; bevacizumab; paclitaxel; gemcitabine hydrochloride; laboratory biomarker analysis; pegfilgrastim,DRUG; DRUG; BIOLOGICAL; DRUG; DRUG; OTHER; BIOLOGICAL,2008-05-02,2010-11-18,2010-11-18,2023-12-11,https://clinicaltrials.gov/study/NCT00679029,BIOLOGICAL_FAILURE,SAFETY,,False,2.0.0,82c55ce59537e08606ab,REVIEWED_EXACT
NCT03458728,"Safety, Tolerability, Efficacy and Pharmacokinetics of Copanlisib in Pediatric Patients",TERMINATED,no anticipated benefit over available standard therapies,BIOLOGICAL_FAILURE,EFFICACY/FUTILITY,HIGH,v=2.0.0;outcome=BIOLOGICAL_FAILURE;primary=EFFICACY_FUTILITY;reviewed.exact_reason:no anticipated benefit over available standard therapies,Oncology,Musculoskeletal; Neurology; Oncology,,,INTERVENTIONAL,PHASE1; PHASE2,Bayer,,Relapsed or Refractory Solid Tumors or Lymphoma in Children; Neuroblastoma; Osteosarcoma; Rhabdomyosarcoma; Ewing Sarcoma,Copanlisib (BAY806946),DRUG,2018-04-30,2023-02-01,2023-02-01,2023-12-04,https://clinicaltrials.gov/study/NCT03458728,BIOLOGICAL_FAILURE,EFFICACY_FUTILITY,,False,2.0.0,406aa7277cdc353753e2,REVIEWED_EXACT
NCT00540995,"Busulfan, Etoposide, and Intensity-Modulated Radiation Therapy Followed By Donor Stem Cell Transplant in Treating Patients With Advanced Myeloid Cancer",TERMINATED,"Unable to safely escalate to TMLI doses that were hypothesized to be effective and less toxic than FTBI. Likely due to the giving of Busulfan prior to radiation delivery. Therefore, the study was abandoned and no further patients were accrued.",BIOLOGICAL_FAILURE,SAFETY,HIGH,v=2.0.0;outcome=BIOLOGICAL_FAILURE;primary=SAFETY;reviewed.exact_reason:Unable to safely escalate to TMLI doses that were hypothesized to be effective and less toxic than FTBI. Likely due to the giving of Busulfan prior to radiation delivery. Therefore,Hematology (non-onc),Hematology (non-onc); Oncology,,,INTERVENTIONAL,PHASE1; PHASE2,City of Hope Medical Center,,Adult Acute Myeloid Leukemia in Remission; Adult Acute Myeloid Leukemia With 11q23 (MLL) Abnormalities; Adult Acute Myeloid Leukemia With Del(5q); Adult Acute Myeloid Leukemia With Inv(16)(p13;q22); Adult Acute Myeloid Leukemia With t(15;17)(q22;q12); Adult Acute Myeloid Leukemia With t(16;16)(p13;q22); Adult Acute Myeloid Leukemia With t(8;21)(q22;q22); Blastic Phase Chronic Myelogenous Leukemia; Childhood Acute Myeloid Leukemia in Remission; Childhood Chronic Myelogenous Leukemia; Childhood Myelodysplastic Syndromes; Previously Treated Myelodysplastic Syndromes; Recurrent Adult Acute Myeloid Leukemia; Recurrent Childhood Acute Myeloid Leukemia; Refractory Anemia With Excess Blasts,busulfan; etoposide; intensity-modulated radiation therapy; allogeneic hematopoietic stem cell transplantation; allogeneic bone marrow transplantation; peripheral blood stem cell transplantation; tomotherapy,DRUG; DRUG; RADIATION; PROCEDURE; PROCEDURE; PROCEDURE; RADIATION,2007-06-11,2011-05-17,2011-08-09,2023-11-30,https://clinicaltrials.gov/study/NCT00540995,BIOLOGICAL_FAILURE,SAFETY,,False,2.0.0,6a162cad82daadfec9ad,REVIEWED_EXACT
NCT04329949,Study of Relacorilant in Combination With Nab-Paclitaxel in Patients With Metastatic Pancreatic Ductal Adenocarcinoma,TERMINATED,"The independent data monitoring committee found no safety issues, however the observed response rate did not meet the predefined threshold for continuing the study. The study was terminated by the Sponsor.",BIOLOGICAL_FAILURE,EFFICACY/FUTILITY,HIGH,"v=2.0.0;outcome=BIOLOGICAL_FAILURE;primary=EFFICACY_FUTILITY;reviewed.exact_reason:The independent data monitoring committee found no safety issues, however the observed response rate did not meet the predefined threshold for continuing the study. The study was t",Oncology,Gastroenterology & Hepatology; Oncology,,,INTERVENTIONAL,PHASE3,Corcept Therapeutics,,Metastatic Pancreatic Ductal Adenocarcinoma,"Relacorilant, 100 mg and 25 mg; Nab-paclitaxel",DRUG; DRUG,2020-06-30,2021-08-23,2022-03-25,2023-11-18,https://clinicaltrials.gov/study/NCT04329949,BIOLOGICAL_FAILURE,EFFICACY_FUTILITY,,False,2.0.0,83c231bf1ff08ca789c3,REVIEWED_EXACT
NCT04066491,Gemcitabine Plus Cisplatin With or Without Bintrafusp Alfa (M7824) in Participants With 1L BTC,TERMINATED,"Based on a review of data conducted by the Independent Data Monitoring Committee (IDMC), Sponsor decided to discontinue this study as the study was unlikely to achieve the primary objective of overall survival.",BIOLOGICAL_FAILURE,EFFICACY/FUTILITY,HIGH,"v=2.0.0;outcome=BIOLOGICAL_FAILURE;primary=EFFICACY_FUTILITY;reviewed.exact_reason:Based on a review of data conducted by the Independent Data Monitoring Committee (IDMC), Sponsor decided to discontinue this study as the study was unlikely to achieve the primary ",Oncology,Oncology; Renal & Urology,,,INTERVENTIONAL,PHASE2; PHASE3,"EMD Serono Research & Development Institute, Inc.","Merck KGaA, Darmstadt, Germany",Biliary Tract Cancer; Cholangiocarcinoma; Gallbladder Cancer,M7824; Placebo; Gemcitabine; Cisplatin,DRUG; DRUG; DRUG; DRUG,2019-09-20,2021-05-20,2022-11-10,2023-11-14,https://clinicaltrials.gov/study/NCT04066491,BIOLOGICAL_FAILURE,EFFICACY_FUTILITY,,False,2.0.0,80e7ba10636ddcb240ab,REVIEWED_EXACT
NCT03786094,"Pivotal Study in HER2 Negative, Locally Recurrent or Metastatic Breast Cancer",TERMINATED,The study was halted early due to failure to meet the primary endpoint.,BIOLOGICAL_FAILURE,EFFICACY/FUTILITY,HIGH,v=2.0.0;outcome=BIOLOGICAL_FAILURE;primary=EFFICACY_FUTILITY;reviewed.exact_reason:The study was halted early due to failure to meet the primary endpoint.,Oncology,Oncology,,,INTERVENTIONAL,PHASE3,Spexis AG,,Metastatic Breast Cancer; Locally Recurrent Breast Cancer,Eribulin; Balixafortide,DRUG; DRUG,2019-05-30,2021-10-19,2021-10-19,2023-11-01,https://clinicaltrials.gov/study/NCT03786094,BIOLOGICAL_FAILURE,EFFICACY_FUTILITY,,False,2.0.0,bb7c8b8a98a7a15b18f6,REVIEWED_EXACT
NCT04729608,Batiraxcept (AVB-S6-500)/Placebo in Combination With Paclitaxel in Patients With Platinum-Resistant Recurrent Ovarian Cancer,TERMINATED,There were no significant differences in median PFS between batiraxcept + paclitaxel or paclitaxel alone arms. There was no detriment to overall survival. No new safety signals were identified.,BIOLOGICAL_FAILURE,EFFICACY/FUTILITY,HIGH,v=2.0.0;outcome=BIOLOGICAL_FAILURE;primary=EFFICACY_FUTILITY;reviewed.exact_reason:There were no significant differences in median PFS between batiraxcept + paclitaxel or paclitaxel alone arms. There was no detriment to overall survival. No new safety signals wer,Oncology,Oncology,,,INTERVENTIONAL,PHASE3,"Aravive, Inc.",GOG Foundation; European Network of Gynaecological Oncological Trial Groups (ENGOT),Platinum-resistant Ovarian Cancer,Batiraxcept; Paclitaxel; Placebo,DRUG; DRUG; OTHER,2021-04-22,2023-08-04,2023-08-04,2023-10-30,https://clinicaltrials.gov/study/NCT04729608,BIOLOGICAL_FAILURE,EFFICACY_FUTILITY,,False,2.0.0,794ffa2f2e3ee566b171,REVIEWED_EXACT
NCT01849874,"A Study of MEK162 vs. Physician's Choice Chemotherapy in Patients With Low-grade Serous Ovarian, Fallopian Tube or Peritoneal Cancer",TERMINATED,"Per recommendation of the DMC, enrollment into the study was discontinued in April 2016 after the planned interim efficacy analysis showed the hazard ratio for PFS crossed the predefined futility boundary.",BIOLOGICAL_FAILURE,EFFICACY/FUTILITY,HIGH,"v=2.0.0;outcome=BIOLOGICAL_FAILURE;primary=EFFICACY_FUTILITY;reviewed.exact_reason:Per recommendation of the DMC, enrollment into the study was discontinued in April 2016 after the planned interim efficacy analysis showed the hazard ratio for PFS crossed the pred",Oncology,Oncology,,,INTERVENTIONAL,PHASE3,Pfizer,,Low-grade Serous Ovarian Cancer; Low-grade Serous Fallopian Tube Cancer; Low-grade Serous Peritoneal Cancer,"MEK162, MEK inhibitor; oral; Physician's choice chemotherapy",DRUG; DRUG,2013-06-27,2016-01-20,2022-08-23,2023-10-30,https://clinicaltrials.gov/study/NCT01849874,BIOLOGICAL_FAILURE,EFFICACY_FUTILITY,,False,2.0.0,b2b97bbd2f2f0d13f19c,REVIEWED_EXACT
NCT03318861,Study to Evaluate the Safety and Efficacy of KITE-585 in Participants With Relapsed/Refractory Multiple Myeloma,TERMINATED,The study was terminated due to lack of efficacy,BIOLOGICAL_FAILURE,EFFICACY/FUTILITY,HIGH,v=2.0.0;outcome=BIOLOGICAL_FAILURE;primary=EFFICACY_FUTILITY;reviewed.exact_reason:The study was terminated due to lack of efficacy,Oncology,Oncology,,,INTERVENTIONAL,PHASE1,"Kite, A Gilead Company",,Relapsed/Refractory Multiple Myeloma,KITE-585; Cyclophosphamide; Fludarabine,GENETIC; DRUG; DRUG,2017-10-20,2018-12-17,2022-09-16,2023-10-19,https://clinicaltrials.gov/study/NCT03318861,BIOLOGICAL_FAILURE,EFFICACY_FUTILITY,,False,2.0.0,db3fdfb758f8d0cb2f2b,REVIEWED_EXACT
NCT04404140,"A Study Evaluating The Safety, Efficacy and Pharmacokinetics Of Ipatasertib In Combination With Atezolizumab And Docetaxel In Metastatic Castration-Resistant Prostate Cancer (mCRPC).",TERMINATED,"Despite many risk-minimization strategies, the combination of ipatasertib, atezolizumab and docetaxel was challenging due to multiple study treatment modifications required to manage toxicity, making further enrollment inappropriate.",BIOLOGICAL_FAILURE,SAFETY,HIGH,"v=2.0.0;outcome=BIOLOGICAL_FAILURE;primary=SAFETY;reviewed.exact_reason:Despite many risk-minimization strategies, the combination of ipatasertib, atezolizumab and docetaxel was challenging due to multiple study treatment modifications required to mana",Oncology,Oncology,,,INTERVENTIONAL,PHASE1,Hoffmann-La Roche,,Castration-Resistant Prostatic Cancer,Ipatasertib; Atezolizumab; Docetaxel,DRUG; DRUG; DRUG,2020-07-09,2022-10-14,2022-10-14,2023-10-17,https://clinicaltrials.gov/study/NCT04404140,BIOLOGICAL_FAILURE,SAFETY,,False,2.0.0,3720375b13305e69629c,REVIEWED_EXACT
NCT02608411,TIvantinib as Maintenance Treatment in Extended Small-cell Lung Cancer (TIMES),TERMINATED,Safety results (applied in METIV-HCC trial) have led early termination,BIOLOGICAL_FAILURE,SAFETY,HIGH,v=2.0.0;outcome=BIOLOGICAL_FAILURE;primary=SAFETY;reviewed.exact_reason:Safety results (applied in METIV-HCC trial) have led early termination,Oncology,Oncology,,,INTERVENTIONAL,PHASE2,Istituto Oncologico Veneto IRCCS,,"Carcinoma, Small Cell",ARQ197,DRUG,2016-02-19,2017-02-21,2017-02-21,2023-10-13,https://clinicaltrials.gov/study/NCT02608411,BIOLOGICAL_FAILURE,SAFETY,,False,2.0.0,fbdbddc0cc17534f2c1c,REVIEWED_EXACT
NCT04511026,Concurrent Use Lymphoseek & Indocyanine Green in Sentinel Lymph Node Detection in Endometrial Cancer,TERMINATED,Efficacy,BIOLOGICAL_FAILURE,EFFICACY/FUTILITY,MEDIUM,v=2.0.0;outcome=BIOLOGICAL_FAILURE;primary=EFFICACY_FUTILITY;eff.negative_outcome:efficacy,Oncology,Oncology,,,INTERVENTIONAL,PHASE2,Stanford University,,Endometrial Cancer,Lymphoseek; Single Photon Emission Computed Tomography (SPECT); Indocyanine Green (ICG); Neoprobe Gamma Detection System NPB11L(Model1102),DRUG; DEVICE; DRUG; DEVICE,2021-01-20,2021-06-10,2021-06-10,2023-10-11,https://clinicaltrials.gov/study/NCT04511026,BIOLOGICAL_FAILURE,EFFICACY_FUTILITY,,False,2.0.0,c561b3df7bcc7f55069d,RULE_V2
NCT04891185,Visualisation of Indocyanine Green in Primary and Interval Debulking for Ovarian Cancer,TERMINATED,Clinical futility,BIOLOGICAL_FAILURE,EFFICACY/FUTILITY,HIGH,v=2.0.0;outcome=BIOLOGICAL_FAILURE;primary=EFFICACY_FUTILITY;reviewed.exact_reason:Clinical futility,Oncology,Oncology,,,INTERVENTIONAL,PHASE2,Universitaire Ziekenhuizen KU Leuven,,Ovarian Cancer,Indocyanine green,DRUG,2021-10-01,2023-10-01,2023-10-01,2023-10-05,https://clinicaltrials.gov/study/NCT04891185,BIOLOGICAL_FAILURE,EFFICACY_FUTILITY,,False,2.0.0,659ae6ef4fff9a7d7328,REVIEWED_EXACT
NCT01377389,Ipilimumab + Androgen Depravation Therapy in Prostate Cancer,TERMINATED,Due to adverse events,BIOLOGICAL_FAILURE,SAFETY,HIGH,v=2.0.0;outcome=BIOLOGICAL_FAILURE;primary=SAFETY;reviewed.exact_reason:Due to adverse events,Oncology,Oncology; Renal & Urology,,,INTERVENTIONAL,PHASE2,M.D. Anderson Cancer Center,Bristol-Myers Squibb,Prostate Cancer,Ipilimumab; Leuprolide; Goserelin; Degarelix,DRUG; DRUG; DRUG; DRUG,2011-06-17,2017-04-07,2017-04-07,2023-09-29,https://clinicaltrials.gov/study/NCT01377389,BIOLOGICAL_FAILURE,SAFETY,,False,2.0.0,3143fe94c7800fa48b0f,REVIEWED_EXACT
NCT00745134,Radiation Therapy and Capecitabine With or Without Curcumin Before Surgery in Treating Patients With Rectal Cancer,TERMINATED,The trial was stopped early because there was only one patient with pCR among the first 15 patients randomized to the curcumin arm.,BIOLOGICAL_FAILURE,EFFICACY/FUTILITY,HIGH,v=2.0.0;outcome=BIOLOGICAL_FAILURE;primary=EFFICACY_FUTILITY;reviewed.exact_reason:The trial was stopped early because there was only one patient with pCR among the first 15 patients randomized to the curcumin arm.,Oncology,Oncology,,,INTERVENTIONAL,PHASE2,M.D. Anderson Cancer Center,National Cancer Institute (NCI),Rectal Mucinous Adenocarcinoma; Rectal Signet Ring Cell Adenocarcinoma; Recurrent Rectal Carcinoma; Stage IIA Rectal Cancer AJCC v7; Stage IIB Rectal Cancer AJCC v7; Stage IIC Rectal Cancer AJCC v7; Stage IIIA Rectal Cancer AJCC v7; Stage IIIB Rectal Cancer AJCC v7; Stage IIIC Rectal Cancer AJCC v7,Capecitabine; Curcumin; Laboratory Biomarker Analysis; Pharmacological Study; Placebo; Quality-of-Life Assessment; Radiation Therapy,DRUG; DIETARY_SUPPLEMENT; OTHER; OTHER; OTHER; OTHER; RADIATION,2008-08-11,2022-11-11,2022-11-11,2023-09-28,https://clinicaltrials.gov/study/NCT00745134,BIOLOGICAL_FAILURE,EFFICACY_FUTILITY,,False,2.0.0,ffdf24fd04ac25e100c1,REVIEWED_EXACT
NCT04171843,"A Dose-escalation Study to Evaluate the Safety and Clinical Activity of PBCAR269A, With or Without Nirogacestat, in Study Participants With Relapsed/Refractory Multiple Myeloma",TERMINATED,Study was terminated due to lack of sufficient therapeutic effect,BIOLOGICAL_FAILURE,EFFICACY/FUTILITY,HIGH,v=2.0.0;outcome=BIOLOGICAL_FAILURE;primary=EFFICACY_FUTILITY;reviewed.exact_reason:Study was terminated due to lack of sufficient therapeutic effect,Oncology,Oncology,,,INTERVENTIONAL,PHASE1,"Precision BioSciences, Inc.",,Relapsed/Refractory Multiple Myeloma,PBCAR269A; Fludarabine; Cyclophosphamide; Nirogacestat,GENETIC; DRUG; DRUG; DRUG,2020-04-30,2022-10-19,2022-10-19,2023-09-21,https://clinicaltrials.gov/study/NCT04171843,BIOLOGICAL_FAILURE,EFFICACY_FUTILITY,,False,2.0.0,b89a60be2f28eb5e204a,REVIEWED_EXACT
NCT03067571,Daratumumab in Treating Patients With Relapsed or Refractory Acute Myeloid Leukemia or High-Risk Myelodysplastic Syndrome,TERMINATED,Study terminated early because of lack of efficacy,BIOLOGICAL_FAILURE,EFFICACY/FUTILITY,HIGH,v=2.0.0;outcome=BIOLOGICAL_FAILURE;primary=EFFICACY_FUTILITY;reviewed.exact_reason:Study terminated early because of lack of efficacy,Oncology,Oncology,,,INTERVENTIONAL,PHASE2,M.D. Anderson Cancer Center,National Cancer Institute (NCI),High Risk Myelodysplastic Syndrome; Recurrent Acute Myeloid Leukemia; Refractory Acute Myeloid Leukemia,Daratumumab,BIOLOGICAL,2017-10-27,2022-11-21,2022-11-21,2023-09-21,https://clinicaltrials.gov/study/NCT03067571,BIOLOGICAL_FAILURE,EFFICACY_FUTILITY,,False,2.0.0,8f771d201c687224e9af,REVIEWED_EXACT
NCT00176644,Phase II Trial of Transdermal Estradiol for Hormone Refractory Prostate Cancer,TERMINATED,Treatment ineffective,BIOLOGICAL_FAILURE,EFFICACY/FUTILITY,HIGH,v=2.0.0;outcome=BIOLOGICAL_FAILURE;primary=EFFICACY_FUTILITY;reviewed.exact_reason:Treatment ineffective,Oncology,Oncology; Renal & Urology,,,INTERVENTIONAL,PHASE2,University of Medicine and Dentistry of New Jersey,National Cancer Institute (NCI),Prostate Cancer,Transdermal Estradiol,DRUG,2005-05,2008-12,2008-12,2023-09-13,https://clinicaltrials.gov/study/NCT00176644,BIOLOGICAL_FAILURE,EFFICACY_FUTILITY,,False,2.0.0,df60a01140c3cddf0f96,REVIEWED_EXACT
NCT04145700,CAMPFIRE: A Study of Ramucirumab (LY3009806) in Children and Young Adults With Synovial Sarcoma,TERMINATED,Study terminated for meeting protocol specified futility criteria.,BIOLOGICAL_FAILURE,EFFICACY/FUTILITY,HIGH,v=2.0.0;outcome=BIOLOGICAL_FAILURE;primary=EFFICACY_FUTILITY;reviewed.exact_reason:Study terminated for meeting protocol specified futility criteria.,Oncology,Oncology,,,INTERVENTIONAL,PHASE1; PHASE2,Eli Lilly and Company,,Synovial Sarcoma,Ramucirumab; Gemcitabine; Docetaxel,DRUG; DRUG; DRUG,2020-03-04,2023-02-23,2023-02-23,2023-09-13,https://clinicaltrials.gov/study/NCT04145700,BIOLOGICAL_FAILURE,EFFICACY_FUTILITY,,False,2.0.0,5569f2719dd188b18fa6,REVIEWED_EXACT
NCT01044745,Rituximab in Preventing Acute Graft-Versus-Host Disease in a Donor Stem Cell Transplant for Hematologic Cancer,TERMINATED,Study was closed to accrual for safety related to the frequency of BK infections.,BIOLOGICAL_FAILURE,SAFETY,HIGH,v=2.0.0;outcome=BIOLOGICAL_FAILURE;primary=SAFETY;reviewed.exact_reason:Study was closed to accrual for safety related to the frequency of BK infections.,Oncology,Immunology & Autoimmune; Oncology,,,INTERVENTIONAL,PHASE2,University of Nebraska,National Cancer Institute (NCI),Accelerated Phase Chronic Myelogenous Leukemia; Adult Acute Lymphoblastic Leukemia in Remission; Adult Acute Myeloid Leukemia in Remission; Adult Nasal Type Extranodal NK/T-cell Lymphoma; Blastic Phase Chronic Myelogenous Leukemia; Contiguous Stage II Adult Burkitt Lymphoma; Contiguous Stage II Adult Diffuse Large Cell Lymphoma; Contiguous Stage II Adult Diffuse Mixed Cell Lymphoma; Contiguous Stage II Adult Diffuse Small Cleaved Cell Lymphoma; Contiguous Stage II Adult Immunoblastic Large Cell Lymphoma; Contiguous Stage II Adult Lymphoblastic Lymphoma; Contiguous Stage II Grade 1 Follicular Lymphoma; Contiguous Stage II Grade 2 Follicular Lymphoma; Contiguous Stage II Grade 3 Follicular Lymphoma; Contiguous Stage II Mantle Cell Lymphoma; Contiguous Stage II Marginal Zone Lymphoma; Contiguous Stage II Small Lymphocytic Lymphoma; de Novo Myelodysplastic Syndromes; Extranodal Marginal Zone B-cell Lymphoma of Mucosa-associated Lymphoid Tissue; Graft Versus Host Disease; Nodal Marginal Zone B-cell Lymphoma; Noncontiguous Stage II Adult Burkitt Lymphoma; Noncontiguous Stage II Adult Diffuse Large Cell Lymphoma; Noncontiguous Stage II Adult Diffuse Mixed Cell Lymphoma; Noncontiguous Stage II Adult Diffuse Small Cleaved Cell Lymphoma; Noncontiguous Stage II Adult Immunoblastic Large Cell Lymphoma; Noncontiguous Stage II Adult Lymphoblastic Lymphoma; Noncontiguous Stage II Grade 1 Follicular Lymphoma; Noncontiguous Stage II Grade 2 Follicular Lymphoma; Noncontiguous Stage II Grade 3 Follicular Lymphoma; Noncontiguous Stage II Mantle Cell Lymphoma; Noncontiguous Stage II Marginal Zone Lymphoma; Noncontiguous Stage II Small Lymphocytic Lymphoma; Previously Treated Myelodysplastic Syndromes; Recurrent Adult Acute Lymphoblastic Leukemia; Recurrent Adult Acute Myeloid Leukemia; Recurrent Adult Burkitt Lymphoma; Recurrent Adult Diffuse Large Cell Lymphoma; Recurrent Adult Diffuse Mixed Cell Lymphoma; Recurrent Adult Diffuse Small Cleaved Cell Lymphoma; Recurrent Adult Grade III Lymphomatoid Granulomatosis; Recurrent Adult Immunoblastic Large Cell Lymphoma; Recurrent Adult Lymphoblastic Lymphoma; Recurrent Adult T-cell Leukemia/Lymphoma; Recurrent Cutaneous T-cell Non-Hodgkin Lymphoma; Recurrent Grade 1 Follicular Lymphoma; Recurrent Grade 2 Follicular Lymphoma; Recurrent Grade 3 Follicular Lymphoma; Recurrent Mantle Cell Lymphoma; Recurrent Marginal Zone Lymphoma; Recurrent Mycosis Fungoides/Sezary Syndrome; Recurrent Small Lymphocytic Lymphoma; Refractory Chronic Lymphocytic Leukemia; Relapsing Chronic Myelogenous Leukemia; Secondary Myelodysplastic Syndromes; Splenic Marginal Zone Lymphoma; Stage I Adult Burkitt Lymphoma; Stage I Adult Diffuse Large Cell Lymphoma; Stage I Adult Diffuse Mixed Cell Lymphoma; Stage I Adult Diffuse Small Cleaved Cell Lymphoma; Stage I Adult Immunoblastic Large Cell Lymphoma; Stage I Adult Lymphoblastic Lymphoma; Stage I Adult T-cell Leukemia/Lymphoma; Stage I Chronic Lymphocytic Leukemia; Stage I Cutaneous T-cell Non-Hodgkin Lymphoma; Stage I Grade 1 Follicular Lymphoma; Stage I Grade 2 Follicular Lymphoma; Stage I Grade 3 Follicular Lymphoma; Stage I Mantle Cell Lymphoma; Stage I Marginal Zone Lymphoma; Stage I Mycosis Fungoides/Sezary Syndrome; Stage I Small Lymphocytic Lymphoma; Stage II Adult T-cell Leukemia/Lymphoma; Stage II Chronic Lymphocytic Leukemia; Stage II Cutaneous T-cell Non-Hodgkin Lymphoma; Stage II Mycosis Fungoides/Sezary Syndrome; Stage III Adult Burkitt Lymphoma; Stage III Adult Diffuse Large Cell Lymphoma; Stage III Adult Diffuse Mixed Cell Lymphoma; Stage III Adult Diffuse Small Cleaved Cell Lymphoma; Stage III Adult Immunoblastic Large Cell Lymphoma; Stage III Adult Lymphoblastic Lymphoma; Stage III Adult T-cell Leukemia/Lymphoma; Stage III Chronic Lymphocytic Leukemia; Stage III Cutaneous T-cell Non-Hodgkin Lymphoma; Stage III Grade 1 Follicular Lymphoma; Stage III Grade 2 Follicular Lymphoma; Stage III Grade 3 Follicular Lymphoma; Stage III Mantle Cell Lymphoma; Stage III Marginal Zone Lymphoma; Stage III Mycosis Fungoides/Sezary Syndrome; Stage III Small Lymphocytic Lymphoma; Stage IV Adult Burkitt Lymphoma; Stage IV Adult Diffuse Large Cell Lymphoma; Stage IV Adult Diffuse Mixed Cell Lymphoma; Stage IV Adult Diffuse Small Cleaved Cell Lymphoma; Stage IV Adult Immunoblastic Large Cell Lymphoma; Stage IV Adult Lymphoblastic Lymphoma; Stage IV Adult T-cell Leukemia/Lymphoma; Stage IV Chronic Lymphocytic Leukemia; Stage IV Cutaneous T-cell Non-Hodgkin Lymphoma; Stage IV Grade 1 Follicular Lymphoma; Stage IV Grade 2 Follicular Lymphoma; Stage IV Grade 3 Follicular Lymphoma; Stage IV Mantle Cell Lymphoma; Stage IV Marginal Zone Lymphoma; Stage IV Mycosis Fungoides/Sezary Syndrome; Stage IV Small Lymphocytic Lymphoma; Untreated Adult Acute Lymphoblastic Leukemia; Untreated Adult Acute Myeloid Leukemia; Waldenström Macroglobulinemia,rituximab; mycophenolate mofetil; tacrolimus; anti-thymocyte globulin; allogeneic hematopoietic stem cell transplantation; laboratory biomarker analysis; graft versus host disease prophylaxis/therapy; cyclophosphamide; fludarabine phosphate; busulfan; total-body irradiation; graft-versus-tumor induction therapy; immunosuppressive therapy,DRUG; DRUG; DRUG; DRUG; PROCEDURE; OTHER; BIOLOGICAL; DRUG; DRUG; DRUG; RADIATION; BIOLOGICAL; BIOLOGICAL,2009-12-10,2012-12-19,2017-10-10,2023-09-06,https://clinicaltrials.gov/study/NCT01044745,BIOLOGICAL_FAILURE,SAFETY,,False,2.0.0,4df3d35b6e64b3dab1f4,REVIEWED_EXACT
NCT02585388,Addition of Aromatase at the Navelbine in Pretreated Metastatic Breast Cancer.,TERMINATED,Treatment toxicity,BIOLOGICAL_FAILURE,SAFETY,HIGH,v=2.0.0;outcome=BIOLOGICAL_FAILURE;primary=SAFETY;reviewed.exact_reason:Treatment toxicity,Oncology,Oncology,,,INTERVENTIONAL,PHASE2,ARCAGY/ GINECO GROUP,Pierre Fabre Laboratories,Breast Cancer,Vinorelbine; Letrozole; Anastrozole,DRUG; DRUG; DRUG,2015-10-23,2017-05-15,2017-05-15,2023-09-06,https://clinicaltrials.gov/study/NCT02585388,BIOLOGICAL_FAILURE,SAFETY,,False,2.0.0,1529f199ec246b23ffde,REVIEWED_EXACT
NCT01303679,1st Line Treatment of Bevacizumab-Taxane vs Bevacizumab-Exemestane in Metastatic Breast Cancer,TERMINATED,Not reveal any significant difference between the 2 treatment arms,BIOLOGICAL_FAILURE,EFFICACY/FUTILITY,HIGH,v=2.0.0;outcome=BIOLOGICAL_FAILURE;primary=EFFICACY_FUTILITY;reviewed.exact_reason:Not reveal any significant difference between the 2 treatment arms,Oncology,Oncology,,,INTERVENTIONAL,PHASE3,ARCAGY/ GINECO GROUP,,First Line Metastatic Breast Cancer,Paclitaxel; Bevacizumab; Exemestane,DRUG; DRUG; DRUG,2010-06,2014-06,2018-05,2023-09-06,https://clinicaltrials.gov/study/NCT01303679,BIOLOGICAL_FAILURE,EFFICACY_FUTILITY,,False,2.0.0,df0fa7dcbc1fad04ea32,REVIEWED_EXACT
NCT04720664,Oral SM-88 in Patients With Metastatic HR+/HER2- Breast Cancer,TERMINATED,Lack of efficacy,BIOLOGICAL_FAILURE,EFFICACY/FUTILITY,HIGH,v=2.0.0;outcome=BIOLOGICAL_FAILURE;primary=EFFICACY_FUTILITY;reviewed.exact_reason:Lack of efficacy,Oncology,Oncology,,,INTERVENTIONAL,PHASE2,Georgetown University,"Tyme, Inc",Breast Cancer; Metastatic Breast Cancer; Hormone Receptor Positive Breast Carcinoma,SM-88,DRUG,2021-09-22,2023-02-10,2023-02-10,2023-08-28,https://clinicaltrials.gov/study/NCT04720664,BIOLOGICAL_FAILURE,EFFICACY_FUTILITY,,False,2.0.0,4431292a7cce2b3e9aed,REVIEWED_EXACT
NCT00489710,Talabostat in Treating Patients With Metastatic Kidney Cancer,WITHDRAWN,safety reasons,BIOLOGICAL_FAILURE,SAFETY,HIGH,v=2.0.0;outcome=BIOLOGICAL_FAILURE;primary=SAFETY;saf.explicit:safety reasons,Oncology,Oncology; Renal & Urology,,,INTERVENTIONAL,PHASE2,University of Nebraska,,Kidney Cancer,talabostat mesylate; enzyme inhibitor therapy; flow cytometry; laboratory biomarker analysis; non-specific immune-modulator therapy,DRUG; BIOLOGICAL; DIAGNOSTIC_TEST; DIAGNOSTIC_TEST; BIOLOGICAL,2006-12,2007-05-30,2007-05-30,2023-08-22,https://clinicaltrials.gov/study/NCT00489710,BIOLOGICAL_FAILURE,SAFETY,,False,2.0.0,f9290585e3dfa0b89a6d,RULE_V2
NCT03682055,Phase 1/2a Study of VK-2019 in Patients With Epstein-Barr Virus (EBV)-Positive Nasopharyngeal Carcinoma (NPC),TERMINATED,Lack of efficacy,BIOLOGICAL_FAILURE,EFFICACY/FUTILITY,HIGH,v=2.0.0;outcome=BIOLOGICAL_FAILURE;primary=EFFICACY_FUTILITY;reviewed.exact_reason:Lack of efficacy,Oncology,Oncology,,,INTERVENTIONAL,PHASE1; PHASE2,Cullinan Therapeutics Inc.,National Cancer Institute (NCI),Nasopharyngeal Carcinoma; Nasopharyngeal Cancer,VK-2019,DRUG,2019-04-04,2020-06-23,2020-08-08,2023-08-15,https://clinicaltrials.gov/study/NCT03682055,BIOLOGICAL_FAILURE,EFFICACY_FUTILITY,,False,2.0.0,4431292a7cce2b3e9aed,REVIEWED_EXACT
NCT04729725,"SAR439459 and Cemiplimab for the Treatment of Advanced or Unresectable Solid Tumors, Strategic Alliance, TACTIC TRIAL",TERMINATED,"The industry supporter discontinued the study and lead drug, SAR439459, due to toxicity.",BIOLOGICAL_FAILURE,SAFETY,HIGH,"v=2.0.0;outcome=BIOLOGICAL_FAILURE;primary=SAFETY;reviewed.exact_reason:The industry supporter discontinued the study and lead drug, SAR439459, due to toxicity.",Oncology,Oncology,,,INTERVENTIONAL,PHASE1,M.D. Anderson Cancer Center,,Advanced Malignant Solid Neoplasm; Metastatic Malignant Solid Neoplasm; Unresectable Malignant Solid Neoplasm,Anti-TGF-beta Monoclonal Antibody SAR-439459; Cemiplimab,BIOLOGICAL; BIOLOGICAL,2021-02-09,2022-12-02,2022-12-02,2023-08-14,https://clinicaltrials.gov/study/NCT04729725,BIOLOGICAL_FAILURE,SAFETY,,False,2.0.0,11f795fea4c27af561e9,REVIEWED_EXACT
NCT04157088,"Study to Compare the Effects of Drug Darolutamide and Drug Enzalutamide on Physical Function, Including Balance and Daily Activity, in Patients With Castration-resistant Prostate Cancer (CRPC)",TERMINATED,The results of the lead-in phase did not fulfill the criteria set for moving into the randomized phase,BIOLOGICAL_FAILURE,EFFICACY/FUTILITY,HIGH,v=2.0.0;outcome=BIOLOGICAL_FAILURE;primary=EFFICACY_FUTILITY;reviewed.exact_reason:The results of the lead-in phase did not fulfill the criteria set for moving into the randomized phase,Oncology,Oncology,,,INTERVENTIONAL,PHASE2,Bayer,,"Prostatic Cancer, Castration-Resistant","Darolutamide (Nubeqa, BAY1841788); Enzalutamide",DRUG; DRUG,2019-12-17,2022-07-08,2022-07-08,2023-08-04,https://clinicaltrials.gov/study/NCT04157088,BIOLOGICAL_FAILURE,EFFICACY_FUTILITY,,False,2.0.0,b0724af908c0b056a43c,REVIEWED_EXACT
NCT04882176,A Clinical Study Preliminary Efficacy of LM-061 Tablet in Subjects With Advanced Tumours,TERMINATED,Not meeting expected endpoints,BIOLOGICAL_FAILURE,EFFICACY/FUTILITY,HIGH,v=2.0.0;outcome=BIOLOGICAL_FAILURE;primary=EFFICACY_FUTILITY;reviewed.exact_reason:Not meeting expected endpoints,Oncology,Oncology,,,INTERVENTIONAL,PHASE1; PHASE2,LaNova Medicines Limited,,Advanced Tumours,LM-061,DRUG,2021-05-20,2023-02-07,2023-07-19,2023-07-27,https://clinicaltrials.gov/study/NCT04882176,BIOLOGICAL_FAILURE,EFFICACY_FUTILITY,,False,2.0.0,32b9995348b14a4120d7,REVIEWED_EXACT
NCT03637764,"Safety, Preliminary Efficacy and PK of Isatuximab (SAR650984) Alone or in Combination With Atezolizumab in Patients With Advanced Malignancies",TERMINATED,"Study was stopped after interim analysis for 4 cohorts (HCC, SCCHN, EOC, and GBM) indicated that the results did not fulfill the preplanned interim analysis criteria to move to Phase 2 stage 2 in all 4 cohorts.",BIOLOGICAL_FAILURE,EFFICACY/FUTILITY,HIGH,"v=2.0.0;outcome=BIOLOGICAL_FAILURE;primary=EFFICACY_FUTILITY;reviewed.exact_reason:Study was stopped after interim analysis for 4 cohorts (HCC, SCCHN, EOC, and GBM) indicated that the results did not fulfill the preplanned interim analysis criteria to move to Pha",Oncology,Oncology,,,INTERVENTIONAL,PHASE1; PHASE2,Sanofi,,Neoplasm,Isatuximab SAR650984; Atezolizumab,DRUG; DRUG,2018-08-06,2022-05-11,2022-05-11,2023-07-10,https://clinicaltrials.gov/study/NCT03637764,BIOLOGICAL_FAILURE,EFFICACY_FUTILITY,,False,2.0.0,1a4269bbbb1c474c20d8,REVIEWED_EXACT
NCT02150967,"A Phase II, Single Arm Study of BGJ398 in Patients With Advanced Cholangiocarcinoma",TERMINATED,"The study was terminated early due to limited efficacy in Cohorts 2 and 3 (exploratory endpoints). Termination was not due to concerns about safety and had no impact on the primary efficacy analysis (ie, results reported for Cohort 1).",BIOLOGICAL_FAILURE,EFFICACY/FUTILITY,HIGH,v=2.0.0;outcome=BIOLOGICAL_FAILURE;primary=EFFICACY_FUTILITY;reviewed.exact_reason:The study was terminated early due to limited efficacy in Cohorts 2 and 3 (exploratory endpoints). Termination was not due to concerns about safety and had no impact on the primary,Oncology,Oncology,,,INTERVENTIONAL,PHASE2,"QED Therapeutics, a BridgeBio company",Helsinn Healthcare SA,Advanced Cholangiocarcinoma; FGFR2 Gene Mutation,BGJ398 (infigratinib),DRUG,2014-07-23,2021-03-01,2022-02-07,2023-07-03,https://clinicaltrials.gov/study/NCT02150967,BIOLOGICAL_FAILURE,EFFICACY_FUTILITY,,False,2.0.0,ebf9ab93ee823ce73023,REVIEWED_EXACT
NCT00551759,"Chemotherapy, Radiation Therapy, and Cetuximab Followed by Surgery, Docetaxel, and Cetuximab in Treating Patients With Esophageal Cancer or Gastroesophageal Junction Cancer",TERMINATED,"The study used a two-stage design. After stage one, the study was terminated due to excess toxicity.",BIOLOGICAL_FAILURE,SAFETY,HIGH,"v=2.0.0;outcome=BIOLOGICAL_FAILURE;primary=SAFETY;reviewed.exact_reason:The study used a two-stage design. After stage one, the study was terminated due to excess toxicity.",Oncology,Oncology,,,INTERVENTIONAL,PHASE2,Eastern Cooperative Oncology Group,National Cancer Institute (NCI),Esophageal Cancer,5-Fluorouracil; Oxaliplatin; Cetuximab; Docetaxel; Surgery; Radiotherapy,DRUG; DRUG; DRUG; DRUG; PROCEDURE; RADIATION,2008-10-02,2011-10,2014-02,2023-07-03,https://clinicaltrials.gov/study/NCT00551759,BIOLOGICAL_FAILURE,SAFETY,,False,2.0.0,a6ebc19d3862b18ded28,REVIEWED_EXACT
NCT02588456,Pilot Study of Autologous Anti-CD22 Chimeric Antigen Receptor Redirected T Cells In Patients With Chemotherapy Resistant Or Refractory Acute Lymphoblastic Leukemia,TERMINATED,This study was terminated due to lack of efficacy,BIOLOGICAL_FAILURE,EFFICACY/FUTILITY,HIGH,v=2.0.0;outcome=BIOLOGICAL_FAILURE;primary=EFFICACY_FUTILITY;reviewed.exact_reason:This study was terminated due to lack of efficacy,Oncology,Oncology,,,INTERVENTIONAL,PHASE1,University of Pennsylvania,,Relapsed or Refractory B-cell Acute Lymphoblastic Leukemia,CART22 cells,BIOLOGICAL,2015-10,2017-09,2017-09,2023-06-22,https://clinicaltrials.gov/study/NCT02588456,BIOLOGICAL_FAILURE,EFFICACY_FUTILITY,,False,2.0.0,da85f6d4ab4950c16c98,REVIEWED_EXACT
NCT01347645,Irinotecan Plus E7820 Versus FOLFIRI in Second-Line Therapy in Patients With Locally Advanced or Metastatic Colon or Rectal Cancer,TERMINATED,The study was terminated by the Sponsor due to E7820 plus irinotecan being potentially inferior to FOLFIRI,BIOLOGICAL_FAILURE,EFFICACY/FUTILITY,HIGH,v=2.0.0;outcome=BIOLOGICAL_FAILURE;primary=EFFICACY_FUTILITY;reviewed.exact_reason:The study was terminated by the Sponsor due to E7820 plus irinotecan being potentially inferior to FOLFIRI,Oncology,Oncology,,,INTERVENTIONAL,PHASE1; PHASE2,Eisai Inc.,PharmaBio Development Inc.,Colon Cancer; Rectal Cancer,FOLFIRI; E7820,DRUG; DRUG,2011-09-30,2015-06-22,2015-06-22,2023-06-22,https://clinicaltrials.gov/study/NCT01347645,BIOLOGICAL_FAILURE,EFFICACY_FUTILITY,,False,2.0.0,5b214c42cc645ea7079b,REVIEWED_EXACT
NCT02450331,A Study of Atezolizumab Versus Observation as Adjuvant Therapy in Participants With High-Risk Muscle-Invasive Urothelial Carcinoma (UC) After Surgical Resection,TERMINATED,Sponsor decided to terminate the study early because the study did not meet its primary endpoint and because the study had met its goals of providing safety and additional exploratory efficacy information for atezolizumab monotherapy in MIBC.,BIOLOGICAL_FAILURE,EFFICACY/FUTILITY,HIGH,v=2.0.0;outcome=BIOLOGICAL_FAILURE;primary=EFFICACY_FUTILITY;reviewed.exact_reason:Sponsor decided to terminate the study early because the study did not meet its primary endpoint and because the study had met its goals of providing safety and additional explorat,Oncology,Oncology,,,INTERVENTIONAL,PHASE3,Hoffmann-La Roche,,"Carcinoma, Transitional Cell",Atezolizumab,DRUG,2015-10-05,2019-11-30,2022-06-14,2023-06-18,https://clinicaltrials.gov/study/NCT02450331,BIOLOGICAL_FAILURE,EFFICACY_FUTILITY,,False,2.0.0,658111b5ac05bc7047ff,REVIEWED_EXACT
NCT05153408,(HARMONY) Study of BLU-701 in EGFR-mutant NSCLC,TERMINATED,Lack of efficacy,BIOLOGICAL_FAILURE,EFFICACY/FUTILITY,HIGH,v=2.0.0;outcome=BIOLOGICAL_FAILURE;primary=EFFICACY_FUTILITY;reviewed.exact_reason:Lack of efficacy,Oncology,Oncology; Respiratory,,,INTERVENTIONAL,PHASE1,Blueprint Medicines Corporation,,"Lung Neoplasm; Carcinoma, Non-Small-Cell Lung; Respiratory Tract Neoplasms; Neoplasms; Neoplasms by Site; Lung Diseases; Respiratory Tract Diseases; Carcinoma, Bronchogenic; Bronchial Neoplasms; Adenocarcinoma; Carcinoma; Neoplasms by Histologic Type; Neoplasms, Nerve Tissue; EGFR C797S; EGFR C797A; EGFR L858R; EGFR Exon 19 Deletion; EGFR Gene Mutation; EGF-R Positive Non-Small Cell Lung Cancer; EGFR Mutation Resulting in Tyrosine Kinase Inhibitor Resistance; EGFR Activating Mutation; Thoracic Neoplasms; Antineoplastic Agents; Protein Kinase Inhibitors; EGFR C797G; EGFR C797X; Non Small Cell Lung Cancer",BLU-701; osimertinib; carboplatin; pemetrexed,DRUG; DRUG; DRUG; DRUG,2022-01-13,2022-12-09,2022-12-09,2023-06-18,https://clinicaltrials.gov/study/NCT05153408,BIOLOGICAL_FAILURE,EFFICACY_FUTILITY,,False,2.0.0,4431292a7cce2b3e9aed,REVIEWED_EXACT
NCT03634228,Milademetan Tosylate and Low-Dose Cytarabine With or Without Venetoclax in Treating Participants With Recurrent or Refractory Acute Myeloid Leukemia,TERMINATED,"This study was terminated early due to lack of adequate response, and did not move to the Phase II portion of the study",BIOLOGICAL_FAILURE,EFFICACY/FUTILITY,HIGH,"v=2.0.0;outcome=BIOLOGICAL_FAILURE;primary=EFFICACY_FUTILITY;reviewed.exact_reason:This study was terminated early due to lack of adequate response, and did not move to the Phase II portion of the study",Oncology,Oncology,,,INTERVENTIONAL,PHASE1; PHASE2,M.D. Anderson Cancer Center,National Cancer Institute (NCI),Acute Myeloid Leukemia; Recurrent Acute Myeloid Leukemia; Refractory Acute Myeloid Leukemia,Cytarabine; Milademetan Tosylate; Venetoclax,DRUG; DRUG; DRUG,2018-12-17,2022-04-03,2022-04-03,2023-06-15,https://clinicaltrials.gov/study/NCT03634228,BIOLOGICAL_FAILURE,EFFICACY_FUTILITY,,False,2.0.0,d77247e8b49074414363,REVIEWED_EXACT
NCT02882321,Oxidative Phosphorylation Inhibitor IACS-010759 in Treating Patients With Relapsed or Refractory Acute Myeloid Leukemia,TERMINATED,The study was terminated by the Sponsor for apparent lack of effectiveness.,BIOLOGICAL_FAILURE,EFFICACY/FUTILITY,HIGH,v=2.0.0;outcome=BIOLOGICAL_FAILURE;primary=EFFICACY_FUTILITY;reviewed.exact_reason:The study was terminated by the Sponsor for apparent lack of effectiveness.,Oncology,Oncology,,,INTERVENTIONAL,PHASE1,M.D. Anderson Cancer Center,National Cancer Institute (NCI),Recurrent Acute Myeloid Leukemia; Refractory Acute Myeloid Leukemia,Oxidative Phosphorylation Inhibitor IACS-010759; Pharmacological Study,DRUG; OTHER,2016-09-29,2022-04-15,2022-04-15,2023-06-15,https://clinicaltrials.gov/study/NCT02882321,BIOLOGICAL_FAILURE,EFFICACY_FUTILITY,,False,2.0.0,e64bac892019ceded70e,REVIEWED_EXACT
NCT03509584,"Phase I Multicenter Trial Combining Nivolumab, Ipilimumab and Hypo-fractionated Radiotherapy for Pretreated Advanced Stage Non-small Cell Lung Cancer Patients",TERMINATED,SAFETY,BIOLOGICAL_FAILURE,SAFETY,HIGH,v=2.0.0;outcome=BIOLOGICAL_FAILURE;primary=SAFETY;reviewed.exact_reason:Safety,Oncology,Oncology; Respiratory,,,INTERVENTIONAL,PHASE1,Assistance Publique Hopitaux De Marseille,,Non-small Cell Lung Cancer,hypofractionated radiotherapy; nivolumab; Ipilimumab,RADIATION; DRUG; DRUG,2018-06-07,2019-07-02,2019-07-02,2023-06-15,https://clinicaltrials.gov/study/NCT03509584,BIOLOGICAL_FAILURE,SAFETY,,False,2.0.0,856e8bd358ece398c72f,REVIEWED_EXACT
NCT05411679,EP0057 in Combination With Olaparib in Relapsed Advanced Gastric Cancer and Small Cell Lung Cancer,WITHDRAWN,Futility analysis decision to terminate EP0057 compound and all Ellipses sponsored studies involving EP0057.,BIOLOGICAL_FAILURE,EFFICACY/FUTILITY,HIGH,v=2.0.0;outcome=BIOLOGICAL_FAILURE;primary=EFFICACY_FUTILITY;eff.futility:futility,Oncology,Oncology; Respiratory,,,INTERVENTIONAL,PHASE2,Ellipses Pharma,,Gastric Cancer; Small-cell Lung Cancer,EP0057; Olaparib tablets,DRUG; DRUG,2023-04,2024-08,2024-12,2023-06-12,https://clinicaltrials.gov/study/NCT05411679,BIOLOGICAL_FAILURE,EFFICACY_FUTILITY,,False,2.0.0,1370bc2f3f84cfa079f3,RULE_V2
NCT03522584,"Durvalumab, Tremelimumab and Hypofractionated Radiation Therapy in Treating Patients With Recurrent or Metastatic Head and Neck Squamous Cell Carcinoma",TERMINATED,Terminated by the sponsor due to lack of efficacy in study treatment.,BIOLOGICAL_FAILURE,EFFICACY/FUTILITY,HIGH,v=2.0.0;outcome=BIOLOGICAL_FAILURE;primary=EFFICACY_FUTILITY;reviewed.exact_reason:Terminated by the sponsor due to lack of efficacy in study treatment.,Oncology,Oncology,,,INTERVENTIONAL,PHASE1; PHASE2,University of Washington,National Cancer Institute (NCI); AstraZeneca,Metastatic Head and Neck Squamous Cell Carcinoma; Recurrent Head and Neck Squamous Cell Carcinoma,Durvalumab; Laboratory Biomarker Analysis; Stereotactic Body Radiation Therapy; Tremelimumab; Hypofractionated Image-Guided Radiation Therapy,BIOLOGICAL; OTHER; RADIATION; BIOLOGICAL; PROCEDURE,2018-05-17,2021-12-16,2022-01-19,2023-06-12,https://clinicaltrials.gov/study/NCT03522584,BIOLOGICAL_FAILURE,EFFICACY_FUTILITY,,False,2.0.0,e70e5c06edc3eb181c3a,REVIEWED_EXACT
NCT03397394,Rucaparib in Patients With Locally Advanced or Metastatic Urothelial Carcinoma,TERMINATED,Efficacy did not meet the continuance criteria and DMC recommended to stop enrollment.,BIOLOGICAL_FAILURE,EFFICACY/FUTILITY,HIGH,v=2.0.0;outcome=BIOLOGICAL_FAILURE;primary=EFFICACY_FUTILITY;reviewed.exact_reason:Efficacy did not meet the continuance criteria and DMC recommended to stop enrollment.,Oncology,Musculoskeletal; Oncology; Renal & Urology,,,INTERVENTIONAL,PHASE2,pharmaand GmbH,Foundation Medicine,Bladder Cancer; Urothelial Carcinoma; Metastatic Urothelial Carcinoma; Renal Pelvis Carcinoma; Ureter Carcinoma; Urinary Bladder Carcinoma; Urethra Carcinoma; Muscle Invasive Bladder Cancer,Rucaparib,DRUG,2018-06-01,2019-12-12,2020-01-15,2023-06-09,https://clinicaltrials.gov/study/NCT03397394,BIOLOGICAL_FAILURE,EFFICACY_FUTILITY,,False,2.0.0,599a80c6427fcbca79ff,REVIEWED_EXACT
NCT02516670,Docetaxel With or Without Ascorbic Acid in Treating Patients With Metastatic Prostate Cancer,TERMINATED,insufficient clinical response per DSMB,BIOLOGICAL_FAILURE,EFFICACY/FUTILITY,HIGH,v=2.0.0;outcome=BIOLOGICAL_FAILURE;primary=EFFICACY_FUTILITY;reviewed.exact_reason:insufficient clinical response per DSMB,Oncology,Oncology; Renal & Urology,,,INTERVENTIONAL,PHASE2,Sidney Kimmel Comprehensive Cancer Center at Johns Hopkins,National Cancer Institute (NCI),Hormone-Resistant Prostate Cancer; Metastatic Prostate Carcinoma; Stage IV Prostate Cancer,Ascorbic Acid; Docetaxel; Laboratory Biomarker Analysis; Pharmacological Study; Placebo; Quality-of-Life Assessment,DIETARY_SUPPLEMENT; DRUG; OTHER; OTHER; OTHER; OTHER,2016-06-20,2021-07-31,2021-10-14,2023-06-07,https://clinicaltrials.gov/study/NCT02516670,BIOLOGICAL_FAILURE,EFFICACY_FUTILITY,,False,2.0.0,8cea670b291fdad68ebd,REVIEWED_EXACT
NCT04163900,Comparing NUC-1031 Plus Cisplatin to Gemcitabine Plus Cisplatin in Patients With Advanced Biliary Tract Cancer,TERMINATED,"A pre-planned futility analysis concluded that NUC-1031 plus cisplatin was unlikely to achieve its primary objective of improving overall survival. Based on the IDMC's recommendation, NuCana has closed the study.",BIOLOGICAL_FAILURE,EFFICACY/FUTILITY,HIGH,v=2.0.0;outcome=BIOLOGICAL_FAILURE;primary=EFFICACY_FUTILITY;reviewed.exact_reason:A pre-planned futility analysis concluded that NUC-1031 plus cisplatin was unlikely to achieve its primary objective of improving overall survival. Based on the IDMC's recommendati,Oncology,Oncology,,,INTERVENTIONAL,PHASE3,NuCana plc,,Biliary Tract Cancer,NUC-1031; Gemcitabine; Cisplatin,DRUG; DRUG; DRUG,2019-12-24,2022-03-02,2022-04-05,2023-05-24,https://clinicaltrials.gov/study/NCT04163900,BIOLOGICAL_FAILURE,EFFICACY_FUTILITY,,False,2.0.0,1ffa790e012c232f6bfb,REVIEWED_EXACT
NCT00946712,S0819: Carboplatin and Paclitaxel With or Without Bevacizumab and/or Cetuximab in Treating Patients With Stage IV or Recurrent Non-Small Cell Lung Cancer,TERMINATED,terminated at pre-planned futility analysis,BIOLOGICAL_FAILURE,EFFICACY/FUTILITY,HIGH,v=2.0.0;outcome=BIOLOGICAL_FAILURE;primary=EFFICACY_FUTILITY;reviewed.exact_reason:terminated at pre-planned futility analysis,Oncology,Oncology; Respiratory,,,INTERVENTIONAL,PHASE3,SWOG Cancer Research Network,National Cancer Institute (NCI),Recurrent Large Cell Lung Carcinoma; Recurrent Lung Adenocarcinoma; Recurrent Squamous Cell Lung Carcinoma; Stage IV Large Cell Lung Carcinoma; Stage IV Lung Adenocarcinoma; Stage IV Squamous Cell Lung Carcinoma,Bevacizumab; Carboplatin; Cetuximab; Laboratory Biomarker Analysis; Paclitaxel,BIOLOGICAL; DRUG; BIOLOGICAL; OTHER; DRUG,2009-07-15,2017-08-31,2022-02-08,2023-05-23,https://clinicaltrials.gov/study/NCT00946712,BIOLOGICAL_FAILURE,EFFICACY_FUTILITY,,False,2.0.0,8e8afc55e8dc1f121097,REVIEWED_EXACT
NCT03535675,Muscadine Plus (MPX) In Men With Prostate Cancer,TERMINATED,The study was terminated by DSMB due to futility.,BIOLOGICAL_FAILURE,EFFICACY/FUTILITY,HIGH,v=2.0.0;outcome=BIOLOGICAL_FAILURE;primary=EFFICACY_FUTILITY;reviewed.exact_reason:The study was terminated by DSMB due to futility.,Oncology,Oncology; Renal & Urology,,,INTERVENTIONAL,PHASE3,Sidney Kimmel Comprehensive Cancer Center at Johns Hopkins,Greater Washington Community Foundation,Adenocarcinoma of the Prostate,Muscadine Plus; Placebos,DRUG; DRUG,2018-10-30,2022-07-06,2022-11-03,2023-05-22,https://clinicaltrials.gov/study/NCT03535675,BIOLOGICAL_FAILURE,EFFICACY_FUTILITY,,False,2.0.0,a84b10e4e47729eb33ea,REVIEWED_EXACT
NCT04843319,To Determine an Effective Dose of VERU-100 for the Treatment of Advanced Prostate Cancer,TERMINATED,Study terminated as end points were not achieved at current dose level.,BIOLOGICAL_FAILURE,EFFICACY/FUTILITY,HIGH,v=2.0.0;outcome=BIOLOGICAL_FAILURE;primary=EFFICACY_FUTILITY;reviewed.exact_reason:Study terminated as end points were not achieved at current dose level.,Oncology,Oncology; Renal & Urology,,,INTERVENTIONAL,PHASE1; PHASE2,Veru Inc.,,Advanced Prostate Adenocarcinoma,VERU-100,DRUG,2021-06-09,2023-01-19,2023-01-19,2023-05-19,https://clinicaltrials.gov/study/NCT04843319,BIOLOGICAL_FAILURE,EFFICACY_FUTILITY,,False,2.0.0,d3d674b73f52843df479,REVIEWED_EXACT
NCT05860075,Exploratory Study of IMM01 for Injection in the Treatment of Refractory or Recurrent Hematologic Malignancy,TERMINATED,No expected efficacy was observed in subsequent extended phase.The company decided to initiatively terminate the development of IMM01 as monotherapy and fully promote clinical development of combination therapy.,BIOLOGICAL_FAILURE,EFFICACY/FUTILITY,HIGH,v=2.0.0;outcome=BIOLOGICAL_FAILURE;primary=EFFICACY_FUTILITY;reviewed.exact_reason:No expected efficacy was observed in subsequent extended phase.The company decided to initiatively terminate the development of IMM01 as monotherapy and fully promote clinical deve,Hematology (non-onc),Hematology (non-onc); Oncology,,,INTERVENTIONAL,PHASE1,ImmuneOnco Biopharmaceuticals (Shanghai) Inc.,,Hematologic Malignancy,IMM01,DRUG,2019-11-19,2022-10-26,2022-10-26,2023-05-16,https://clinicaltrials.gov/study/NCT05860075,BIOLOGICAL_FAILURE,EFFICACY_FUTILITY,,False,2.0.0,1b84881a091ec8775ad3,REVIEWED_EXACT
NCT03823131,"Optimizing Antitumor Immunity Using Plasmid Electroporation, Pembrolizumab, and Epacadostat",TERMINATED,Treatment Ineffective,BIOLOGICAL_FAILURE,EFFICACY/FUTILITY,HIGH,v=2.0.0;outcome=BIOLOGICAL_FAILURE;primary=EFFICACY_FUTILITY;reviewed.exact_reason:Treatment ineffective,Oncology,Oncology,,,INTERVENTIONAL,PHASE2,"Chase Heaton, MD",Incyte Corporation; OncoSec Medical Incorporated,Metastatic Head and Neck Squamous Cell Carcinoma; Recurrent Head and Neck Squamous Cell Carcinoma; Unresectable Head and Neck Squamous Cell Carcinoma,ImmunoPulse; Epacadostat; Pembrolizumab; CORVax; Tavokinogene telseplasmid,DEVICE; DRUG; DRUG; BIOLOGICAL; DRUG,2019-05-02,2022-07-31,2022-07-31,2023-05-09,https://clinicaltrials.gov/study/NCT03823131,BIOLOGICAL_FAILURE,EFFICACY_FUTILITY,,False,2.0.0,df60a01140c3cddf0f96,REVIEWED_EXACT
NCT03884517,Clinical Trial of BAT8003 (for Injection) for Patients With Advanced Epithelial Cancer,TERMINATED,"Considering that the safety risk will affect the subsequent development, it is decided to terminate the test voluntarily",BIOLOGICAL_FAILURE,SAFETY,HIGH,"v=2.0.0;outcome=BIOLOGICAL_FAILURE;primary=SAFETY;reviewed.exact_reason:Considering that the safety risk will affect the subsequent development, it is decided to terminate the test voluntarily",Oncology,Oncology,,,INTERVENTIONAL,PHASE1,Bio-Thera Solutions,,Advanced Solid Cancer,BAT8003,DRUG,2019-03-15,2021-02-08,2021-02-08,2023-05-01,https://clinicaltrials.gov/study/NCT03884517,BIOLOGICAL_FAILURE,SAFETY,,False,2.0.0,bbf83066378235074280,REVIEWED_EXACT
NCT05001724,KN046 Plus Lenvatinib in Subject With Advanced Non-Small Cell Lung Cancer in the Failure of Anti-PD-(L)1 Agent,TERMINATED,"Because the efficacy data did not meet expectations, the sponsor decided to terminate the study.",BIOLOGICAL_FAILURE,EFFICACY/FUTILITY,HIGH,"v=2.0.0;outcome=BIOLOGICAL_FAILURE;primary=EFFICACY_FUTILITY;reviewed.exact_reason:Because the efficacy data did not meet expectations, the sponsor decided to terminate the study.",Oncology,Oncology; Respiratory,,,INTERVENTIONAL,PHASE2; PHASE3,"Jiangsu Alphamab Biopharmaceuticals Co., Ltd",,Advanced Non-small Cell Lung Cancer,KN046; Lenvatinib; Docetaxel,BIOLOGICAL; DRUG; DRUG,2021-10-28,2023-02-13,2023-04-07,2023-04-25,https://clinicaltrials.gov/study/NCT05001724,BIOLOGICAL_FAILURE,EFFICACY_FUTILITY,,False,2.0.0,a10cf4a36a27d03208a2,REVIEWED_EXACT
NCT04775680,Study of ADG106 In Combination With PD-1 Antibody In Advanced or Metastatic Solid Tumors and/or Non Hodgkin Lymphoma,TERMINATED,The safety of ADG106 combined with triprilimab has been fully understood.The overall clinical benefit of enrolled subjects was limited and further development of ADG106 was reconsidered.,BIOLOGICAL_FAILURE,EFFICACY/FUTILITY,HIGH,v=2.0.0;outcome=BIOLOGICAL_FAILURE;primary=EFFICACY_FUTILITY;reviewed.exact_reason:The safety of ADG106 combined with triprilimab has been fully understood.The overall clinical benefit of enrolled subjects was limited and further development of ADG106 was reconsi,Oncology,Oncology,,,INTERVENTIONAL,PHASE1; PHASE2,Adagene (Suzhou) Limited,,Solid Tumor; Non Hodgkin Lymphoma,ADG106 injection; PD-1 antibody injection,BIOLOGICAL; BIOLOGICAL,2021-03-11,2023-02-09,2023-02-09,2023-04-24,https://clinicaltrials.gov/study/NCT04775680,BIOLOGICAL_FAILURE,EFFICACY_FUTILITY,,False,2.0.0,6e327245e80496bea5e3,REVIEWED_EXACT
NCT01160926,Dual REctcal Angiogenesis or MEK Inhibition radioTHERAPY Trial,TERMINATED,2 DLTs had been reported from first 4 patients on lowest possible dose cohort.,BIOLOGICAL_FAILURE,SAFETY,HIGH,v=2.0.0;outcome=BIOLOGICAL_FAILURE;primary=SAFETY;reviewed.exact_reason:2 DLTs had been reported from first 4 patients on lowest possible dose cohort.,Oncology,Oncology,,,INTERVENTIONAL,PHASE1,The Christie NHS Foundation Trust,Cancer Research UK; AstraZeneca,Rectal Cancer,AZD6244; Cediranib (AZD2171),DRUG; DRUG,2010-07,2013-10,2016-11-04,2023-04-24,https://clinicaltrials.gov/study/NCT01160926,BIOLOGICAL_FAILURE,SAFETY,,False,2.0.0,cc74c4c95258efdba5c1,REVIEWED_EXACT
NCT04650451,Safety and Activity Study of HER2-Targeted Dual Switch CAR-T Cells (BPX-603) in Subjects With HER2-Positive Solid Tumors,SUSPENDED,Due to a Dose Limiting Toxicity in another sister trial with same technology.,BIOLOGICAL_FAILURE,SAFETY,HIGH,v=2.0.0;outcome=BIOLOGICAL_FAILURE;primary=SAFETY;reviewed.exact_reason:Due to a Dose Limiting Toxicity in another sister trial with same technology.,Oncology,Oncology,,,INTERVENTIONAL,PHASE1,Bellicum Pharmaceuticals,,"HER-2 Gene Amplification; HER2-positive Gastric Cancer; HER2-positive Breast Cancer; HER-2 Protein Overexpression; Solid Tumor, Adult",chimeric antigen receptor (CAR) T cell therapy,BIOLOGICAL,2020-12-07,2025-12-31,2027-01-02,2023-04-20,https://clinicaltrials.gov/study/NCT04650451,BIOLOGICAL_FAILURE,SAFETY,,False,2.0.0,55c887ed8f9c22051147,REVIEWED_EXACT
NCT03790111,A Safety and Efficacy Study of XERMELO® + First-line Chemotherapy in Patients With Advanced Biliary Tract Cancer,TERMINATED,Did not meet pre-specified Progression-Free Survival at Month 6 for Stage 2 Analysis,BIOLOGICAL_FAILURE,EFFICACY/FUTILITY,HIGH,v=2.0.0;outcome=BIOLOGICAL_FAILURE;primary=EFFICACY_FUTILITY;reviewed.exact_reason:Did not meet pre-specified Progression-Free Survival at Month 6 for Stage 2 Analysis,Oncology,Oncology,,,INTERVENTIONAL,PHASE2,TerSera Therapeutics LLC,,Biliary Tract Cancer (BTC),telotristat ethyl,DRUG,2019-03-13,2022-01-13,2022-01-13,2023-04-19,https://clinicaltrials.gov/study/NCT03790111,BIOLOGICAL_FAILURE,EFFICACY_FUTILITY,,False,2.0.0,977916f4bff97c007f88,REVIEWED_EXACT
NCT03642132,Avelumab and Talazoparib in Untreated Advanced Ovarian Cancer (JAVELIN OVARIAN PARP 100),TERMINATED,"Phase 3 B9991010 study was stopped due to futility of efficacy at interim analysis on 21Dec2018, and approvals of PARP inhibitors in front-line maintenance setting, Pfizer decided stopping enrollment in the B9991030 study on 19Mar2019.",BIOLOGICAL_FAILURE,EFFICACY/FUTILITY,HIGH,v=2.0.0;outcome=BIOLOGICAL_FAILURE;primary=EFFICACY_FUTILITY;eff.futility:futility,Oncology,Oncology,,,INTERVENTIONAL,PHASE3,Pfizer,,Ovarian Cancer,Chemotherapy + avelumab followed by avelumab + talazoparib; Chemotherapy followed by talazoparib maintenance; Chemotherapy + bevacizumab followed by bevacizumab,DRUG; DRUG; DRUG,2018-07-19,2021-12-22,2021-12-22,2023-04-06,https://clinicaltrials.gov/study/NCT03642132,BIOLOGICAL_FAILURE,EFFICACY_FUTILITY,,False,2.0.0,7eefae3871dd5b63d48a,RULE_V2
NCT02332928,Melatonin Supplementation for Cancer-related Fatigue in Patients Receiving Radiotherapy,TERMINATED,Lack of efficacy,BIOLOGICAL_FAILURE,EFFICACY/FUTILITY,HIGH,v=2.0.0;outcome=BIOLOGICAL_FAILURE;primary=EFFICACY_FUTILITY;reviewed.exact_reason:Lack of efficacy,Oncology,Oncology,,,INTERVENTIONAL,PHASE3,Virginia Commonwealth University,National Cancer Institute (NCI),Breast Cancer - Female,Melatonin; Placebo,DRUG; DRUG,2015-03-25,2021-06-02,2021-06-02,2023-03-30,https://clinicaltrials.gov/study/NCT02332928,BIOLOGICAL_FAILURE,EFFICACY_FUTILITY,,False,2.0.0,4431292a7cce2b3e9aed,REVIEWED_EXACT
NCT02771626,"Study CB-839 in Combination With Nivolumab in Patients With Melanoma, Clear Cell Renal Cell Carcinoma (ccRCC) and Non-Small Cell Lung Cancer (NSCLC)",TERMINATED,lack of efficacy,BIOLOGICAL_FAILURE,EFFICACY/FUTILITY,HIGH,v=2.0.0;outcome=BIOLOGICAL_FAILURE;primary=EFFICACY_FUTILITY;reviewed.exact_reason:Lack of efficacy,Oncology,Oncology; Renal & Urology; Respiratory,,,INTERVENTIONAL,PHASE1; PHASE2,"Calithera Biosciences, Inc",,Clear Cell Renal Cell Carcinoma (ccRCC); Melanoma; Non-small Cell Lung Cancer (NSCLC),CB-839; Nivolumab,DRUG; DRUG,2016-08-01,2020-04-24,2020-04-24,2023-03-17,https://clinicaltrials.gov/study/NCT02771626,BIOLOGICAL_FAILURE,EFFICACY_FUTILITY,,False,2.0.0,4431292a7cce2b3e9aed,REVIEWED_EXACT
NCT01709734,"A 2 Part, Phase 2 Trial of Galeterone in the Treatment of Castration Resistant Prostate Cancer",TERMINATED,"Study was terminated prematurely in all investigational study centers upon recommendation from the study's Data Monitoring Committee (DMC).

Study was stopped due to lack of efficacy.",BIOLOGICAL_FAILURE,EFFICACY/FUTILITY,HIGH,v=2.0.0;outcome=BIOLOGICAL_FAILURE;primary=EFFICACY_FUTILITY;reviewed.exact_reason:Study was terminated prematurely in all investigational study centers upon recommendation from the study's Data Monitoring Committee (DMC). Study was stopped due to lack of efficac,Oncology,Oncology; Renal & Urology,,,INTERVENTIONAL,PHASE2,"LTN PHARMACEUTICALS, INC.",,Prostate Cancer,galeterone,DRUG,2012-12,2016-09,2016-09,2023-03-15,https://clinicaltrials.gov/study/NCT01709734,BIOLOGICAL_FAILURE,EFFICACY_FUTILITY,,False,2.0.0,df1d5947a48644b37ed2,REVIEWED_EXACT
NCT03030131,Immune Neoadjuvant Therapy Study of Durvalumab in Early Stage Non-small Cell Lung Cancer,TERMINATED,Definitive discontinuation according to safety monitoring of death from the 46th patient onwards.,BIOLOGICAL_FAILURE,SAFETY,HIGH,v=2.0.0;outcome=BIOLOGICAL_FAILURE;primary=SAFETY;reviewed.exact_reason:Definitive discontinuation according to safety monitoring of death from the 46th patient onwards.,Oncology,Oncology; Respiratory,,,INTERVENTIONAL,PHASE2,Intergroupe Francophone de Cancerologie Thoracique,,"Carcinoma, Non-Small-Cell Lung",Durvalumab,DRUG,2017-01-12,2019-08-28,2019-08-28,2023-03-14,https://clinicaltrials.gov/study/NCT03030131,BIOLOGICAL_FAILURE,SAFETY,,False,2.0.0,e7b9cfdc097bc4cfc49c,REVIEWED_EXACT
NCT03878927,"CPX-351+GO in Subjects 55 Years Old, or Older, With AML",TERMINATED,Dose limiting toxicities.,BIOLOGICAL_FAILURE,SAFETY,HIGH,v=2.0.0;outcome=BIOLOGICAL_FAILURE;primary=SAFETY;reviewed.exact_reason:Dose limiting toxicities.,Oncology,Oncology,,,INTERVENTIONAL,PHASE1,Weill Medical College of Cornell University,Jazz Pharmaceuticals; Pfizer,Acute Myeloid Leukemia,CPX-351; Gemtuzumab Ozogamicin,DRUG; DRUG,2019-08-23,2022-08-15,2022-09-01,2023-03-10,https://clinicaltrials.gov/study/NCT03878927,BIOLOGICAL_FAILURE,SAFETY,,False,2.0.0,347f6d9997c44395021d,REVIEWED_EXACT
NCT03838848,KN046 in Patients With Advanced Non-small Cell Lung Cancer,TERMINATED,"Cohort A,B,C end enrollments. Cohort D and E were considered to have no significant clinical benefit at the SMC meeting and decided to terminate enrollment.",BIOLOGICAL_FAILURE,EFFICACY/FUTILITY,HIGH,"v=2.0.0;outcome=BIOLOGICAL_FAILURE;primary=EFFICACY_FUTILITY;reviewed.exact_reason:Cohort A,B,C end enrollments. Cohort D and E were considered to have no significant clinical benefit at the SMC meeting and decided to terminate enrollment.",Oncology,Oncology; Respiratory,,,INTERVENTIONAL,PHASE2,"Jiangsu Alphamab Biopharmaceuticals Co., Ltd",,Stage IV Non-small Cell Lung Cancer,KN046; KN046; KN046; Carboplatin; Pemetrexed; Ningetinib,DRUG; DRUG; DRUG; DRUG; DRUG; DRUG,2019-05-05,2022-07-30,2022-07-30,2023-03-02,https://clinicaltrials.gov/study/NCT03838848,BIOLOGICAL_FAILURE,EFFICACY_FUTILITY,,False,2.0.0,53a779679e05396eaf80,REVIEWED_EXACT
NCT04438902,Osimertinib Combined With Anlotinib in EGFR T790M Mutated NSCLC Patients With Progression on Osimertinib Treatment,TERMINATED,Many patients can't tolerate the combination treatment due to adverse events.,BIOLOGICAL_FAILURE,SAFETY,HIGH,v=2.0.0;outcome=BIOLOGICAL_FAILURE;primary=SAFETY;reviewed.exact_reason:Many patients can't tolerate the combination treatment due to adverse events.,Oncology,Oncology; Respiratory,,,INTERVENTIONAL,PHASE2,First Affiliated Hospital of Zhejiang University,,Non Small Cell Lung Cancer,osimertinib mesylate tablets and anlotinib hydrochloride capsules,DRUG,2020-12-12,2022-12-08,2023-02-16,2023-02-21,https://clinicaltrials.gov/study/NCT04438902,BIOLOGICAL_FAILURE,SAFETY,,False,2.0.0,b3b9384585f091fa594a,REVIEWED_EXACT
NCT03791398,BrUOG 379 Phase Ib/II Trial ONC201 + Nivolumab in MSS mCRC,TERMINATED,Lack of efficacy,BIOLOGICAL_FAILURE,EFFICACY/FUTILITY,HIGH,v=2.0.0;outcome=BIOLOGICAL_FAILURE;primary=EFFICACY_FUTILITY;reviewed.exact_reason:Lack of efficacy,Oncology,Oncology,,,INTERVENTIONAL,PHASE1; PHASE2,Brown University,"Rhode Island Hospital; Bristol-Myers Squibb; Oncoceutics, Inc.",Metastatic Colorectal Cancer,Dose level 1 ONC201 625mg; Dose level 2 ONC201 500mg; Dose level 3 ONC201 375mg,DRUG; DRUG; DRUG,2019-11-15,2021-06-16,2021-08-05,2023-02-17,https://clinicaltrials.gov/study/NCT03791398,BIOLOGICAL_FAILURE,EFFICACY_FUTILITY,,False,2.0.0,4431292a7cce2b3e9aed,REVIEWED_EXACT
NCT03663166,Radiation and Chemotherapy With Ipilimumab Followed by Nivolumab for Patients With Stage III Unresectable Non-Small Cell Lung Cancer (NSCLC),TERMINATED,Increased SAE occurrence per PI,BIOLOGICAL_FAILURE,SAFETY,HIGH,v=2.0.0;outcome=BIOLOGICAL_FAILURE;primary=SAFETY;reviewed.exact_reason:Increased SAE occurrence per PI,Oncology,Oncology; Respiratory,,,INTERVENTIONAL,PHASE1; PHASE2,H. Lee Moffitt Cancer Center and Research Institute,,"Carcinoma, Non-Small-Cell Lung",Thoracic Radiotherapy; Platinum Based Chemotherapy; ipilimumab; Nivolumab,RADIATION; DRUG; DRUG; DRUG,2018-11-20,2021-10-22,2021-10-22,2023-02-15,https://clinicaltrials.gov/study/NCT03663166,BIOLOGICAL_FAILURE,SAFETY,,False,2.0.0,0299e673febd01051ff7,REVIEWED_EXACT
NCT03504410,Efficacy/Safety of CPI-613 in Combination With HD Cyt. and Mito. vs HD Cyt. and Mito. in Older Patients With R/R AML,TERMINATED,Futile,BIOLOGICAL_FAILURE,EFFICACY/FUTILITY,HIGH,v=2.0.0;outcome=BIOLOGICAL_FAILURE;primary=EFFICACY_FUTILITY;reviewed.exact_reason:Futile,Oncology,Oncology,,,INTERVENTIONAL,PHASE3,Cornerstone Pharmaceuticals,,Relapsed/Refractory Acute Myeloid Leukemia,"CPI-613 + High Dose Cytarabine and Mitoxantrone; High Dose Cytarabine and Mitoxantrone; Mitoxantrone, Etoposide and Cytarabine; Fludarabine, Cytarabine, Filgrastim",DRUG; DRUG; DRUG; DRUG,2018-11-12,2021-10-25,2022-01-19,2023-02-08,https://clinicaltrials.gov/study/NCT03504410,BIOLOGICAL_FAILURE,EFFICACY_FUTILITY,,False,2.0.0,a93b64c0cbd3fc9b5b79,REVIEWED_EXACT
NCT03370302,"A Study to Evaluate the Safety, Tolerability, and Pharmacokinetics (PK) of TAK-228 as Single Agent in Adult East Asian Participants With Advanced Nonhematological Malignancies",TERMINATED,"More favorable safety profile was observed in QD schedule, therefore further enrollment in QW schedule was terminated.",BIOLOGICAL_FAILURE,SAFETY,HIGH,"v=2.0.0;outcome=BIOLOGICAL_FAILURE;primary=SAFETY;reviewed.exact_reason:More favorable safety profile was observed in QD schedule, therefore further enrollment in QW schedule was terminated.",Hematology (non-onc),Hematology (non-onc); Oncology,,,INTERVENTIONAL,PHASE1,"Calithera Biosciences, Inc",,Advanced Nonhematological Neoplasms,TAK-228,DRUG,2018-01-17,2019-08-28,2019-08-28,2023-02-08,https://clinicaltrials.gov/study/NCT03370302,BIOLOGICAL_FAILURE,SAFETY,,False,2.0.0,588dbda451d964fdddff,REVIEWED_EXACT
NCT03123393,TAK-659 in Participants With Relapsed or Refractory Diffuse Large B-Cell Lymphoma (DLBCL),TERMINATED,Lack of efficacy of the drug; no safety concern,BIOLOGICAL_FAILURE,EFFICACY/FUTILITY,HIGH,v=2.0.0;outcome=BIOLOGICAL_FAILURE;primary=EFFICACY_FUTILITY;reviewed.exact_reason:Lack of efficacy of the drug; no safety concern,Oncology,Oncology,,,INTERVENTIONAL,PHASE2,"Calithera Biosciences, Inc",,Diffuse Large B-cell Lymphoma,TAK-659,DRUG,2017-10-10,2019-12-17,2019-12-17,2023-02-08,https://clinicaltrials.gov/study/NCT03123393,BIOLOGICAL_FAILURE,EFFICACY_FUTILITY,,False,2.0.0,9600cd4587926505bcab,REVIEWED_EXACT
NCT02834247,A Study of TAK-659 in Combination With Nivolumab in Participants With Advanced Solid Tumors,TERMINATED,Insufficient efficacy of drug; no safety concern,BIOLOGICAL_FAILURE,EFFICACY/FUTILITY,HIGH,v=2.0.0;outcome=BIOLOGICAL_FAILURE;primary=EFFICACY_FUTILITY;reviewed.exact_reason:Insufficient efficacy of drug; no safety concern,Oncology,Oncology; Respiratory,,,INTERVENTIONAL,PHASE1,"Calithera Biosciences, Inc",,"Triple-Negative Breast Neoplasms; Carcinoma, Non-Small-Cell Lung; Head and Neck Carcinoma, Squamous Cell; Advanced Solid Tumors",TAK-659; Nivolumab,DRUG; DRUG,2016-08-12,2018-11-30,2018-11-30,2023-02-08,https://clinicaltrials.gov/study/NCT02834247,BIOLOGICAL_FAILURE,EFFICACY_FUTILITY,,False,2.0.0,61deb495952e032b98ad,REVIEWED_EXACT
NCT04784520,A Study of HA121-28 Tablets in Advanced Biliary Tract Cancer,TERMINATED,The primary endpoint did not meet expectation.,BIOLOGICAL_FAILURE,EFFICACY/FUTILITY,HIGH,v=2.0.0;outcome=BIOLOGICAL_FAILURE;primary=EFFICACY_FUTILITY;reviewed.exact_reason:The primary endpoint did not meet expectation.,Oncology,Oncology,,,INTERVENTIONAL,PHASE2,"CSPC ZhongQi Pharmaceutical Technology Co., Ltd.",,Biliary Tract Cancer,HA121-28 tablets,DRUG,2021-06-22,2022-12-28,2022-12-28,2023-02-06,https://clinicaltrials.gov/study/NCT04784520,BIOLOGICAL_FAILURE,EFFICACY_FUTILITY,,False,2.0.0,5949ead568b1b073e2bf,REVIEWED_EXACT
NCT02449681,Study for Treatment of Patients With Recurrent or Metastatic Squamous Cell Carcinoma of the Head and Neck or Skin,TERMINATED,Lack of efficacy,BIOLOGICAL_FAILURE,EFFICACY/FUTILITY,HIGH,v=2.0.0;outcome=BIOLOGICAL_FAILURE;primary=EFFICACY_FUTILITY;reviewed.exact_reason:Lack of efficacy,Oncology,Oncology,,,INTERVENTIONAL,PHASE2,Rain Oncology Inc,,Metastatic Head-and-neck Squamous-cell Carcinoma,TH-4000 (Tarloxotinib),DRUG,2015-08,2017-01,2017-01-31,2023-01-12,https://clinicaltrials.gov/study/NCT02449681,BIOLOGICAL_FAILURE,EFFICACY_FUTILITY,,False,2.0.0,4431292a7cce2b3e9aed,REVIEWED_EXACT
NCT02454842,"Study for Treatment With TH-4000 (Tarloxotinib) in Epidermal Growth Factor Receptor (EGFR) Mutant, T790M-negative Non-small Cell Lung Cancer (NSCLC) Patients",TERMINATED,Lack of efficacy,BIOLOGICAL_FAILURE,EFFICACY/FUTILITY,HIGH,v=2.0.0;outcome=BIOLOGICAL_FAILURE;primary=EFFICACY_FUTILITY;reviewed.exact_reason:Lack of efficacy,Oncology,Oncology; Respiratory,,,INTERVENTIONAL,PHASE2,Rain Oncology Inc,,Non-small Cell Lung Cancer; NSCLC; Non-squamous NSCLC,TH-4000 (Tarloxotinib),DRUG,2015-06,2017-01,2017-01-31,2023-01-12,https://clinicaltrials.gov/study/NCT02454842,BIOLOGICAL_FAILURE,EFFICACY_FUTILITY,,False,2.0.0,4431292a7cce2b3e9aed,REVIEWED_EXACT
NCT01005914,Pegaspargase and Combination Chemotherapy in Treating Patients With Newly Diagnosed Acute Lymphoblastic Leukemia,TERMINATED,Increased rate of bacterial infections,BIOLOGICAL_FAILURE,SAFETY,HIGH,v=2.0.0;outcome=BIOLOGICAL_FAILURE;primary=SAFETY;reviewed.exact_reason:Increased rate of bacterial infections,Oncology,Oncology,,,INTERVENTIONAL,PHASE2,OHSU Knight Cancer Institute,,Leukemia,cyclophosphamide; cytarabine; dexamethasone; doxorubicin hydrochloride; imatinib mesylate; methotrexate; methylprednisolone; pegaspargase; vincristine sulfate,DRUG; DRUG; DRUG; DRUG; DRUG; DRUG; DRUG; DRUG; DRUG,2009-06,2013-03,2014-05,2023-01-06,https://clinicaltrials.gov/study/NCT01005914,BIOLOGICAL_FAILURE,SAFETY,,False,2.0.0,817a6732dd79c70dac04,REVIEWED_EXACT
NCT00849667,Efficacy and Safety of Farletuzumab (MORAb-003) in Combination With Carboplatin and Taxane in Participants With Platinum-sensitive Ovarian Cancer in First Relapse,TERMINATED,Lack of efficacy,BIOLOGICAL_FAILURE,EFFICACY/FUTILITY,HIGH,v=2.0.0;outcome=BIOLOGICAL_FAILURE;primary=EFFICACY_FUTILITY;reviewed.exact_reason:Lack of efficacy,Oncology,Oncology,,,INTERVENTIONAL,PHASE3,Morphotek,Eisai Europe Ltd. (United Kingdom),Ovarian Cancer,Farletuzumab; Carboplatin; Taxane; Farletuzumab-matched placebo,DRUG; DRUG; DRUG; DRUG,2009-04-16,2012-12-31,2013-04-12,2022-12-30,https://clinicaltrials.gov/study/NCT00849667,BIOLOGICAL_FAILURE,EFFICACY_FUTILITY,,False,2.0.0,4431292a7cce2b3e9aed,REVIEWED_EXACT
NCT00887926,Study of IMC-EB10 in Participant With Leukemia,TERMINATED,Lack of efficacy,BIOLOGICAL_FAILURE,EFFICACY/FUTILITY,HIGH,v=2.0.0;outcome=BIOLOGICAL_FAILURE;primary=EFFICACY_FUTILITY;reviewed.exact_reason:Lack of efficacy,Oncology,Oncology,,,INTERVENTIONAL,PHASE1,Eli Lilly and Company,,Myeloid Leukemia,IMC-EB10,BIOLOGICAL,2009-06,2010-08,2010-08,2022-12-22,https://clinicaltrials.gov/study/NCT00887926,BIOLOGICAL_FAILURE,EFFICACY_FUTILITY,,False,2.0.0,4431292a7cce2b3e9aed,REVIEWED_EXACT
NCT02052193,Evaluation of Photosensitivity in Dabrafenib or Vemurafenib Treated Metastatic Melanoma Patients - a Phase IIa/IIb Study,TERMINATED,Second cohort not opened because Simon-Two\_Step model failed,BIOLOGICAL_FAILURE,EFFICACY/FUTILITY,HIGH,v=2.0.0;outcome=BIOLOGICAL_FAILURE;primary=EFFICACY_FUTILITY;reviewed.exact_reason:Second cohort not opened because Simon-Two\_Step model failed,Oncology,Oncology,,,INTERVENTIONAL,PHASE2,University Hospital Tuebingen,,Metastatic Melanoma (Carrying BRAF V600 Mutation),Dabrafenib; Vemurafenib,DRUG; DRUG,2014-01,2014-12,2014-12-15,2022-12-19,https://clinicaltrials.gov/study/NCT02052193,BIOLOGICAL_FAILURE,EFFICACY_FUTILITY,,False,2.0.0,6ecf8e087101fc2a8dad,REVIEWED_EXACT
NCT02978222,Folate Receptor Alpha Peptide Vaccine With GM-CSF Versus GM-CSF Alone in Patients With Platinum Sensitive Ovarian Cancer,TERMINATED,Futility analysis did not support continuation of the trial,BIOLOGICAL_FAILURE,EFFICACY/FUTILITY,HIGH,v=2.0.0;outcome=BIOLOGICAL_FAILURE;primary=EFFICACY_FUTILITY;reviewed.exact_reason:Futility analysis did not support continuation of the trial,Oncology,Oncology,,,INTERVENTIONAL,PHASE2,"Marker Therapeutics, Inc.",,Platinum Sensitive Ovarian Cancer; Ovarian Cancer,FRα peptide plus Adjuvant (GM-CSF); Adjuvant (GM-CSF) Alone,BIOLOGICAL; DRUG,2017-07-20,2020-01-15,2020-01-15,2022-12-15,https://clinicaltrials.gov/study/NCT02978222,BIOLOGICAL_FAILURE,EFFICACY_FUTILITY,,False,2.0.0,102fb4fd51040927623e,REVIEWED_EXACT
NCT00543712,A Study of PRO95780 in Patients With Advanced Chondrosarcoma (APM4171g),TERMINATED,Efficacy not evident in this population.,BIOLOGICAL_FAILURE,EFFICACY/FUTILITY,HIGH,v=2.0.0;outcome=BIOLOGICAL_FAILURE;primary=EFFICACY_FUTILITY;reviewed.exact_reason:Efficacy not evident in this population.,Oncology,Oncology,,,INTERVENTIONAL,PHASE2,"Genentech, Inc.",,Chondrosarcoma,PRO95780,DRUG,2007-05-31,2008-05-05,2008-05-05,2022-12-13,https://clinicaltrials.gov/study/NCT00543712,BIOLOGICAL_FAILURE,EFFICACY_FUTILITY,,False,2.0.0,b8fc4098d6acb5104b5c,REVIEWED_EXACT
NCT02703272,A Safety and Efficacy Study of Ibrutinib in Pediatric and Young Adult Participants With Relapsed or Refractory Mature B-cell Non-Hodgkin Lymphoma,TERMINATED,"IDMC recommended that enrolment be stoped, as the EFS hazard ratio and associated p-value crossed the futility boundary specified in protocol (July 2020).",BIOLOGICAL_FAILURE,EFFICACY/FUTILITY,HIGH,"v=2.0.0;outcome=BIOLOGICAL_FAILURE;primary=EFFICACY_FUTILITY;reviewed.exact_reason:IDMC recommended that enrolment be stoped, as the EFS hazard ratio and associated p-value crossed the futility boundary specified in protocol (July 2020).",Oncology,Oncology,,,INTERVENTIONAL,PHASE3,"Janssen Research & Development, LLC",Pharmacyclics LLC.,"Lymphoma, Non-Hodgkin",Ibrutinib; Rituximab; Ifosfamide; Carboplatin; Etoposide; Vincristine; Idarubicin; Dexamethasone,DRUG; DRUG; DRUG; DRUG; DRUG; DRUG; DRUG; DRUG,2016-07-01,2021-06-11,2021-06-11,2022-12-02,https://clinicaltrials.gov/study/NCT02703272,BIOLOGICAL_FAILURE,EFFICACY_FUTILITY,,False,2.0.0,01d4e106fb713eb191c1,REVIEWED_EXACT
NCT01905592,"A Phase III Trial of Niraparib Versus Physician's Choice in HER2 Negative, Germline BRCA Mutation-positive Breast Cancer Patients",TERMINATED,The study was terminated due to futility.,BIOLOGICAL_FAILURE,EFFICACY/FUTILITY,HIGH,v=2.0.0;outcome=BIOLOGICAL_FAILURE;primary=EFFICACY_FUTILITY;reviewed.exact_reason:The study was terminated due to futility.,Oncology,Oncology,,,INTERVENTIONAL,PHASE3,"Tesaro, Inc.","European Organisation for Research and Treatment of Cancer - EORTC; Breast International Group; Myriad Genetic Laboratories, Inc.; US Oncology Research; Sarah Cannon; Facing Our Risk of Cancer Empowered","Neoplasms, Breast; Carcinoma of Breast; Human Epidermal Growth Factor 2 Negative Carcinoma of Breast; BRCA1 Gene Mutation; BRCA2 Gene Mutation; Ovarian Neoplasms",niraparib; Physician's choice,DRUG; DRUG,2014-02-25,2018-05-23,2021-10-26,2022-11-15,https://clinicaltrials.gov/study/NCT01905592,BIOLOGICAL_FAILURE,EFFICACY_FUTILITY,,False,2.0.0,fa782e95f7cd30ddd6ab,REVIEWED_EXACT
NCT03784599,T-DM1 and Osimertinib Combination Treatment to Target HER2 Bypass Track Resistance in EGFR Mutation Positive NSCLC,TERMINATED,insufficient effectiveness,BIOLOGICAL_FAILURE,EFFICACY/FUTILITY,HIGH,v=2.0.0;outcome=BIOLOGICAL_FAILURE;primary=EFFICACY_FUTILITY;reviewed.exact_reason:insufficient effectiveness,Oncology,Oncology; Respiratory,,,INTERVENTIONAL,PHASE2,The Netherlands Cancer Institute,AstraZeneca; Roche Pharma AG,"Carcinoma, Non-Small-Cell Lung",Trastuzumab emtansine; Osimertinib,DRUG; DRUG,2018-12-18,2021-05-17,2021-05-17,2022-11-10,https://clinicaltrials.gov/study/NCT03784599,BIOLOGICAL_FAILURE,EFFICACY_FUTILITY,,False,2.0.0,0abecca88042b8add3df,REVIEWED_EXACT
NCT03445533,A Study of Tilsotolimod in Combo With Ipilimumab vs Ipilimumab Alone in Subjects With Anti-PD-1 Refractory Melanoma,TERMINATED,Lack of Efficacy,BIOLOGICAL_FAILURE,EFFICACY/FUTILITY,HIGH,v=2.0.0;outcome=BIOLOGICAL_FAILURE;primary=EFFICACY_FUTILITY;reviewed.exact_reason:Lack of efficacy,Oncology,Oncology,,,INTERVENTIONAL,PHASE3,"Idera Pharmaceuticals, Inc.",Bristol-Myers Squibb,Metastatic Melanoma,Ipilimumab; Tilsotolimod with Ipilimumab,DRUG; DRUG,2018-05-30,2021-06-01,2021-06-01,2022-11-08,https://clinicaltrials.gov/study/NCT03445533,BIOLOGICAL_FAILURE,EFFICACY_FUTILITY,,False,2.0.0,4431292a7cce2b3e9aed,REVIEWED_EXACT
NCT04142060,Targeting the PAM50 Her2-Enriched Phenotype With Enzalutamide in Hormone Receptor-Positive/Her2-Negative Metastatic BC,TERMINATED,Lack of effectiveness,BIOLOGICAL_FAILURE,EFFICACY/FUTILITY,HIGH,v=2.0.0;outcome=BIOLOGICAL_FAILURE;primary=EFFICACY_FUTILITY;reviewed.exact_reason:Lack of effectiveness,Oncology,Oncology,,,INTERVENTIONAL,PHASE2,SOLTI Breast Cancer Research Group,,Breast Cancer,Enzalutamide,DRUG,2020-06-01,2022-10-10,2022-10-10,2022-10-28,https://clinicaltrials.gov/study/NCT04142060,BIOLOGICAL_FAILURE,EFFICACY_FUTILITY,,False,2.0.0,25938ceea89bc15eb1a1,REVIEWED_EXACT
NCT04880564,A Study of CN1 in Combination With CN401 in Adult Patients With Relapsed/Refractory Lymphoid Malignancies,TERMINATED,Sponsor decided that there was no benefit in the drug treatment and due to company change in landscape in the new year.,BIOLOGICAL_FAILURE,EFFICACY/FUTILITY,HIGH,v=2.0.0;outcome=BIOLOGICAL_FAILURE;primary=EFFICACY_FUTILITY;eff.explicit_lack:no benefit,Oncology,Oncology,,,INTERVENTIONAL,PHASE1; PHASE2,Curon Biopharmaceutical (Australia) Co Pty Ltd,Novotech (Australia) Pty Limited,Relapsed Lymphoid Malignancies; Refractory Lymphoid Malignancies,"CN1, 0.5mg/kg and CN401, 400mg; CN1, 1mg/kg and CN401, 600mg; CN1, 1mg/kg and CN401, 800mg; CN1, 3mg/kg and CN401, 800mg; CN1, 10mg/kg and CN401, 800mg",DRUG; DRUG; DRUG; DRUG; DRUG,2021-07-28,2022-08-29,2022-09-30,2022-10-24,https://clinicaltrials.gov/study/NCT04880564,BIOLOGICAL_FAILURE,EFFICACY_FUTILITY,,False,2.0.0,ed229a3b82247476cfc1,RULE_V2
NCT00520533,Study of Safety and Functional Imaging of cG250 and Sunitinib in Patients With Advanced Renal Cell Carcinoma,TERMINATED,Closed prematurely due to toxicity,BIOLOGICAL_FAILURE,SAFETY,HIGH,v=2.0.0;outcome=BIOLOGICAL_FAILURE;primary=SAFETY;reviewed.exact_reason:Closed prematurely due to toxicity,Oncology,Oncology; Renal & Urology,,,INTERVENTIONAL,PHASE1,Ludwig Institute for Cancer Research,Pfizer; Heidelberg Pharma AG,Renal Cell Carcinoma (RCC),Chimeric monoclonal antibody cG250; Sunitinib malate,BIOLOGICAL; DRUG,2008-02,2011-07,2012-09,2022-10-12,https://clinicaltrials.gov/study/NCT00520533,BIOLOGICAL_FAILURE,SAFETY,,False,2.0.0,7e169fdbcbb246d884fb,REVIEWED_EXACT
NCT04022876,A Study of ALRN-6924 for the Prevention of Chemotherapy-induced Side Effects (Chemoprotection),TERMINATED,With a favorable safety profile the difference between treatment groups for the primary composite endpoint was not sufficient to generate statistically significant results with the targeted sample size,BIOLOGICAL_FAILURE,EFFICACY/FUTILITY,HIGH,v=2.0.0;outcome=BIOLOGICAL_FAILURE;primary=EFFICACY_FUTILITY;reviewed.exact_reason:With a favorable safety profile the difference between treatment groups for the primary composite endpoint was not sufficient to generate statistically significant results with the,Oncology,Oncology; Respiratory,,,INTERVENTIONAL,PHASE1,"Aileron Therapeutics, Inc.",,Non Small Cell Lung Cancer; Small-cell Lung Cancer,ALRN-6924; Carboplatin; Pemetrexed; Placebo; ALRN-6924; Topotecan,DRUG; DRUG; DRUG; DRUG; DRUG; DRUG,2019-09-03,2022-07-30,2022-08-30,2022-10-10,https://clinicaltrials.gov/study/NCT04022876,BIOLOGICAL_FAILURE,EFFICACY_FUTILITY,,False,2.0.0,016b804ee2cc05621485,REVIEWED_EXACT
NCT00293215,Biodistribution Study of CMD-193 in Patients With Advanced Tumours Expressing the Lewis-Y Antigen,TERMINATED,Abnormal distribution and lack of tumor targeting were observed.,BIOLOGICAL_FAILURE,EFFICACY/FUTILITY,HIGH,v=2.0.0;outcome=BIOLOGICAL_FAILURE;primary=EFFICACY_FUTILITY;reviewed.exact_reason:Abnormal distribution and lack of tumor targeting were observed.,Oncology,Oncology,,,INTERVENTIONAL,PHASE1,Ludwig Institute for Cancer Research,Wyeth is now a wholly owned subsidiary of Pfizer,Neoplasms,111-Indium-CMD-193; CMD-193,DRUG; DRUG,2006-02,2007-05,2007-05,2022-10-10,https://clinicaltrials.gov/study/NCT00293215,BIOLOGICAL_FAILURE,EFFICACY_FUTILITY,,False,2.0.0,4b64dedf79e4cadac769,REVIEWED_EXACT
NCT04861948,IBI188 Combination Therapy in Solid Tumors,TERMINATED,No signs of efficacy in solid tumors,BIOLOGICAL_FAILURE,EFFICACY/FUTILITY,HIGH,v=2.0.0;outcome=BIOLOGICAL_FAILURE;primary=EFFICACY_FUTILITY;reviewed.exact_reason:No signs of efficacy in solid tumors,Oncology,Musculoskeletal; Oncology; Respiratory,,,INTERVENTIONAL,PHASE1,Innovent Biologics (Suzhou) Co. Ltd.,,Solid Tumors; Lung Adenocarcinoma; Osteosarcoma,IBI188; GM-CSF; Cisplatin/Carboplatin; Bevacizumab; Sintilimab; Pemetrexed,DRUG; DRUG; DRUG; DRUG; DRUG; DRUG,2021-05-25,2022-07-30,2022-07-30,2022-10-04,https://clinicaltrials.gov/study/NCT04861948,BIOLOGICAL_FAILURE,EFFICACY_FUTILITY,,False,2.0.0,70792e380204fcda86f6,REVIEWED_EXACT
NCT04265534,"KEAPSAKE: A Study of Telaglenastat (CB-839) With Standard-of-Care Chemoimmunotherapy in 1L KEAP1/NRF2-Mutated, Nonsquamous NSCLC",TERMINATED,Lack of Clinical Benefit,BIOLOGICAL_FAILURE,EFFICACY/FUTILITY,HIGH,v=2.0.0;outcome=BIOLOGICAL_FAILURE;primary=EFFICACY_FUTILITY;reviewed.exact_reason:Lack of Clinical Benefit,Oncology,Oncology; Respiratory,,,INTERVENTIONAL,PHASE2,"Calithera Biosciences, Inc",,Non-Small Cell Lung Cancer; Non-squamous Non-small-cell Lung Cancer; Non-Squamous Non-Small Cell Neoplasm of Lung; KEAP1 Gene Mutation; NRF2 Gene Mutation; NFE2L2 Gene Mutation,Telaglenastat; Carboplatin Chemotherapy; Pemetrexed Chemotherapy; Pembrolizumab Immunotherapy; Placebo; Folic acid 400 -1000 μg; Vitamin B12 1000 μg; Dexamethasone 4 mg,DRUG; DRUG; DRUG; BIOLOGICAL; DRUG; DIETARY_SUPPLEMENT; DIETARY_SUPPLEMENT; DRUG,2020-07-24,2021-11-05,2022-02-09,2022-09-21,https://clinicaltrials.gov/study/NCT04265534,BIOLOGICAL_FAILURE,EFFICACY_FUTILITY,,False,2.0.0,6fa23511ce57fb98d2aa,REVIEWED_EXACT
NCT03955471,Study to Evaluate the Efficacy and Safety of the Combination of Niraparib and Dostarlimab (TSR-042) in Participants With Platinum Resistant Ovarian Cancer,TERMINATED,The study will not resume based on the results of a planned interim analysis that showed futility,BIOLOGICAL_FAILURE,EFFICACY/FUTILITY,HIGH,v=2.0.0;outcome=BIOLOGICAL_FAILURE;primary=EFFICACY_FUTILITY;reviewed.exact_reason:The study will not resume based on the results of a planned interim analysis that showed futility,Oncology,Oncology,,,INTERVENTIONAL,PHASE2,"Tesaro, Inc.",Gynecologic Oncology Group,Ovarian Neoplasms,Niraparib; Dostarlimab,DRUG; DRUG,2019-10-03,2021-08-18,2022-01-12,2022-09-10,https://clinicaltrials.gov/study/NCT03955471,BIOLOGICAL_FAILURE,EFFICACY_FUTILITY,,False,2.0.0,dcfbc01d1c8c63dde087,REVIEWED_EXACT
NCT00936832,Sunitinib Malate and Combination Chemotherapy as Front-Line Therapy in Treating Patients With Metastatic Rectal Cancer That Cannot Be Removed by Surgery,WITHDRAWN,because the sunitinib showed futility in anotehr trial,BIOLOGICAL_FAILURE,EFFICACY/FUTILITY,HIGH,v=2.0.0;outcome=BIOLOGICAL_FAILURE;primary=EFFICACY_FUTILITY;eff.futility:futility,Oncology,Oncology,,,INTERVENTIONAL,PHASE2,Federation Francophone de Cancerologie Digestive,,Colorectal Cancer; Metastatic Cancer,FOLFIRI regimen; fluorouracil; irinotecan hydrochloride; leucovorin calcium; sunitinib malate; laboratory biomarker analysis; pharmacogenomic studies; pharmacological study,DRUG; DRUG; DRUG; DRUG; DRUG; OTHER; OTHER; OTHER,2009-04,2010-03-24,2010-03-24,2022-08-30,https://clinicaltrials.gov/study/NCT00936832,BIOLOGICAL_FAILURE,EFFICACY_FUTILITY,,False,2.0.0,8870dc13697d9aa92b6e,RULE_V2
NCT02457910,Taselisib and Enzalutamide in Treating Patients With Androgen Receptor Positive Triple-Negative Metastatic Breast Cancer,TERMINATED,Interim analysis - toxicity,BIOLOGICAL_FAILURE,SAFETY,HIGH,v=2.0.0;outcome=BIOLOGICAL_FAILURE;primary=SAFETY;reviewed.exact_reason:Interim analysis - toxicity,Oncology,Oncology,,,INTERVENTIONAL,PHASE1; PHASE2,Vanderbilt-Ingram Cancer Center,"National Cancer Institute (NCI); Translational Breast Cancer Research Consortium; Conquer Cancer Foundation; Genentech, Inc.",Estrogen Receptor Negative; Estrogen Receptor Positive; HER2/Neu Negative; Progesterone Receptor Negative; Progesterone Receptor Positive; Stage IV Breast Cancer; Triple-Negative Breast Carcinoma,Biomarker Analysis; Enzalutamide; Pharmacological Study; Taselisib,OTHER; DRUG; OTHER; DRUG,2015-06,2018-12,2022-08-08,2022-08-22,https://clinicaltrials.gov/study/NCT02457910,BIOLOGICAL_FAILURE,SAFETY,,False,2.0.0,16e791af0bc05156e132,REVIEWED_EXACT
NCT03422523,"Atezolizumab, Rituximab, Gemcitabine and Oxaliplatin in Patients With Relapsed or Refractory DLBCL Not Suitable for High-dose Therapy",TERMINATED,Failure to reach pre-specified futility boundary,BIOLOGICAL_FAILURE,EFFICACY/FUTILITY,HIGH,v=2.0.0;outcome=BIOLOGICAL_FAILURE;primary=EFFICACY_FUTILITY;reviewed.exact_reason:Failure to reach pre-specified futility boundary,Oncology,Oncology,,,INTERVENTIONAL,PHASE2,University Hospital Southampton NHS Foundation Trust,Hoffmann-La Roche,Diffuse Large B Cell Lymphoma; Relapsed Diffuse Large B-Cell Lymphoma; Refractory Diffuse Large B-Cell Lymphoma,Atezolizumab; Rituximab; Gemcitabine 1000 mg; Oxaliplatin 100 MG,DRUG; DRUG; DRUG; DRUG,2018-05-09,2021-01-31,2021-11-18,2022-08-22,https://clinicaltrials.gov/study/NCT03422523,BIOLOGICAL_FAILURE,EFFICACY_FUTILITY,,False,2.0.0,861b98584161fb6eb30d,REVIEWED_EXACT
NCT04060342,GB1275 Monotherapy and in Combination With an Anti-PD1 Antibody in Patients With Specified Advanced Solid Tumors or in Combination With Standard of Care in Patients With Metastatic Pancreatic Adenocarcinoma,TERMINATED,No clear benefit of GB1275 was observed either as monotherapy or in combination with pembrolizumab.,BIOLOGICAL_FAILURE,EFFICACY/FUTILITY,HIGH,v=2.0.0;outcome=BIOLOGICAL_FAILURE;primary=EFFICACY_FUTILITY;reviewed.exact_reason:No clear benefit of GB1275 was observed either as monotherapy or in combination with pembrolizumab.,Gastroenterology & Hepatology,Gastroenterology & Hepatology; Oncology; Renal & Urology; Respiratory,,,INTERVENTIONAL,PHASE1,"GB006, Inc., a wholly owned subsidiary of Gossamer Bio, Inc.",Merck Sharp & Dohme LLC,Pancreatic Adenocarcinoma; Esophageal Adenocarcinoma; Esophageal Squamous Cell Carcinoma; Gastric Adenocarcinoma; Gastroesophageal Junction Adenocarcinoma; Triple Negative Breast Cancer; Castration-resistant Prostate Cancer; Microsatellite Stable Colorectal Cancer; Non-small Cell Lung Cancer; Small-cell Lung Cancer; Head and Neck Squamous Cell Carcinoma; Urothelial Carcinoma; Renal Cell Carcinoma; Hepatocellular Carcinoma,GB1275; nab-paclitaxel and gemcitabine; pembrolizumab,DRUG; DRUG; DRUG,2019-08-13,2022-04-11,2022-04-11,2022-08-18,https://clinicaltrials.gov/study/NCT04060342,BIOLOGICAL_FAILURE,EFFICACY_FUTILITY,,False,2.0.0,ad323b38551c386193a0,REVIEWED_EXACT
NCT03150056,Dose Escalation and Dose Expansion Study of GSK525762 in Combination With Androgen Deprivation Therapy in Participants With Castrate-resistant Prostate Cancer,TERMINATED,This study has been terminated due to meeting protocol defined futility.,BIOLOGICAL_FAILURE,EFFICACY/FUTILITY,HIGH,v=2.0.0;outcome=BIOLOGICAL_FAILURE;primary=EFFICACY_FUTILITY;reviewed.exact_reason:This study has been terminated due to meeting protocol defined futility.,Oncology,Oncology,,,INTERVENTIONAL,PHASE1,GlaxoSmithKline,,Solid Tumours,GSK525762; Abiraterone; Enzalutamide; Prednisone,DRUG; DRUG; DRUG; DRUG,2017-07-18,2020-07-31,2021-06-22,2022-08-10,https://clinicaltrials.gov/study/NCT03150056,BIOLOGICAL_FAILURE,EFFICACY_FUTILITY,,False,2.0.0,cdcb24184ed1cd0ee1bf,REVIEWED_EXACT
NCT04447235,Early Treatment With Ivermectin and LosarTAN for Cancer Patients With COVID-19 Infection,TERMINATED,futility analysis has demonstrated no difference between arms,BIOLOGICAL_FAILURE,EFFICACY/FUTILITY,HIGH,v=2.0.0;outcome=BIOLOGICAL_FAILURE;primary=EFFICACY_FUTILITY;reviewed.exact_reason:futility analysis has demonstrated no difference between arms,Infectious Disease,Infectious Disease; Oncology,,,INTERVENTIONAL,PHASE2,Instituto do Cancer do Estado de São Paulo,,Cancer; COVID; Coronavirus Infection,Placebo; Ivermectin; Losartan,DRUG; DRUG; DRUG,2020-07-23,2022-06-30,2022-06-30,2022-08-09,https://clinicaltrials.gov/study/NCT04447235,BIOLOGICAL_FAILURE,EFFICACY_FUTILITY,,False,2.0.0,9b1006af4fb840b8169c,REVIEWED_EXACT
NCT00394147,Pemetrexed and Gemcitabine in Patients With Advanced Head and Neck Cancer,TERMINATED,stopped for lack of efficacy,BIOLOGICAL_FAILURE,EFFICACY/FUTILITY,HIGH,v=2.0.0;outcome=BIOLOGICAL_FAILURE;primary=EFFICACY_FUTILITY;reviewed.exact_reason:stopped for lack of efficacy,Oncology,Oncology,,,INTERVENTIONAL,PHASE2,Fox Chase Cancer Center,Eli Lilly and Company,Head and Neck Cancer,pemetrexed; gemcitabine,DRUG; DRUG,2006-10,2008-08,2009-12,2022-08-05,https://clinicaltrials.gov/study/NCT00394147,BIOLOGICAL_FAILURE,EFFICACY_FUTILITY,,False,2.0.0,63d7afcd2558f3289b38,REVIEWED_EXACT
NCT02901548,Phase 2 Durvalumab (Medi4736) for Bacillus Calmette-Guérin (BCG) Refactory Urothelial Carcinoma in Situ of the Bladder,TERMINATED,Study closed early due to futility,BIOLOGICAL_FAILURE,EFFICACY/FUTILITY,HIGH,v=2.0.0;outcome=BIOLOGICAL_FAILURE;primary=EFFICACY_FUTILITY;reviewed.exact_reason:Study closed early due to futility,Oncology,Oncology; Renal & Urology,,,INTERVENTIONAL,PHASE2,H. Lee Moffitt Cancer Center and Research Institute,AstraZeneca,Carcinoma in Situ of Bladder; Bladder Cancer,Durvalumab; Cystoscopy with Biopsy,DRUG; PROCEDURE,2017-02-16,2020-07-24,2021-09-07,2022-07-29,https://clinicaltrials.gov/study/NCT02901548,BIOLOGICAL_FAILURE,EFFICACY_FUTILITY,,False,2.0.0,e5d37b4436abae88f4c4,REVIEWED_EXACT
NCT03147040,AssessinG Efficacy of Carboplatin and ATezOlizumab in Metastatic Lobular Breast Cancer,TERMINATED,At interim analysis insufficient benefit was observed to continu the study,BIOLOGICAL_FAILURE,EFFICACY/FUTILITY,HIGH,v=2.0.0;outcome=BIOLOGICAL_FAILURE;primary=EFFICACY_FUTILITY;reviewed.exact_reason:At interim analysis insufficient benefit was observed to continu the study,Oncology,Oncology,,,INTERVENTIONAL,PHASE2,The Netherlands Cancer Institute,Roche Pharma AG,Breast Cancer,Carboplatin; Atezolizumab,DRUG; DRUG,2017-11-02,2022-05-01,2022-07-01,2022-07-19,https://clinicaltrials.gov/study/NCT03147040,BIOLOGICAL_FAILURE,EFFICACY_FUTILITY,,False,2.0.0,1f9d13f7744353f27168,REVIEWED_EXACT
NCT01773395,GVAX vs. Placebo for MDS/AML After Allo HSCT,TERMINATED,Recommendation by the Data and Safety Monitoring Board due to efficacy concerns,BIOLOGICAL_FAILURE,EFFICACY/FUTILITY,HIGH,v=2.0.0;outcome=BIOLOGICAL_FAILURE;primary=EFFICACY_FUTILITY;reviewed.exact_reason:Recommendation by the Data and Safety Monitoring Board due to efficacy concerns,Oncology,Oncology,,,INTERVENTIONAL,PHASE2,Dana-Farber Cancer Institute,Massachusetts General Hospital; Beth Israel Deaconess Medical Center,Myelodysplastic Syndrome; Acute Myeloid Leukemia; Chronic Myelomonocytic Leukemia,GVAX; Placebo Vaccine; Allogeneic Hematopoietic Stem Cell Transplant; Busulfan; Fludarabine; Tacrolimus; Methotrexate,BIOLOGICAL; BIOLOGICAL; PROCEDURE; DRUG; DRUG; DRUG; DRUG,2013-01-08,2020-12-11,2021-11-24,2022-07-18,https://clinicaltrials.gov/study/NCT01773395,BIOLOGICAL_FAILURE,EFFICACY_FUTILITY,,False,2.0.0,7aa1236ef74f12a6b0ee,REVIEWED_EXACT
NCT03531827,"Combining CRLX101, a Nanoparticle Camptothecin, With Enzalutamide in People With Progressive Metastatic Castration Resistant Prostate Cancer Following Prior Enzalutamide Treatment",TERMINATED,Study was closed for toxicity.,BIOLOGICAL_FAILURE,SAFETY,HIGH,v=2.0.0;outcome=BIOLOGICAL_FAILURE;primary=SAFETY;reviewed.exact_reason:Study was closed for toxicity.,Oncology,Oncology; Renal & Urology,,,INTERVENTIONAL,PHASE2,National Cancer Institute (NCI),,Metastatic Castration Resistant Prostate Cancer; Prostate Neoplasms,enzalutamide; CRLX101,DRUG; DRUG,2019-03-26,2021-05-15,2021-06-01,2022-07-12,https://clinicaltrials.gov/study/NCT03531827,BIOLOGICAL_FAILURE,SAFETY,,False,2.0.0,600a27e107d5f7b9cb7a,REVIEWED_EXACT
NCT02499952,Pembrolizumab in Subjects With Incurable Platinum-Refractory Germ Cell Tumors,TERMINATED,Lack of Efficacy,BIOLOGICAL_FAILURE,EFFICACY/FUTILITY,HIGH,v=2.0.0;outcome=BIOLOGICAL_FAILURE;primary=EFFICACY_FUTILITY;reviewed.exact_reason:Lack of efficacy,Oncology,Oncology,,,INTERVENTIONAL,PHASE2,"Nasser Hanna, M.D.",Hoosier Cancer Research Network; Merck Sharp & Dohme LLC,"Germ Cell Neoplasms; Testicular Neoplasms; Non Seminomatous Germ Cell Tumors; Mediastinal Neoplasms; Genital Neoplasms, Male; Genital Neoplasms, Female; Ovarian Neoplasms",Pembrolizumab,DRUG,2016-01,2017-01-13,2017-01-13,2022-07-11,https://clinicaltrials.gov/study/NCT02499952,BIOLOGICAL_FAILURE,EFFICACY_FUTILITY,,False,2.0.0,4431292a7cce2b3e9aed,REVIEWED_EXACT
NCT00573131,Efficacy and Safety of OncoGel™ Added to Chemotherapy and Radiation Before Surgery in Subjects With Esophageal Cancer,TERMINATED,OncoGel did not show any impact on overall tumor response,BIOLOGICAL_FAILURE,EFFICACY/FUTILITY,HIGH,v=2.0.0;outcome=BIOLOGICAL_FAILURE;primary=EFFICACY_FUTILITY;reviewed.exact_reason:OncoGel did not show any impact on overall tumor response,Oncology,Oncology,,,INTERVENTIONAL,PHASE2,Boston Scientific Corporation,,Esophageal Cancer; Adenocarcinoma of the Esophagus; Squamous Cell Carcinoma,OncoGel (Paclitaxel gel); cisplatin; 5-FU; radiation therapy; esophageal resection,DRUG; DRUG; DRUG; RADIATION; PROCEDURE,2008-01,2010-11,2010-11,2022-06-22,https://clinicaltrials.gov/study/NCT00573131,BIOLOGICAL_FAILURE,EFFICACY_FUTILITY,,False,2.0.0,0358a5c1b6527b39469b,REVIEWED_EXACT
NCT02880371,A Study of ARRY-382 in Combination With Pembrolizumab for the Treatment of Patients With Advanced Solid Tumors,TERMINATED,Study was halted prematurely due to insufficient efficacy. Not due to safety reasons.,BIOLOGICAL_FAILURE,EFFICACY/FUTILITY,HIGH,v=2.0.0;outcome=BIOLOGICAL_FAILURE;primary=EFFICACY_FUTILITY;reviewed.exact_reason:Study was halted prematurely due to insufficient efficacy. Not due to safety reasons.,Oncology,Oncology,,,INTERVENTIONAL,PHASE1; PHASE2,Pfizer,,Advanced Solid Tumors,ARRY-382; Pembrolizumab,DRUG; DRUG,2016-09-01,2019-09-17,2019-10-24,2022-06-16,https://clinicaltrials.gov/study/NCT02880371,BIOLOGICAL_FAILURE,EFFICACY_FUTILITY,,False,2.0.0,af878800b67645071f15,REVIEWED_EXACT
NCT03100006,"Phase Ib/IIa Trial to Evaluate Oregovomab and Nivolumab in Epithelial Cancer of Ovarian, Tubal or Peritoneal Origin",TERMINATED,The study had poor efficacy.,BIOLOGICAL_FAILURE,EFFICACY/FUTILITY,HIGH,v=2.0.0;outcome=BIOLOGICAL_FAILURE;primary=EFFICACY_FUTILITY;reviewed.exact_reason:The study had poor efficacy.,Oncology,Oncology,,,INTERVENTIONAL,PHASE1; PHASE2,"National Cancer Centre, Singapore",,Epithelial Ovarian Cancer,Nivolumab; Oregovomab,DRUG; DRUG,2017-02-22,2019-06-07,2020-04-17,2022-06-13,https://clinicaltrials.gov/study/NCT03100006,BIOLOGICAL_FAILURE,EFFICACY_FUTILITY,,False,2.0.0,3af723385c3b191883e2,REVIEWED_EXACT
NCT02454855,Impact of a Melatonin Supplementation on the Quality of Life in Elderly Metastatic Cancer Patients,TERMINATED,The study stopped for futility after the DSMB.,BIOLOGICAL_FAILURE,EFFICACY/FUTILITY,HIGH,v=2.0.0;outcome=BIOLOGICAL_FAILURE;primary=EFFICACY_FUTILITY;reviewed.exact_reason:The study stopped for futility after the DSMB.,Oncology,Oncology,,,INTERVENTIONAL,PHASE3,Centre Jean Perrin,,Cancer,melatonin; placebo,DRUG; DRUG,2015-07,2021-05,2022-02,2022-06-13,https://clinicaltrials.gov/study/NCT02454855,BIOLOGICAL_FAILURE,EFFICACY_FUTILITY,,False,2.0.0,628e157e384d2190579b,REVIEWED_EXACT
NCT02374424,Phase II Study With Ga101-DHAP as Induction Therapy in Relapsed/Refractory DLBCL Patients,TERMINATED,"Interim analysis planned as per protocol didn't provide positive outcome therefore enrollment was not reopened. However, the enrolled patients concluded therapy and continued into the follow-up phase. The study was closed only after LVLP.",BIOLOGICAL_FAILURE,EFFICACY/FUTILITY,HIGH,"v=2.0.0;outcome=BIOLOGICAL_FAILURE;primary=EFFICACY_FUTILITY;reviewed.exact_reason:Interim analysis planned as per protocol didn't provide positive outcome therefore enrollment was not reopened. However, the enrolled patients concluded therapy and continued into ",Oncology,Oncology,,,INTERVENTIONAL,PHASE2,Fondazione Italiana Linfomi - ETS,,"Diffuse, Large B-Cell, Lymphoma",GA101_DHAP,DRUG,2014-11-05,2018-02,2020-06-23,2022-06-06,https://clinicaltrials.gov/study/NCT02374424,BIOLOGICAL_FAILURE,EFFICACY_FUTILITY,,False,2.0.0,773752f9ccd8804599ce,REVIEWED_EXACT
NCT03063203,Single Agent Decitabine in TP53 Mutated Relapsed/Refractory Acute Myeloid Leukemia,TERMINATED,Futility,BIOLOGICAL_FAILURE,EFFICACY/FUTILITY,HIGH,v=2.0.0;outcome=BIOLOGICAL_FAILURE;primary=EFFICACY_FUTILITY;reviewed.exact_reason:Futility,Oncology,Oncology,,,INTERVENTIONAL,PHASE2,Washington University School of Medicine,Janssen Pharmaceuticals; National Institutes of Health (NIH); National Cancer Institute (NCI),"Acute Myeloid Leukemia; Acute Myeloid Leukemia, Relapsed, Adult",Decitabine; Bone marrow biopsy/aspirate; Peripheral blood draw; Skin biopsy; Buccal swab,DRUG; PROCEDURE; PROCEDURE; PROCEDURE; PROCEDURE,2017-07-14,2021-02-13,2022-03-16,2022-06-02,https://clinicaltrials.gov/study/NCT03063203,BIOLOGICAL_FAILURE,EFFICACY_FUTILITY,,False,2.0.0,1f112ae47ca5fa590645,REVIEWED_EXACT
NCT02999854,Safety and Efficacy of ATIR101 as Adjunctive Treatment to Blood Stem Cell Transplantation From a Haploidentical Family Donor Compared to Post-transplant Cyclophosphamide in Patients With Blood Cancer,TERMINATED,"Insufficient efficacy, terminated by Sponsor",BIOLOGICAL_FAILURE,EFFICACY/FUTILITY,HIGH,"v=2.0.0;outcome=BIOLOGICAL_FAILURE;primary=EFFICACY_FUTILITY;reviewed.exact_reason:Insufficient efficacy, terminated by Sponsor",Oncology,Oncology,,,INTERVENTIONAL,PHASE3,Kiadis Pharma,,Acute Myeloid Leukemia; Acute Lymphoblastic Leukemia; Myelodysplastic Syndrome,"ATIR101; Cyclophosphamide; T-cell depleted HSCT from a related, haploidentical donor; T-cell replete HSCT from a related, haploidentical donor",BIOLOGICAL; DRUG; PROCEDURE; PROCEDURE,2017-11-29,2021-11-09,2021-12-17,2022-05-24,https://clinicaltrials.gov/study/NCT02999854,BIOLOGICAL_FAILURE,EFFICACY_FUTILITY,,False,2.0.0,b2c742a201884fc13074,REVIEWED_EXACT
NCT04727541,Neoadjuvant Bintrafusp Alfa in Patients With Resectable Biliary Tract Cancer,TERMINATED,"Based on results of another phase II study with bintrafusp alfa in combination with gemcitabine plus cisplatin, that was discontinued as it was unlikely to meet the primary endpoint of OS, the recruitment for this study was stopped prematurely.",BIOLOGICAL_FAILURE,EFFICACY/FUTILITY,HIGH,"v=2.0.0;outcome=BIOLOGICAL_FAILURE;primary=EFFICACY_FUTILITY;reviewed.exact_reason:Based on results of another phase II study with bintrafusp alfa in combination with gemcitabine plus cisplatin, that was discontinued as it was unlikely to meet the primary endpoin",Oncology,Oncology,,,INTERVENTIONAL,PHASE2,AIO-Studien-gGmbH,"Merck Serono GmbH, Germany",Biliary Tract Cancer; Cholangiocarcinoma,Bintrafusp alfa,DRUG,2021-07-08,2021-10-04,2022-01-05,2022-05-23,https://clinicaltrials.gov/study/NCT04727541,BIOLOGICAL_FAILURE,EFFICACY_FUTILITY,,False,2.0.0,1edb8bf7d73abc2799aa,REVIEWED_EXACT
NCT03367819,Isatuximab in Combination With REGN2810 (Cemiplimab) in Patients With Advanced Malignancies,TERMINATED,"The study was stopped after interim analysis indicated that overall result was not sufficient to satisfy per-protocol criteria to move forward in metastatic, castration-resistant prostate cancer (mCRPC) and non-small cell lung cancer (NSCLC) cohorts.",BIOLOGICAL_FAILURE,EFFICACY/FUTILITY,HIGH,"v=2.0.0;outcome=BIOLOGICAL_FAILURE;primary=EFFICACY_FUTILITY;reviewed.exact_reason:The study was stopped after interim analysis indicated that overall result was not sufficient to satisfy per-protocol criteria to move forward in metastatic, castration-resistant p",Oncology,Oncology; Renal & Urology; Respiratory,,,INTERVENTIONAL,PHASE1; PHASE2,Sanofi,,Prostate Cancer; Non-small Cell Lung Cancer,Isatuximab SAR650984; Cemiplimab REGN2810,DRUG; DRUG,2018-01-04,2021-03-10,2021-03-10,2022-05-16,https://clinicaltrials.gov/study/NCT03367819,BIOLOGICAL_FAILURE,EFFICACY_FUTILITY,,False,2.0.0,077ded90c6774419b0e9,REVIEWED_EXACT
NCT02121405,Randomized Trial of Primary Surgery Followed Selective Radiochemotherapy for Rectal Cancer With MRI Negative CRM,SUSPENDED,DSMB stopped this trial due to the difference of 3-year DFS's rate between two groups more than 5% at the interim analysis in July 2021.,BIOLOGICAL_FAILURE,EFFICACY/FUTILITY,HIGH,v=2.0.0;outcome=BIOLOGICAL_FAILURE;primary=EFFICACY_FUTILITY;reviewed.exact_reason:DSMB stopped this trial due to the difference of 3-year DFS's rate between two groups more than 5% at the interim analysis in July 2021.,Oncology,Oncology,,,INTERVENTIONAL,PHASE3,Zhejiang University,,Colorectal Neoplasm; Effects of Radiation Therapy; Effects of Chemotherapy; Surgery,Rectectomy; Radiotherapy; Capecitabine; Oxaliplatin,PROCEDURE; RADIATION; DRUG; DRUG,2015-10,2024-02,2026-02,2022-05-11,https://clinicaltrials.gov/study/NCT02121405,BIOLOGICAL_FAILURE,EFFICACY_FUTILITY,,False,2.0.0,2c8d46d8f3500659e4ad,REVIEWED_EXACT
NCT01507545,Morphotek Investigation in Colorectal Cancer: Research of MORAb-004 (MICRO),TERMINATED,By the sponsor at the end of Stage 1 due to futility.,BIOLOGICAL_FAILURE,EFFICACY/FUTILITY,HIGH,v=2.0.0;outcome=BIOLOGICAL_FAILURE;primary=EFFICACY_FUTILITY;reviewed.exact_reason:By the sponsor at the end of Stage 1 due to futility.,Oncology,Oncology,,,INTERVENTIONAL,PHASE2,Morphotek,,Metastatic Colorectal Cancer; Colorectal Cancer,MORAb-004; Placebo; Best supportive care,DRUG; DRUG; OTHER,2012-03-27,2013-10-20,2013-10-20,2022-05-06,https://clinicaltrials.gov/study/NCT01507545,BIOLOGICAL_FAILURE,EFFICACY_FUTILITY,,False,2.0.0,63267266457d3ac3a4fe,REVIEWED_EXACT
NCT04131192,Gemcitabine and Z650 in Treating Patients With Metastatic or Recurrent Pancreatic Cancer,TERMINATED,"Combined with the analysis of the existing data of the trial, there was no obvious advantage compared with the clinical standard treatments, and the clinical trial was decided to be terminated based on the benefit of the subjects.",BIOLOGICAL_FAILURE,EFFICACY/FUTILITY,HIGH,"v=2.0.0;outcome=BIOLOGICAL_FAILURE;primary=EFFICACY_FUTILITY;reviewed.exact_reason:Combined with the analysis of the existing data of the trial, there was no obvious advantage compared with the clinical standard treatments, and the clinical trial was decided to b",Gastroenterology & Hepatology,Gastroenterology & Hepatology; Oncology,,,INTERVENTIONAL,PHASE1,"Sunshine Lake Pharma Co., Ltd.",,Pancreatic Cancer,Z650; Gemcitabine,DRUG; DRUG,2019-11-11,2021-09-09,2021-09-09,2022-05-06,https://clinicaltrials.gov/study/NCT04131192,BIOLOGICAL_FAILURE,EFFICACY_FUTILITY,,False,2.0.0,6e717f60c45dca015674,REVIEWED_EXACT
NCT01067144,Stanford Accelerated Recovery Trial (START),TERMINATED,Trial met futility stopping point,BIOLOGICAL_FAILURE,EFFICACY/FUTILITY,HIGH,v=2.0.0;outcome=BIOLOGICAL_FAILURE;primary=EFFICACY_FUTILITY;reviewed.exact_reason:Trial met futility stopping point,Oncology,Oncology; Respiratory,,,INTERVENTIONAL,PHASE3,Stanford University,,Pain; Breast Cancer; Lung Cancer,Gabapentin; Lorazepam (active control); Placebo (inactive),DRUG; DRUG; DRUG,2010-05,2016-07,2016-07,2022-05-05,https://clinicaltrials.gov/study/NCT01067144,BIOLOGICAL_FAILURE,EFFICACY_FUTILITY,,False,2.0.0,a2dc18b2fe944196d1e2,REVIEWED_EXACT
NCT02154529,Study of the Combination of KD019 and Trastuzumab in Subjects With HER2-Positive Metastatic Breast Cancer,TERMINATED,Sponsor closed the study due to lack of response.,BIOLOGICAL_FAILURE,EFFICACY/FUTILITY,HIGH,v=2.0.0;outcome=BIOLOGICAL_FAILURE;primary=EFFICACY_FUTILITY;reviewed.exact_reason:Sponsor closed the study due to lack of response.,Oncology,Oncology,,,INTERVENTIONAL,PHASE1; PHASE2,"Kadmon Corporation, LLC",,HER-2 Positive Breast Cancer; Metastatic Malignant Neoplasm to Brain,Tesevatinib; Trastuzumab,DRUG; DRUG,2014-05,2015-09-13,2015-09-13,2022-04-27,https://clinicaltrials.gov/study/NCT02154529,BIOLOGICAL_FAILURE,EFFICACY_FUTILITY,,False,2.0.0,a7d6b7f34007aebfd09d,REVIEWED_EXACT
NCT04258150,"Ipilimumab, Nivolumab, Tocilizumab and Radiation in Pretreated Patients With Advanced Pancreatic Cancer",TERMINATED,primary endpoint was not met,BIOLOGICAL_FAILURE,EFFICACY/FUTILITY,HIGH,v=2.0.0;outcome=BIOLOGICAL_FAILURE;primary=EFFICACY_FUTILITY;reviewed.exact_reason:primary endpoint was not met,Gastroenterology & Hepatology,Gastroenterology & Hepatology; Oncology,,,INTERVENTIONAL,PHASE2,Herlev Hospital,,Pancreatic Cancer,Nivolumab; Ipilimumab; Tocilizumab; SBRT,DRUG; DRUG; DRUG; RADIATION,2020-04-16,2021-11-23,2021-11-23,2022-03-31,https://clinicaltrials.gov/study/NCT04258150,BIOLOGICAL_FAILURE,EFFICACY_FUTILITY,,False,2.0.0,a290c8afef532f975740,REVIEWED_EXACT
NCT02419664,Ga-68-DOTATOC -PET in the Management of Pituitary Tumours,TERMINATED,The hypothesis we had that we could predict the growth rate from PET uptake could not be confirmer and 3-year follow up was no longer considered motivated,BIOLOGICAL_FAILURE,EFFICACY/FUTILITY,HIGH,v=2.0.0;outcome=BIOLOGICAL_FAILURE;primary=EFFICACY_FUTILITY;reviewed.exact_reason:The hypothesis we had that we could predict the growth rate from PET uptake could not be confirmer and 3-year follow up was no longer considered motivated,Oncology,Oncology,,,INTERVENTIONAL,PHASE3,Göteborg University,Sahlgrenska University Hospital; Uppsala University,Pituitary Tumours,Gallium-68 DOTATOC PET,DRUG,2015-01,2022-01-13,2022-01-13,2022-03-31,https://clinicaltrials.gov/study/NCT02419664,BIOLOGICAL_FAILURE,EFFICACY_FUTILITY,,False,2.0.0,8f0fefff806ac99bedaf,REVIEWED_EXACT
NCT03151408,An Efficacy and Safety Study Of Pracinostat In Combination With Azacitidine In Adults With Acute Myeloid Leukemia,TERMINATED,The IDMC recommended to stop the study prematurely due to a lack of efficacy.,BIOLOGICAL_FAILURE,EFFICACY/FUTILITY,HIGH,v=2.0.0;outcome=BIOLOGICAL_FAILURE;primary=EFFICACY_FUTILITY;reviewed.exact_reason:The IDMC recommended to stop the study prematurely due to a lack of efficacy.,Oncology,Oncology,,,INTERVENTIONAL,PHASE3,Helsinn Healthcare SA,Clinipace Worldwide,Acute Myeloid Leukemia,Pracinostat; Placebos; Azacitidine,DRUG; DRUG; DRUG,2017-06-23,2020-08-20,2020-08-20,2022-03-10,https://clinicaltrials.gov/study/NCT03151408,BIOLOGICAL_FAILURE,EFFICACY_FUTILITY,,False,2.0.0,bd94214c25a3d1e8b174,REVIEWED_EXACT
NCT04209621,Duvelisib for Ibrutinib-Resistant Chronic Lymphocytic Leukemia/Small Lymphocytic Lymphoma,TERMINATED,Due to unexpected sudden death on study.,BIOLOGICAL_FAILURE,SAFETY,HIGH,v=2.0.0;outcome=BIOLOGICAL_FAILURE;primary=SAFETY;reviewed.exact_reason:Due to unexpected sudden death on study.,Oncology,Oncology,,,INTERVENTIONAL,PHASE2,"National Heart, Lung, and Blood Institute (NHLBI)",,Small Lymphocytic Leukemia (SLL); Chronic Lymphocytic Leukemia (CLL),Duvelisib; Ibrutinib,DRUG; DRUG,2020-07-31,2021-01-22,2021-01-22,2022-03-09,https://clinicaltrials.gov/study/NCT04209621,BIOLOGICAL_FAILURE,SAFETY,,False,2.0.0,f0e378397281d53f4098,REVIEWED_EXACT
NCT03696537,IMRT-TMI With Fludarabine as Myeloablative Conditioning for Allogeneic HSCT,TERMINATED,Extreme toxicity,BIOLOGICAL_FAILURE,SAFETY,HIGH,v=2.0.0;outcome=BIOLOGICAL_FAILURE;primary=SAFETY;reviewed.exact_reason:Extreme toxicity,Oncology,Oncology,,,INTERVENTIONAL,PHASE1,"Naoyuki G. Saito, M.D., Ph.D.",Indiana University,Acute Myeloid Leukemia; Chronic Myeloid Leukemia; Acute Lymphocytic Leukemia; Myelodysplastic Syndromes,Fludarabine; Total Marrow Irradiation (TMI),DRUG; RADIATION,2018-08-29,2020-07-08,2021-04-13,2022-03-09,https://clinicaltrials.gov/study/NCT03696537,BIOLOGICAL_FAILURE,SAFETY,,False,2.0.0,d89dc994d591b0aae484,REVIEWED_EXACT
NCT03592407,Epacadostat and Pembrolizumab Before Surgery in Treating Participants With Stage II-III Esophageal or Gastroesophageal Cancer,WITHDRAWN,Safety concerns,BIOLOGICAL_FAILURE,SAFETY,HIGH,v=2.0.0;outcome=BIOLOGICAL_FAILURE;primary=SAFETY;saf.explicit:safety concerns,Gastroenterology & Hepatology,Gastroenterology & Hepatology; Oncology,,,INTERVENTIONAL,PHASE2,City of Hope Medical Center,National Cancer Institute (NCI),Esophageal Squamous Cell Carcinoma; Esophageal Adenocarcinoma; Gastroesophageal Junction Adenocarcinoma,Epacadostat; Laboratory Biomarker Analysis; Pembrolizumab; Pharmacodynamic Study,DRUG; OTHER; BIOLOGICAL; OTHER,2018-07-01,2020-04,2020-04,2022-03-08,https://clinicaltrials.gov/study/NCT03592407,BIOLOGICAL_FAILURE,SAFETY,,False,2.0.0,bc4f01fa96e88e86502c,RULE_V2
NCT03549650,Prevention and Management of Intravesical BCG-related Lower Urinary Tract Symptoms,TERMINATED,"Given the updated precautions on Elmiron as well as the risk benefit profile, we have decided to terminate the study.",BIOLOGICAL_FAILURE,SAFETY,HIGH,"v=2.0.0;outcome=BIOLOGICAL_FAILURE;primary=SAFETY;reviewed.exact_reason:Given the updated precautions on Elmiron as well as the risk benefit profile, we have decided to terminate the study.",Renal & Urology,Oncology; Renal & Urology,,,INTERVENTIONAL,PHASE2,Sir Mortimer B. Davis - Jewish General Hospital,Cancer Research Network,Lower Urinary Tract Symptoms; Bladder Carcinoma; BCG,Pentosan Polysulfate Na 100Mg Cap; Placebo oral capsule,DRUG; DRUG,2019-05-03,2022-02-15,2022-02-15,2022-03-04,https://clinicaltrials.gov/study/NCT03549650,BIOLOGICAL_FAILURE,SAFETY,,False,2.0.0,04129b07e5809af6b526,REVIEWED_EXACT
NCT04958993,A Trial of Anlotinib Combined With Concurrent Chemoradiotherapy in Patients With Unresectable Stage III Non-small Cell Lung Cancer,TERMINATED,High incidence of severe radiation pneumonia,BIOLOGICAL_FAILURE,SAFETY,HIGH,v=2.0.0;outcome=BIOLOGICAL_FAILURE;primary=SAFETY;reviewed.exact_reason:High incidence of severe radiation pneumonia,Oncology,Oncology; Respiratory,,,INTERVENTIONAL,PHASE1; PHASE2,Shandong Cancer Hospital and Institute,,Non-small Cell Lung Cancer,Anlotinib hydrochloride capsule Combined With Concurrent Chemoradiotherapy,DRUG,2020-11-12,2021-11-20,2021-11-22,2022-02-25,https://clinicaltrials.gov/study/NCT04958993,BIOLOGICAL_FAILURE,SAFETY,,False,2.0.0,2cee89405fff7ef442fb,REVIEWED_EXACT
NCT02236572,"Neoadj ph 2 AI Plus Everolimus in Postmenopausal Women w/ ER Pos/HER2 Neg, Low Risk Score",TERMINATED,"Phase 2 of recruitment was contingent on 5 of 15 patients responding, which did not occur.",BIOLOGICAL_FAILURE,EFFICACY/FUTILITY,HIGH,"v=2.0.0;outcome=BIOLOGICAL_FAILURE;primary=EFFICACY_FUTILITY;reviewed.exact_reason:Phase 2 of recruitment was contingent on 5 of 15 patients responding, which did not occur.",Oncology,Oncology,,,INTERVENTIONAL,PHASE2,Yale University,Novartis Pharmaceuticals,Breast Cancer,Everolimus,DRUG,2014-11-29,2021-03-01,2021-03-01,2022-02-01,https://clinicaltrials.gov/study/NCT02236572,BIOLOGICAL_FAILURE,EFFICACY_FUTILITY,,False,2.0.0,defd3c8fbf1dcff97527,REVIEWED_EXACT
NCT03637491,"A Study of Avelumab, Binimetinib and Talazoparib in Patients With Locally Advanced or Metastatic RAS-mutant Solid Tumors",TERMINATED,Available clinical data has shown limited anti-tumor activity and reaching target study drug dose levels may not be feasible.,BIOLOGICAL_FAILURE,EFFICACY/FUTILITY,HIGH,v=2.0.0;outcome=BIOLOGICAL_FAILURE;primary=EFFICACY_FUTILITY;eff.explicit_lack:limited anti-tumor activity,Gastroenterology & Hepatology,Gastroenterology & Hepatology; Oncology,,,INTERVENTIONAL,PHASE1; PHASE2,Pfizer,,Pancreatic Cancer,Avelumab; Binimetinib; Talazoparib,DRUG; DRUG; DRUG,2018-08-15,2020-12-03,2021-02-02,2022-01-26,https://clinicaltrials.gov/study/NCT03637491,BIOLOGICAL_FAILURE,EFFICACY_FUTILITY,,False,2.0.0,cc267d1461db110b8ca2,RULE_V2
NCT00740181,"Decitabine, Cytarabine, GCSF for Refractory AML/MDS",TERMINATED,Lack of efficacy,BIOLOGICAL_FAILURE,EFFICACY/FUTILITY,HIGH,v=2.0.0;outcome=BIOLOGICAL_FAILURE;primary=EFFICACY_FUTILITY;reviewed.exact_reason:Lack of efficacy,Oncology,Oncology,,,INTERVENTIONAL,PHASE2,Brown University,Memorial Hospital of Rhode Island; Roger Williams Medical Center,Myelodysplasia; Leukemia,chemotherapy,DRUG,2008-08,2010-02,2010-04,2022-01-14,https://clinicaltrials.gov/study/NCT00740181,BIOLOGICAL_FAILURE,EFFICACY_FUTILITY,,False,2.0.0,4431292a7cce2b3e9aed,REVIEWED_EXACT
NCT04653389,Perioperative Therapy for Hepatocellular Carcinoma,TERMINATED,The treatment efficacy was not satisfactory.,BIOLOGICAL_FAILURE,EFFICACY/FUTILITY,HIGH,v=2.0.0;outcome=BIOLOGICAL_FAILURE;primary=EFFICACY_FUTILITY;reviewed.exact_reason:The treatment efficacy was not satisfactory.,Gastroenterology & Hepatology,Gastroenterology & Hepatology; Oncology,,,INTERVENTIONAL,PHASE2,Zhejiang University,,Hepatocellular Carcinoma,Sintilimab Injection; TACE; Radiotherapy,DRUG; DRUG; RADIATION,2020-12-26,2021-10-01,2021-12-01,2022-01-11,https://clinicaltrials.gov/study/NCT04653389,BIOLOGICAL_FAILURE,EFFICACY_FUTILITY,,False,2.0.0,808d39a930350080dd69,REVIEWED_EXACT
NCT02545283,A Study of Idasanutlin With Cytarabine Versus Cytarabine Plus Placebo in Participants With Relapsed or Refractory Acute Myeloid Leukemia (AML),TERMINATED,The study was stopped for futility based on efficacy results at the interim analysis; no unexpected safety findings were observed.,BIOLOGICAL_FAILURE,EFFICACY/FUTILITY,HIGH,v=2.0.0;outcome=BIOLOGICAL_FAILURE;primary=EFFICACY_FUTILITY;reviewed.exact_reason:The study was stopped for futility based on efficacy results at the interim analysis; no unexpected safety findings were observed.,Oncology,Oncology,,,INTERVENTIONAL,PHASE3,Hoffmann-La Roche,,"Leukemia, Myeloid, Acute",Cytarabine; Idasanutlin; Placebo,DRUG; DRUG; OTHER,2015-12-30,2020-04-24,2020-04-24,2022-01-11,https://clinicaltrials.gov/study/NCT02545283,BIOLOGICAL_FAILURE,EFFICACY_FUTILITY,,False,2.0.0,731e8c9cc59e266fb31f,REVIEWED_EXACT
NCT02874651,ADjuVant Apatinib in Nasopharyngeal Carcinoma Patients With Residual Epstein-Barr Virus (EBV) DNA Following Radiotherapy,TERMINATED,Unacceptable toxicity (nasopharynx necrosis and massive hemorrhage),BIOLOGICAL_FAILURE,SAFETY,HIGH,v=2.0.0;outcome=BIOLOGICAL_FAILURE;primary=SAFETY;reviewed.exact_reason:Unacceptable toxicity (nasopharynx necrosis and massive hemorrhage),Oncology,Oncology,,,INTERVENTIONAL,PHASE2,Sun Yat-sen University,"First People's Hospital of Foshan; Guilin Medical University, China",Nasopharyngeal Neoplasms,Apatinib; Placebo,DRUG; DRUG,2016-10,2018-11-29,2020-08-27,2022-01-11,https://clinicaltrials.gov/study/NCT02874651,BIOLOGICAL_FAILURE,SAFETY,,False,2.0.0,5fbd8d50ce9070856e33,REVIEWED_EXACT
NCT03404726,"A Study to Investigate BAY2402234, a Dihydroorotate Dehydrogenase (DHODH) Inhibitor, in Myeloid Malignancies",TERMINATED,Lack of sufficient clinical benefit,BIOLOGICAL_FAILURE,EFFICACY/FUTILITY,HIGH,v=2.0.0;outcome=BIOLOGICAL_FAILURE;primary=EFFICACY_FUTILITY;reviewed.exact_reason:Lack of sufficient clinical benefit,Oncology,Oncology,,,INTERVENTIONAL,PHASE1,Bayer,,Leukemia,BAY2402234,DRUG,2018-03-29,2021-01-26,2021-01-26,2022-01-11,https://clinicaltrials.gov/study/NCT03404726,BIOLOGICAL_FAILURE,EFFICACY_FUTILITY,,False,2.0.0,e2072c6f30431388b367,REVIEWED_EXACT
NCT03937141,Efficacy and Safety Trial of ADU-S100 and Pembrolizumab in Head and Neck Cancer,TERMINATED,No substantial anti-tumor activity was observed.,BIOLOGICAL_FAILURE,EFFICACY/FUTILITY,HIGH,v=2.0.0;outcome=BIOLOGICAL_FAILURE;primary=EFFICACY_FUTILITY;reviewed.exact_reason:No substantial anti-tumor activity was observed.,Oncology,Oncology,,,INTERVENTIONAL,PHASE2,"Chinook Therapeutics, Inc. (formerly Aduro)",,Metastatic Head and Neck Cancer; Recurrent Head and Neck Cancer,ADU-S100,DRUG,2019-08-26,2021-05-10,2021-06-10,2022-01-03,https://clinicaltrials.gov/study/NCT03937141,BIOLOGICAL_FAILURE,EFFICACY_FUTILITY,,False,2.0.0,e7db48a381285e88936d,REVIEWED_EXACT
NCT02818023,Dose-seeking Study of Pembrolizumab Plus Vemurafenib and Cobimetinib Advanced Melanoma,TERMINATED,Accrual to trial stopped due to high toxicity even at lowest dose of combination treatment. Patients on trial tolerating treatment at time of accrual closure still continued to receive treatment.,BIOLOGICAL_FAILURE,SAFETY,HIGH,v=2.0.0;outcome=BIOLOGICAL_FAILURE;primary=SAFETY;reviewed.exact_reason:Accrual to trial stopped due to high toxicity even at lowest dose of combination treatment. Patients on trial tolerating treatment at time of accrual closure still continued to rec,Oncology,Oncology,,,INTERVENTIONAL,PHASE1,Yana Najjar,Merck Sharp & Dohme LLC,Melanoma,Pembrolizumab; Vemurafenib; Cobimetinib,DRUG; DRUG; DRUG,2016-07-13,2019-06-10,2021-04-23,2022-01-03,https://clinicaltrials.gov/study/NCT02818023,BIOLOGICAL_FAILURE,SAFETY,,False,2.0.0,6586a0419e97161e1fc5,REVIEWED_EXACT
NCT02675439,Safety and Efficacy of MIW815 (ADU-S100) +/- Ipilimumab in Patients With Advanced/Metastatic Solid Tumors or Lymphomas,TERMINATED,No substantial anti-tumor activity was observed.,BIOLOGICAL_FAILURE,EFFICACY/FUTILITY,HIGH,v=2.0.0;outcome=BIOLOGICAL_FAILURE;primary=EFFICACY_FUTILITY;reviewed.exact_reason:No substantial anti-tumor activity was observed.,Oncology,Oncology,,,INTERVENTIONAL,PHASE1,"Chinook Therapeutics, Inc. (formerly Aduro)",Novartis Pharmaceuticals,Advanced/Metastatic Solid Tumors or Lymphomas,ADU-S100; ipilimumab,DRUG; BIOLOGICAL,2016-04-28,2019-12-11,2020-08-06,2021-12-30,https://clinicaltrials.gov/study/NCT02675439,BIOLOGICAL_FAILURE,EFFICACY_FUTILITY,,False,2.0.0,e7db48a381285e88936d,REVIEWED_EXACT
NCT01018563,An Open Label Extension Study of the Efficacy of MORAb-003,TERMINATED,Study was terminated by sponsor due to futile results in NCT00849667 study.,BIOLOGICAL_FAILURE,EFFICACY/FUTILITY,HIGH,v=2.0.0;outcome=BIOLOGICAL_FAILURE;primary=EFFICACY_FUTILITY;reviewed.exact_reason:Study was terminated by sponsor due to futile results in NCT00849667 study.,Oncology,Oncology,,,INTERVENTIONAL,PHASE2,Morphotek,,Epithelial Ovarian Cancer,MORAb-003,DRUG,2010-01-13,2013-03-05,2013-03-05,2021-12-08,https://clinicaltrials.gov/study/NCT01018563,BIOLOGICAL_FAILURE,EFFICACY_FUTILITY,,False,2.0.0,7ec244bec9b71d4eaaca,REVIEWED_EXACT
NCT03797261,A Study of Venetoclax and AMG 176 in Patients With Relapsed/Refractory Hematologic Malignancies,TERMINATED,Safety,BIOLOGICAL_FAILURE,SAFETY,HIGH,v=2.0.0;outcome=BIOLOGICAL_FAILURE;primary=SAFETY;reviewed.exact_reason:Safety,Oncology,Oncology,,,INTERVENTIONAL,PHASE1,AbbVie,"Genentech, Inc.; Amgen",Acute Myeloid Leukemia; Non-Hodgkin's Lymphoma; Diffuse Large B-cell Lymphoma,Venetoclax; AMG 176,DRUG; DRUG,2019-03-18,2019-12-30,2019-12-30,2021-12-07,https://clinicaltrials.gov/study/NCT03797261,BIOLOGICAL_FAILURE,SAFETY,,False,2.0.0,856e8bd358ece398c72f,REVIEWED_EXACT
NCT02189174,Study of CLR457 Administered Orally in Adult Patients With Advanced Solid Malignancies,TERMINATED,Novartis decided to terminate the study considering safety and tolerability concerns and limited clinical activity with CLR457 study drug administered once daily (qd).,BIOLOGICAL_FAILURE,EFFICACY/FUTILITY,MEDIUM,v=2.0.0;outcome=BIOLOGICAL_FAILURE;primary=EFFICACY_FUTILITY;eff.explicit_lack:limited clinical activity;eff.negative_outcome:limited clinical activity,Oncology,Oncology,,,INTERVENTIONAL,PHASE1,Novartis Pharmaceuticals,,Advanced Solid Tumor,CLR457,DRUG,2014-08-07,2015-11-12,2015-11-12,2021-12-03,https://clinicaltrials.gov/study/NCT02189174,BIOLOGICAL_FAILURE,EFFICACY_FUTILITY,,False,2.0.0,6183751ed518dcace3e8,RULE_V2
NCT04165031,A Study of LY3499446 in Participants With Advanced Solid Tumors With KRAS G12C Mutation,TERMINATED,The study was terminated due to an unexpected toxicity finding.,BIOLOGICAL_FAILURE,SAFETY,HIGH,v=2.0.0;outcome=BIOLOGICAL_FAILURE;primary=SAFETY;reviewed.exact_reason:The study was terminated due to an unexpected toxicity finding.,Oncology,Oncology; Respiratory,,,INTERVENTIONAL,PHASE1; PHASE2,Eli Lilly and Company,,Advanced Solid Tumor; Non-Small Cell Lung Cancer; Colorectal Cancer,LY3499446; Abemaciclib; Cetuximab; Erlotinib; Docetaxel,DRUG; DRUG; DRUG; DRUG; DRUG,2019-11-28,2020-10-30,2020-10-30,2021-11-24,https://clinicaltrials.gov/study/NCT04165031,BIOLOGICAL_FAILURE,SAFETY,,False,2.0.0,c5e65893d04b37fe9344,REVIEWED_EXACT
NCT01312389,"A Clinical Trial of Autologous Oxidized Tumor Cell Lysate Vaccine For Recurrent Ovarian, Fallopian Tube or Primary Peritoneal Cancer",TERMINATED,Did not meet criteria laid out in Phase 1 to continue to Phase 2,BIOLOGICAL_FAILURE,EFFICACY/FUTILITY,HIGH,v=2.0.0;outcome=BIOLOGICAL_FAILURE;primary=EFFICACY_FUTILITY;reviewed.exact_reason:Did not meet criteria laid out in Phase 1 to continue to Phase 2,Oncology,Oncology,,,INTERVENTIONAL,PHASE1; PHASE2,Abramson Cancer Center at Penn Medicine,,Ovarian Cancer; Fallopian Tube Cancer; Primary Peritoneal Cancer,OC-L/Montanide ISA 51 VG; Ampligen; Prevnar,BIOLOGICAL; BIOLOGICAL; BIOLOGICAL,2011-04,2012-05,2012-08-17,2021-11-15,https://clinicaltrials.gov/study/NCT01312389,BIOLOGICAL_FAILURE,EFFICACY_FUTILITY,,False,2.0.0,aee4f28e98c63f052d72,REVIEWED_EXACT
NCT00402883,"Chemotherapy, Radiotherapy and Bevacizumab in Patients With Unresectable Stage III Non-Small-Cell Lung Cancer",TERMINATED,Terminated due to bevacizumab and chemoradiotherapy toxicity,BIOLOGICAL_FAILURE,SAFETY,HIGH,v=2.0.0;outcome=BIOLOGICAL_FAILURE;primary=SAFETY;reviewed.exact_reason:Terminated due to bevacizumab and chemoradiotherapy toxicity,Oncology,Oncology; Respiratory,,,INTERVENTIONAL,PHASE2,"SCRI Development Innovations, LLC","Genentech, Inc.; Eli Lilly and Company",Lung Cancer,Bevacizumab; Pemetrexed; Radiotherapy; Folic Acid; vitamin B12; carboplatin,DRUG; DRUG; PROCEDURE; OTHER; OTHER; DRUG,2006-11,2009-01,2009-01,2021-11-09,https://clinicaltrials.gov/study/NCT00402883,BIOLOGICAL_FAILURE,SAFETY,,False,2.0.0,7f9c8c22c8e1ec0f6c82,REVIEWED_EXACT
NCT03184558,Bemcentinib (BGB324) in Combination With Pembrolizumab in Patients With TNBC,TERMINATED,Based on planned futility assessment,BIOLOGICAL_FAILURE,EFFICACY/FUTILITY,HIGH,v=2.0.0;outcome=BIOLOGICAL_FAILURE;primary=EFFICACY_FUTILITY;reviewed.exact_reason:Based on planned futility assessment,Immunology & Autoimmune,Immunology & Autoimmune; Oncology,,,INTERVENTIONAL,PHASE2,BerGenBio ASA,Merck Sharp & Dohme LLC,Triple Negative Breast Cancer; Inflammatory Breast Cancer Stage IV,Bemcentinib; pembrolizumab,DRUG,2017-07-26,2018-08-20,2018-08-20,2021-11-09,https://clinicaltrials.gov/study/NCT03184558,BIOLOGICAL_FAILURE,EFFICACY_FUTILITY,,False,2.0.0,b4627813276b38b30ab4,REVIEWED_EXACT
NCT03685344,"Safety and Antitumor Activity Study of Loncastuximab Tesirine and Durvalumab in Diffuse Large B-Cell, Mantle Cell, or Follicular Lymphoma",TERMINATED,"In a limited number of patients, no additional activity was evident for the combination vs. loncastuximab tesirine monotherapy.",BIOLOGICAL_FAILURE,EFFICACY/FUTILITY,HIGH,"v=2.0.0;outcome=BIOLOGICAL_FAILURE;primary=EFFICACY_FUTILITY;reviewed.exact_reason:In a limited number of patients, no additional activity was evident for the combination vs. loncastuximab tesirine monotherapy.",Oncology,Oncology,,,INTERVENTIONAL,PHASE1,ADC Therapeutics S.A.,,Diffuse Large B-Cell Lymphoma; Mantle Cell Lymphoma; Follicular Lymphoma,Loncastuximab Tesirine and Durvalumab,DRUG,2019-02-04,2020-10-27,2020-10-27,2021-10-26,https://clinicaltrials.gov/study/NCT03685344,BIOLOGICAL_FAILURE,EFFICACY_FUTILITY,,False,2.0.0,52b899eb50e8b4384b98,REVIEWED_EXACT
NCT04052204,Avelumab With Bempegaldesleukin With or Without Talazoparib or Enzalutamide in Advanced or Metastatic Solid Tumors,TERMINATED,Study prematurely terminated as the experimental treatments evaluated in study B9991040 may not provide additional clinical benefit over current or future Standard of Care in the different therapeutic indications that this trial was to evaluate.,BIOLOGICAL_FAILURE,EFFICACY/FUTILITY,HIGH,v=2.0.0;outcome=BIOLOGICAL_FAILURE;primary=EFFICACY_FUTILITY;reviewed.exact_reason:Study prematurely terminated as the experimental treatments evaluated in study B9991040 may not provide additional clinical benefit over current or future Standard of Care in the d,Oncology,Oncology; Renal & Urology,,,INTERVENTIONAL,PHASE1; PHASE2,Pfizer,EMD Serono; Nektar Therapeutics; Astellas Pharma Inc,Squamous Cell Carcinoma of the Head and Neck (SCCHN); Metastatic Castration Resistant Prostate Cancer (mCRPC),avelumab; Bempegaldesleukin; talazoparib; enzalutamide,DRUG; DRUG; DRUG; DRUG,2019-12-30,2020-09-29,2020-09-29,2021-10-14,https://clinicaltrials.gov/study/NCT04052204,BIOLOGICAL_FAILURE,EFFICACY_FUTILITY,,False,2.0.0,ef36cddbefdd2093eb65,REVIEWED_EXACT
NCT01773785,Phase II Study of SPI-1620 in Combination With Docetaxel as a Second-Line to Treat Biliary Cancer,TERMINATED,The study completed the first phase and did not meet efficacy end point to enter into the randomized phase.,BIOLOGICAL_FAILURE,EFFICACY/FUTILITY,HIGH,v=2.0.0;outcome=BIOLOGICAL_FAILURE;primary=EFFICACY_FUTILITY;reviewed.exact_reason:The study completed the first phase and did not meet efficacy end point to enter into the randomized phase.,Oncology,Oncology,,,INTERVENTIONAL,PHASE2,"Spectrum Pharmaceuticals, Inc",,Biliary Cancer,SPI-1620; Docetaxel,DRUG; DRUG,2013-04,2015-09,2015-09,2021-10-13,https://clinicaltrials.gov/study/NCT01773785,BIOLOGICAL_FAILURE,EFFICACY_FUTILITY,,False,2.0.0,e0b86c5c5cfb94ed719e,REVIEWED_EXACT
NCT01585688,Phase I/II Study of hLL1-DOX in Relapsed NHL and CLL,TERMINATED,"Study was terminated due to lack of efficacy, as a result, the stability program for the drug product was discontinued",BIOLOGICAL_FAILURE,EFFICACY/FUTILITY,HIGH,"v=2.0.0;outcome=BIOLOGICAL_FAILURE;primary=EFFICACY_FUTILITY;reviewed.exact_reason:Study was terminated due to lack of efficacy, as a result, the stability program for the drug product was discontinued",Oncology,Oncology,,,INTERVENTIONAL,PHASE1; PHASE2,Gilead Sciences,,Non-Hodgkin's Lymphoma; Chronic Lymphocytic Leukemia,hLL1-DOX (IMMU-115),DRUG,2012-08,2016-11,2017-10,2021-10-08,https://clinicaltrials.gov/study/NCT01585688,BIOLOGICAL_FAILURE,EFFICACY_FUTILITY,,False,2.0.0,53cfed0b143ec30791b7,REVIEWED_EXACT
NCT02907918,Neoadjuvant Study of Palbociclib in Combination With Letrozole and Trastuzumab in Stage II-III ER+ HER2+ Breast Cancer,TERMINATED,Futility,BIOLOGICAL_FAILURE,EFFICACY/FUTILITY,HIGH,v=2.0.0;outcome=BIOLOGICAL_FAILURE;primary=EFFICACY_FUTILITY;reviewed.exact_reason:Futility,Oncology,Oncology,,,INTERVENTIONAL,PHASE2,Washington University School of Medicine,Pfizer; Rising Tide Foundation,Breast Cancer; Cancer of Breast; Breast Carcinoma,Palbociclib; Letrozole; Trastuzumab; Goserelin; Breast surgery; Research tumor biopsy; Research bone marrow (OPTIONAL); Research blood sample; Research blood for germline DNA; Blood for detection of circulating tumor cells,DRUG; DRUG; BIOLOGICAL; DRUG; PROCEDURE; PROCEDURE; PROCEDURE; PROCEDURE; GENETIC; PROCEDURE,2017-06-30,2020-08-24,2020-09-23,2021-09-29,https://clinicaltrials.gov/study/NCT02907918,BIOLOGICAL_FAILURE,EFFICACY_FUTILITY,,False,2.0.0,1f112ae47ca5fa590645,REVIEWED_EXACT
NCT00354432,Soy Protein/Effexor Hormone Therapy for Prostate Cancer,TERMINATED,Stopped by the DSMB for lack of effect per interim stopping rule.,BIOLOGICAL_FAILURE,EFFICACY/FUTILITY,HIGH,v=2.0.0;outcome=BIOLOGICAL_FAILURE;primary=EFFICACY_FUTILITY;reviewed.exact_reason:Stopped by the DSMB for lack of effect per interim stopping rule.,Oncology,Oncology; Renal & Urology,,,INTERVENTIONAL,PHASE3,Wake Forest University Health Sciences,National Cancer Institute (NCI),Hot Flashes; Prostate Cancer,oral soy protein/isoflavones powder; Venlafaxine; Placebo Powder; Placebo Pill,DIETARY_SUPPLEMENT; DRUG; DIETARY_SUPPLEMENT; DRUG,2007-02-01,2010-08-01,2010-08-01,2021-09-28,https://clinicaltrials.gov/study/NCT00354432,BIOLOGICAL_FAILURE,EFFICACY_FUTILITY,,False,2.0.0,13c3b7b95915dcaab6e4,REVIEWED_EXACT
NCT02952586,Study To Compare Avelumab In Combination With Standard of Care Chemoradiotherapy (SoC CRT) Versus SoC CRT for Definitive Treatment In Patients With Locally Advanced Squamous Cell Carcinoma Of The Head And Neck (JAVELIN HEAD AND NECK 100),TERMINATED,The trial prematurely terminated as recommended by the E-DMC because the boundary for futility has been crossed.,BIOLOGICAL_FAILURE,EFFICACY/FUTILITY,HIGH,v=2.0.0;outcome=BIOLOGICAL_FAILURE;primary=EFFICACY_FUTILITY;reviewed.exact_reason:The trial prematurely terminated as recommended by the E-DMC because the boundary for futility has been crossed.,Oncology,Oncology,,,INTERVENTIONAL,PHASE3,Pfizer,,Squamous Cell Carcinoma of the Head and Neck,Avelumab; Chemoradiation,DRUG; OTHER,2016-11-28,2019-12-23,2020-08-25,2021-09-22,https://clinicaltrials.gov/study/NCT02952586,BIOLOGICAL_FAILURE,EFFICACY_FUTILITY,,False,2.0.0,c238615a78ffba22cb69,REVIEWED_EXACT
NCT02963051,"A Phase Ib Study of Intravenous Copper Loading With Oral Disulfiram in Metastatic, Castration Resistant Prostate Cancer",TERMINATED,Study stopped due to lack of efficacy.,BIOLOGICAL_FAILURE,EFFICACY/FUTILITY,HIGH,v=2.0.0;outcome=BIOLOGICAL_FAILURE;primary=EFFICACY_FUTILITY;reviewed.exact_reason:Study stopped due to lack of efficacy.,Oncology,Oncology; Renal & Urology,,,INTERVENTIONAL,PHASE1,"Daniel George, MD",Give 1 For Dad Campaign; The V Foundation for Cancer Research; Peter Michael Foundation; Cantex Pharmaceuticals,Prostate Cancer,Copper; Disulfiram; Copper gluconate,DRUG; DRUG; DRUG,2017-07-11,2018-12-30,2020-02-01,2021-09-16,https://clinicaltrials.gov/study/NCT02963051,BIOLOGICAL_FAILURE,EFFICACY_FUTILITY,,False,2.0.0,94a8729d86a8a5d953bb,REVIEWED_EXACT
NCT03473457,CAR-T Cells Therapy in Relapsed/Refractory Acute Myeloid Leukemia,TERMINATED,The therapeutic effect was not as expected,BIOLOGICAL_FAILURE,EFFICACY/FUTILITY,HIGH,v=2.0.0;outcome=BIOLOGICAL_FAILURE;primary=EFFICACY_FUTILITY;reviewed.exact_reason:The therapeutic effect was not as expected,Oncology,Oncology,,,INTERVENTIONAL,NA,Zhujiang Hospital,"Nanfang Hospital, Southern Medical University; The Third Affiliated Hospital of Southern Medical University; Sun Yat-Sen Memorial Hospital of Sun Yat-Sen University",Relapsed/Refractory Acute Myeloid Leukemia(AML),CART therapy in Acute myeloid leukemia(AML),BIOLOGICAL,2018-04-01,2020-12-31,2020-12-31,2021-09-13,https://clinicaltrials.gov/study/NCT03473457,BIOLOGICAL_FAILURE,EFFICACY_FUTILITY,,False,2.0.0,5f9d5b4598f6afd06a06,REVIEWED_EXACT
NCT02984683,Study Evaluating Efficacy and Safety of SAR566658 Treatment in Patients With CA6 Positive Metastatic Triple Negative Breast Cancer,TERMINATED,Study discontinued considering the limited clinical benefit combined with a higher than expected rate of known non-serious ophthalmological event.,BIOLOGICAL_FAILURE,EFFICACY/FUTILITY,HIGH,v=2.0.0;outcome=BIOLOGICAL_FAILURE;primary=EFFICACY_FUTILITY;eff.explicit_lack:limited clinical benefit,Oncology,Oncology,,,INTERVENTIONAL,PHASE2,Sanofi,,Triple Negative Breast Cancer,SAR566658 (ACT14884),DRUG,2017-03-23,2018-09-07,2018-09-07,2021-09-08,https://clinicaltrials.gov/study/NCT02984683,BIOLOGICAL_FAILURE,EFFICACY_FUTILITY,,False,2.0.0,34d84798d1c1032df6ae,RULE_V2
NCT01110876,"Phase I / II Vorinostat, Erlotinib and Temozolomide for Recurrent Glioblastoma Multiforme (GBM)",TERMINATED,Unanticipated Toxicities,BIOLOGICAL_FAILURE,SAFETY,HIGH,v=2.0.0;outcome=BIOLOGICAL_FAILURE;primary=SAFETY;reviewed.exact_reason:Unanticipated Toxicities,Oncology,Oncology,,,INTERVENTIONAL,PHASE1; PHASE2,M.D. Anderson Cancer Center,Merck Sharp & Dohme LLC,Brain Cancer; Glioblastoma Multiforme,Vorinostat; Erlotinib; Temozolomide,DRUG; DRUG; DRUG,2011-06,2014-07,2014-07,2021-08-25,https://clinicaltrials.gov/study/NCT01110876,BIOLOGICAL_FAILURE,SAFETY,,False,2.0.0,5cf81b5126c126423d1e,REVIEWED_EXACT
NCT01663766,Phase I Study of Milatuzumab for Graft Versus Host Disease,TERMINATED,"PIs agreed no safety signals were shown, drug did not appear to lessen the risk of preventing GVHD no further patients would be enrolled",BIOLOGICAL_FAILURE,EFFICACY/FUTILITY,HIGH,"v=2.0.0;outcome=BIOLOGICAL_FAILURE;primary=EFFICACY_FUTILITY;reviewed.exact_reason:PIs agreed no safety signals were shown, drug did not appear to lessen the risk of preventing GVHD no further patients would be enrolled",Oncology,Oncology,,,INTERVENTIONAL,PHASE1,Gilead Sciences,Ohio State University,GVHD (Acute or Chronic); Acute Myeloid or Lymphoblastic Leukemia (AML or ALL); Myelodysplastic Syndrome; Chronic Myelogenous Leukemia (CML); Multiple Myeloma (MM); Non-Hodgekin Lymphoma (NHL-both Follicular & Diffuse Large Cell); Chronic Lymphocytic Leukemia or Small Lymphocytic Leukemia (CLL or SLL),milatuzumab,DRUG,2013-12,2015-03,2015-03,2021-08-19,https://clinicaltrials.gov/study/NCT01663766,BIOLOGICAL_FAILURE,EFFICACY_FUTILITY,,False,2.0.0,5997ae0a39815ddd3e67,REVIEWED_EXACT
NCT01101594,A Study of hLL1-DOX (Milatuzumab-Doxorubicin Antibody-Drug Conjugate) in Patients With Multiple Myeloma,TERMINATED,Study was terminated due to lack of efficacy,BIOLOGICAL_FAILURE,EFFICACY/FUTILITY,HIGH,v=2.0.0;outcome=BIOLOGICAL_FAILURE;primary=EFFICACY_FUTILITY;reviewed.exact_reason:Study was terminated due to lack of efficacy,Oncology,Oncology,,,INTERVENTIONAL,PHASE1; PHASE2,Gilead Sciences,,Multiple Myeloma,hLL1-DOX (the doxorubicin conjugate of milatuzumab),DRUG,2010-07,2013-07,2013-07,2021-08-16,https://clinicaltrials.gov/study/NCT01101594,BIOLOGICAL_FAILURE,EFFICACY_FUTILITY,,False,2.0.0,aa68e72836b9a3e84007,REVIEWED_EXACT
NCT01956812,Phase 3 Trial of 90Y-Clivatuzumab Tetraxetan & Gemcitabine vs Placebo & Gemcitabine in Metastatic Pancreatic Cancer,TERMINATED,"The DSMB conducted an interim analysis on overall survival, which showed that the treatment arm did not demonstrate a sufficient improvement in OS vs. placebo.",BIOLOGICAL_FAILURE,EFFICACY/FUTILITY,HIGH,"v=2.0.0;outcome=BIOLOGICAL_FAILURE;primary=EFFICACY_FUTILITY;reviewed.exact_reason:The DSMB conducted an interim analysis on overall survival, which showed that the treatment arm did not demonstrate a sufficient improvement in OS vs. placebo.",Oncology,Gastroenterology & Hepatology; Oncology,,,INTERVENTIONAL,PHASE3,Gilead Sciences,,Metastatic Pancreatic Cancer; Pancreatic Cancer,IMMU-107; placebo; Gemcitabine,DRUG; DRUG; DRUG,2013-12,2016-11,2016-11,2021-08-16,https://clinicaltrials.gov/study/NCT01956812,BIOLOGICAL_FAILURE,EFFICACY_FUTILITY,,False,2.0.0,9c263edef49fab18773f,REVIEWED_EXACT
NCT01988090,High Dose Vitamin D vs Standard Dose Vitamin D Study,TERMINATED,An interim analysis demonstrated no benefit of high dose vitamin D when compared to standard dose vitamin D in the reduction or prevention of arthralgia,BIOLOGICAL_FAILURE,EFFICACY/FUTILITY,HIGH,v=2.0.0;outcome=BIOLOGICAL_FAILURE;primary=EFFICACY_FUTILITY;reviewed.exact_reason:An interim analysis demonstrated no benefit of high dose vitamin D when compared to standard dose vitamin D in the reduction or prevention of arthralgia,Oncology,Oncology,,,INTERVENTIONAL,PHASE2,Mothaffar Rimawi,,Breast Cancer,"800 IU Vitamin D Supplement; 50,000 IU Vitamin D supplement",DRUG; DRUG,2013-12,2018-07-21,2018-12-10,2021-08-09,https://clinicaltrials.gov/study/NCT01988090,BIOLOGICAL_FAILURE,EFFICACY_FUTILITY,,False,2.0.0,547458709ccf61a46a22,REVIEWED_EXACT
NCT02510911,Does Caffeine Reduce Postoperative Bowel Paralysis After Elective Colectomy?,TERMINATED,lack of effect at interims analysis,BIOLOGICAL_FAILURE,EFFICACY/FUTILITY,HIGH,v=2.0.0;outcome=BIOLOGICAL_FAILURE;primary=EFFICACY_FUTILITY;reviewed.exact_reason:lack of effect at interims analysis,Oncology,Oncology,,,INTERVENTIONAL,NA,Thomas Steffen,"Gottfried und Julia Bangerter- Rhyner-Stiftung, Basel",Postoperative Ileus; Laparoscopic Colectomy Without Stoma Formation; Colorectal Neoplasm; Diverticulitis,Caffeine (100 mg); Caffeine (200 mg); corn starch (250 mg approx.); Radiopaque marker,DRUG; DRUG; DRUG; OTHER,2015-08,2020-08,2020-12-22,2021-08-04,https://clinicaltrials.gov/study/NCT02510911,BIOLOGICAL_FAILURE,EFFICACY_FUTILITY,,False,2.0.0,24859cf0d55a0ce75d6d,REVIEWED_EXACT
NCT03630120,Adaptive Tyrosine Kinase Inhibitor (TKI) Therapy In Patients With Thyroid Cancer,TERMINATED,Lack of efficacy,BIOLOGICAL_FAILURE,EFFICACY/FUTILITY,HIGH,v=2.0.0;outcome=BIOLOGICAL_FAILURE;primary=EFFICACY_FUTILITY;reviewed.exact_reason:Lack of efficacy,Oncology,Endocrine & Metabolic; Oncology,,,INTERVENTIONAL,PHASE2,H. Lee Moffitt Cancer Center and Research Institute,,"Thyroid Cancer; Thyroid Cancer, Medullary; Differentiated Thyroid Cancer; Papillary Thyroid Cancer; Follicular Thyroid Cancer; Poorly Differentiated Thyroid Gland Carcinoma",Lenvatinib; Sorafenib; Cabozantinib; Vandetanib,DRUG; DRUG; DRUG; DRUG,2018-08-06,2019-11-14,2019-12-05,2021-07-14,https://clinicaltrials.gov/study/NCT03630120,BIOLOGICAL_FAILURE,EFFICACY_FUTILITY,,False,2.0.0,4431292a7cce2b3e9aed,REVIEWED_EXACT
NCT03938337,Abemaciclib and Pembrolizumab in Metastatic or Recurrent Head and Neck Cancer,TERMINATED,"Sponsor terminated study due to higher incidence of pulmonary toxicity than expected, including death",BIOLOGICAL_FAILURE,SAFETY,HIGH,"v=2.0.0;outcome=BIOLOGICAL_FAILURE;primary=SAFETY;reviewed.exact_reason:Sponsor terminated study due to higher incidence of pulmonary toxicity than expected, including death",Oncology,Oncology,,,INTERVENTIONAL,PHASE2,University of Alabama at Birmingham,,Head and Neck Cancer,Cohort 1 Not Previously Treated; Cohort 2 Treated Previously,DRUG; DRUG,2019-10-08,2020-04-03,2020-04-03,2021-07-09,https://clinicaltrials.gov/study/NCT03938337,BIOLOGICAL_FAILURE,SAFETY,,False,2.0.0,5aeff21d8a06f2ee2a77,REVIEWED_EXACT
NCT01767857,A Phase III Study of Xilonix in Patients With Advanced Colorectal Cancer,TERMINATED,The study crossed the prospective futility boundary of primary endpoint,BIOLOGICAL_FAILURE,EFFICACY/FUTILITY,HIGH,v=2.0.0;outcome=BIOLOGICAL_FAILURE;primary=EFFICACY_FUTILITY;reviewed.exact_reason:The study crossed the prospective futility boundary of primary endpoint,Oncology,Oncology,,,INTERVENTIONAL,PHASE3,"Janssen Research & Development, LLC",,Metastatic Colorectal Cancer,Xilonix; Placebo,DRUG; DRUG,2013-03-31,2017-06-30,2017-06-30,2021-06-29,https://clinicaltrials.gov/study/NCT01767857,BIOLOGICAL_FAILURE,EFFICACY_FUTILITY,,False,2.0.0,54724d52b4c86e4e31c4,REVIEWED_EXACT
NCT03687125,Tinostamustine Conditioning and Autologous Stem Cell,TERMINATED,Sponsor decision based on adverse events limiting administration of higher doses required to achieve myeoblative conditioning necessary in this population,BIOLOGICAL_FAILURE,SAFETY,HIGH,v=2.0.0;outcome=BIOLOGICAL_FAILURE;primary=SAFETY;saf.adverse_events:adverse events,Oncology,Oncology,,,INTERVENTIONAL,PHASE1; PHASE2,Mundipharma-EDO GmbH,,Multiple Myeloma in Relapse; Multiple Myeloma Progression; Multiple Myeloma With Failed Remission,Tinostamustine; Autologous Stem Cell Transplant (ASCT),DRUG; PROCEDURE,2018-10-15,2019-04-17,2019-04-17,2021-06-18,https://clinicaltrials.gov/study/NCT03687125,BIOLOGICAL_FAILURE,SAFETY,,False,2.0.0,2b4368da4ee88cbaf7ae,RULE_V2
NCT03451773,M7824 (MSB0011359C) in Combination With Gemcitabine in Adults With Previously Treated Advanced Adenocarcinoma of the Pancreas,TERMINATED,Study was closed after one treatment related death.,BIOLOGICAL_FAILURE,SAFETY,HIGH,v=2.0.0;outcome=BIOLOGICAL_FAILURE;primary=SAFETY;reviewed.exact_reason:Study was closed after one treatment related death.,Oncology,Gastroenterology & Hepatology; Oncology,,,INTERVENTIONAL,PHASE1; PHASE2,National Cancer Institute (NCI),,Cancer of Pancreas; Pancreas Cancer; Pancreatic Adenocarcinoma; Pancreatic Cancer; Pancreatic Neoplasms,M7824; Gemcitabine,DRUG; DRUG,2018-05-17,2020-05-05,2020-05-05,2021-06-16,https://clinicaltrials.gov/study/NCT03451773,BIOLOGICAL_FAILURE,SAFETY,,False,2.0.0,8a46ff4029121aa1a762,REVIEWED_EXACT
NCT02055690,PAZOFOS: Phase Ib and Phase II Trial of Pazopanib +/- Fosbretabulin in Advanced Recurrent Ovarian Cancer,TERMINATED,Safety,BIOLOGICAL_FAILURE,SAFETY,HIGH,v=2.0.0;outcome=BIOLOGICAL_FAILURE;primary=SAFETY;reviewed.exact_reason:Safety,Oncology,Oncology,,,INTERVENTIONAL,PHASE1; PHASE2,The Christie NHS Foundation Trust,Novartis; Mateon Therapeutics; East and North Hertfordshire NHS Trust,"Ovarian Neoplasms; Neoplasms, Ovarian; Ovarian Cancer",Pazopanib; Fosbretabulin,DRUG; DRUG,2014-09,2017-11-24,2017-11-24,2021-05-17,https://clinicaltrials.gov/study/NCT02055690,BIOLOGICAL_FAILURE,SAFETY,,False,2.0.0,856e8bd358ece398c72f,REVIEWED_EXACT
NCT01126216,Reduced Radiotherapy With Pac/Cis vs Standard Radiotherapy With 5-FU/Cis in Locally Advanced Head and Neck Cancer,TERMINATED,"After an Interims analysis the Data Safety Monitoring board recommended this because no significant difference between the two arms was seen and was not expected with an reasonable recruitment of patients.

No interruptions of the trial were made.",BIOLOGICAL_FAILURE,EFFICACY/FUTILITY,HIGH,v=2.0.0;outcome=BIOLOGICAL_FAILURE;primary=EFFICACY_FUTILITY;reviewed.exact_reason:After an Interims analysis the Data Safety Monitoring board recommended this because no significant difference between the two arms was seen and was not expected with an reasonable,Oncology,Oncology,,,INTERVENTIONAL,PHASE3,University of Erlangen-Nürnberg Medical School,"Deutsche Krebshilfe e.V., Bonn (Germany)",Head and Neck Cancer,Paclitaxel/Cisplatin; Reduced RT; 5-FU/Cisplatin; Standard RT,DRUG; RADIATION; DRUG; RADIATION,2010-06,2015-06,2019-06,2021-05-04,https://clinicaltrials.gov/study/NCT01126216,BIOLOGICAL_FAILURE,EFFICACY_FUTILITY,,False,2.0.0,ec4427acaf13860581c9,REVIEWED_EXACT
NCT03051672,Phase II PEMBROLIZUMAB + PALLIATIVE RADIOTHERAPY IN BC,TERMINATED,"Based on two-stage design, the study ended at stage 1 with no evidence of promise based on pre-specified decision rule.",BIOLOGICAL_FAILURE,EFFICACY/FUTILITY,HIGH,"v=2.0.0;outcome=BIOLOGICAL_FAILURE;primary=EFFICACY_FUTILITY;reviewed.exact_reason:Based on two-stage design, the study ended at stage 1 with no evidence of promise based on pre-specified decision rule.",Oncology,Oncology,,,INTERVENTIONAL,PHASE2,Dana-Farber Cancer Institute,Merck Sharp & Dohme LLC,Metastatic Breast Cancer,Pembrolizumab; Palliative radiotherapy,DRUG; RADIATION,2017-05-22,2018-09-04,2019-01-11,2021-04-27,https://clinicaltrials.gov/study/NCT03051672,BIOLOGICAL_FAILURE,EFFICACY_FUTILITY,,False,2.0.0,5a497eee2f4b1b849224,REVIEWED_EXACT
NCT02608229,BVD-523 Plus Nab-paclitaxel and Gemcitabine in Patients With Metastatic Pancreatic Cancer,TERMINATED,Adverse events,BIOLOGICAL_FAILURE,SAFETY,HIGH,v=2.0.0;outcome=BIOLOGICAL_FAILURE;primary=SAFETY;reviewed.exact_reason:Adverse events,Gastroenterology & Hepatology,Gastroenterology & Hepatology; Oncology,,,INTERVENTIONAL,PHASE1,Washington University School of Medicine,"BioMed Valley Discoveries, Inc; National Cancer Institute (NCI)",Pancreatic Cancer; Cancer of Pancreas; Cancer of the Pancreas; Pancreas Cancer,BVD-523; Nab-paclitaxel; Gemcitabine; Tumor biopsy,DRUG; DRUG; DRUG; PROCEDURE,2016-06-06,2019-03-27,2020-05-21,2021-04-21,https://clinicaltrials.gov/study/NCT02608229,BIOLOGICAL_FAILURE,SAFETY,,False,2.0.0,2ec0df12b367befed812,REVIEWED_EXACT
NCT02117466,Image Guided Treatment Optimization With Cetuximab for Patients With Metastatic Colorectal Cancer,TERMINATED,Primary endpoint could no longer be reached.,BIOLOGICAL_FAILURE,EFFICACY/FUTILITY,HIGH,v=2.0.0;outcome=BIOLOGICAL_FAILURE;primary=EFFICACY_FUTILITY;reviewed.exact_reason:Primary endpoint could no longer be reached.,Oncology,Oncology,,,INTERVENTIONAL,PHASE1; PHASE2,"Amsterdam UMC, location VUmc",University Medical Center Groningen; Radboud University Medical Center,Metastatic Colorectal Cancer,Dose escalation cetuximab; Standard dose cetuximab,DRUG; DRUG,2014-04,2021-01,2021-01,2021-04-14,https://clinicaltrials.gov/study/NCT02117466,BIOLOGICAL_FAILURE,EFFICACY_FUTILITY,,False,2.0.0,d5c54a3f8f6d9d13b3f1,REVIEWED_EXACT
NCT02336048,A Study Evaluating the Safety of Tocilizumab in Addition to Standard of Care Premedication Given Before Obinutuzumab + Chlorambucil in Participants With Untreated B-Cell Chronic Lymphocytic Leukemia (B-CLL) and Comorbidities,TERMINATED,This study was terminated early because premedication with tocilizumab was unlikely to reduce the risk of IRR.,BIOLOGICAL_FAILURE,EFFICACY/FUTILITY,HIGH,v=2.0.0;outcome=BIOLOGICAL_FAILURE;primary=EFFICACY_FUTILITY;reviewed.exact_reason:This study was terminated early because premedication with tocilizumab was unlikely to reduce the risk of IRR.,Oncology,Oncology,,,INTERVENTIONAL,PHASE1,Hoffmann-La Roche,,B-Cell Chronic Lymphocytic Leukemia,Chlorambucil; Obinutuzumab; Placebo; Standard Premedication; Tocilizumab,DRUG; DRUG; DRUG; OTHER; DRUG,2015-06-26,2018-09-21,2018-09-21,2021-04-08,https://clinicaltrials.gov/study/NCT02336048,BIOLOGICAL_FAILURE,EFFICACY_FUTILITY,,False,2.0.0,21aa9a3e3dfad007b314,REVIEWED_EXACT
NCT01055067,ARQ 197 for Participants With Relapsed or Refractory Germ Cell Tumors,TERMINATED,The study was terminated early for futility according to the stopping rule of the Simon 2-stage design.,BIOLOGICAL_FAILURE,EFFICACY/FUTILITY,HIGH,v=2.0.0;outcome=BIOLOGICAL_FAILURE;primary=EFFICACY_FUTILITY;reviewed.exact_reason:The study was terminated early for futility according to the stopping rule of the Simon 2-stage design.,Oncology,Oncology,,,INTERVENTIONAL,PHASE2,Daiichi Sankyo,,Non-CNS Germ Cell Tumors (Seminomas and Nonseminomas),Tivantinib (ARQ 197),DRUG,2010-02-02,2011-11-30,2011-11-30,2021-04-06,https://clinicaltrials.gov/study/NCT01055067,BIOLOGICAL_FAILURE,EFFICACY_FUTILITY,,False,2.0.0,ea52300a0efc87e1eb17,REVIEWED_EXACT
NCT01244191,"Tivantinib Plus Erlotinib Versus Placebo Plus Erlotinib for the Treatment of Non-squamous, Non-small-cell Lung Cancer",TERMINATED,Sponsor decision due to the protocol-defined stopping boundary for futility was met based on the interim OS data.,BIOLOGICAL_FAILURE,EFFICACY/FUTILITY,HIGH,v=2.0.0;outcome=BIOLOGICAL_FAILURE;primary=EFFICACY_FUTILITY;reviewed.exact_reason:Sponsor decision due to the protocol-defined stopping boundary for futility was met based on the interim OS data.,Oncology,Oncology; Respiratory,,,INTERVENTIONAL,PHASE3,Daiichi Sankyo,"ArQule, Inc., a subsidiary of Merck Sharp & Dohme LLC, a subsidiary of Merck & Co., Inc. (Rahway, NJ USA)","Non Squamous, Non-small-cell Lung Cancer",Tivantinib; Placebo; Erlotinib,DRUG; DRUG; DRUG,2011-01-11,2012-12-15,2012-12-15,2021-04-06,https://clinicaltrials.gov/study/NCT01244191,BIOLOGICAL_FAILURE,EFFICACY_FUTILITY,,False,2.0.0,900bda7a3e6a6d5e7eba,REVIEWED_EXACT
NCT03340883,Safety and Tolerability of BION-1301 in Adults With Relapsed or Refractory Multiple Myeloma (MM),TERMINATED,No objective responses observed following completion of Phase 1 dose-escalation,BIOLOGICAL_FAILURE,EFFICACY/FUTILITY,HIGH,v=2.0.0;outcome=BIOLOGICAL_FAILURE;primary=EFFICACY_FUTILITY;reviewed.exact_reason:No objective responses observed following completion of Phase 1 dose-escalation,Oncology,Oncology,,,INTERVENTIONAL,PHASE1; PHASE2,"Chinook Therapeutics, Inc.",,Multiple Myeloma,BION-1301,BIOLOGICAL,2017-11-15,2019-06-13,2019-07-09,2021-04-01,https://clinicaltrials.gov/study/NCT03340883,BIOLOGICAL_FAILURE,EFFICACY_FUTILITY,,False,2.0.0,a2af9da0252823fa54b9,REVIEWED_EXACT
NCT02822482,Copanlisib in Association With Cetuximab in Patients With Recurrent and/or Metastatic Head and Neck Squamous Cell Carcinomas Harboring a PI3KCA Mutation/Amplification and/or a PTEN Loss,TERMINATED,futilty of the treatment,BIOLOGICAL_FAILURE,EFFICACY/FUTILITY,HIGH,v=2.0.0;outcome=BIOLOGICAL_FAILURE;primary=EFFICACY_FUTILITY;reviewed.exact_reason:futilty of the treatment,Oncology,Oncology,,,INTERVENTIONAL,PHASE1; PHASE2,UNICANCER,,"Carcinoma, Squamous Cell of Head and Neck",Copanlisib; Cetuximab,DRUG; DRUG,2016-06,2019-10-09,2019-10-09,2021-03-29,https://clinicaltrials.gov/study/NCT02822482,BIOLOGICAL_FAILURE,EFFICACY_FUTILITY,,False,2.0.0,694dea80b0a285855397,REVIEWED_EXACT
NCT03876925,"A Single Arm, Open-label,Phase Ib Study of CT053PTSA in Preciously Treated Patients With Advanced and Metastatic RCC",TERMINATED,The effect of CT053PTSA in preciously treated patients with advanced and metastatic RCC is not as good as pre-expected,BIOLOGICAL_FAILURE,EFFICACY/FUTILITY,HIGH,v=2.0.0;outcome=BIOLOGICAL_FAILURE;primary=EFFICACY_FUTILITY;reviewed.exact_reason:The effect of CT053PTSA in preciously treated patients with advanced and metastatic RCC is not as good as pre-expected,Oncology,Oncology; Renal & Urology,,,INTERVENTIONAL,PHASE1; PHASE2,"Sunshine Lake Pharma Co., Ltd.",,Renal Cell Cancer Metastatic,CT053PTSA,DRUG,2018-06-25,2020-03-01,2020-05-12,2021-03-24,https://clinicaltrials.gov/study/NCT03876925,BIOLOGICAL_FAILURE,EFFICACY_FUTILITY,,False,2.0.0,e0a97f7a378a8a004496,REVIEWED_EXACT
NCT03449030,A Study of TAK-164 in Participants With Advanced Gastrointestinal (GI) Cancer Expressing Guanylyl Cyclase C (GCC),TERMINATED,Insufficient clinical benefit to participants at the selected recommended phase 2 (RP2D) dose in Part A.,BIOLOGICAL_FAILURE,EFFICACY/FUTILITY,HIGH,v=2.0.0;outcome=BIOLOGICAL_FAILURE;primary=EFFICACY_FUTILITY;reviewed.exact_reason:Insufficient clinical benefit to participants at the selected recommended phase 2 (RP2D) dose in Part A.,Gastroenterology & Hepatology,Gastroenterology & Hepatology; Oncology,,,INTERVENTIONAL,PHASE1,"Millennium Pharmaceuticals, Inc.",,"Gastrointestinal Neoplasms; Esophageal, Stomach, Pancreas, Colon Neoplasms; Malignant Tumors of Digestive Organ; Advanced Gastrointestinal Malignancies",TAK-164; 89Zr-TAK-164,DRUG; DRUG,2018-04-23,2020-02-27,2020-02-27,2021-03-22,https://clinicaltrials.gov/study/NCT03449030,BIOLOGICAL_FAILURE,EFFICACY_FUTILITY,,False,2.0.0,fc687f9d7a8294deb7cb,REVIEWED_EXACT
NCT03729297,Cabozantinib in Advanced Salivary Gland Cancer Patients,TERMINATED,safety issues,BIOLOGICAL_FAILURE,SAFETY,HIGH,v=2.0.0;outcome=BIOLOGICAL_FAILURE;primary=SAFETY;reviewed.exact_reason:safety issues,Oncology,Oncology,,,INTERVENTIONAL,PHASE2,Radboud University Medical Center,Ipsen,Salivary Gland Cancer,Cabozantinib,DRUG,2018-09-05,2019-11-06,2019-11-06,2021-03-12,https://clinicaltrials.gov/study/NCT03729297,BIOLOGICAL_FAILURE,SAFETY,,False,2.0.0,fe8e95e17e77b5b89764,REVIEWED_EXACT
NCT04239014,"A Study to Evaluate the Effectiveness and Tolerability of a Second Maintenance Treatment in Participants With Ovarian Cancer, Who Have Previously Received Polyadenosine 5'Diphosphoribose [Poly (ADP Ribose)] Polymerase Inhibitor (PARPi) Treatment.",WITHDRAWN,"Sponsor made the decision to terminate the DUETTE study based on the interim analysis of the VIOLETTE study (NCT03330847) investigating the combination of ceralasertib and Olaparib, where study closure was recommended due to insufficient efficacy.",BIOLOGICAL_FAILURE,EFFICACY/FUTILITY,HIGH,v=2.0.0;outcome=BIOLOGICAL_FAILURE;primary=EFFICACY_FUTILITY;eff.explicit_lack:insufficient efficacy,Oncology,Oncology,,,INTERVENTIONAL,PHASE2,AstraZeneca,Parexel,Ovarian Cancer,Olaparib; Ceralasertib; Placebo to match olaparib,DRUG; DRUG; DRUG,2020-08-07,2021-01-25,2021-01-25,2021-03-10,https://clinicaltrials.gov/study/NCT04239014,BIOLOGICAL_FAILURE,EFFICACY_FUTILITY,,False,2.0.0,6d5c409342f5f9ccae73,RULE_V2
NCT03572478,Rucaparib and Nivolumab in Patients With Prostate or Endometrial Cancer,TERMINATED,The study was terminated due to lack of efficacy.,BIOLOGICAL_FAILURE,EFFICACY/FUTILITY,HIGH,v=2.0.0;outcome=BIOLOGICAL_FAILURE;primary=EFFICACY_FUTILITY;reviewed.exact_reason:The study was terminated due to lack of efficacy.,Oncology,Oncology; Renal & Urology,,,INTERVENTIONAL,PHASE1; PHASE2,University of Chicago,"Bristol-Myers Squibb; Clovis Oncology, Inc.",Prostate Cancer; Endometrial Cancer,Rucaparib; Nivolumab,DRUG; DRUG,2018-08-14,2020-02-29,2020-10-01,2021-03-09,https://clinicaltrials.gov/study/NCT03572478,BIOLOGICAL_FAILURE,EFFICACY_FUTILITY,,False,2.0.0,278c2768912d331d06b1,REVIEWED_EXACT
NCT00066677,Bevacizumab With or Without Docetaxel in Treating Patients With Previously Treated Metastatic Pancreatic Cancer,TERMINATED,Stopped accordining to early stopping rule for futility,BIOLOGICAL_FAILURE,EFFICACY/FUTILITY,HIGH,v=2.0.0;outcome=BIOLOGICAL_FAILURE;primary=EFFICACY_FUTILITY;reviewed.exact_reason:Stopped accordining to early stopping rule for futility,Gastroenterology & Hepatology,Gastroenterology & Hepatology; Oncology,,,INTERVENTIONAL,PHASE2,Fox Chase Cancer Center,National Cancer Institute (NCI),Pancreatic Cancer,rhuMAB-VEGF; docetaxel,DRUG; DRUG,2003-10,2008-11,2009-04,2021-03-05,https://clinicaltrials.gov/study/NCT00066677,BIOLOGICAL_FAILURE,EFFICACY_FUTILITY,,False,2.0.0,0da5810bd4b70bce5185,REVIEWED_EXACT
NCT00796445,"A Phase III Study to Test the Benefit of a New Kind of Anti-cancer Treatment in Patients With Melanoma, After Surgical Removal of Their Tumor",TERMINATED,The study was terminated early following assessment of the two co-primary endpoints showing the lack of efficacy of the study product.,BIOLOGICAL_FAILURE,EFFICACY/FUTILITY,HIGH,v=2.0.0;outcome=BIOLOGICAL_FAILURE;primary=EFFICACY_FUTILITY;reviewed.exact_reason:The study was terminated early following assessment of the two co-primary endpoints showing the lack of efficacy of the study product.,Oncology,Oncology,,,INTERVENTIONAL,PHASE3,GlaxoSmithKline,,Melanoma,GSK 2132231A; Placebo,DRUG; DRUG,2008-12-01,2016-01-27,2016-01-27,2021-03-05,https://clinicaltrials.gov/study/NCT00796445,BIOLOGICAL_FAILURE,EFFICACY_FUTILITY,,False,2.0.0,81e16510015ffb2b98e1,REVIEWED_EXACT
NCT04084158,A Study of Toripalimab Combined With Concurrent Chemoradiotherapy for Locally Advanced Esophageal Squamous Cell Carcinoma.,SUSPENDED,combination arm delevelped significant poor prognosis,BIOLOGICAL_FAILURE,EFFICACY/FUTILITY,HIGH,v=2.0.0;outcome=BIOLOGICAL_FAILURE;primary=EFFICACY_FUTILITY;reviewed.exact_reason:combination arm delevelped significant poor prognosis,Oncology,Oncology,,,INTERVENTIONAL,PHASE2,Zhejiang Cancer Hospital,"Shanghai Junshi Bioscience Co., Ltd.",Esophageal Squamous Cell Carcinoma,"Toripalimab injection (JS001); Paclitaxel, Albumin-Bound; Radiotherapy; Platinum-Based Drug",DRUG; DRUG; RADIATION; DRUG,2019-09-07,2021-12-30,2021-12-30,2021-02-23,https://clinicaltrials.gov/study/NCT04084158,BIOLOGICAL_FAILURE,EFFICACY_FUTILITY,,False,2.0.0,2f30c68c0901d59b6c10,REVIEWED_EXACT
NCT03146663,NUC-1031 in Patients With Platinum-Resistant Ovarian Cancer,TERMINATED,"Despite promising efficacy and a good tolerability profile in Part I, it was decided not to initiate Part II as the pre-specified boundary for efficacy was uncertain to be met in this heavily pre-treated population with significant co-morbidities",BIOLOGICAL_FAILURE,EFFICACY/FUTILITY,HIGH,"v=2.0.0;outcome=BIOLOGICAL_FAILURE;primary=EFFICACY_FUTILITY;reviewed.exact_reason:Despite promising efficacy and a good tolerability profile in Part I, it was decided not to initiate Part II as the pre-specified boundary for efficacy was uncertain to be met in t",Oncology,Oncology,,,INTERVENTIONAL,PHASE2,NuCana plc,,Ovarian Cancer,NUC-1031 500 mg; NUC-1031 750mg,DRUG; DRUG,2017-09-28,2019-12-31,2019-12-31,2021-02-21,https://clinicaltrials.gov/study/NCT03146663,BIOLOGICAL_FAILURE,EFFICACY_FUTILITY,,False,2.0.0,38ed60e63d48f5242bdf,REVIEWED_EXACT
NCT03125200,Study of ADCT-502 in Patients With Advanced Solid Tumors Withhuman Epidermal Growth Factor Receptor-2 (HER2) Expression,TERMINATED,Safety,BIOLOGICAL_FAILURE,SAFETY,HIGH,v=2.0.0;outcome=BIOLOGICAL_FAILURE;primary=SAFETY;reviewed.exact_reason:Safety,Gastroenterology & Hepatology,Gastroenterology & Hepatology; Oncology; Renal & Urology; Respiratory,,,INTERVENTIONAL,PHASE1,ADC Therapeutics S.A.,,Breast Cancer; Non Small Cell Lung Cancer; GastroEsophageal Cancer; Bladder Cancer,ADCT-502,DRUG,2017-05-18,2018-04-05,2018-04-05,2021-02-01,https://clinicaltrials.gov/study/NCT03125200,BIOLOGICAL_FAILURE,SAFETY,,False,2.0.0,856e8bd358ece398c72f,REVIEWED_EXACT
NCT02698176,A Dose Exploration Study With Birabresib (MK-8628) in Participants With Selected Advanced Solid Tumors (MK-8628-006),TERMINATED,This study was terminated due to limited efficacy and not due to safety reasons.,BIOLOGICAL_FAILURE,EFFICACY/FUTILITY,HIGH,v=2.0.0;outcome=BIOLOGICAL_FAILURE;primary=EFFICACY_FUTILITY;reviewed.exact_reason:This study was terminated due to limited efficacy and not due to safety reasons.,Oncology,Oncology; Renal & Urology; Respiratory,,,INTERVENTIONAL,PHASE1,Merck Sharp & Dohme LLC,,NUT Midline Carcinoma (NMC); Triple Negative Breast Cancer (TNBC); Non-small Cell Lung Cancer (NSCLC); Castration-resistant Prostate Cancer (CRPC),Birabresib,DRUG,2016-05-04,2017-04-26,2017-04-26,2021-01-27,https://clinicaltrials.gov/study/NCT02698176,BIOLOGICAL_FAILURE,EFFICACY_FUTILITY,,False,2.0.0,26737b54d59744452c74,REVIEWED_EXACT
NCT00515528,Vaccination Plus Ontak in Patients With Metastatic Melanoma,TERMINATED,The immune monitoring data failed to demonstrate an improvement in any biologic endpoint with denileukin diftitox.,BIOLOGICAL_FAILURE,EFFICACY/FUTILITY,HIGH,v=2.0.0;outcome=BIOLOGICAL_FAILURE;primary=EFFICACY_FUTILITY;reviewed.exact_reason:The immune monitoring data failed to demonstrate an improvement in any biologic endpoint with denileukin diftitox.,Oncology,Oncology,,,INTERVENTIONAL,PHASE2,University of Chicago,Eisai Inc.,Melanoma,4-peptide melanoma vaccine; Ontak,BIOLOGICAL; DRUG,2007-04-23,2016-03,2016-03,2021-01-26,https://clinicaltrials.gov/study/NCT00515528,BIOLOGICAL_FAILURE,EFFICACY_FUTILITY,,False,2.0.0,3a3eb58c50e4bab908bb,REVIEWED_EXACT
NCT03149679,The p53 Colorectal Cancer Trial,TERMINATED,The study was discontinued after the first pre-planned interim analysis due to insufficient response rates.,BIOLOGICAL_FAILURE,EFFICACY/FUTILITY,HIGH,v=2.0.0;outcome=BIOLOGICAL_FAILURE;primary=EFFICACY_FUTILITY;reviewed.exact_reason:The study was discontinued after the first pre-planned interim analysis due to insufficient response rates.,Oncology,Oncology,,,INTERVENTIONAL,PHASE2,Haukeland University Hospital,,Colorectal Cancer Metastatic; Colorectal Cancer Stage IV; TP53 Gene Mutation,Cyclophosphamide,DRUG,2017-05-09,2020-08-07,2020-08-07,2021-01-22,https://clinicaltrials.gov/study/NCT03149679,BIOLOGICAL_FAILURE,EFFICACY_FUTILITY,,False,2.0.0,e8d66921b6b6e2fb45dd,REVIEWED_EXACT
NCT03429101,A Study of Poziotinib in Combination With T-DM1 in HER2-Positive Breast Cancer,TERMINATED,Dose limiting toxicity,BIOLOGICAL_FAILURE,SAFETY,HIGH,v=2.0.0;outcome=BIOLOGICAL_FAILURE;primary=SAFETY;reviewed.exact_reason:Dose limiting toxicity,Oncology,Oncology,,,INTERVENTIONAL,PHASE1,"Spectrum Pharmaceuticals, Inc",,Breast Cancer,Poziotinib; T-DM1,DRUG; DRUG,2018-07-13,2019-04-17,2019-04-17,2021-01-15,https://clinicaltrials.gov/study/NCT03429101,BIOLOGICAL_FAILURE,SAFETY,,False,2.0.0,f06dc52a8cea8671ba5b,REVIEWED_EXACT
NCT02587962,Dose-escalation Study of Birinapant and Pembrolizumab in Solid Tumors,TERMINATED,"Based on a futility analysis, the data monitoring committee recommended to stop enrollment.",BIOLOGICAL_FAILURE,EFFICACY/FUTILITY,HIGH,"v=2.0.0;outcome=BIOLOGICAL_FAILURE;primary=EFFICACY_FUTILITY;reviewed.exact_reason:Based on a futility analysis, the data monitoring committee recommended to stop enrollment.",Oncology,Oncology,,,INTERVENTIONAL,PHASE1; PHASE2,Medivir,Merck Sharp & Dohme LLC,Solid Tumors,Birinapant; Pembrolizumab,DRUG; DRUG,2017-08-04,2020-02-17,2020-02-17,2021-01-14,https://clinicaltrials.gov/study/NCT02587962,BIOLOGICAL_FAILURE,EFFICACY_FUTILITY,,False,2.0.0,88f3f6ee6f16e31cf5c4,REVIEWED_EXACT
NCT01268059,"A Study of Carboplatin and Paclitaxel With or Without MEDI-575 in Untreated, Advanced Non-Small Cell Lung Cancer",TERMINATED,"In conjunction with the overall risk-benefit assessment, study was terminated prematurely due to safety concerns.",BIOLOGICAL_FAILURE,SAFETY,HIGH,"v=2.0.0;outcome=BIOLOGICAL_FAILURE;primary=SAFETY;reviewed.exact_reason:In conjunction with the overall risk-benefit assessment, study was terminated prematurely due to safety concerns.",Oncology,Oncology; Respiratory,,,INTERVENTIONAL,PHASE1; PHASE2,MedImmune LLC,,Non-small Cell Lung Cancer,Carboplatin; Paclitaxel; MEDI-575,DRUG; DRUG; DRUG,2010-12-16,2013-09-11,2013-09-11,2020-12-23,https://clinicaltrials.gov/study/NCT01268059,BIOLOGICAL_FAILURE,SAFETY,,False,2.0.0,39d025741a93ccc46d9f,REVIEWED_EXACT
NCT00480025,GSK1572932A Antigen-Specific Cancer Immunotherapeutic as Adjuvant Therapy in Patients With Non-Small Cell Lung Cancer,TERMINATED,The study was terminated following assessment of the lack of efficacy of the study product by the Independent Data monitoring Committee for the study.,BIOLOGICAL_FAILURE,EFFICACY/FUTILITY,HIGH,v=2.0.0;outcome=BIOLOGICAL_FAILURE;primary=EFFICACY_FUTILITY;reviewed.exact_reason:The study was terminated following assessment of the lack of efficacy of the study product by the Independent Data monitoring Committee for the study.,Oncology,Oncology; Respiratory,,,INTERVENTIONAL,PHASE3,GlaxoSmithKline,,"Lung Cancer, Non-Small Cell",GSK1572932A Antigen-Specific Cancer Immunotherapeutic; Placebo Control,BIOLOGICAL; BIOLOGICAL,2007-10-04,2013-12-06,2014-09-23,2020-12-22,https://clinicaltrials.gov/study/NCT00480025,BIOLOGICAL_FAILURE,EFFICACY_FUTILITY,,False,2.0.0,b7f03d11dbba72e75a08,REVIEWED_EXACT
NCT03170115,Induction Chemotherapy Plus Chemoradiotherapy With or Without Aspirin in High Risk Rectal Cancer,TERMINATED,Aspirin added to chemoradiotherapy was safe but did not improve response to total neoadjuvant treatment. The study was closed due absence of benefit.,BIOLOGICAL_FAILURE,EFFICACY/FUTILITY,HIGH,v=2.0.0;outcome=BIOLOGICAL_FAILURE;primary=EFFICACY_FUTILITY;reviewed.exact_reason:Aspirin added to chemoradiotherapy was safe but did not improve response to total neoadjuvant treatment. The study was closed due absence of benefit.,Oncology,Oncology,,,INTERVENTIONAL,PHASE2,"Instituto Nacional de Cancer, Brazil",,"Rectal Cancer, Adenocarcinoma; Locally Advanced Malignant Neoplasm; Chemoradiation",Aspirin; Placebo Oral Tablet,DRUG; DRUG,2017-11-30,2020-01-17,2020-01-17,2020-12-17,https://clinicaltrials.gov/study/NCT03170115,BIOLOGICAL_FAILURE,EFFICACY_FUTILITY,,False,2.0.0,8049bdd11fe421e6a87f,REVIEWED_EXACT
NCT02443337,A Study of LY3023414 and Necitumumab in Squamous Lung Cancer,TERMINATED,The study stopped due to lack of efficacy.,BIOLOGICAL_FAILURE,EFFICACY/FUTILITY,HIGH,v=2.0.0;outcome=BIOLOGICAL_FAILURE;primary=EFFICACY_FUTILITY;reviewed.exact_reason:The study stopped due to lack of efficacy.,Oncology,Oncology; Respiratory,,,INTERVENTIONAL,PHASE2,Eli Lilly and Company,"SCRI Development Innovations, LLC",Non-small Cell Lung Cancer Metastatic,LY3023414; Necitumumab,DRUG; DRUG,2015-07,2017-09,2017-09,2020-12-09,https://clinicaltrials.gov/study/NCT02443337,BIOLOGICAL_FAILURE,EFFICACY_FUTILITY,,False,2.0.0,c291e1be94f9c4579762,REVIEWED_EXACT
NCT02368691,Efficacy and Safety of GTx-024 in Patients With Androgen Receptor-Positive Triple Negative Breast Cancer (AR+ TNBC),TERMINATED,Lack of Efficacy,BIOLOGICAL_FAILURE,EFFICACY/FUTILITY,HIGH,v=2.0.0;outcome=BIOLOGICAL_FAILURE;primary=EFFICACY_FUTILITY;reviewed.exact_reason:Lack of efficacy,Oncology,Oncology,,,INTERVENTIONAL,PHASE2,GTx,,Triple Negative Breast Cancer,GTx-024,DRUG,2015-06,2017-09-22,2017-09-22,2020-11-18,https://clinicaltrials.gov/study/NCT02368691,BIOLOGICAL_FAILURE,EFFICACY_FUTILITY,,False,2.0.0,4431292a7cce2b3e9aed,REVIEWED_EXACT
NCT04262375,"A Phase 2 Study of Durvalumab (MEDI4736) and Oleclumab (MEDI9447) in Multi-Cancer Populations With Correlation to Clinical, Molecular and Immunologic Parameters With DNA MethylaTION",WITHDRAWN,Overall clinical activity (ORR) for oleclumab + durvalumab is minimal across tumor types and does not support further evaluation of this doublet.,BIOLOGICAL_FAILURE,EFFICACY/FUTILITY,MEDIUM,v=2.0.0;outcome=BIOLOGICAL_FAILURE;primary=EFFICACY_FUTILITY;eff.negative_outcome:overall clinical activity (orr) for oleclumab + durvalumab is minimal,Oncology,Oncology; Renal & Urology; Respiratory,,,INTERVENTIONAL,PHASE2,"University Health Network, Toronto",AstraZeneca,Non Small Cell Lung Cancer; Renal Cell Carcinoma,Durvalumab; Oleclumab,BIOLOGICAL; BIOLOGICAL,2021-01,2024-01,2024-01,2020-11-17,https://clinicaltrials.gov/study/NCT04262375,BIOLOGICAL_FAILURE,EFFICACY_FUTILITY,,False,2.0.0,1dd4d77e741ae76e43a2,RULE_V2
NCT04262388,"A Multi-Cancer, Multi-State, Platform Study of Durvalumab (MEDI4736) and Oleclumab (MEDI9447) in Pancreatic Adenocarcinoma, Non-Small Cell Lung Cancer and Squamous Cell Carcinoma of the Head and Neck to Correlate Clinical, Molecular and Immunologic Parameters With DNA Methylation",WITHDRAWN,Overall clinical activity (ORR) for oleclumab + durvalumab is minimal across tumor types and does not support further evaluation of this doublet.,BIOLOGICAL_FAILURE,EFFICACY/FUTILITY,MEDIUM,v=2.0.0;outcome=BIOLOGICAL_FAILURE;primary=EFFICACY_FUTILITY;eff.negative_outcome:overall clinical activity (orr) for oleclumab + durvalumab is minimal,Oncology,Gastroenterology & Hepatology; Oncology; Respiratory,,,INTERVENTIONAL,PHASE2,"University Health Network, Toronto",AstraZeneca,Pancreatic Ductal Adenocarcinoma; Non-small Cell Lung Cancer; Squamous Cell Carcinoma of Head and Neck,Durvalumab; Oleclumab,BIOLOGICAL; BIOLOGICAL,2021-01,2023-01,2023-01,2020-11-17,https://clinicaltrials.gov/study/NCT04262388,BIOLOGICAL_FAILURE,EFFICACY_FUTILITY,,False,2.0.0,1dd4d77e741ae76e43a2,RULE_V2
NCT02897830,"Ixazomib, Lenalidomide, Dexamethasone Induction and Extended Consolidation Plus Lenalidomide Maintenance in Multiple Myeloma",TERMINATED,negatives results,BIOLOGICAL_FAILURE,EFFICACY/FUTILITY,HIGH,v=2.0.0;outcome=BIOLOGICAL_FAILURE;primary=EFFICACY_FUTILITY;reviewed.exact_reason:negatives results,Oncology,Oncology,,,INTERVENTIONAL,PHASE2,"University Hospital, Toulouse",Takeda; Celgene,Multiple Myeloma,Ixazomib; Lenalidomide; Dexamethasone,DRUG; DRUG; DRUG,2016-08-05,2018-11,2020-08-31,2020-11-12,https://clinicaltrials.gov/study/NCT02897830,BIOLOGICAL_FAILURE,EFFICACY_FUTILITY,,False,2.0.0,de1cf6ce3af466c7b9ba,REVIEWED_EXACT
NCT00538681,"Study for Participants With Advanced, Not Amenable to Surgery, or Metastatic Lung Cancer Comparing Treatment With Pemetrexed + Cisplatin + Enzastaurin Versus Pemetrexed + Cisplatin + Placebo",TERMINATED,Terminated due to lack of efficacy demonstrated in relevant participant population in other clinical trials.,BIOLOGICAL_FAILURE,EFFICACY/FUTILITY,HIGH,v=2.0.0;outcome=BIOLOGICAL_FAILURE;primary=EFFICACY_FUTILITY;reviewed.exact_reason:Terminated due to lack of efficacy demonstrated in relevant participant population in other clinical trials.,Oncology,Oncology; Respiratory,,,INTERVENTIONAL,PHASE2,Eli Lilly and Company,,Lung Cancer,enzastaurin; pemetrexed; cisplatin; placebo,DRUG; DRUG; DRUG; DRUG,2007-09,2008-11,2008-11,2020-11-05,https://clinicaltrials.gov/study/NCT00538681,BIOLOGICAL_FAILURE,EFFICACY_FUTILITY,,False,2.0.0,82651ab5eafd392493ae,REVIEWED_EXACT
NCT01656252,Trial of Eltrombopag During Consolidation Therapy in Adults With AML in Complete Remission,TERMINATED,Study stopped per Novartis request due to futility from another study.,BIOLOGICAL_FAILURE,EFFICACY/FUTILITY,HIGH,v=2.0.0;outcome=BIOLOGICAL_FAILURE;primary=EFFICACY_FUTILITY;reviewed.exact_reason:Study stopped per Novartis request due to futility from another study.,Oncology,Oncology,,,INTERVENTIONAL,PHASE1; PHASE2,"PrECOG, LLC.",GlaxoSmithKline; Novartis,Acute Myeloid Leukemia,Phase I- Cytarabine & Eltrombopag; Phase II- Sequence A; Phase II- Sequence B,DRUG; DRUG; DRUG,2012-07,2016-03,2016-03,2020-11-03,https://clinicaltrials.gov/study/NCT01656252,BIOLOGICAL_FAILURE,EFFICACY_FUTILITY,,False,2.0.0,96d63ea618334b60ac04,REVIEWED_EXACT
NCT01483690,A Pilot Study of Decitabine and Vorinostat With Chemotherapy for Relapsed ALL,TERMINATED,Toxicity,BIOLOGICAL_FAILURE,SAFETY,HIGH,v=2.0.0;outcome=BIOLOGICAL_FAILURE;primary=SAFETY;reviewed.exact_reason:Toxicity,Oncology,Oncology,,,INTERVENTIONAL,PHASE1; PHASE2,Therapeutic Advances in Childhood Leukemia Consortium,,Acute Lymphoblastic Leukemia; Precursor B-Cell Lymphoblastic Leukemia; Precursor T-Cell Lymphoblastic Leukemia,Decitabine; Vorinostat; Vincristine; Dexamethasone; Mitoxantrone; Pegaspargase; Methotrexate,DRUG; DRUG; DRUG; DRUG; DRUG; DRUG; DRUG,2011-12,2015-07-31,2015-07-31,2020-10-27,https://clinicaltrials.gov/study/NCT01483690,BIOLOGICAL_FAILURE,SAFETY,,False,2.0.0,ce8d5cb0641741178e70,REVIEWED_EXACT
NCT03287804,APRIL CAR T Cells (AUTO2) Targeting BCMA and TACI for the Treatment of Multiple Myeloma,TERMINATED,Preliminary efficacy seen to date following treatment with AUTO2 has been determined not sufficient to warrant further development,BIOLOGICAL_FAILURE,EFFICACY/FUTILITY,HIGH,v=2.0.0;outcome=BIOLOGICAL_FAILURE;primary=EFFICACY_FUTILITY;reviewed.exact_reason:Preliminary efficacy seen to date following treatment with AUTO2 has been determined not sufficient to warrant further development,Oncology,Oncology,,,INTERVENTIONAL,PHASE1; PHASE2,Autolus Limited,,Multiple Myeloma,AUTO2,BIOLOGICAL,2017-05-05,2019-09-05,2019-09-05,2020-10-23,https://clinicaltrials.gov/study/NCT03287804,BIOLOGICAL_FAILURE,EFFICACY_FUTILITY,,False,2.0.0,d8907b20e28e589bf917,REVIEWED_EXACT
NCT02750254,Azacitidine in Haploidentical Donor Hematopoietic Cell Transplantation,TERMINATED,Toxicity. Only enrolled patients in phase I portion of trial.,BIOLOGICAL_FAILURE,SAFETY,HIGH,v=2.0.0;outcome=BIOLOGICAL_FAILURE;primary=SAFETY;reviewed.exact_reason:Toxicity. Only enrolled patients in phase I portion of trial.,Oncology,Oncology,,,INTERVENTIONAL,PHASE1,Washington University School of Medicine,,Acute Myeloid Leukemia; Myelodysplastic Syndrome; Acute Lymphocytic Leukemia,Fludarabine; Fractionated total body irradiation; Busulfan; Cyclophosphamide; Single dose total body irradiation; Melphalan; Granulocyte-colony stimulating factor; Stem cell transplant; Azacitidine,DRUG; RADIATION; DRUG; DRUG; RADIATION; DRUG; DRUG; PROCEDURE; DRUG,2016-06-27,2017-05-24,2020-10-14,2020-10-20,https://clinicaltrials.gov/study/NCT02750254,BIOLOGICAL_FAILURE,SAFETY,,False,2.0.0,1a6f397c7ca6115419db,REVIEWED_EXACT
NCT00671645,"Preoperative Combined RadioChemo-Molecular Target Therapy With Capecitabine, Bevacizumab, and Radiotherapy",TERMINATED,reaching of step 1 (recruitment of 8 patients) per protocol -\> risk assessment -\> termination because of occurance of toxicity Grade 3 and 4,BIOLOGICAL_FAILURE,SAFETY,HIGH,v=2.0.0;outcome=BIOLOGICAL_FAILURE;primary=SAFETY;reviewed.exact_reason:reaching of step 1 (recruitment of 8 patients) per protocol -\> risk assessment -\> termination because of occurance of toxicity Grade 3 and 4,Oncology,Oncology,,,INTERVENTIONAL,PHASE2,Austrian Breast & Colorectal Cancer Study Group,Hoffmann-La Roche,Rectal Cancer,"capecitabine, bevacizumab",DRUG,2008-07,2009-02-27,2009-02-27,2020-10-19,https://clinicaltrials.gov/study/NCT00671645,BIOLOGICAL_FAILURE,SAFETY,,False,2.0.0,c49bad9399cf4c7dbf79,REVIEWED_EXACT
NCT01806064,Randomized Phase 2 Trial of Axitinib and TRC105 Versus Axitinib Alone in Patients Renal Cell Carcinoma,TERMINATED,The study did not meet endpoint.,BIOLOGICAL_FAILURE,EFFICACY/FUTILITY,HIGH,v=2.0.0;outcome=BIOLOGICAL_FAILURE;primary=EFFICACY_FUTILITY;reviewed.exact_reason:The study did not meet endpoint.,Oncology,Oncology; Renal & Urology,,,INTERVENTIONAL,PHASE1; PHASE2,Tracon Pharmaceuticals Inc.,,Renal Cell Carcinoma,TRC105 and Axitinib; Axitinib,DRUG; DRUG,2013-03-08,2018-12-21,2019-06-12,2020-10-19,https://clinicaltrials.gov/study/NCT01806064,BIOLOGICAL_FAILURE,EFFICACY_FUTILITY,,False,2.0.0,af442d732104956d80b0,REVIEWED_EXACT
NCT03037645,"Safety, PK, PD, and Antitumor Activity of Vecabrutinib (SNS-062) in B Lymphoid Cancers",TERMINATED,"Phase 1b portion completed. Sponsor decided not to proceed with P2 portion of study. Vecabrutinib was very well tolerated, there was insufficient evidence of activity at the doses tested in the Phase 1b to advance to Phase 2.",BIOLOGICAL_FAILURE,EFFICACY/FUTILITY,HIGH,"v=2.0.0;outcome=BIOLOGICAL_FAILURE;primary=EFFICACY_FUTILITY;reviewed.exact_reason:Phase 1b portion completed. Sponsor decided not to proceed with P2 portion of study. Vecabrutinib was very well tolerated, there was insufficient evidence of activity at the doses ",Oncology,Oncology,,,INTERVENTIONAL,PHASE1; PHASE2,Sunesis Pharmaceuticals,,Chronic Lymphocytic Leukemia; Small Lymphocytic Lymphoma; Lymphoplasmacytoid Lymphoma; Mantle-Cell Lymphoma; Waldenstrom Macroglobulinemia; Diffuse Large B Cell Lymphoma; Follicular Lymphoma; Marginal Zone Lymphoma,SNS-062,DRUG,2017-04-28,2020-08-31,2020-08-31,2020-10-19,https://clinicaltrials.gov/study/NCT03037645,BIOLOGICAL_FAILURE,EFFICACY_FUTILITY,,False,2.0.0,4f83e662ca951f91c742,REVIEWED_EXACT
NCT03013127,A Study of Pembrolizumab in Patients With Relapsed Or Metastatic Osteosarcoma Not Eligible for Curative Surgery,TERMINATED,Inclusion of patients was stopped because ≤2 patients had clinical benefit.,BIOLOGICAL_FAILURE,EFFICACY/FUTILITY,HIGH,v=2.0.0;outcome=BIOLOGICAL_FAILURE;primary=EFFICACY_FUTILITY;reviewed.exact_reason:Inclusion of patients was stopped because ≤2 patients had clinical benefit.,Musculoskeletal,Musculoskeletal; Oncology,,,INTERVENTIONAL,PHASE2,Oslo University Hospital,Italian Sarcoma Group; Merck Sharp & Dohme LLC,Osteosarcoma,Pembrolizumab,DRUG,2017-05-30,2018-11-26,2019-01-31,2020-10-14,https://clinicaltrials.gov/study/NCT03013127,BIOLOGICAL_FAILURE,EFFICACY_FUTILITY,,False,2.0.0,2748a0a98ce04ff8ae5b,REVIEWED_EXACT
NCT00633061,Identification and Treatment of Clinically Silent Catheter-Related Deep Vein Thrombosis in Children With Cancer,TERMINATED,Futility; unable to complete screening due to clinical practice change,BIOLOGICAL_FAILURE,EFFICACY/FUTILITY,HIGH,v=2.0.0;outcome=BIOLOGICAL_FAILURE;primary=EFFICACY_FUTILITY;eff.futility:futility,Cardiovascular,Cardiovascular; Infectious Disease; Oncology,,,INTERVENTIONAL,PHASE2,University of Texas Southwestern Medical Center,,Childhood Cancer; Central Venous Catheters; Deep Vein Thrombosis; Catheter-related Infection; Catheter-related Occlusion,Enoxaparin,DRUG,2008-06,2011-06,2011-12,2020-10-08,https://clinicaltrials.gov/study/NCT00633061,BIOLOGICAL_FAILURE,EFFICACY_FUTILITY,,False,2.0.0,bad1d54c55b1b46415a3,RULE_V2
NCT00506948,"Thymoglobulin, Sirolimus and Mycophenolate Mofetil for Prevention of Acute Graft-Versus-Host Disease (GVHD)",TERMINATED,Halted due to high incidence of veno-oclusive disease of the liver.,BIOLOGICAL_FAILURE,SAFETY,HIGH,v=2.0.0;outcome=BIOLOGICAL_FAILURE;primary=SAFETY;reviewed.exact_reason:Halted due to high incidence of veno-oclusive disease of the liver.,Oncology,Hematology (non-onc); Oncology,,,INTERVENTIONAL,PHASE2,M.D. Anderson Cancer Center,"Genzyme, a Sanofi Company",Hematological Malignancies; Myelodysplastic Syndrome; Leukemia; Lymphoma,Mycophenolate Mofetil (MMF); Thymoglobulin; Sirolimus; Stem Cell Transplant,DRUG; DRUG; DRUG; PROCEDURE,2006-09,2010-10,2010-10,2020-09-24,https://clinicaltrials.gov/study/NCT00506948,BIOLOGICAL_FAILURE,SAFETY,,False,2.0.0,0f558a3c70d6164e696c,REVIEWED_EXACT
NCT01532362,Evaluation of Apricoxib (Selective Cyclooxygenase 2 Inhibition) in Modulating T Regulatory Cells of Patients With Early Stage Non-small Cell Lung Cancer,TERMINATED,Drug sponsor stopped drug manufacture due to toxicity issues from other studies,BIOLOGICAL_FAILURE,SAFETY,HIGH,v=2.0.0;outcome=BIOLOGICAL_FAILURE;primary=SAFETY;reviewed.exact_reason:Drug sponsor stopped drug manufacture due to toxicity issues from other studies,Oncology,Oncology; Respiratory,,,INTERVENTIONAL,NA,Jonsson Comprehensive Cancer Center,,Non Small Cell Lung Cancer,Apricoxib,DRUG,2011-11,2012-05,2012-05,2020-09-22,https://clinicaltrials.gov/study/NCT01532362,BIOLOGICAL_FAILURE,SAFETY,,False,2.0.0,cebf6e96651e67dc5f6e,REVIEWED_EXACT
NCT03029988,An Evaluation of Tilmanocept by IV Injection Using SPECT/CT vs PET Imaging in Subjects With Liver Metastases.,TERMINATED,Lack of effect in Cohort 1,BIOLOGICAL_FAILURE,EFFICACY/FUTILITY,HIGH,v=2.0.0;outcome=BIOLOGICAL_FAILURE;primary=EFFICACY_FUTILITY;reviewed.exact_reason:Lack of effect in Cohort 1,Oncology,Gastroenterology & Hepatology; Oncology,,,INTERVENTIONAL,PHASE1,Navidea Biopharmaceuticals,National Institutes of Health (NIH); National Cancer Institute (NCI),Liver Metastases; Colorectal Carcinoma,Tilmanocept (Technetium Tc 99m tilmanocept Injection); SPECT/CT Imaging,DRUG; PROCEDURE,2017-07-26,2018-09-24,2018-09-24,2020-09-10,https://clinicaltrials.gov/study/NCT03029988,BIOLOGICAL_FAILURE,EFFICACY_FUTILITY,,False,2.0.0,5917cd85bcb8433d5b38,REVIEWED_EXACT
NCT01859741,A Phase 1b/2 Study of OMP-59R5 (Tarextumab) in Combination With Etoposide and Platinum Therapy,TERMINATED,OMP-59R5 did not improve PFS.,BIOLOGICAL_FAILURE,EFFICACY/FUTILITY,HIGH,v=2.0.0;outcome=BIOLOGICAL_FAILURE;primary=EFFICACY_FUTILITY;reviewed.exact_reason:OMP-59R5 did not improve PFS.,Oncology,Oncology; Respiratory,,,INTERVENTIONAL,PHASE1; PHASE2,"OncoMed Pharmaceuticals, Inc.",,Stage IV Small Cell Lung Cancer,OMP-59R5; Etoposide; Placebo; Cisplatin or Carboplatin,DRUG; DRUG; DRUG; DRUG,2012-01-07,2017-04-18,2017-05-08,2020-09-09,https://clinicaltrials.gov/study/NCT01859741,BIOLOGICAL_FAILURE,EFFICACY_FUTILITY,,False,2.0.0,d2bbc3cf7640ff2c3fc0,REVIEWED_EXACT
NCT00780676,Personalized Treatment Selection for Metastatic Breast Cancer,TERMINATED,Closed early for futility.,BIOLOGICAL_FAILURE,EFFICACY/FUTILITY,HIGH,v=2.0.0;outcome=BIOLOGICAL_FAILURE;primary=EFFICACY_FUTILITY;reviewed.exact_reason:Closed early for futility.,Oncology,Oncology,,,INTERVENTIONAL,PHASE2,M.D. Anderson Cancer Center,Bristol-Myers Squibb; AstraZeneca,Breast Cancer,Dasatinib; AZD6244,DRUG; DRUG,2009-06,2014-05,2014-05,2020-09-03,https://clinicaltrials.gov/study/NCT00780676,BIOLOGICAL_FAILURE,EFFICACY_FUTILITY,,False,2.0.0,0b3569e963bc6b19d6ad,REVIEWED_EXACT
NCT01535157,Fenretinide/LXS Oral Powder Plus Ketoconazole in Recurrent Ovarian Cancer,TERMINATED,drug combination not providing any efficacy. Will use this data in opening new trial,BIOLOGICAL_FAILURE,EFFICACY/FUTILITY,HIGH,v=2.0.0;outcome=BIOLOGICAL_FAILURE;primary=EFFICACY_FUTILITY;reviewed.exact_reason:drug combination not providing any efficacy. Will use this data in opening new trial,Oncology,Oncology,,,INTERVENTIONAL,PHASE1; PHASE2,South Plains Oncology Consortium,,Ovarian Cancer; Cancer of Ovary; Cancer of the Ovary; Ovary Neoplasms; Primary Peritoneal Carcinoma,Fenretinide/LXS + Ketoconazole,DRUG,2012-02,2017-06,2017-06,2020-08-27,https://clinicaltrials.gov/study/NCT01535157,BIOLOGICAL_FAILURE,EFFICACY_FUTILITY,,False,2.0.0,c8932393928014315a55,REVIEWED_EXACT
NCT02767934,Pembrolizumab in Treating Minimal Residual Disease in Patients With Acute Lymphoblastic Leukemia,TERMINATED,Terminated due to lack of efficacy,BIOLOGICAL_FAILURE,EFFICACY/FUTILITY,HIGH,v=2.0.0;outcome=BIOLOGICAL_FAILURE;primary=EFFICACY_FUTILITY;reviewed.exact_reason:Terminated due to lack of efficacy,Oncology,Oncology,,,INTERVENTIONAL,PHASE2,University of Washington,National Cancer Institute (NCI),B Acute Lymphoblastic Leukemia; Minimal Residual Disease; Recurrent Acute Lymphoblastic Leukemia; T Acute Lymphoblastic Leukemia,Laboratory Biomarker Analysis; Pembrolizumab,OTHER; BIOLOGICAL,2017-01-13,2019-07-31,2019-12-17,2020-08-20,https://clinicaltrials.gov/study/NCT02767934,BIOLOGICAL_FAILURE,EFFICACY_FUTILITY,,False,2.0.0,d8dbe99d29fb40092031,REVIEWED_EXACT
NCT00914940,Selective Depletion of CD45RA+T Cells From Allogeneic Peripheral Blood Stem Cell Grafts for the Prevention of GVHD,TERMINATED,Did not reach one of the primary endpoints of decreased total acute GVHD,BIOLOGICAL_FAILURE,EFFICACY/FUTILITY,HIGH,v=2.0.0;outcome=BIOLOGICAL_FAILURE;primary=EFFICACY_FUTILITY;reviewed.exact_reason:Did not reach one of the primary endpoints of decreased total acute GVHD,Oncology,Oncology,,,INTERVENTIONAL,PHASE2,Fred Hutchinson Cancer Center,National Cancer Institute (NCI),Graft Versus Host Disease; Leukemia; Myelodysplastic Syndromes,Fludarabine Phosphate; Tacrolimus; Thiotepa; Total-Body Irradiation (TBI); Magnetic Affinity Cell Sorting; Peripheral Blood Stem Cell Transplantation; Allogeneic Hematopoietic Stem Cell Transplantation; T Cell-Depleted Hematopoietic Stem Cell Transplantation,DRUG; DRUG; DRUG; RADIATION; OTHER; PROCEDURE; PROCEDURE; BIOLOGICAL,2009-12-17,2019-12-01,2020-05-26,2020-08-20,https://clinicaltrials.gov/study/NCT00914940,BIOLOGICAL_FAILURE,EFFICACY_FUTILITY,,False,2.0.0,63e17bbfd236ab9fd6a3,REVIEWED_EXACT
NCT03719300,Codex: Study of Inodiftagene Vixteplasmid (BC-819) in Unresponsive NMIBC,TERMINATED,Lack of efficacy,BIOLOGICAL_FAILURE,EFFICACY/FUTILITY,HIGH,v=2.0.0;outcome=BIOLOGICAL_FAILURE;primary=EFFICACY_FUTILITY;reviewed.exact_reason:Lack of efficacy,Musculoskeletal,Musculoskeletal; Oncology; Renal & Urology,,,INTERVENTIONAL,PHASE2,Anchiano Therapeutics Israel Ltd.,,Non-muscle Invasive Bladder Cancer (NMIBC),inodiftagene vixteplasmid,DRUG,2019-03-20,2019-11-18,2019-12-18,2020-08-19,https://clinicaltrials.gov/study/NCT03719300,BIOLOGICAL_FAILURE,EFFICACY_FUTILITY,,False,2.0.0,4431292a7cce2b3e9aed,REVIEWED_EXACT
NCT00437294,Enzastaurin in Combination of Capecitabine to Treat Breast Cancer,TERMINATED,Lack of efficacy,BIOLOGICAL_FAILURE,EFFICACY/FUTILITY,HIGH,v=2.0.0;outcome=BIOLOGICAL_FAILURE;primary=EFFICACY_FUTILITY;reviewed.exact_reason:Lack of efficacy,Oncology,Oncology,,,INTERVENTIONAL,PHASE2,Eli Lilly and Company,,Breast Cancer,enzastaurin; placebo; capecitabine,DRUG; DRUG; DRUG,2007-03,2009-03,2009-03,2020-08-10,https://clinicaltrials.gov/study/NCT00437294,BIOLOGICAL_FAILURE,EFFICACY_FUTILITY,,False,2.0.0,4431292a7cce2b3e9aed,REVIEWED_EXACT
NCT04220892,Pilot Study of Pembrolizumab Combined With Pemetrexed or Abemaciclib for High Grade Glioma,WITHDRAWN,One of the study drugs will no longer be supplied by manufacturer and the pembrolizumab + abemaciclib study arm is removed due to toxicity seen in other trials.,BIOLOGICAL_FAILURE,SAFETY,HIGH,v=2.0.0;outcome=BIOLOGICAL_FAILURE;primary=SAFETY;saf.adverse_events:due to toxicity,Oncology,Oncology,,,INTERVENTIONAL,EARLY_PHASE1,Jose Carrillo,Eli Lilly and Company,High Grade Glioma,Pembrolizumab; Pemetrexed; Abemaciclib,DRUG; DRUG; DRUG,2020-07-08,2020-07-08,2020-07-08,2020-07-31,https://clinicaltrials.gov/study/NCT04220892,BIOLOGICAL_FAILURE,SAFETY,,False,2.0.0,7d81a9aad399942e9f96,RULE_V2
NCT03698227,OlaReDo - Olaratumab and Rechallenge With Doxorubicin in Soft Tissue Sarcoma Patients,TERMINATED,Lack of efficacy on olaratumab,BIOLOGICAL_FAILURE,EFFICACY/FUTILITY,HIGH,v=2.0.0;outcome=BIOLOGICAL_FAILURE;primary=EFFICACY_FUTILITY;reviewed.exact_reason:Lack of efficacy on olaratumab,Oncology,Oncology,,,INTERVENTIONAL,PHASE2,Institut für Klinische Krebsforschung IKF GmbH at Krankenhaus Nordwest,,Advanced Soft Tissue Sarcoma,Olaratumab; Dexrazoxane; Doxorubicin,DRUG; DRUG; DRUG,2018-11-12,2020-06-25,2020-06-25,2020-07-15,https://clinicaltrials.gov/study/NCT03698227,BIOLOGICAL_FAILURE,EFFICACY_FUTILITY,,False,2.0.0,f058690d7d271f958cfe,REVIEWED_EXACT
NCT02718417,Avelumab in Previously Untreated Patients With Epithelial Ovarian Cancer (JAVELIN OVARIAN 100),TERMINATED,The study was terminated based on the results of a planned interim analysis that showed futility of efficacy.,BIOLOGICAL_FAILURE,EFFICACY/FUTILITY,HIGH,v=2.0.0;outcome=BIOLOGICAL_FAILURE;primary=EFFICACY_FUTILITY;reviewed.exact_reason:The study was terminated based on the results of a planned interim analysis that showed futility of efficacy.,Oncology,Oncology,,,INTERVENTIONAL,PHASE3,Pfizer,,Ovarian Cancer,carboplatin; paclitaxel; Avelumab; Avelumab,DRUG; DRUG; DRUG; DRUG,2016-05-19,2018-09-07,2019-05-16,2020-07-14,https://clinicaltrials.gov/study/NCT02718417,BIOLOGICAL_FAILURE,EFFICACY_FUTILITY,,False,2.0.0,1429a6bc9ae25251ec4c,REVIEWED_EXACT
NCT03330834,CAR-T Cell Immunotherapy for Advanced Lung Cancer,TERMINATED,Serious adverse events,BIOLOGICAL_FAILURE,SAFETY,HIGH,v=2.0.0;outcome=BIOLOGICAL_FAILURE;primary=SAFETY;reviewed.exact_reason:Serious adverse events,Oncology,Oncology; Respiratory,,,INTERVENTIONAL,PHASE1,Sun Yat-sen University,"Guangzhou Yiyang Biological Technology Co., Ltd.",Advanced Lung Cancer,CAR-T cells to treat advanced lung cancer,BIOLOGICAL,2017-11-20,2020-04-14,2020-04-14,2020-07-13,https://clinicaltrials.gov/study/NCT03330834,BIOLOGICAL_FAILURE,SAFETY,,False,2.0.0,28505bfb6f7ce84838cc,REVIEWED_EXACT
NCT02609984,Study to Compare the Safety and Efficacy of CMB305 With Atezolizumab to Atezolizumab Alone in Participants With Sarcoma (IMDZ-C232/V943A-002),TERMINATED,This study did not meet the efficacy objective,BIOLOGICAL_FAILURE,EFFICACY/FUTILITY,HIGH,v=2.0.0;outcome=BIOLOGICAL_FAILURE;primary=EFFICACY_FUTILITY;reviewed.exact_reason:This study did not meet the efficacy objective,Oncology,Oncology,,,INTERVENTIONAL,PHASE2,"Immune Design, a subsidiary of Merck & Co., Inc. (Rahway, New Jersey USA)","Genentech, Inc.",Sarcoma; Myxoid/Round Cell Liposarcoma; Synovial Sarcoma; Metastatic Sarcoma; Recurrent Adult Soft Tissue Sarcoma; Locally Advanced Sarcoma; Liposarcoma,CMB305; atezolizumab,BIOLOGICAL; BIOLOGICAL,2015-04-29,2019-02-06,2019-02-06,2020-07-07,https://clinicaltrials.gov/study/NCT02609984,BIOLOGICAL_FAILURE,EFFICACY_FUTILITY,,False,2.0.0,9acd722e442b93cccf87,REVIEWED_EXACT
NCT02395627,Reversing Therapy Resistance With Epigenetic-Immune Modification,TERMINATED,Insufficient efficacy in an unselected patient population,BIOLOGICAL_FAILURE,EFFICACY/FUTILITY,HIGH,v=2.0.0;outcome=BIOLOGICAL_FAILURE;primary=EFFICACY_FUTILITY;reviewed.exact_reason:Insufficient efficacy in an unselected patient population,Oncology,Oncology,,,INTERVENTIONAL,PHASE2,"University of California, San Francisco",Avon Foundation; Merck Sharp & Dohme LLC,Breast Neoplasms,Tamoxifen; Vorinostat; Pembrolizumab,DRUG; DRUG; DRUG,2015-05-04,2019-06-08,2019-06-08,2020-07-07,https://clinicaltrials.gov/study/NCT02395627,BIOLOGICAL_FAILURE,EFFICACY_FUTILITY,,False,2.0.0,31371649230e71cb3d20,REVIEWED_EXACT
NCT02387125,"Phase 1b Safety Study of CMB305 in Patients With Locally Advanced, Relapsed, or Metastatic Cancer Expressing NY-ESO-1",TERMINATED,This study did not meet the efficacy objective,BIOLOGICAL_FAILURE,EFFICACY/FUTILITY,HIGH,v=2.0.0;outcome=BIOLOGICAL_FAILURE;primary=EFFICACY_FUTILITY;reviewed.exact_reason:This study did not meet the efficacy objective,Oncology,Oncology; Respiratory,,,INTERVENTIONAL,PHASE1,"Immune Design, a subsidiary of Merck & Co., Inc. (Rahway, New Jersey USA)",,Sarcoma; Melanoma; Non-small Cell Lung Cancer; Ovarian Cancer,CMB305; G100; Metronomic CPA,BIOLOGICAL; BIOLOGICAL; DRUG,2015-02-28,2019-03-29,2019-03-29,2020-07-01,https://clinicaltrials.gov/study/NCT02387125,BIOLOGICAL_FAILURE,EFFICACY_FUTILITY,,False,2.0.0,9acd722e442b93cccf87,REVIEWED_EXACT
NCT03718143,"AZD1775 in Advanced Acute Myeloid Leukemia, Myelodysplastic Syndrome and Myelofibrosis",TERMINATED,Safety concerns,BIOLOGICAL_FAILURE,SAFETY,HIGH,v=2.0.0;outcome=BIOLOGICAL_FAILURE;primary=SAFETY;saf.explicit:safety concerns,Oncology,Oncology,,,INTERVENTIONAL,PHASE2,NYU Langone Health,,Myelofibroses; Acute Myeloid Leukemia; Myelodysplastic Syndromes,Combination AZD1775 with AraC; AZD1775 only,DRUG; DRUG,2019-05-08,2019-09-27,2019-09-27,2020-06-02,https://clinicaltrials.gov/study/NCT03718143,BIOLOGICAL_FAILURE,SAFETY,,False,2.0.0,bc4f01fa96e88e86502c,RULE_V2
NCT01826448,"A Phase 1b Open Label, Dose Escalation Study of PLX3397 in Combination With Vemurafenib in V600-mutated BRAF Melanoma",TERMINATED,No activity was observed. BRAFi-naïve participants should have received triple combination treatment (including MEK inhibitor). Continuation was not justified.,BIOLOGICAL_FAILURE,EFFICACY/FUTILITY,HIGH,v=2.0.0;outcome=BIOLOGICAL_FAILURE;primary=EFFICACY_FUTILITY;eff.explicit_lack:no activity,Oncology,Oncology,,,INTERVENTIONAL,PHASE1,Daiichi Sankyo,Plexxikon,V600-mutated BRAF Unresectable Melanoma; V600-mutated BRAF Metastatic Melanoma; Stage III or Stage IV Metastatic Melanoma That Has Not Been Previously Treated With a Selective BRAF Inhibitor,PLX3397; vemurafenib,DRUG; DRUG,2013-11-05,2014-09-22,2014-09-22,2020-05-28,https://clinicaltrials.gov/study/NCT01826448,BIOLOGICAL_FAILURE,EFFICACY_FUTILITY,,False,2.0.0,a8e81ddbd8bf11ac5675,RULE_V2
NCT04044378,Famitinib Plus Camrelizumab & Famitinib Alone & Famitinib Plus Ifosfamide in Advanced Osteosarcoma,WITHDRAWN,toxicity,BIOLOGICAL_FAILURE,SAFETY,HIGH,v=2.0.0;outcome=BIOLOGICAL_FAILURE;primary=SAFETY;reviewed.exact_reason:Toxicity,Oncology,Oncology,,,INTERVENTIONAL,PHASE1; PHASE2,Peking University People's Hospital,"Peking University Shougang Hospital; Jiangsu HengRui Medicine Co., Ltd.",Effect of Drugs; Progression; Pediatric Cancer,Famitinib; Ifosfamide; Camrelizumab,DRUG; DRUG; DRUG,2019-08-15,2021-09-30,2022-09-30,2020-05-19,https://clinicaltrials.gov/study/NCT04044378,BIOLOGICAL_FAILURE,SAFETY,,False,2.0.0,ce8d5cb0641741178e70,REVIEWED_EXACT
NCT03344172,Pre-Operative Trial (PGHA vs. PGH) for Resectable Pancreatic Cancer,TERMINATED,Suspected Serious Adverse Events related to treatment,BIOLOGICAL_FAILURE,SAFETY,HIGH,v=2.0.0;outcome=BIOLOGICAL_FAILURE;primary=SAFETY;saf.adverse_events:serious adverse events,Gastroenterology & Hepatology,Gastroenterology & Hepatology; Oncology,,,INTERVENTIONAL,PHASE2,"Nathan Bahary, MD",Pfizer; National Cancer Institute (NCI),Pancreatic Cancer Resectable,"Gemcitabine, Nab-Paclitaxel, hydroxychloroquine and Avelumab; Gemcitabine, Nab-Paclitaxel, and hydroxychloroquine",DRUG; DRUG,2017-12-13,2019-04-30,2019-04-30,2020-05-14,https://clinicaltrials.gov/study/NCT03344172,BIOLOGICAL_FAILURE,SAFETY,,False,2.0.0,b16af40a80ff7a36ea96,RULE_V2
NCT01532960,Pilot Study of a Breast Cancer Vaccine Plus Poly-ICLC for Breast Cancer,TERMINATED,"Futility for immune responses to the vaccine. Also, a component of study drug was in short supply.",BIOLOGICAL_FAILURE,EFFICACY/FUTILITY,HIGH,v=2.0.0;outcome=BIOLOGICAL_FAILURE;primary=EFFICACY_FUTILITY;eff.futility:futility,Oncology,Oncology,,,INTERVENTIONAL,PHASE1,"Craig L Slingluff, Jr",,Breast Cancer,"poly-ICLC; 9 Peptides from Her-2/neu, CEA, & CTA; Peptide-tet",BIOLOGICAL; BIOLOGICAL; BIOLOGICAL,2012-07,2015-09,2015-09,2020-05-08,https://clinicaltrials.gov/study/NCT01532960,BIOLOGICAL_FAILURE,EFFICACY_FUTILITY,,False,2.0.0,38befa0601a8c67cb57a,RULE_V2
NCT01133678,Study in Locally Advanced Squamous Cell Carcinoma of Head and Neck,TERMINATED,Primary endpoint reached futility boundary,BIOLOGICAL_FAILURE,EFFICACY/FUTILITY,HIGH,v=2.0.0;outcome=BIOLOGICAL_FAILURE;primary=EFFICACY_FUTILITY;eff.futility:futility;eff.futility:futility boundary,Oncology,Oncology,,,INTERVENTIONAL,PHASE2,University of Chicago,Novartis Pharmaceuticals,Head and Neck Cancer,Everolimus; Placebo,DRUG; DRUG,2010-05-04,2015-01,2015-01,2020-05-08,https://clinicaltrials.gov/study/NCT01133678,BIOLOGICAL_FAILURE,EFFICACY_FUTILITY,,False,2.0.0,e8704a3ef6aa84487798,RULE_V2
NCT02535364,Study Evaluating the Efficacy and Safety of JCAR015 in Adult B-cell Acute Lymphoblastic Leukemia (B-ALL),TERMINATED,Safety reasons,BIOLOGICAL_FAILURE,SAFETY,HIGH,v=2.0.0;outcome=BIOLOGICAL_FAILURE;primary=SAFETY;saf.explicit:safety reasons,Oncology,Oncology,,,INTERVENTIONAL,PHASE2,"Juno Therapeutics, a Subsidiary of Celgene",,Acute Lymphoblastic Leukemia,JCAR015 (CD19-targeted CAR T cells),BIOLOGICAL,2015-08-21,2017-04-24,2017-09-01,2020-05-04,https://clinicaltrials.gov/study/NCT02535364,BIOLOGICAL_FAILURE,SAFETY,,False,2.0.0,f9290585e3dfa0b89a6d,RULE_V2
NCT01548924,Determination of Dose of Antiangiogenic Multitargeted DOVITINIB (TKI258) Plus Paclitaxel in Patients With Solid Tumors,TERMINATED,Drug toxicity,BIOLOGICAL_FAILURE,SAFETY,HIGH,v=2.0.0;outcome=BIOLOGICAL_FAILURE;primary=SAFETY;reviewed.exact_reason:drug toxicity,Oncology,Oncology,,,INTERVENTIONAL,PHASE1,Centro Nacional de Investigaciones Oncologicas CARLOS III,Hospital Universitario de Fuenlabrada; M.D. Anderson Cancer Center; Hospital Universitari de Bellvitge,Solid Tumors,Dovitinib; Dovitinib + Paclitaxel,DRUG; DRUG,2012-04,2013-02,2013-08,2020-04-17,https://clinicaltrials.gov/study/NCT01548924,BIOLOGICAL_FAILURE,SAFETY,,False,2.0.0,82c55ce59537e08606ab,REVIEWED_EXACT
NCT03093272,A Study of Docetaxel + ARN-509 in Castration-Resistant Prostate Cancer,TERMINATED,Safety concerns,BIOLOGICAL_FAILURE,SAFETY,HIGH,v=2.0.0;outcome=BIOLOGICAL_FAILURE;primary=SAFETY;saf.explicit:safety concerns,Oncology,Oncology; Renal & Urology,,,INTERVENTIONAL,PHASE2,Dana-Farber Cancer Institute,Janssen Pharmaceuticals,Prostate Cancer,Leuprolide Acetate; Prednisone; Docetaxel; Apalutamide,DRUG; DRUG; DRUG; DRUG,2017-06-23,2019-05-16,2019-12-31,2020-04-09,https://clinicaltrials.gov/study/NCT03093272,BIOLOGICAL_FAILURE,SAFETY,,False,2.0.0,bc4f01fa96e88e86502c,RULE_V2
NCT00901927,"Bendamustine, Mitoxantrone, and Rituximab (BMR) for Patients With Untreated High Risk Follicular Lymphoma",TERMINATED,Study was closed early due to toxicity,BIOLOGICAL_FAILURE,SAFETY,HIGH,v=2.0.0;outcome=BIOLOGICAL_FAILURE;primary=SAFETY;saf.adverse_events:due to toxicity,Oncology,Oncology,,,INTERVENTIONAL,PHASE2,M.D. Anderson Cancer Center,Cephalon,Follicular Lymphoma,Bendamustine; Mitoxantrone; Rituximab,DRUG; DRUG; DRUG,2009-05,2016-01,2016-01,2020-04-03,https://clinicaltrials.gov/study/NCT00901927,BIOLOGICAL_FAILURE,SAFETY,,False,2.0.0,224479b37c9c5edf1fa0,RULE_V2
NCT03135028,Entospletinib (ENTO) as Monotherapy and in Combination With Chemotherapy in Japanese Adults,TERMINATED,No signal of efficacy with Entospletinib,BIOLOGICAL_FAILURE,EFFICACY/FUTILITY,MEDIUM,v=2.0.0;outcome=BIOLOGICAL_FAILURE;primary=EFFICACY_FUTILITY;eff.negative_outcome:no signal of efficacy,Oncology,Hematology (non-onc); Oncology,,,INTERVENTIONAL,PHASE1,Gilead Sciences,,Hematologic Malignancy; Acute Myeloid Leukemia,Entospletinib; Daunorubicin; Cytarabine,DRUG; DRUG; DRUG,2017-05-19,2019-02-26,2019-02-26,2020-03-06,https://clinicaltrials.gov/study/NCT03135028,BIOLOGICAL_FAILURE,EFFICACY_FUTILITY,,False,2.0.0,360665d50fec10e632ba,RULE_V2
NCT01596699,Pilot Trial of Clofarabine Added to Standard Busulfan and Fludarabine for Conditioning Prior to Allogeneic Hematopoietic Cell Transplantation,TERMINATED,Triggering of futility rule; Interim analysis suggested no statistical superiority over historic controls,BIOLOGICAL_FAILURE,EFFICACY/FUTILITY,HIGH,v=2.0.0;outcome=BIOLOGICAL_FAILURE;primary=EFFICACY_FUTILITY;eff.futility:futility,Endocrine & Metabolic,Endocrine & Metabolic; Immunology & Autoimmune; Musculoskeletal; Oncology,,,INTERVENTIONAL,PHASE2,"University of California, San Francisco",,Myeloid Malignancy; Bone Marrow Failure Syndrome; Transfusion-dependent Red Blood Cell (RBC) Defect; Congenital Immunodeficiency; Metabolic Disease; Severe Immune Dysregulation,Alemtuzumab; Busulfan; Fludarabine; Clofarabine,DRUG; DRUG; DRUG; DRUG,2012-05-24,2019-06,2019-06,2020-02-26,https://clinicaltrials.gov/study/NCT01596699,BIOLOGICAL_FAILURE,EFFICACY_FUTILITY,,False,2.0.0,0bff1bf48308bb6241f0,RULE_V2
NCT01669720,Adjuvant Aflibercept for Metastatic Colorectal Cancer,TERMINATED,Lack of efficacy and enrollment,BIOLOGICAL_FAILURE,EFFICACY/FUTILITY,HIGH,v=2.0.0;outcome=BIOLOGICAL_FAILURE;primary=EFFICACY_FUTILITY;eff.explicit_lack:lack of efficacy,Oncology,Oncology,,,INTERVENTIONAL,PHASE2,Brown University,"Rhode Island Hospital; The Miriam Hospital; Lifespan; University of California, San Diego; Montefiore Medical Center; University of Florida; Sanofi",Metastatic Colorectal Cancer,Aflibercept,DRUG,2012-12,2015-12,2016-01,2020-02-17,https://clinicaltrials.gov/study/NCT01669720,BIOLOGICAL_FAILURE,EFFICACY_FUTILITY,,False,2.0.0,0ecd65070a7908802c59,RULE_V2
NCT01057017,First-Line FOLFOX-Bevacizumab for Advanced Colorectal Cancer With Wild-Type Ras,TERMINATED,possible lack of efficacy,BIOLOGICAL_FAILURE,EFFICACY/FUTILITY,HIGH,v=2.0.0;outcome=BIOLOGICAL_FAILURE;primary=EFFICACY_FUTILITY;eff.explicit_lack:lack of efficacy,Oncology,Oncology,,,INTERVENTIONAL,PHASE2,Brown University,Rhode Island Hospital; The Miriam Hospital,Colorectal Cancer,intervention,BIOLOGICAL,2010-01,2011-04,2011-12,2020-02-17,https://clinicaltrials.gov/study/NCT01057017,BIOLOGICAL_FAILURE,EFFICACY_FUTILITY,,False,2.0.0,d0bcd5ace0cdc2ab4aca,RULE_V2
NCT01437605,Phase II Study to Assess the Safety and Immunogenicity of recMAGE-A3+AS15 ASCI With or Without Poly IC:LC,TERMINATED,Treatment Ineffective,BIOLOGICAL_FAILURE,EFFICACY/FUTILITY,HIGH,v=2.0.0;outcome=BIOLOGICAL_FAILURE;primary=EFFICACY_FUTILITY;reviewed.exact_reason:Treatment ineffective,Oncology,Oncology,,,INTERVENTIONAL,PHASE2,H. Lee Moffitt Cancer Center and Research Institute,"GlaxoSmithKline; Oncovir, Inc.",Melanoma,MAGE-A3 ASCI injections without Poly IC:LC; MAGE-A3 ASCI injections with Poly IC:LC,DRUG; DRUG,2011-10-11,2018-07-18,2018-07-18,2019-12-20,https://clinicaltrials.gov/study/NCT01437605,BIOLOGICAL_FAILURE,EFFICACY_FUTILITY,,False,2.0.0,df60a01140c3cddf0f96,REVIEWED_EXACT
NCT02465983,Pilot Study of Autologous T-cells in Patients With Metastatic Pancreatic Cancer,TERMINATED,Lack of efficacy and funding to continue investigation,BIOLOGICAL_FAILURE,EFFICACY/FUTILITY,HIGH,v=2.0.0;outcome=BIOLOGICAL_FAILURE;primary=EFFICACY_FUTILITY;eff.explicit_lack:lack of efficacy,Gastroenterology & Hepatology,Gastroenterology & Hepatology; Oncology,,,INTERVENTIONAL,PHASE1,University of Pennsylvania,"University of California, San Francisco",Pancreatic Cancer,CART-meso-19 T cells; Cyclophosphamide,BIOLOGICAL; DRUG,2015-05,2017-09,2017-11,2019-12-16,https://clinicaltrials.gov/study/NCT02465983,BIOLOGICAL_FAILURE,EFFICACY_FUTILITY,,False,2.0.0,f3665422bf1fedc2f517,RULE_V2
NCT00582816,Haploidentical Transplant With NK Cell Infusion for Pediatric Acute Leukemia and Solid Tumors,TERMINATED,toxicity,BIOLOGICAL_FAILURE,SAFETY,HIGH,v=2.0.0;outcome=BIOLOGICAL_FAILURE;primary=SAFETY;reviewed.exact_reason:Toxicity,Oncology,Oncology,,,INTERVENTIONAL,PHASE1; PHASE2,"University of Wisconsin, Madison",Miltenyi Biomedicine GmbH,Leukemia; Solid Tumors,Clinimacs Cell Separation System; conditioning chemotherapy; DLI,DEVICE; DRUG; OTHER,2008-08,2015-08,2015-08,2019-12-09,https://clinicaltrials.gov/study/NCT00582816,BIOLOGICAL_FAILURE,SAFETY,,False,2.0.0,ce8d5cb0641741178e70,REVIEWED_EXACT
NCT01747876,Study of Safety and Efficacy in Patients With Malignant Rhabdoid Tumors (MRT) and Neuroblastoma,TERMINATED,Lack of efficacy caused enrollment to be stopped at the end of dose escalation,BIOLOGICAL_FAILURE,EFFICACY/FUTILITY,HIGH,v=2.0.0;outcome=BIOLOGICAL_FAILURE;primary=EFFICACY_FUTILITY;eff.explicit_lack:lack of efficacy,Oncology,Neurology; Oncology,,,INTERVENTIONAL,PHASE1,Novartis Pharmaceuticals,,Malignant Rhabdoid Tumors (MRT); Neuroblastoma,LEE011,DRUG,2013-05-28,2017-06-29,2017-06-29,2019-11-22,https://clinicaltrials.gov/study/NCT01747876,BIOLOGICAL_FAILURE,EFFICACY_FUTILITY,,False,2.0.0,b2d2704a004cd0eb21dd,RULE_V2
NCT01370239,HumanaH - Hu3s193 in the Treatment of Advanced Breast Cancer After Hormonal Therapy,TERMINATED,futility,BIOLOGICAL_FAILURE,EFFICACY/FUTILITY,HIGH,v=2.0.0;outcome=BIOLOGICAL_FAILURE;primary=EFFICACY_FUTILITY;reviewed.exact_reason:Futility,Oncology,Oncology,,,INTERVENTIONAL,PHASE2,Instituto do Cancer do Estado de São Paulo,Fundação Faculdade de Medicina; Recepta Biopharma,Breast Cancer,Hu3S193,BIOLOGICAL,2013-11,2015-10,2018-05-25,2019-10-11,https://clinicaltrials.gov/study/NCT01370239,BIOLOGICAL_FAILURE,EFFICACY_FUTILITY,,False,2.0.0,1f112ae47ca5fa590645,REVIEWED_EXACT
NCT02711345,A Phase I Clinical Study With Investigational Compound LTT462 in Adult Patients With Specific Advanced Cancers.,TERMINATED,"considering the limited clinical activity observed with LTT462, the decision was made to not open the dose expansion phase of the study",BIOLOGICAL_FAILURE,EFFICACY/FUTILITY,MEDIUM,v=2.0.0;outcome=BIOLOGICAL_FAILURE;primary=EFFICACY_FUTILITY;eff.explicit_lack:limited clinical activity;eff.negative_outcome:limited clinical activity,Oncology,Oncology; Respiratory,,,INTERVENTIONAL,PHASE1,Novartis Pharmaceuticals,,Ovarian Neoplasms; Non-Small-Cell Lung Carcinoma; Melanoma; Other Solid Tumors,LTT462,DRUG,2016-04-15,2018-11-21,2018-11-21,2019-09-19,https://clinicaltrials.gov/study/NCT02711345,BIOLOGICAL_FAILURE,EFFICACY_FUTILITY,,False,2.0.0,3d5e00734ee40846060f,RULE_V2
NCT03672851,Study Evaluating Safety and Efficacy of CAR-T Cells Targeting CD123 in Patients With Acute Leukemia,TERMINATED,adverse effect,BIOLOGICAL_FAILURE,SAFETY,HIGH,v=2.0.0;outcome=BIOLOGICAL_FAILURE;primary=SAFETY;saf.adverse_events:adverse effect,Oncology,Oncology,,,INTERVENTIONAL,PHASE1,Second Affiliated Hospital of Xi'an Jiaotong University,Nanjing Legend Biotech Co.,Acute Leukemia; Acute Leukemia in Relapse; Acute Myeloid Leukemia; Relapsed or Refractory Acute Leukemia,anti-CD123 CAR-T treatment,DRUG,2019-04-17,2019-07-31,2019-07-31,2019-09-06,https://clinicaltrials.gov/study/NCT03672851,BIOLOGICAL_FAILURE,SAFETY,,False,2.0.0,5e7bba43b2fe88b5addc,RULE_V2
NCT02337478,Vincristine Sulfate Liposome in Treating Patients With Relapsed or Refractory Acute Myeloid Leukemia,TERMINATED,The study was stopped early due to futility.,BIOLOGICAL_FAILURE,EFFICACY/FUTILITY,HIGH,v=2.0.0;outcome=BIOLOGICAL_FAILURE;primary=EFFICACY_FUTILITY;eff.futility:futility,Oncology,Oncology,,,INTERVENTIONAL,PHASE2,Wake Forest University Health Sciences,"National Cancer Institute (NCI); Spectrum Pharmaceuticals, Inc",Recurrent Adult Acute Myeloid Leukemia,Vincristine Sulfate Liposome; Laboratory Biomarker Analysis,DRUG; OTHER,2015-06-05,2016-03-31,2017-09-04,2019-08-14,https://clinicaltrials.gov/study/NCT02337478,BIOLOGICAL_FAILURE,EFFICACY_FUTILITY,,False,2.0.0,92deb921e10bdce1c141,RULE_V2
NCT03494231,"A Study of HLX06, a Humanized Monoclonal Antibody Targeting Human Vascular Endothelial Growth Factor Receptor-2 in Patients With Advanced Solid Tumors",TERMINATED,Lack of efficacy,BIOLOGICAL_FAILURE,EFFICACY/FUTILITY,HIGH,v=2.0.0;outcome=BIOLOGICAL_FAILURE;primary=EFFICACY_FUTILITY;reviewed.exact_reason:Lack of efficacy,Oncology,Oncology,,,INTERVENTIONAL,PHASE1,"Henlix, Inc",,"Solid Tumor, Adult",HLX06,DRUG,2018-03-22,2019-05-17,2019-05-30,2019-07-30,https://clinicaltrials.gov/study/NCT03494231,BIOLOGICAL_FAILURE,EFFICACY_FUTILITY,,False,2.0.0,4431292a7cce2b3e9aed,REVIEWED_EXACT
NCT01611662,Gemcitabine Hydrochloride and Cisplatin Before Surgery in Treating Patients With Muscle Invasive Bladder Cancer,TERMINATED,Extreme Toxicity,BIOLOGICAL_FAILURE,SAFETY,HIGH,v=2.0.0;outcome=BIOLOGICAL_FAILURE;primary=SAFETY;reviewed.exact_reason:Extreme toxicity,Oncology,Oncology; Renal & Urology,,,INTERVENTIONAL,PHASE2,Fox Chase Cancer Center,,Distal Urethral Cancer; Proximal Urethral Cancer; Squamous Cell Carcinoma of the Bladder; Stage II Bladder Cancer; Stage III Bladder Cancer; Urethral Cancer Associated With Invasive Bladder Cancer,gemcitabine hydrochloride; cisplatin; therapeutic conventional surgery; laboratory biomarker analysis,DRUG; DRUG; PROCEDURE; OTHER,2012-05-29,2013-07-12,2019-01-22,2019-07-29,https://clinicaltrials.gov/study/NCT01611662,BIOLOGICAL_FAILURE,SAFETY,,False,2.0.0,d89dc994d591b0aae484,REVIEWED_EXACT
NCT01646125,"An Open-label, Randomized Phase II Study to Evaluate the Efficacy of AUY922 vs Pemetrexed or Docetaxel in NSCLC Patients With EGFR Mutations",TERMINATED,"An interim analysis was conducted in May-2014. Upon review of the data, the committee recommended study termination due to futility.",BIOLOGICAL_FAILURE,EFFICACY/FUTILITY,HIGH,v=2.0.0;outcome=BIOLOGICAL_FAILURE;primary=EFFICACY_FUTILITY;eff.futility:futility,Oncology,Oncology; Respiratory,,,INTERVENTIONAL,PHASE2,Novartis Pharmaceuticals,,Advanced Non Small Cell Lung Cancer (NSCLC),AUY922; Docetaxel; Pemetrexed,DRUG; DRUG; DRUG,2012-11-23,2015-11-04,2015-11-04,2019-07-24,https://clinicaltrials.gov/study/NCT01646125,BIOLOGICAL_FAILURE,EFFICACY_FUTILITY,,False,2.0.0,cf35b3e935758348780f,RULE_V2
NCT01391130,A Study of LY2510924 and Sunitinib in Patients With Metastatic Renal Cell Carcinoma,TERMINATED,Study Terminated due to Insufficient Efficacy,BIOLOGICAL_FAILURE,EFFICACY/FUTILITY,HIGH,v=2.0.0;outcome=BIOLOGICAL_FAILURE;primary=EFFICACY_FUTILITY;eff.explicit_lack:insufficient efficacy,Oncology,Oncology; Renal & Urology,,,INTERVENTIONAL,PHASE2,Eli Lilly and Company,,Metastatic Clear Cell Renal Cell Carcinoma,LY2510924; Sunitinib,DRUG; DRUG,2011-08,2014-09,2017-02,2019-07-23,https://clinicaltrials.gov/study/NCT01391130,BIOLOGICAL_FAILURE,EFFICACY_FUTILITY,,False,2.0.0,9bc8eefff3c8d56f5968,RULE_V2
NCT03099161,Study of Preladenant (MK-3814) Alone and With Pembrolizumab (MK-3475) in Participants With Advanced Solid Tumors (MK-3814A-062),TERMINATED,The data did not support study endpoints,BIOLOGICAL_FAILURE,EFFICACY/FUTILITY,HIGH,v=2.0.0;outcome=BIOLOGICAL_FAILURE;primary=EFFICACY_FUTILITY;reviewed.exact_reason:The data did not support study endpoints,Oncology,Oncology,,,INTERVENTIONAL,PHASE1,Merck Sharp & Dohme LLC,,Neoplasm,preladenant; pembrolizumab,DRUG; BIOLOGICAL,2017-06-27,2017-11-24,2018-02-21,2019-06-05,https://clinicaltrials.gov/study/NCT03099161,BIOLOGICAL_FAILURE,EFFICACY_FUTILITY,,False,2.0.0,ce9848b730b1be8b7a9b,REVIEWED_EXACT
NCT00290706,A Phase I/II Trial of VELCADE & Gemcitabine for Patients With Relapsed or Refractory Aggressive B- and T-cell Non-Hodgkin's Lymphoma,TERMINATED,Closed per Data Monitoring Committee due to lack of efficacy,BIOLOGICAL_FAILURE,EFFICACY/FUTILITY,HIGH,v=2.0.0;outcome=BIOLOGICAL_FAILURE;primary=EFFICACY_FUTILITY;eff.explicit_lack:lack of efficacy,Oncology,Oncology,,,INTERVENTIONAL,PHASE1; PHASE2,Northwestern University,"Eli Lilly and Company; Millennium Pharmaceuticals, Inc.",Lymphoma,bortezomib; gemcitabine hydrochloride,DRUG; DRUG,2006-04-07,2011-02-11,2012-09-05,2019-05-28,https://clinicaltrials.gov/study/NCT00290706,BIOLOGICAL_FAILURE,EFFICACY_FUTILITY,,False,2.0.0,72af005ccfd31eb6a201,RULE_V2
NCT03061708,Trial of Single Agent AZD2014 in RICTOR Amplified GC Patients as Second-line Therapy,TERMINATED,lack of efficacy,BIOLOGICAL_FAILURE,EFFICACY/FUTILITY,HIGH,v=2.0.0;outcome=BIOLOGICAL_FAILURE;primary=EFFICACY_FUTILITY;reviewed.exact_reason:Lack of efficacy,Oncology,Oncology,,,INTERVENTIONAL,PHASE2,Samsung Medical Center,,Stomach Neoplasms,AZD2014,DRUG,2017-02-01,2018-11-16,2018-11-16,2019-05-20,https://clinicaltrials.gov/study/NCT03061708,BIOLOGICAL_FAILURE,EFFICACY_FUTILITY,,False,2.0.0,4431292a7cce2b3e9aed,REVIEWED_EXACT
NCT02449655,Trial of AZD5363 Plus Paclitaxel /AZD2014 Plus Paclitaxel in Biomarker Negative (PIK3CA/MEK/RAS/TP53/MET) Gastric Adenocarcinoma Patients as Second-line Chemotherapy,TERMINATED,lack of efficacy,BIOLOGICAL_FAILURE,EFFICACY/FUTILITY,HIGH,v=2.0.0;outcome=BIOLOGICAL_FAILURE;primary=EFFICACY_FUTILITY;reviewed.exact_reason:Lack of efficacy,Oncology,Oncology,,,INTERVENTIONAL,PHASE2,Samsung Medical Center,,Advanced Gastric Adenocarcinoma,AZD5363; paclitaxel; AZD2014; paclitaxel,DRUG; DRUG; DRUG; DRUG,2015-02-12,2018-07-16,2018-07-16,2019-05-20,https://clinicaltrials.gov/study/NCT02449655,BIOLOGICAL_FAILURE,EFFICACY_FUTILITY,,False,2.0.0,4431292a7cce2b3e9aed,REVIEWED_EXACT
NCT03166176,Phase II Trial of Vistusertib（AZD2014） Single Agent in TSC1or 2 Null or TSC 1/2 Mutation Solid Cancer Patients Refractory to Standard Chemotherapy,WITHDRAWN,lack of efficacy,BIOLOGICAL_FAILURE,EFFICACY/FUTILITY,HIGH,v=2.0.0;outcome=BIOLOGICAL_FAILURE;primary=EFFICACY_FUTILITY;reviewed.exact_reason:Lack of efficacy,Oncology,Oncology,,,INTERVENTIONAL,PHASE2,Samsung Medical Center,,Solid Tumor,Vistusertib(AZD2014),DRUG,2018-03,2018-07-31,2018-07-31,2019-05-20,https://clinicaltrials.gov/study/NCT03166176,BIOLOGICAL_FAILURE,EFFICACY_FUTILITY,,False,2.0.0,4431292a7cce2b3e9aed,REVIEWED_EXACT
NCT03166904,Phase II Trial of AZD2014 in RICTOR Amplified Solid Cancer Patients Refractory to Standard Chemotherapy,WITHDRAWN,Lack of efficacy,BIOLOGICAL_FAILURE,EFFICACY/FUTILITY,HIGH,v=2.0.0;outcome=BIOLOGICAL_FAILURE;primary=EFFICACY_FUTILITY;reviewed.exact_reason:Lack of efficacy,Oncology,Oncology,,,INTERVENTIONAL,PHASE2,Samsung Medical Center,,Solid Tumor,Vistusertib(AZD2014),DRUG,2018-03,2018-06,2018-07-31,2019-05-20,https://clinicaltrials.gov/study/NCT03166904,BIOLOGICAL_FAILURE,EFFICACY_FUTILITY,,False,2.0.0,4431292a7cce2b3e9aed,REVIEWED_EXACT
NCT03082833,Phase II Trial of AZD2014 in TSC1/2 Mutated or TSC1/2 Null GC Patients as Second-line Chemotherapy,TERMINATED,lack of efficacy,BIOLOGICAL_FAILURE,EFFICACY/FUTILITY,HIGH,v=2.0.0;outcome=BIOLOGICAL_FAILURE;primary=EFFICACY_FUTILITY;reviewed.exact_reason:Lack of efficacy,Oncology,Oncology,,,INTERVENTIONAL,PHASE2,Samsung Medical Center,,Cancer of Stomach,AZD2014,DRUG,2017-02-01,2018-11-16,2018-11-16,2019-05-20,https://clinicaltrials.gov/study/NCT03082833,BIOLOGICAL_FAILURE,EFFICACY_FUTILITY,,False,2.0.0,4431292a7cce2b3e9aed,REVIEWED_EXACT
NCT02595840,Biomarker Study Accompanying the AIO-TRK-0114 Study (MARBLE),TERMINATED,Futility,BIOLOGICAL_FAILURE,EFFICACY/FUTILITY,HIGH,v=2.0.0;outcome=BIOLOGICAL_FAILURE;primary=EFFICACY_FUTILITY;reviewed.exact_reason:Futility,Oncology,Oncology; Respiratory,,,INTERVENTIONAL,PHASE2,Universität Duisburg-Essen,,Non-small-cell Lung Cancer With Somatic EGFR Mutations,Afatinib; Pemetrexed,DRUG; DRUG,2015-11-25,2017-11-20,2017-11-20,2019-04-19,https://clinicaltrials.gov/study/NCT02595840,BIOLOGICAL_FAILURE,EFFICACY_FUTILITY,,False,2.0.0,1f112ae47ca5fa590645,REVIEWED_EXACT
NCT02910882,"PEGPH20 Plus Gemcitabine With Radiotherapy in Patients With Localized, Unresectable Pancreatic Cancer",TERMINATED,Safety,BIOLOGICAL_FAILURE,SAFETY,HIGH,v=2.0.0;outcome=BIOLOGICAL_FAILURE;primary=SAFETY;reviewed.exact_reason:Safety,Gastroenterology & Hepatology,Gastroenterology & Hepatology; Oncology,,,INTERVENTIONAL,PHASE2,Scripps Health,,Pancreatic Adenocarcinoma Non-resectable,PEGylated Recombinant Human Hyaluronidase (PEGPH20); Gemcitabine; Radiation,DRUG; DRUG; RADIATION,2017-01-03,2018-08-31,2018-08-31,2019-04-11,https://clinicaltrials.gov/study/NCT02910882,BIOLOGICAL_FAILURE,SAFETY,,False,2.0.0,856e8bd358ece398c72f,REVIEWED_EXACT
NCT03381118,Haploidentical Lymphocytes With Nivolumab/Ara-C as Consolidation in Elderly AML Patients,TERMINATED,Unexpected toxicity,BIOLOGICAL_FAILURE,SAFETY,HIGH,v=2.0.0;outcome=BIOLOGICAL_FAILURE;primary=SAFETY;saf.adverse_events:unexpected toxicity,Oncology,Oncology,,,INTERVENTIONAL,PHASE2,St. Petersburg State Pavlov Medical University,,Acute Myeloid Leukemia,Cytarabine; Nivolumab; Cytarabine; Nivolumab; G-CSF mobilized HLA-haploidentical donor PBSC,DRUG; DRUG; DRUG; DRUG; BIOLOGICAL,2017-06-30,2018-09-30,2018-09-30,2019-04-05,https://clinicaltrials.gov/study/NCT03381118,BIOLOGICAL_FAILURE,SAFETY,,False,2.0.0,cac6d5a0face39099013,RULE_V2
NCT01478828,Pre-Prostatectomy Lovastatin on Prostate Cancer,TERMINATED,The study was stopped due to an unanticipated serious adverse event.,BIOLOGICAL_FAILURE,SAFETY,HIGH,v=2.0.0;outcome=BIOLOGICAL_FAILURE;primary=SAFETY;saf.adverse_events:serious adverse event,Oncology,Oncology; Renal & Urology,,,INTERVENTIONAL,NA,Sidney Kimmel Comprehensive Cancer Center at Johns Hopkins,Patrick C Walsh Prostate Cancer Research Fund,Prostate Cancer,Lovastatin,DRUG,2012-07-13,2013-04-08,2013-04-08,2019-03-27,https://clinicaltrials.gov/study/NCT01478828,BIOLOGICAL_FAILURE,SAFETY,,False,2.0.0,03977a9bc6183282945f,RULE_V2
NCT01186406,"Gliadel, XRT, Temodar, Avastin Followed by Avastin, Temodar for Newly Diagnosed Glioblastoma Multiforme (GBM)",TERMINATED,Study ended early due to toxicity,BIOLOGICAL_FAILURE,SAFETY,HIGH,v=2.0.0;outcome=BIOLOGICAL_FAILURE;primary=SAFETY;saf.adverse_events:due to toxicity,Oncology,Oncology,,,INTERVENTIONAL,PHASE2,Duke University,"Genentech, Inc.; Eisai Inc.",Glioblastoma Multiforme; Gliosarcoma,Gliadel; Radiation Therapy; Avastin; Temodar,DRUG; RADIATION; DRUG; DRUG,2011-04,2014-06-16,2014-06-16,2019-02-15,https://clinicaltrials.gov/study/NCT01186406,BIOLOGICAL_FAILURE,SAFETY,,False,2.0.0,24a61b72f7d0c4ac8aff,RULE_V2
NCT01251354,Study of BN83495 in Post-menopausal Women With Endometrial Cancer Post-chemotherapy,TERMINATED,The futility analysis of study NCT00910091 in patients with endometrial cancer shows that the primary endpoint will not be reached.,BIOLOGICAL_FAILURE,EFFICACY/FUTILITY,HIGH,v=2.0.0;outcome=BIOLOGICAL_FAILURE;primary=EFFICACY_FUTILITY;eff.futility:futility,Oncology,Oncology,,,INTERVENTIONAL,PHASE2,Ipsen,,Endometrial Cancer,BN83495,DRUG,2010-11,2011-06,2011-07,2019-01-14,https://clinicaltrials.gov/study/NCT01251354,BIOLOGICAL_FAILURE,EFFICACY_FUTILITY,,False,2.0.0,9af8af49804937920382,RULE_V2
NCT01232556,A Study Of Inotuzumab Ozogamicin Plus Rituximab For Relapsed/Refractory Aggressive Non-Hodgkin Lymphoma Patients Who Are Not Candidates For Intensive High-Dose Chemotherapy,TERMINATED,"The study was terminated prematurely on May 16, 2013, for futility. No new or unexpected safety issues were identified.",BIOLOGICAL_FAILURE,EFFICACY/FUTILITY,HIGH,v=2.0.0;outcome=BIOLOGICAL_FAILURE;primary=EFFICACY_FUTILITY;eff.futility:futility,Oncology,Oncology,,,INTERVENTIONAL,PHASE3,Pfizer,UCB Pharma,"Lymphoma, Non-Hodgkin",Inotuzumab ozogamicin; Rituximab; rituximab + gemcitabine; rituximab +bendamustine,DRUG; DRUG; DRUG; DRUG,2011-04-04,2014-03-28,2014-03-28,2019-01-08,https://clinicaltrials.gov/study/NCT01232556,BIOLOGICAL_FAILURE,EFFICACY_FUTILITY,,False,2.0.0,984ef001d2d351e45ccc,RULE_V2
NCT01230970,Exploratory Study to Assess the Short Term Intratumoural and Peripheral Effects of BN83495 in Postmenopausal Women With Newly Diagnosed Breast Cancer,TERMINATED,The futility analysis of study NCT00910091 in patients with endometrial cancer shows that the primary endpoint will not be reached.,BIOLOGICAL_FAILURE,EFFICACY/FUTILITY,HIGH,v=2.0.0;outcome=BIOLOGICAL_FAILURE;primary=EFFICACY_FUTILITY;eff.futility:futility,Oncology,Oncology,,,INTERVENTIONAL,PHASE2,Ipsen,,Breast Cancer,BN83495,DRUG,2011-05,2011-05,2011-05,2019-01-07,https://clinicaltrials.gov/study/NCT01230970,BIOLOGICAL_FAILURE,EFFICACY_FUTILITY,,False,2.0.0,9af8af49804937920382,RULE_V2
NCT02633800,Patritumab With Cetuximab and a Platinum Agent for Squamous Cell Carcinoma (Cancer) of the Head and Neck (SCCHN ),TERMINATED,Trial was terminated by sponsor due to lack of efficacy.,BIOLOGICAL_FAILURE,EFFICACY/FUTILITY,HIGH,v=2.0.0;outcome=BIOLOGICAL_FAILURE;primary=EFFICACY_FUTILITY;eff.explicit_lack:lack of efficacy,Oncology,Oncology,,,INTERVENTIONAL,PHASE2,Daiichi Sankyo,,Head and Neck Neoplasms,Patritumab; Cetuximab; Cisplatin; Carboplatin; Placebo,DRUG; DRUG; DRUG; DRUG; DRUG,2015-12-22,2018-01-11,2018-02-21,2019-01-07,https://clinicaltrials.gov/study/NCT02633800,BIOLOGICAL_FAILURE,EFFICACY_FUTILITY,,False,2.0.0,e65abdaf25f9c1678278,RULE_V2
NCT03145909,"A Study Evaluating the Safety, Pharmacokinetics and Anti-Tumor Activity of ABBV-176 in Subjects With Advanced Solid Tumors Likely to Express Prolactin Receptor (PRLR)",TERMINATED,Safety,BIOLOGICAL_FAILURE,SAFETY,HIGH,v=2.0.0;outcome=BIOLOGICAL_FAILURE;primary=SAFETY;reviewed.exact_reason:Safety,Oncology,Oncology,,,INTERVENTIONAL,PHASE1,AbbVie,,Advanced Solid Tumors Cancer,ABBV-176,DRUG,2017-07-03,2018-11-27,2018-11-27,2018-11-29,https://clinicaltrials.gov/study/NCT03145909,BIOLOGICAL_FAILURE,SAFETY,,False,2.0.0,856e8bd358ece398c72f,REVIEWED_EXACT
NCT02334527,Phase II Trial of Palbociclib in Patients With Metastatic Urothelial Cancer After Failure of First-Line Chemotherapy,TERMINATED,Data from first 12 subjects-primary endpoint not met. Data analysis underway.,BIOLOGICAL_FAILURE,EFFICACY/FUTILITY,HIGH,v=2.0.0;outcome=BIOLOGICAL_FAILURE;primary=EFFICACY_FUTILITY;eff.endpoint_failure:primary endpoint not met,Oncology,Oncology,,,INTERVENTIONAL,PHASE2,UNC Lineberger Comprehensive Cancer Center,Pfizer,Metastatic Urothelial Carcinoma (UC),Palbociclib,DRUG,2015-03-17,2016-12-02,2017-09-28,2018-11-16,https://clinicaltrials.gov/study/NCT02334527,BIOLOGICAL_FAILURE,EFFICACY_FUTILITY,,False,2.0.0,7ac5e4937523c8b70f69,RULE_V2
NCT00023881,Bortezomib in Treating Patients With Chronic Myelogenous Leukemia,TERMINATED,Lack of efficacy,BIOLOGICAL_FAILURE,EFFICACY/FUTILITY,HIGH,v=2.0.0;outcome=BIOLOGICAL_FAILURE;primary=EFFICACY_FUTILITY;reviewed.exact_reason:Lack of efficacy,Oncology,Oncology,,,INTERVENTIONAL,PHASE2,M.D. Anderson Cancer Center,National Cancer Institute (NCI),Leukemia,bortezomib,DRUG,2001-07-02,2005-03,2005-03,2018-11-14,https://clinicaltrials.gov/study/NCT00023881,BIOLOGICAL_FAILURE,EFFICACY_FUTILITY,,False,2.0.0,4431292a7cce2b3e9aed,REVIEWED_EXACT
NCT00671801,Irinotecan Plus Lenalidomide in Adult Patients With Recurrent Glioblastoma Multiforme: Phase I,TERMINATED,Toxicity,BIOLOGICAL_FAILURE,SAFETY,HIGH,v=2.0.0;outcome=BIOLOGICAL_FAILURE;primary=SAFETY;reviewed.exact_reason:Toxicity,Oncology,Oncology,,,INTERVENTIONAL,PHASE1,M.D. Anderson Cancer Center,Celgene,Malignant Gliomas,Irinotecan; Lenalidomide,DRUG; DRUG,2008-04-29,2014-02,2014-02,2018-11-13,https://clinicaltrials.gov/study/NCT00671801,BIOLOGICAL_FAILURE,SAFETY,,False,2.0.0,ce8d5cb0641741178e70,REVIEWED_EXACT
NCT02472977,Safety and Efficacy Study of Ulocuplumab and Nivolumab in Subjects With Solid Tumors,TERMINATED,Trial terminated because of lack of efficacy in the short term acute phase,BIOLOGICAL_FAILURE,EFFICACY/FUTILITY,HIGH,v=2.0.0;outcome=BIOLOGICAL_FAILURE;primary=EFFICACY_FUTILITY;eff.explicit_lack:lack of efficacy,Oncology,Oncology,,,INTERVENTIONAL,PHASE1; PHASE2,Bristol-Myers Squibb,,Solid Tumor,Ulocuplumab; Nivolumab,DRUG; DRUG,2015-07-13,2017-01-27,2017-01-27,2018-11-01,https://clinicaltrials.gov/study/NCT02472977,BIOLOGICAL_FAILURE,EFFICACY_FUTILITY,,False,2.0.0,70e50ba698d950b88fd8,RULE_V2
NCT01820325,Safety and Efficacy of Buparlisib (BKM120) in Patients With Untreated Squamous Non-small Cell Lung Cancer,TERMINATED,Due to DLTs/AEs safety profile considered challenging.,BIOLOGICAL_FAILURE,SAFETY,HIGH,v=2.0.0;outcome=BIOLOGICAL_FAILURE;primary=SAFETY;saf.toxicity:due to dlts,Oncology,Oncology,,,INTERVENTIONAL,PHASE1,Novartis Pharmaceuticals,,Non-Small Cell Lunch Cancer,Buparlisib; Buparlisib placebo; Carboplatin; Paclitaxel,DRUG; DRUG; DRUG; DRUG,2013-09-09,2014-06-18,2014-06-18,2018-10-11,https://clinicaltrials.gov/study/NCT01820325,BIOLOGICAL_FAILURE,SAFETY,,False,2.0.0,a772dbee0fbb1a921794,RULE_V2
NCT00910000,"Vorinostat, Carboplatin and Gemcitabine in Women With Recurrent, Platinum-Sensitive Ovarian Cancer",TERMINATED,Terminated due to unacceptable toxicity,BIOLOGICAL_FAILURE,SAFETY,HIGH,v=2.0.0;outcome=BIOLOGICAL_FAILURE;primary=SAFETY;saf.toxicity:unacceptable toxicity,Oncology,Oncology,,,INTERVENTIONAL,PHASE1; PHASE2,Dana-Farber Cancer Institute,Brigham and Women's Hospital; Massachusetts General Hospital; Merck Sharp & Dohme LLC,Ovarian Cancer; Fallopian Tube Cancer; Peritoneal Cancer,Vorinostat; Carboplatin; Gemcitabine,DRUG; DRUG; DRUG,2009-06,2013-01,2015-10,2018-09-10,https://clinicaltrials.gov/study/NCT00910000,BIOLOGICAL_FAILURE,SAFETY,,False,2.0.0,ad32e9b5c96ad59a43d2,RULE_V2
NCT01621243,M402 in Combination With Nab-Paclitaxel and Gemcitabine in Pancreatic Cancer,TERMINATED,The study was terminated after a pre-planned futility analyses showed an insufficient level of efficacy in the study population to warrant continuation.,BIOLOGICAL_FAILURE,EFFICACY/FUTILITY,HIGH,v=2.0.0;outcome=BIOLOGICAL_FAILURE;primary=EFFICACY_FUTILITY;eff.futility:futility,Oncology,Gastroenterology & Hepatology; Oncology,,,INTERVENTIONAL,PHASE1; PHASE2,"Momenta Pharmaceuticals, Inc.",,Metastatic Pancreatic Cancer,nab-paclitaxel; gemcitabine; placebo; Necuparanib,DRUG; DRUG; DRUG; DRUG,2012-05,2016-10-24,2016-10-24,2018-08-29,https://clinicaltrials.gov/study/NCT01621243,BIOLOGICAL_FAILURE,EFFICACY_FUTILITY,,False,2.0.0,cf8f1d44cb5d8b679d09,RULE_V2
NCT00804830,Avastin and Doxorubicin Postoperatively for Patients With Anaplastic Thyroid Cancer,TERMINATED,lack of response,BIOLOGICAL_FAILURE,EFFICACY/FUTILITY,HIGH,v=2.0.0;outcome=BIOLOGICAL_FAILURE;primary=EFFICACY_FUTILITY;eff.explicit_lack:lack of response,Oncology,Endocrine & Metabolic; Oncology,,,INTERVENTIONAL,PHASE2,Region Skane,,Thyroid Neoplasms; Carcinoma; Thyroid Cancer; Metastatic Cancer,Bevacizumab,DRUG,2008-04,2012-12,2014-12,2018-08-28,https://clinicaltrials.gov/study/NCT00804830,BIOLOGICAL_FAILURE,EFFICACY_FUTILITY,,False,2.0.0,d081d6cbc33e32900231,RULE_V2
NCT01378377,Combination Trial of Pimasertib (MSC1936369B) With Temsirolimus,TERMINATED,The trial was stopped due to the toxicities observed with the combination of pimasertib and temsirolimus.,BIOLOGICAL_FAILURE,SAFETY,HIGH,v=2.0.0;outcome=BIOLOGICAL_FAILURE;primary=SAFETY;saf.adverse_events:due to the toxicities,Oncology,Oncology,,,INTERVENTIONAL,PHASE1,EMD Serono,,Advanced Solid Tumor,Pimasertib; Pimasertib; Temsirolimus; Temsirolimus,DRUG; DRUG; DRUG; DRUG,2011-05-27,2012-02-23,2012-02-23,2018-07-30,https://clinicaltrials.gov/study/NCT01378377,BIOLOGICAL_FAILURE,SAFETY,,False,2.0.0,1777936918e898acfa07,RULE_V2
NCT02095717,Multicenter Study Comparing Taxotere Plus Curcumin Versus Taxotere Plus Placebo Combination in First-line Treatment of Prostate Cancer Metastatic Castration Resistant (CURTAXEL),TERMINATED,The trial was stopped for futility in view of the results of the interim analysis,BIOLOGICAL_FAILURE,EFFICACY/FUTILITY,HIGH,v=2.0.0;outcome=BIOLOGICAL_FAILURE;primary=EFFICACY_FUTILITY;eff.futility:futility,Oncology,Oncology; Renal & Urology,,,INTERVENTIONAL,PHASE2,Centre Jean Perrin,,Prostate Cancer Metastatic Castration Resistant,Curcumin; Placebo; Taxotere,DRUG; DRUG; DRUG,2014-03,2018-04,2018-04,2018-07-24,https://clinicaltrials.gov/study/NCT02095717,BIOLOGICAL_FAILURE,EFFICACY_FUTILITY,,False,2.0.0,110f4bd431d143ae8098,RULE_V2
NCT00852332,Docetaxel With or Without a Phytochemical in Treating Patients With Breast Cancer,TERMINATED,The trial was stopped for futility in view of the results of the anticipated analysis,BIOLOGICAL_FAILURE,EFFICACY/FUTILITY,HIGH,v=2.0.0;outcome=BIOLOGICAL_FAILURE;primary=EFFICACY_FUTILITY;eff.futility:futility,Oncology,Oncology,,,INTERVENTIONAL,PHASE2,Centre Jean Perrin,,Breast Cancer,Curcumin; Taxotere,DIETARY_SUPPLEMENT; DRUG,2009-08,2017-11,2017-11,2018-07-24,https://clinicaltrials.gov/study/NCT00852332,BIOLOGICAL_FAILURE,EFFICACY_FUTILITY,,False,2.0.0,b86607f9d61de5fe9b75,RULE_V2
NCT02540928,AMG 319 in HPV Positive and Negative HNSCC,TERMINATED,Safety Reasons,BIOLOGICAL_FAILURE,SAFETY,HIGH,v=2.0.0;outcome=BIOLOGICAL_FAILURE;primary=SAFETY;saf.explicit:safety reasons,Infectious Disease,Infectious Disease; Oncology,,,INTERVENTIONAL,PHASE2,Cancer Research UK,,"Human Papillomavirus (HPV); Positive or Negative Head and Neck Squamous Cell Carcinoma (HNSCC) of the Hypopharynx, Oropharynx, Oral Cavity, Supraglottis or Larynx",AMG 319 hydrate; Placebo,DRUG; DRUG,2015-10,2018-05-03,2018-05-03,2018-07-18,https://clinicaltrials.gov/study/NCT02540928,BIOLOGICAL_FAILURE,SAFETY,,False,2.0.0,f9290585e3dfa0b89a6d,RULE_V2
NCT01006252,A Study of Tasisulam-sodium Versus Paclitaxel as Treatment for Metastatic Melanoma,TERMINATED,More possibly treatment-related deaths on tasisulam-sodium arm.,BIOLOGICAL_FAILURE,SAFETY,HIGH,v=2.0.0;outcome=BIOLOGICAL_FAILURE;primary=SAFETY;saf.adverse_events:treatment-related deaths,Oncology,Oncology,,,INTERVENTIONAL,PHASE3,Eli Lilly and Company,,Melanoma,Tasisulam-sodium; Paclitaxel,DRUG; DRUG,2009-12,2011-03,2011-03,2018-07-17,https://clinicaltrials.gov/study/NCT01006252,BIOLOGICAL_FAILURE,SAFETY,,False,2.0.0,d27d5f9c4f6feb3ed156,RULE_V2
NCT01009346,RAD001 in Combination With Cetuximab and Cisplatin in Recurrent and Metastatic SCCHN,TERMINATED,Toxicity,BIOLOGICAL_FAILURE,SAFETY,HIGH,v=2.0.0;outcome=BIOLOGICAL_FAILURE;primary=SAFETY;reviewed.exact_reason:Toxicity,Oncology,Oncology,,,INTERVENTIONAL,PHASE1; PHASE2,Sidney Kimmel Comprehensive Cancer Center at Johns Hopkins,Novartis Pharmaceuticals,Head and Neck Cancer,RAD001; Cetuximab; Cisplatin; Carboplatin,DRUG; DRUG; DRUG; DRUG,2009-10,2011-03,2011-03,2018-07-17,https://clinicaltrials.gov/study/NCT01009346,BIOLOGICAL_FAILURE,SAFETY,,False,2.0.0,ce8d5cb0641741178e70,REVIEWED_EXACT
NCT01482949,A Rollover Protocol for Subjects Previously Treated With AGS-003,TERMINATED,Lack of efficacy,BIOLOGICAL_FAILURE,EFFICACY/FUTILITY,HIGH,v=2.0.0;outcome=BIOLOGICAL_FAILURE;primary=EFFICACY_FUTILITY;reviewed.exact_reason:Lack of efficacy,Oncology,Oncology; Renal & Urology,,,INTERVENTIONAL,PHASE2,Argos Therapeutics,,Renal Cell Carcinoma,AGS-003,DRUG,2011-09,2018-05,2018-05,2018-06-27,https://clinicaltrials.gov/study/NCT01482949,BIOLOGICAL_FAILURE,EFFICACY_FUTILITY,,False,2.0.0,4431292a7cce2b3e9aed,REVIEWED_EXACT
NCT01050764,Haploidentical Allogeneic Transplant With Post-transplant Infusion of Regulatory T-cells,TERMINATED,Safety,BIOLOGICAL_FAILURE,SAFETY,HIGH,v=2.0.0;outcome=BIOLOGICAL_FAILURE;primary=SAFETY;reviewed.exact_reason:Safety,Oncology,Oncology,,,INTERVENTIONAL,PHASE1; PHASE2,Everett Meyer,Doris Duke Charitable Foundation,"Leukemia, Acute; Chronic Myelogenous Leukemia (CML); Myelodysplastic Syndrome (MDS); Non-Hodgkin Lymphoma (NHL); Chronic Lymphocytic Leukemia (CLL); Acute Myelogenous Leukemia (AML); Acute Lymphoblastic Leukemia (ALL)","Regulatory T-cells; Conventional T-cells; Melphalan; Thiotepa; Fludarabine; Anti-thymocyte globulin, rabbit; CliniMACS CD34 Reagent System",DRUG; DRUG; DRUG; DRUG; DEVICE; DRUG; DRUG,2009-06,2012-08,2014-06,2018-06-27,https://clinicaltrials.gov/study/NCT01050764,BIOLOGICAL_FAILURE,SAFETY,,False,2.0.0,856e8bd358ece398c72f,REVIEWED_EXACT
NCT01582672,Phase 3 Trial of Autologous Dendritic Cell Immunotherapy Plus Standard Treatment of Advanced Renal Cell Carcinoma,TERMINATED,Lack of efficacy,BIOLOGICAL_FAILURE,EFFICACY/FUTILITY,HIGH,v=2.0.0;outcome=BIOLOGICAL_FAILURE;primary=EFFICACY_FUTILITY;reviewed.exact_reason:Lack of efficacy,Oncology,Oncology; Renal & Urology,,,INTERVENTIONAL,PHASE3,Argos Therapeutics,,Advanced Renal Cell Carcinoma; Renal Cell Carcinoma; Metastatic Renal Cell Carcinoma,Standard Treatment; AGS-003,DRUG; BIOLOGICAL,2012-11,2018-04,2018-04,2018-06-14,https://clinicaltrials.gov/study/NCT01582672,BIOLOGICAL_FAILURE,EFFICACY_FUTILITY,,False,2.0.0,4431292a7cce2b3e9aed,REVIEWED_EXACT
NCT03540953,Endoscopic Injection of Mitomycin C for the Treatment of Pharyngoesophageal Stenosis,TERMINATED,"adverse events was observed in all of them, with intense neck pain and ulcer evelopment",BIOLOGICAL_FAILURE,SAFETY,HIGH,v=2.0.0;outcome=BIOLOGICAL_FAILURE;primary=SAFETY;saf.adverse_events:adverse events,Oncology,Oncology,,,INTERVENTIONAL,NA,Fauze Maluf Filho,,Esophageal Stenosis; Deglutition Disorders; Head and Neck Neoplasms; Esophageal Neoplasms,Endoscopic injection of Mitomycin C,DRUG,2015-01-05,2015-05-05,2018-01-05,2018-05-30,https://clinicaltrials.gov/study/NCT03540953,BIOLOGICAL_FAILURE,SAFETY,,False,2.0.0,625f1311ccfb53afb8b7,RULE_V2
NCT03023527,Nivolumab Role in the Treatment of Patients With Refractory or Relapse Multiple Myeloma,TERMINATED,Safety,BIOLOGICAL_FAILURE,SAFETY,HIGH,v=2.0.0;outcome=BIOLOGICAL_FAILURE;primary=SAFETY;reviewed.exact_reason:Safety,Oncology,Oncology,,,INTERVENTIONAL,PHASE1,PETHEMA Foundation,Celgene; Bristol-Myers Squibb; Adknoma Health Research,Multiple Myeloma,Nivolumab; Pomalidomide; Dexamethasone; Elotuzumab,DRUG; DRUG; DRUG; DRUG,2017-01,2018-01,2018-01,2018-05-23,https://clinicaltrials.gov/study/NCT03023527,BIOLOGICAL_FAILURE,SAFETY,,False,2.0.0,856e8bd358ece398c72f,REVIEWED_EXACT
NCT01200589,Single Agent Ofatumumab Vs. Single Agent Rituximab in Indolent B-Cell Non Hodgkin Lymphoma Relapsed After Rituximab-Containing Therapy,TERMINATED,The study stopped due to futility.,BIOLOGICAL_FAILURE,EFFICACY/FUTILITY,HIGH,v=2.0.0;outcome=BIOLOGICAL_FAILURE;primary=EFFICACY_FUTILITY;eff.futility:futility,Oncology,Oncology,,,INTERVENTIONAL,PHASE3,Novartis Pharmaceuticals,GlaxoSmithKline,Non-Hodgkin's Lymphoma,Ofatumumab; Rituximab; Ofatumumab; Rituximab,BIOLOGICAL; BIOLOGICAL; BIOLOGICAL; BIOLOGICAL,2010-10-11,2016-12-19,2016-12-19,2018-05-16,https://clinicaltrials.gov/study/NCT01200589,BIOLOGICAL_FAILURE,EFFICACY_FUTILITY,,False,2.0.0,b5c2df0bd58914d69774,RULE_V2
NCT02635074,"Ibrutinib, Idarubicin and Cytarabine in Treating Patients With Relapsed or Refractory Acute Myeloid Leukemia",TERMINATED,safety,BIOLOGICAL_FAILURE,SAFETY,HIGH,v=2.0.0;outcome=BIOLOGICAL_FAILURE;primary=SAFETY;reviewed.exact_reason:Safety,Oncology,Oncology,,,INTERVENTIONAL,PHASE1,Steven E. Coutre,National Cancer Institute (NCI),Recurrent Adult Acute Myeloid Leukemia,Cytarabine; Ibrutinib; Idarubicin,DRUG; DRUG; DRUG,2016-11,2017-07-18,2017-11-10,2018-05-14,https://clinicaltrials.gov/study/NCT02635074,BIOLOGICAL_FAILURE,SAFETY,,False,2.0.0,856e8bd358ece398c72f,REVIEWED_EXACT
NCT00014560,Antibody Therapy in Treating Patients With Refractory or Relapsed Non-Hodgkin's Lymphoma or Chronic Lymphocytic Leukemia,TERMINATED,Medarex (supplier of BsAb) stopped study due to toxicities experienced at other sites on unrelated trials halting manufacturing of BsAb,BIOLOGICAL_FAILURE,SAFETY,HIGH,v=2.0.0;outcome=BIOLOGICAL_FAILURE;primary=SAFETY;saf.adverse_events:due to toxicities,Oncology,Oncology,,,INTERVENTIONAL,PHASE1,Dartmouth-Hitchcock Medical Center,National Cancer Institute (NCI),Leukemia; Lymphoma,bispecific antibody 4G7xH22; sargramostim,BIOLOGICAL; BIOLOGICAL,2000-09-28,2003-02-14,2003-02-14,2018-05-03,https://clinicaltrials.gov/study/NCT00014560,BIOLOGICAL_FAILURE,SAFETY,,False,2.0.0,56a6e7f82fea56c6611f,RULE_V2
NCT00459108,Dasatinib in Treating Patients With Advanced Liver Cancer That Cannot Be Removed by Surgery,TERMINATED,Halted early for futility.,BIOLOGICAL_FAILURE,EFFICACY/FUTILITY,HIGH,v=2.0.0;outcome=BIOLOGICAL_FAILURE;primary=EFFICACY_FUTILITY;eff.futility:futility,Gastroenterology & Hepatology,Gastroenterology & Hepatology; Oncology,,,INTERVENTIONAL,PHASE2,National Cancer Institute (NCI),,Adult Primary Hepatocellular Carcinoma; Advanced Adult Primary Liver Cancer; Recurrent Adult Primary Liver Cancer,dasatinib,DRUG,2007-04,2011-04,2011-04,2018-04-19,https://clinicaltrials.gov/study/NCT00459108,BIOLOGICAL_FAILURE,EFFICACY_FUTILITY,,False,2.0.0,33e26a44d819c1768b83,RULE_V2
NCT01907815,Trametinib and Akt Inhibitor GSK2141795 in Treating Patients With Acute Myeloid Leukemia,TERMINATED,Lack of efficacy.,BIOLOGICAL_FAILURE,EFFICACY/FUTILITY,HIGH,v=2.0.0;outcome=BIOLOGICAL_FAILURE;primary=EFFICACY_FUTILITY;reviewed.exact_reason:Lack of efficacy.,Oncology,Oncology,,,INTERVENTIONAL,PHASE2,National Cancer Institute (NCI),,Recurrent Adult Acute Myeloid Leukemia; Untreated Adult Acute Myeloid Leukemia,Akt Inhibitor GSK2141795; Laboratory Biomarker Analysis; Trametinib,DRUG; OTHER; DRUG,2013-10,2016-01,2016-01,2018-04-06,https://clinicaltrials.gov/study/NCT01907815,BIOLOGICAL_FAILURE,EFFICACY_FUTILITY,,False,2.0.0,f31fcb3072495d0d433e,REVIEWED_EXACT
NCT02365662,A Study Evaluating Safety and Pharmacokinetics of ABBV-221 in Subjects With Advanced Solid Tumor Types Likely to Exhibit Elevated Levels of Epidermal Growth Factor Receptor,TERMINATED,Safety,BIOLOGICAL_FAILURE,SAFETY,HIGH,v=2.0.0;outcome=BIOLOGICAL_FAILURE;primary=SAFETY;reviewed.exact_reason:Safety,Oncology,Oncology; Respiratory,,,INTERVENTIONAL,PHASE1,AbbVie,,Head and Neck Squamous Cell Carcinoma; Non-small Cell Lung Cancer; Triple Negative Breast Cancer; Colorectal Carcinoma; Glioblastoma Multiforme,ABBV-221,DRUG,2015-01-09,2018-03-15,2018-03-15,2018-03-30,https://clinicaltrials.gov/study/NCT02365662,BIOLOGICAL_FAILURE,SAFETY,,False,2.0.0,856e8bd358ece398c72f,REVIEWED_EXACT
NCT01010854,Valproic Acid in Combination With FEC100 for Primary Therapy in Patients With Breast Cancer,TERMINATED,Premature closure for lack of efficacy.,BIOLOGICAL_FAILURE,EFFICACY/FUTILITY,HIGH,v=2.0.0;outcome=BIOLOGICAL_FAILURE;primary=EFFICACY_FUTILITY;eff.explicit_lack:lack of efficacy,Oncology,Oncology,,,INTERVENTIONAL,PHASE2,"University of California, San Francisco",H. Lee Moffitt Cancer Center and Research Institute,Breast Cancer,VPA FEC100,DRUG,2008-12-10,2010-12-12,2011-07-29,2018-03-09,https://clinicaltrials.gov/study/NCT01010854,BIOLOGICAL_FAILURE,EFFICACY_FUTILITY,,False,2.0.0,21990639d162fff1e61d,RULE_V2
NCT01612975,The Effect of Non-Steroidal Anti-Inflammatory Drug Naproxen on Pleural Effusion Formation After Lung Resection,TERMINATED,Recruitment futile,BIOLOGICAL_FAILURE,EFFICACY/FUTILITY,HIGH,v=2.0.0;outcome=BIOLOGICAL_FAILURE;primary=EFFICACY_FUTILITY;eff.futility:futile,Oncology,Oncology,,,INTERVENTIONAL,PHASE2,McMaster University,McMaster Surgical Associates,Pleural Effusion; Pleural Effusion Malignant,Naproxen; Placebo,DRUG; DRUG,2014-04,2018-01,2018-01,2018-02-15,https://clinicaltrials.gov/study/NCT01612975,BIOLOGICAL_FAILURE,EFFICACY_FUTILITY,,False,2.0.0,c1552762cc9fde554f10,RULE_V2
NCT00632541,A Phase II Study of Bevacizumab + Sorafenib in Metastatic Breast Cancer,TERMINATED,Significant Toxicities Experienced,BIOLOGICAL_FAILURE,SAFETY,HIGH,v=2.0.0;outcome=BIOLOGICAL_FAILURE;primary=SAFETY;saf.adverse_events:significant toxicities,Oncology,Oncology,,,INTERVENTIONAL,PHASE2,Hoosier Cancer Research Network,"Genentech, Inc.; Bayer; Amgen",Metastatic Breast Cancer,Sorafenib; Bevacizumab; Imaging,DRUG; DRUG; OTHER,2007-10,2009-03,2009-03,2018-02-14,https://clinicaltrials.gov/study/NCT00632541,BIOLOGICAL_FAILURE,SAFETY,,False,2.0.0,96d419b60da7e403027d,RULE_V2
NCT02119676,Study of Ruxolitinib in Colorectal Cancer Patients,TERMINATED,Substudy 1 was terminated for futility at interim analysis and Substudy 2 was terminated per sponsor decision.,BIOLOGICAL_FAILURE,EFFICACY/FUTILITY,HIGH,v=2.0.0;outcome=BIOLOGICAL_FAILURE;primary=EFFICACY_FUTILITY;eff.futility:futility,Oncology,Oncology,,,INTERVENTIONAL,PHASE2,Incyte Corporation,,CRC (Colorectal Cancer),Ruxolitinib; Regorafenib; Placebo,DRUG; DRUG; DRUG,2014-03,2016-02,2016-12,2018-02-13,https://clinicaltrials.gov/study/NCT02119676,BIOLOGICAL_FAILURE,EFFICACY_FUTILITY,,False,2.0.0,e460d9f1f2af1a1e87c8,RULE_V2
NCT02119663,A Study of Ruxolitinib in Pancreatic Cancer Patients,TERMINATED,The safety committee found no safety issues but recommended halting the study based on a lack of efficacy in a similar trial. The sponsor terminated the trial.,BIOLOGICAL_FAILURE,EFFICACY/FUTILITY,HIGH,v=2.0.0;outcome=BIOLOGICAL_FAILURE;primary=EFFICACY_FUTILITY;eff.explicit_lack:lack of efficacy,Gastroenterology & Hepatology,Gastroenterology & Hepatology; Oncology,,,INTERVENTIONAL,PHASE3,Incyte Corporation,,Pancreatic Cancer,Ruxolitinib; Placebo; Capecitabine,DRUG; DRUG; DRUG,2014-06,2016-02,2016-10,2018-02-13,https://clinicaltrials.gov/study/NCT02119663,BIOLOGICAL_FAILURE,EFFICACY_FUTILITY,,False,2.0.0,69bb5bb6eabc44a435e7,RULE_V2
NCT02393209,Docetaxel With or Without TAK-117 (MLN1117) in Participants With Locally Advanced or Metastatic Non-small Cell Lung Cancer,TERMINATED,Lack of efficacy in combination.,BIOLOGICAL_FAILURE,EFFICACY/FUTILITY,HIGH,v=2.0.0;outcome=BIOLOGICAL_FAILURE;primary=EFFICACY_FUTILITY;eff.explicit_lack:lack of efficacy,Oncology,Oncology; Respiratory,,,INTERVENTIONAL,PHASE1; PHASE2,"Millennium Pharmaceuticals, Inc.",,Non-small Cell Lung Cancer,Docetaxel; TAK-117,DRUG; DRUG,2015-06-03,2017-01-12,2017-01-20,2018-02-07,https://clinicaltrials.gov/study/NCT02393209,BIOLOGICAL_FAILURE,EFFICACY_FUTILITY,,False,2.0.0,14bfd97075031375b604,RULE_V2
NCT01237678,A Study of IMGN901 for Patients With Advanced Solid Tumors and Extensive Stage Small Cell Lung Cancer,TERMINATED,Study was stopped early due to lack of efficacy signal and safety concerns,BIOLOGICAL_FAILURE,EFFICACY/FUTILITY,HIGH,v=2.0.0;outcome=BIOLOGICAL_FAILURE;primary=EFFICACY_FUTILITY;eff.explicit_lack:lack of efficacy,Oncology,Oncology; Respiratory,,,INTERVENTIONAL,PHASE1; PHASE2,"ImmunoGen, Inc.",,Small Cell Lung Cancer,IMGN901; Carboplatin and Etoposide,DRUG; DRUG,2010-11,2015-05,2015-05,2018-01-18,https://clinicaltrials.gov/study/NCT01237678,BIOLOGICAL_FAILURE,EFFICACY_FUTILITY,,False,2.0.0,23dfcf6a1f6b6a8e6e1d,RULE_V2
NCT00574951,"AMG 706 in Treating Patients With Persistent or Recurrent Ovarian Epithelial Cancer, Fallopian Tube Cancer, or Primary Peritoneal Cancer",TERMINATED,Study was stopped for severe toxicity causing concern for patients,BIOLOGICAL_FAILURE,SAFETY,HIGH,v=2.0.0;outcome=BIOLOGICAL_FAILURE;primary=SAFETY;saf.adverse_events:severe toxicity,Oncology,Oncology,,,INTERVENTIONAL,PHASE2,Gynecologic Oncology Group,National Cancer Institute (NCI),Fallopian Tube Cancer; Ovarian Cancer; Primary Peritoneal Cavity Cancer,motesanib diphosphate,DRUG,2007-12,2013-07,,2018-01-11,https://clinicaltrials.gov/study/NCT00574951,BIOLOGICAL_FAILURE,SAFETY,,False,2.0.0,358373e1a01f3f5171fb,RULE_V2
NCT01442714,Azacitidine + Lenalidomide Combo in the Elderly With Previously Treated AML & High-Risk MDS,TERMINATED,Lack of efficacy - Inability to meet the primary response endpoint,BIOLOGICAL_FAILURE,EFFICACY/FUTILITY,HIGH,v=2.0.0;outcome=BIOLOGICAL_FAILURE;primary=EFFICACY_FUTILITY;eff.explicit_lack:lack of efficacy,Oncology,Oncology,,,INTERVENTIONAL,PHASE2,Stanford University,Celgene Corporation,Leukemia; Acute Myeloid Leukemia (AML); Myelodysplastic Syndromes (MDS),Azacitidine; Lenalidomide,DRUG; DRUG,2011-08,2014-03,2014-05,2018-01-03,https://clinicaltrials.gov/study/NCT01442714,BIOLOGICAL_FAILURE,EFFICACY_FUTILITY,,False,2.0.0,51c0145e404b5c53e8f8,RULE_V2
NCT00652899,"Allogeneic Natural Killer Cells in Patients With Recurrent Ovarian Cancer, Fallopian Tube, and Primary Peritoneal Cancer",TERMINATED,Withdrawn due to toxicity,BIOLOGICAL_FAILURE,SAFETY,HIGH,v=2.0.0;outcome=BIOLOGICAL_FAILURE;primary=SAFETY;saf.adverse_events:due to toxicity,Oncology,Oncology,,,INTERVENTIONAL,PHASE2,"Masonic Cancer Center, University of Minnesota",,Fallopian Tube Cancer; Ovarian Cancer; Peritoneal Cavity Cancer,Allopurinol; Cyclophosphamide; Fludarabine phosphate; total-body irradiation; Allogeneic natural killer cells; Aldesleukin,BIOLOGICAL; DRUG; DRUG; RADIATION; BIOLOGICAL; BIOLOGICAL,2008-03,2009-08,2009-08,2017-12-28,https://clinicaltrials.gov/study/NCT00652899,BIOLOGICAL_FAILURE,SAFETY,,False,2.0.0,7f7f15373215deb9180f,RULE_V2
NCT00963872,"Donor Umbilical Cord Blood Transplant After Fludarabine Phosphate, Cyclophosphamide, and Total-Body Irradiation in Treating Patients With High-Risk Hematologic Cancer",TERMINATED,Lack of efficacy after interim analysis,BIOLOGICAL_FAILURE,EFFICACY/FUTILITY,HIGH,v=2.0.0;outcome=BIOLOGICAL_FAILURE;primary=EFFICACY_FUTILITY;eff.explicit_lack:lack of efficacy,Oncology,Oncology,,,INTERVENTIONAL,PHASE1; PHASE2,"Masonic Cancer Center, University of Minnesota","National Heart, Lung, and Blood Institute (NHLBI)",Leukemia; Lymphoma; Multiple Myeloma; Myelodysplastic Syndromes,cyclophosphamide; fludarabine phosphate; Total body irradiation; Umbilical cord blood unit with C3a fragment; Unmanipulated UCB Unit,DRUG; DRUG; RADIATION; BIOLOGICAL; BIOLOGICAL,2010-03,2012-08,2013-08,2017-12-28,https://clinicaltrials.gov/study/NCT00963872,BIOLOGICAL_FAILURE,EFFICACY_FUTILITY,,False,2.0.0,ba372dc147bac8da0917,RULE_V2
NCT00376805,Allogeneic Natural Killer (NK) Cells in Patients With Advanced Metastatic Breast Cancer,TERMINATED,Withdrawn due to toxicity,BIOLOGICAL_FAILURE,SAFETY,HIGH,v=2.0.0;outcome=BIOLOGICAL_FAILURE;primary=SAFETY;saf.adverse_events:due to toxicity,Oncology,Oncology,,,INTERVENTIONAL,PHASE2,"Masonic Cancer Center, University of Minnesota",,Breast Cancer,Fludarabine; Cyclophosphamide; Total body irradiation; Natural killer cell infusion; Interleukin-2,DRUG; DRUG; RADIATION; OTHER; BIOLOGICAL,2006-04,2009-09,2010-01,2017-12-28,https://clinicaltrials.gov/study/NCT00376805,BIOLOGICAL_FAILURE,SAFETY,,False,2.0.0,7f7f15373215deb9180f,RULE_V2
NCT01740401,CTLA-4 Blockade and Low Dose Cyclophosphamide in Patients With Advanced Malignant Melanoma,TERMINATED,Primary Endpoint not met,BIOLOGICAL_FAILURE,EFFICACY/FUTILITY,HIGH,v=2.0.0;outcome=BIOLOGICAL_FAILURE;primary=EFFICACY_FUTILITY;reviewed.exact_reason:Primary endpoint not met,Oncology,Oncology,,,INTERVENTIONAL,PHASE2,Icahn School of Medicine at Mount Sinai,Bristol-Myers Squibb,Melanoma,Cyclophosphamide,DRUG,2012-10,2013-12,2014-12,2017-12-06,https://clinicaltrials.gov/study/NCT01740401,BIOLOGICAL_FAILURE,EFFICACY_FUTILITY,,False,2.0.0,c9eb15c6e46f78eac6d5,REVIEWED_EXACT
NCT00526890,"Carboplatin, Paclitaxel, Selenomethionine, and Radiation Therapy in Treating Patients With Stage III Non-Small Cell Lung Cancer That Cannot Be Removed by Surgery",TERMINATED,lack of efficacy,BIOLOGICAL_FAILURE,EFFICACY/FUTILITY,HIGH,v=2.0.0;outcome=BIOLOGICAL_FAILURE;primary=EFFICACY_FUTILITY;reviewed.exact_reason:Lack of efficacy,Oncology,Oncology; Respiratory,,,INTERVENTIONAL,PHASE2,Roswell Park Cancer Institute,,Lung Cancer,selenomethionine; carboplatin; paclitaxel; laboratory biomarker analysis; radiation therapy,DIETARY_SUPPLEMENT; DRUG; DRUG; OTHER; RADIATION,2006-10,2010-08,2010-09,2017-11-28,https://clinicaltrials.gov/study/NCT00526890,BIOLOGICAL_FAILURE,EFFICACY_FUTILITY,,False,2.0.0,4431292a7cce2b3e9aed,REVIEWED_EXACT
NCT00524589,Calcitriol and Dexamethasone in Treating Patients With Prostate Cancer That Did Not Respond to Hormone Therapy,TERMINATED,closed due to futility,BIOLOGICAL_FAILURE,EFFICACY/FUTILITY,HIGH,v=2.0.0;outcome=BIOLOGICAL_FAILURE;primary=EFFICACY_FUTILITY;eff.futility:futility,Oncology,Oncology; Renal & Urology,,,INTERVENTIONAL,PHASE2,Roswell Park Cancer Institute,,Prostate Cancer,calcitriol; dexamethasone; protein expression analysis; laboratory biomarker analysis,DIETARY_SUPPLEMENT; DRUG; GENETIC; OTHER,2006-04,2010-07,2010-09,2017-11-20,https://clinicaltrials.gov/study/NCT00524589,BIOLOGICAL_FAILURE,EFFICACY_FUTILITY,,False,2.0.0,8912bf0c3fc3d7d41a8f,RULE_V2
NCT01649258,Fosaprepitant Dimeglumine and Granisetron Transdermal System in Preventing Nausea and Vomiting in Patients With Breast Cancer Undergoing Chemotherapy,TERMINATED,Lack of Efficacy,BIOLOGICAL_FAILURE,EFFICACY/FUTILITY,HIGH,v=2.0.0;outcome=BIOLOGICAL_FAILURE;primary=EFFICACY_FUTILITY;reviewed.exact_reason:Lack of efficacy,Oncology,Oncology,,,INTERVENTIONAL,PHASE1,University of Southern California,National Cancer Institute (NCI),Breast Cancer; Nausea; Vomiting,granisetron transdermal system; fosaprepitant dimeglumine; laboratory biomarker analysis,DRUG; DRUG; OTHER,2012-09-04,2017-05-22,2017-09-30,2017-11-17,https://clinicaltrials.gov/study/NCT01649258,BIOLOGICAL_FAILURE,EFFICACY_FUTILITY,,False,2.0.0,4431292a7cce2b3e9aed,REVIEWED_EXACT
NCT02593708,"Phase1 of Neratinib+Trastuzumab, Pertuzumab, Paclitaxel in Patients With Advanced Solid Tumors/HER2+",TERMINATED,toxicity,BIOLOGICAL_FAILURE,SAFETY,HIGH,v=2.0.0;outcome=BIOLOGICAL_FAILURE;primary=SAFETY;reviewed.exact_reason:Toxicity,Oncology,Oncology,,,INTERVENTIONAL,PHASE1,Michelle Melisko,,Solid Tumor,Neratinib; Paclitaxel; Pertuzumab; Trastuzumab,DRUG; DRUG; DRUG; DRUG,2015-11-03,2017-01-05,2017-07-31,2017-11-17,https://clinicaltrials.gov/study/NCT02593708,BIOLOGICAL_FAILURE,SAFETY,,False,2.0.0,ce8d5cb0641741178e70,REVIEWED_EXACT
NCT00400205,"Study of Induction Docetaxel, Cisplatin and 5-Fluorouracil",TERMINATED,Safety reasons,BIOLOGICAL_FAILURE,SAFETY,HIGH,v=2.0.0;outcome=BIOLOGICAL_FAILURE;primary=SAFETY;saf.explicit:safety reasons,Oncology,Oncology,,,INTERVENTIONAL,PHASE2,Emory University,Sanofi,Squamous Cell Carcinoma; Oral Cancer,Docetaxel; Cisplatin; 5-fluorouracil,DRUG; DRUG; DRUG,2006-08,2009-09,2009-09,2017-11-06,https://clinicaltrials.gov/study/NCT00400205,BIOLOGICAL_FAILURE,SAFETY,,False,2.0.0,f9290585e3dfa0b89a6d,RULE_V2
NCT02100007,ME-344 Given in Combination With Hycamtin® in Patients With Solid Tumors,TERMINATED,lack of efficacy,BIOLOGICAL_FAILURE,EFFICACY/FUTILITY,HIGH,v=2.0.0;outcome=BIOLOGICAL_FAILURE;primary=EFFICACY_FUTILITY;reviewed.exact_reason:Lack of efficacy,Oncology,Oncology,,,INTERVENTIONAL,PHASE1; PHASE2,"MEI Pharma, Inc.","SCRI Development Innovations, LLC",Solid Tumors,ME-344; Topotecan,DRUG; DRUG,2014-04,2016-01,2016-04,2017-10-02,https://clinicaltrials.gov/study/NCT02100007,BIOLOGICAL_FAILURE,EFFICACY_FUTILITY,,False,2.0.0,4431292a7cce2b3e9aed,REVIEWED_EXACT
NCT02485353,Study of Vosaroxin and Cytarabine for the Treatment of Adults 60 Years of Age or Older With Previously Untreated AML,TERMINATED,Safety concerns,BIOLOGICAL_FAILURE,SAFETY,HIGH,v=2.0.0;outcome=BIOLOGICAL_FAILURE;primary=SAFETY;saf.explicit:safety concerns,Oncology,Oncology,,,INTERVENTIONAL,NA,Hamid Sayar,,"Leukemia, Myeloid, Acute",Vosaroxin and Cytarabine,DRUG,2015-10-20,2016-05-02,2017-02-16,2017-09-20,https://clinicaltrials.gov/study/NCT02485353,BIOLOGICAL_FAILURE,SAFETY,,False,2.0.0,bc4f01fa96e88e86502c,RULE_V2
NCT01319539,"MK2206 in Treating Patients With Stage I, Stage II, or Stage III Breast Cancer",TERMINATED,"terminated early, due to toxicity",BIOLOGICAL_FAILURE,SAFETY,HIGH,v=2.0.0;outcome=BIOLOGICAL_FAILURE;primary=SAFETY;saf.adverse_events:due to toxicity,Oncology,Oncology,,,INTERVENTIONAL,PHASE2,National Cancer Institute (NCI),,Estrogen Receptor Negative; Estrogen Receptor Positive; HER2/Neu Negative; HER2/Neu Positive; Progesterone Receptor Negative; Progesterone Receptor Positive; Stage IA Breast Cancer; Stage IB Breast Cancer; Stage IIA Breast Cancer; Stage IIB Breast Cancer; Stage IIIA Breast Cancer; Stage IIIB Breast Cancer; Stage IIIC Breast Cancer; Triple-Negative Breast Carcinoma,Akt Inhibitor MK2206; Therapeutic Conventional Surgery; Pharmacological Study; Laboratory Biomarker Analysis,DRUG; PROCEDURE; OTHER; OTHER,2011-04,2013-07,2013-07,2017-08-30,https://clinicaltrials.gov/study/NCT01319539,BIOLOGICAL_FAILURE,SAFETY,,False,2.0.0,bb91db3e3de0118558f0,RULE_V2
NCT01622660,Gemcitabine and Pazopanib in Chemotherapy Naïve Patients With Advanced/Metastatic Urothelial Carcinoma Ineligible for Cisplatin-based Chemotherapy,TERMINATED,Safety reasons,BIOLOGICAL_FAILURE,SAFETY,HIGH,v=2.0.0;outcome=BIOLOGICAL_FAILURE;primary=SAFETY;saf.explicit:safety reasons,Oncology,Oncology; Renal & Urology,,,INTERVENTIONAL,PHASE2,Memorial Sloan Kettering Cancer Center,GlaxoSmithKline,Bladder Cancer,Gemcitabine; Pazopanib,DRUG; DRUG,2012-06,2016-02,2016-02,2017-08-22,https://clinicaltrials.gov/study/NCT01622660,BIOLOGICAL_FAILURE,SAFETY,,False,2.0.0,f9290585e3dfa0b89a6d,RULE_V2
NCT02925533,Ph 1B B-701 in Combination With Pembrolizumab in Metastatic Transitional Cell Carcinoma of the Urothelial Tract,TERMINATED,Terminated due to safety concerns.,BIOLOGICAL_FAILURE,SAFETY,HIGH,v=2.0.0;outcome=BIOLOGICAL_FAILURE;primary=SAFETY;saf.explicit:terminated due to safety concerns,Oncology,Oncology; Renal & Urology,,,INTERVENTIONAL,PHASE1,"Mark Pomerantz, MD",Merck Sharp & Dohme LLC; Rainier Therapeutics,Bladder Cancer,B-701; Pembrolizumab,DRUG; DRUG,2016-12-14,2017-06,2017-06,2017-06-27,https://clinicaltrials.gov/study/NCT02925533,BIOLOGICAL_FAILURE,SAFETY,,False,2.0.0,5770f1623ad0dc39a7ac,RULE_V2
NCT01774851,"A Study of MM-111 and Paclitaxel With Trastuzumab in Patients HER2 Positive Carcinomas of the Distal Esophagus, Gastroesophageal (GE) Junction and Stomach",TERMINATED,DSMB recommendation due to lack of efficacy. There were no safety signals.,BIOLOGICAL_FAILURE,EFFICACY/FUTILITY,HIGH,v=2.0.0;outcome=BIOLOGICAL_FAILURE;primary=EFFICACY_FUTILITY;eff.explicit_lack:lack of efficacy,Gastroenterology & Hepatology,Gastroenterology & Hepatology; Oncology,,,INTERVENTIONAL,PHASE2,Merrimack Pharmaceuticals,,HER-2 Gene Amplification; Esophagus Cancer; Gastroesophageal Junction Cancer; Stomach Cancer,MM-111; Paclitaxel; Trastuzumab,DRUG; DRUG; DRUG,2013-01,2015-07,2015-12,2017-06-22,https://clinicaltrials.gov/study/NCT01774851,BIOLOGICAL_FAILURE,EFFICACY_FUTILITY,,False,2.0.0,b03375ffcd6a7e240bd4,RULE_V2
NCT00005047,"4B951, Combination Chemotherapy in Treating Patients With Bladder Cancer",TERMINATED,Accrual was halted on the basis of the Data and Safety Monitoring Board review of a futility analysis.,BIOLOGICAL_FAILURE,EFFICACY/FUTILITY,HIGH,v=2.0.0;outcome=BIOLOGICAL_FAILURE;primary=EFFICACY_FUTILITY;eff.futility:futility,Oncology,Oncology; Renal & Urology,,,INTERVENTIONAL,PHASE3,SWOG Cancer Research Network,National Cancer Institute (NCI); NCIC Clinical Trials Group; University of Southern California,Bladder Cancer,cisplatin; doxorubicin hydrochloride; methotrexate; vinblastine,DRUG; DRUG; DRUG; DRUG,1997-08,2011-03,2014-12,2017-06-08,https://clinicaltrials.gov/study/NCT00005047,BIOLOGICAL_FAILURE,EFFICACY_FUTILITY,,False,2.0.0,4fe619f9e52e3bb780f0,RULE_V2
NCT01385293,BKM120 in Metastatic Castration-resistant Prostate Cancer,TERMINATED,The trial was stopped at the first stage due to futility,BIOLOGICAL_FAILURE,EFFICACY/FUTILITY,HIGH,v=2.0.0;outcome=BIOLOGICAL_FAILURE;primary=EFFICACY_FUTILITY;eff.futility:futility,Oncology,Oncology; Renal & Urology,,,INTERVENTIONAL,PHASE2,"Andrew J. Armstrong, MD",Novartis Pharmaceuticals,Prostate Cancer; Metastatic (Spread to Other Areas of the Body),BKM120,DRUG,2011-08,2016-02,2016-02,2017-05-19,https://clinicaltrials.gov/study/NCT01385293,BIOLOGICAL_FAILURE,EFFICACY_FUTILITY,,False,2.0.0,6ed11ba6206cdc62d481,RULE_V2
NCT00895245,"Fosaprepitant Dimeglumine, Palonosetron Hydrochloride, and Dexamethasone in Preventing Nausea and Vomiting Caused by Cisplatin in Patients With Stage III or Stage IV Head and Neck Cancer Undergoing Chemotherapy and Radiation Therapy",TERMINATED,Study stopped due to lack of efficacy in first 6 patients,BIOLOGICAL_FAILURE,EFFICACY/FUTILITY,HIGH,v=2.0.0;outcome=BIOLOGICAL_FAILURE;primary=EFFICACY_FUTILITY;eff.explicit_lack:lack of efficacy,Oncology,Oncology,,,INTERVENTIONAL,PHASE2,University of Washington,National Cancer Institute (NCI),Nausea and Vomiting; Stage III Squamous Cell Carcinoma of the Hypopharynx; Stage III Squamous Cell Carcinoma of the Larynx; Stage III Squamous Cell Carcinoma of the Lip and Oral Cavity; Stage III Squamous Cell Carcinoma of the Nasopharynx; Stage III Squamous Cell Carcinoma of the Oropharynx; Stage IV Squamous Cell Carcinoma of the Hypopharynx; Stage IV Squamous Cell Carcinoma of the Larynx; Stage IV Squamous Cell Carcinoma of the Lip and Oral Cavity; Stage IV Squamous Cell Carcinoma of the Nasopharynx; Stage IV Squamous Cell Carcinoma of the Oropharynx,fosaprepitant dimeglumine; cisplatin; palonosetron hydrochloride; dexamethasone; Functional Living Index-Emesis Questionnaire; Emesis Diary; Radiotherapy,DRUG; DRUG; DRUG; DRUG; OTHER; BEHAVIORAL; RADIATION,2009-02,2010-09,2011-02,2017-05-18,https://clinicaltrials.gov/study/NCT00895245,BIOLOGICAL_FAILURE,EFFICACY_FUTILITY,,False,2.0.0,0099eeb8050796753dcc,RULE_V2
NCT01794845,Cetuximab + Taxotere With Low Dose Fractionated Radiation for Head and Neck Carcinoma,TERMINATED,Early termination due to lack of efficacy (overall response),BIOLOGICAL_FAILURE,EFFICACY/FUTILITY,HIGH,v=2.0.0;outcome=BIOLOGICAL_FAILURE;primary=EFFICACY_FUTILITY;eff.explicit_lack:lack of efficacy,Oncology,Oncology,,,INTERVENTIONAL,PHASE2,University of Miami,,Squamous Cell Carcinoma; Head and Neck Cancer; Recurrent Disease,Erbitux; Taxotere; Low Dose Fractionated Radiation Therapy,DRUG; DRUG; RADIATION,2013-06-03,2016-06-07,2016-06-07,2017-05-11,https://clinicaltrials.gov/study/NCT01794845,BIOLOGICAL_FAILURE,EFFICACY_FUTILITY,,False,2.0.0,1430f4aede982b0bd026,RULE_V2
NCT01017601,Seneca Valley Virus-001 After Chemotherapy in Treating Patients With Extensive-Stage Small Cell Lung Cancer,TERMINATED,Interim analysis declared futility.,BIOLOGICAL_FAILURE,EFFICACY/FUTILITY,HIGH,v=2.0.0;outcome=BIOLOGICAL_FAILURE;primary=EFFICACY_FUTILITY;eff.futility:futility,Oncology,Oncology; Respiratory,,,INTERVENTIONAL,PHASE2,Alliance for Clinical Trials in Oncology,National Cancer Institute (NCI),Lung Cancer,Seneca Valley virus-001; placebo,BIOLOGICAL; OTHER,2010-01,2013-01,2014-11-15,2017-05-08,https://clinicaltrials.gov/study/NCT01017601,BIOLOGICAL_FAILURE,EFFICACY_FUTILITY,,False,2.0.0,60378ad405044c207372,RULE_V2
NCT01719861,Phase 2a Desipramine in Small Cell Lung Cancer and Other High-Grade Neuroendocrine Tumors,TERMINATED,Lack of efficacy,BIOLOGICAL_FAILURE,EFFICACY/FUTILITY,HIGH,v=2.0.0;outcome=BIOLOGICAL_FAILURE;primary=EFFICACY_FUTILITY;reviewed.exact_reason:Lack of efficacy,Oncology,Neurology; Oncology; Respiratory,,,INTERVENTIONAL,PHASE2,Joel Neal,,Small Cell Lung Cancer (SCLC); Neuroendocrine Tumors,Desipramine HCL,DRUG,2012-10,2014-05,2015-05,2017-04-17,https://clinicaltrials.gov/study/NCT01719861,BIOLOGICAL_FAILURE,EFFICACY_FUTILITY,,False,2.0.0,4431292a7cce2b3e9aed,REVIEWED_EXACT
NCT02247960,Antibiotic Prophylaxis for Urinary Catheter Removal After Radical Prostatectomy,TERMINATED,Interim analysis determined that the study should be concluded for futility.,BIOLOGICAL_FAILURE,EFFICACY/FUTILITY,HIGH,v=2.0.0;outcome=BIOLOGICAL_FAILURE;primary=EFFICACY_FUTILITY;eff.futility:futility,Renal & Urology,Infectious Disease; Oncology; Renal & Urology,,,INTERVENTIONAL,NA,University of Rochester,,Prostate Cancer; Urinary Tract Infection; Clostridium Difficile,Ciprofloxacin,DRUG,2014-07,2016-05,2016-05,2017-04-17,https://clinicaltrials.gov/study/NCT02247960,BIOLOGICAL_FAILURE,EFFICACY_FUTILITY,,False,2.0.0,b354fb16cbc084a3ee32,RULE_V2
NCT00976183,"Paclitaxel, Carboplatin and Vorinostat for the Treatment of Advanced Stage Ovarian Carcinoma",TERMINATED,toxicities,BIOLOGICAL_FAILURE,SAFETY,HIGH,v=2.0.0;outcome=BIOLOGICAL_FAILURE;primary=SAFETY;saf.adverse_events:toxicities,Oncology,Oncology,,,INTERVENTIONAL,PHASE1; PHASE2,Gynecologic Oncology Associates,Merck Sharp & Dohme LLC,Ovarian Neoplasms,Vorinostat; Vorinostat,DRUG; DRUG,2009-10,2012-06,2012-10,2017-04-10,https://clinicaltrials.gov/study/NCT00976183,BIOLOGICAL_FAILURE,SAFETY,,False,2.0.0,880522f10fad89dd9569,RULE_V2
NCT01391611,Pazopanib in Imatinib Refractory or Intolerant Gastrointestinal Stromal Tumors (GIST),TERMINATED,Lack of efficacy - Futility endpoint reached,BIOLOGICAL_FAILURE,EFFICACY/FUTILITY,HIGH,v=2.0.0;outcome=BIOLOGICAL_FAILURE;primary=EFFICACY_FUTILITY;eff.futility:futility;eff.explicit_lack:lack of efficacy,Gastroenterology & Hepatology,Gastroenterology & Hepatology; Oncology,,,INTERVENTIONAL,PHASE2,Kristen Ganjoo,GlaxoSmithKline,Gastrointestinal Stromal Tumor (GIST),Pazopanib,DRUG,2011-07,2013-06,2013-12,2017-04-07,https://clinicaltrials.gov/study/NCT01391611,BIOLOGICAL_FAILURE,EFFICACY_FUTILITY,,False,2.0.0,92a29bb94e8be1adf02d,RULE_V2
NCT01611675,Leflunomide+Vemurafenib in V600 Mutant Met. Melanoma,TERMINATED,Adverse Events,BIOLOGICAL_FAILURE,SAFETY,HIGH,v=2.0.0;outcome=BIOLOGICAL_FAILURE;primary=SAFETY;reviewed.exact_reason:Adverse events,Oncology,Oncology,,,INTERVENTIONAL,PHASE1,Massachusetts General Hospital,,Melanoma,Vemurafenib; Leflunomide,DRUG; DRUG,2012-07,2014-01,2014-01,2017-04-06,https://clinicaltrials.gov/study/NCT01611675,BIOLOGICAL_FAILURE,SAFETY,,False,2.0.0,2ec0df12b367befed812,REVIEWED_EXACT
NCT00738699,An Efficacy and Safety Study of MORAb-003 in Platinum-Resistant or Refractory Relapsed Ovarian Cancer,TERMINATED,study did not meet pre-specified criteria for continuation following interim futility analysis,BIOLOGICAL_FAILURE,EFFICACY/FUTILITY,HIGH,v=2.0.0;outcome=BIOLOGICAL_FAILURE;primary=EFFICACY_FUTILITY;eff.futility:futility,Oncology,Oncology,,,INTERVENTIONAL,PHASE2,Morphotek,,Ovarian Cancer,MORAb-003 (farletuzumab); 0.9% Saline; Paclitaxel,DRUG; DRUG; DRUG,2008-09,2011-12,2012-01,2017-03-30,https://clinicaltrials.gov/study/NCT00738699,BIOLOGICAL_FAILURE,EFFICACY_FUTILITY,,False,2.0.0,ca579ab1ded6631f8050,RULE_V2
NCT01944943,Phase II Study of Vismodegib in Patients With Refractory or Relapsed B-cell Lymphoma or Chronic Lymphocytic Leukemia,TERMINATED,lack of efficacy,BIOLOGICAL_FAILURE,EFFICACY/FUTILITY,HIGH,v=2.0.0;outcome=BIOLOGICAL_FAILURE;primary=EFFICACY_FUTILITY;reviewed.exact_reason:Lack of efficacy,Oncology,Oncology,,,INTERVENTIONAL,PHASE2,The Lymphoma Academic Research Organisation,Roche Pharma AG,Diffuse Large B-cell Lymphoma; Indolent Non-hodgkin Lymphoma; Primary Central Nervous System Lymphoma; Chronic Lymphocytic Leukemia,Vismodegib,DRUG,2013-02,2014-08,2014-10,2017-03-13,https://clinicaltrials.gov/study/NCT01944943,BIOLOGICAL_FAILURE,EFFICACY_FUTILITY,,False,2.0.0,4431292a7cce2b3e9aed,REVIEWED_EXACT
NCT00883116,"A Study of Ixabepilone as Second-line Therapy for Locally Advanced, Recurrent, or Metastatic Endometrial Cancer",TERMINATED,Interim analysis results showed that ixabepilone did not improve survival compared with control chemotherapies.,BIOLOGICAL_FAILURE,EFFICACY/FUTILITY,MEDIUM,v=2.0.0;outcome=BIOLOGICAL_FAILURE;primary=EFFICACY_FUTILITY;eff.negative_outcome:did not improve survival,Oncology,Oncology,,,INTERVENTIONAL,PHASE3,R-Pharm,,Endometrial Cancer,Ixabepilone; Doxorubicin; Paclitaxel,DRUG; DRUG; DRUG,2009-08,2012-06,2014-02,2017-03-09,https://clinicaltrials.gov/study/NCT00883116,BIOLOGICAL_FAILURE,EFFICACY_FUTILITY,,False,2.0.0,db21d0cb6b667f2a43ed,RULE_V2
NCT00073008,A Study Of Oral GW572016 In Advanced Or Metastatic Non-Small Cell Lung Cancer,TERMINATED,"Based on interim analysis at the end of Stage 1, and predefined stopping rules for futility, further enrollment was stopped due to lack of efficacy",BIOLOGICAL_FAILURE,EFFICACY/FUTILITY,HIGH,v=2.0.0;outcome=BIOLOGICAL_FAILURE;primary=EFFICACY_FUTILITY;eff.futility:futility;eff.explicit_lack:lack of efficacy,Oncology,Oncology; Respiratory,,,INTERVENTIONAL,PHASE2,GlaxoSmithKline,,"Lung Cancer, Non-Small Cell",GW572016 (lapatinib),DRUG,2003-11,2008-07,2008-07,2017-02-28,https://clinicaltrials.gov/study/NCT00073008,BIOLOGICAL_FAILURE,EFFICACY_FUTILITY,,False,2.0.0,73527d690849577b5aac,RULE_V2
NCT01870609,Placebo Controlled Study of VS-6063 in Subjects With Malignant Pleural Mesothelioma,TERMINATED,Interim analysis-DSMB stated good safety profile but lack of efficacy,BIOLOGICAL_FAILURE,EFFICACY/FUTILITY,HIGH,v=2.0.0;outcome=BIOLOGICAL_FAILURE;primary=EFFICACY_FUTILITY;eff.explicit_lack:lack of efficacy,Oncology,Oncology,,,INTERVENTIONAL,PHASE2,"Verastem, Inc.",,Malignant Pleural Mesothelioma,defactinib (VS-6063); Placebo,DRUG; DRUG,2013-09,2016-01,2016-01,2017-01-30,https://clinicaltrials.gov/study/NCT01870609,BIOLOGICAL_FAILURE,EFFICACY_FUTILITY,,False,2.0.0,a73d8e03ac84ebcb62da,RULE_V2
NCT02213744,MM-302 Plus Trastuzumab vs. Chemotherapy of Physician's Choice Plus Trastuzumab in HER2-Positive Locally Advanced/Metastatic Breast Cancer Patients,TERMINATED,Felt not to show benefit over control per DMC and confirmed via futility analysis,BIOLOGICAL_FAILURE,EFFICACY/FUTILITY,HIGH,v=2.0.0;outcome=BIOLOGICAL_FAILURE;primary=EFFICACY_FUTILITY;eff.futility:futility,Oncology,Oncology,,,INTERVENTIONAL,PHASE2; PHASE3,Merrimack Pharmaceuticals,,Breast Cancer; HER2 Positive Breast Cancer,MM-302; Gemcitabine; Capecitabine; Vinorelbine; Trastuzumab,DRUG; DRUG; DRUG; DRUG; DRUG,2014-07,2016-12,2017-06,2017-01-06,https://clinicaltrials.gov/study/NCT02213744,BIOLOGICAL_FAILURE,EFFICACY_FUTILITY,,False,2.0.0,e360260eef0e3aba73e5,RULE_V2
NCT01708798,Study of the Effect of Eplerenone on Heart Function in Women Receiving Anthracycline Chemotherapy for Breast Cancer,TERMINATED,Futility,BIOLOGICAL_FAILURE,EFFICACY/FUTILITY,HIGH,v=2.0.0;outcome=BIOLOGICAL_FAILURE;primary=EFFICACY_FUTILITY;reviewed.exact_reason:Futility,Oncology,Oncology,,,INTERVENTIONAL,PHASE2; PHASE3,University of British Columbia,Canadian Cancer Society (CCS); Pfizer,Breast Cancer,Eplerenone; Placebo,DRUG; DRUG,2014-05,2016-11,2016-11,2017-01-05,https://clinicaltrials.gov/study/NCT01708798,BIOLOGICAL_FAILURE,EFFICACY_FUTILITY,,False,2.0.0,1f112ae47ca5fa590645,REVIEWED_EXACT
NCT00565227,Phase I Study of Vorinostat in Combination With Docetaxel in Patients With Advanced and Relapsed Solid Malignancies.,TERMINATED,closed due to toxicity,BIOLOGICAL_FAILURE,SAFETY,HIGH,v=2.0.0;outcome=BIOLOGICAL_FAILURE;primary=SAFETY;saf.adverse_events:due to toxicity,Oncology,Oncology; Renal & Urology; Respiratory,,,INTERVENTIONAL,PHASE1,University of Michigan Rogel Cancer Center,,Non-Small-Cell Lung Carcinoma; Prostate Cancer; Bladder Cancer; Urothelial Carcinoma,vorinostat (suberoylanilide hydroxamic acid); docetaxel,DRUG; DRUG,2007-04,2008-11,2009-09,2016-12-02,https://clinicaltrials.gov/study/NCT00565227,BIOLOGICAL_FAILURE,SAFETY,,False,2.0.0,04dde7b1f0960510d65a,RULE_V2
NCT01450696,A Study of Herceptin (Trastuzumab) in Combination With Cisplatin/Capecitabine Chemotherapy in Participants With Human Epidermal Growth Factor Receptor 2 (HER2)-Positive Metastatic Gastric or Gastro-Esophageal Junction Cancer,TERMINATED,futility following planned interim analysis,BIOLOGICAL_FAILURE,EFFICACY/FUTILITY,HIGH,v=2.0.0;outcome=BIOLOGICAL_FAILURE;primary=EFFICACY_FUTILITY;eff.futility:futility,Oncology,Oncology,,,INTERVENTIONAL,PHASE3,Hoffmann-La Roche,,Gastric Cancer,Capecitabine; Cisplatin; Herceptin,DRUG; DRUG; DRUG,2011-12,2015-02,2015-08,2016-11-28,https://clinicaltrials.gov/study/NCT01450696,BIOLOGICAL_FAILURE,EFFICACY_FUTILITY,,False,2.0.0,3bd314961560869578c9,RULE_V2
NCT01283178,Phase I Study of IMRT and Molecular-Image Guided Adaptive Radiation Therapy for Advanced HNSCC,TERMINATED,The study was terminated. The data analysis was futile with only 3 accruals. PI opted to terminate with IRB and withdraw FDA IND.,BIOLOGICAL_FAILURE,EFFICACY/FUTILITY,HIGH,v=2.0.0;outcome=BIOLOGICAL_FAILURE;primary=EFFICACY_FUTILITY;eff.futility:futile,Oncology,Oncology,,,INTERVENTIONAL,PHASE1,Virginia Commonwealth University,National Cancer Institute (NCI),Salivary Gland Squamous Cell Carcinoma; Stage II Salivary Gland Cancer; Stage II Squamous Cell Carcinoma of the Hypopharynx; Stage II Squamous Cell Carcinoma of the Lip and Oral Cavity; Stage II Squamous Cell Carcinoma of the Oropharynx; Stage II Verrucous Carcinoma of the Oral Cavity; Stage III Salivary Gland Cancer; Stage III Squamous Cell Carcinoma of the Hypopharynx; Stage III Squamous Cell Carcinoma of the Lip and Oral Cavity; Stage III Squamous Cell Carcinoma of the Oropharynx; Stage III Verrucous Carcinoma of the Oral Cavity; Stage IV Salivary Gland Cancer; Stage IV Squamous Cell Carcinoma of the Hypopharynx; Stage IV Squamous Cell Carcinoma of the Lip and Oral Cavity; Stage IV Squamous Cell Carcinoma of the Oropharynx; Stage IV Verrucous Carcinoma of the Oral Cavity,intensity-modulated radiation therapy; cisplatin; image-guided adaptive radiation therapy; 3'-deoxy-3'-[18F]fluorothymidine; positron emission tomography/computed tomography; fludeoxyglucose F 18,RADIATION; DRUG; RADIATION; OTHER; PROCEDURE; RADIATION,2011-07,2016-03,2016-09,2016-10-31,https://clinicaltrials.gov/study/NCT01283178,BIOLOGICAL_FAILURE,EFFICACY_FUTILITY,,False,2.0.0,1cacdff90510aec1b24c,RULE_V2
NCT01517347,Efficiency Study of Low Dose of IL-2 to Prevent Relapse in Standard Risk Leukemia After Transplantation,TERMINATED,"Because the conditional power was 0.083, the Data and Safety Monitoring Board recommended halting the study due to futility after the 1st interim analysis.",BIOLOGICAL_FAILURE,EFFICACY/FUTILITY,HIGH,v=2.0.0;outcome=BIOLOGICAL_FAILURE;primary=EFFICACY_FUTILITY;eff.futility:futility,Oncology,Oncology,,,INTERVENTIONAL,NA,Peking University People's Hospital,,Leukemia,Interleukin-2,DRUG,2012-01,2015-08,2015-08,2016-10-24,https://clinicaltrials.gov/study/NCT01517347,BIOLOGICAL_FAILURE,EFFICACY_FUTILITY,,False,2.0.0,425774cc0fdde0143849,RULE_V2
NCT02147873,Study of Azacitidine With or Without Birinapant in Subjects With MDS or CMMoL,TERMINATED,Study terminated due to lack of efficacy,BIOLOGICAL_FAILURE,EFFICACY/FUTILITY,HIGH,v=2.0.0;outcome=BIOLOGICAL_FAILURE;primary=EFFICACY_FUTILITY;eff.explicit_lack:lack of efficacy,Oncology,Oncology,,,INTERVENTIONAL,PHASE2,TetraLogic Pharmaceuticals,,Myelodysplastic Syndrome (MDS); Chronic Myelomonocytic Leukemia (CMML),birinapant; Azacitidine; Placebo,DRUG; DRUG; DRUG,2014-06,2016-01,2016-06,2016-10-20,https://clinicaltrials.gov/study/NCT02147873,BIOLOGICAL_FAILURE,EFFICACY_FUTILITY,,False,2.0.0,0845bef74373d4945092,RULE_V2
NCT00862836,Addition of Vandetanib to Standard Therapy Pegliposomal Doxorubicin (PLD),TERMINATED,Lack of efficacy,BIOLOGICAL_FAILURE,EFFICACY/FUTILITY,HIGH,v=2.0.0;outcome=BIOLOGICAL_FAILURE;primary=EFFICACY_FUTILITY;reviewed.exact_reason:Lack of efficacy,Oncology,Oncology,,,INTERVENTIONAL,PHASE1; PHASE2,"Genzyme, a Sanofi Company",,Ovarian Cancer,Vandetanib,DRUG,2009-04,2010-09,2010-09,2016-10-10,https://clinicaltrials.gov/study/NCT00862836,BIOLOGICAL_FAILURE,EFFICACY_FUTILITY,,False,2.0.0,4431292a7cce2b3e9aed,REVIEWED_EXACT
NCT00912899,A Study of Noscapine HCl (CB3304 ) in Patients With Relapsed or Refractory Multiple Myeloma,TERMINATED,Terminated early due to lack of clinical response.,BIOLOGICAL_FAILURE,EFFICACY/FUTILITY,HIGH,v=2.0.0;outcome=BIOLOGICAL_FAILURE;primary=EFFICACY_FUTILITY;eff.explicit_lack:lack of clinical response,Oncology,Oncology,,,INTERVENTIONAL,PHASE1,"Cougar Biotechnology, Inc.",,Refractory Multiple Myeloma,Noscapine HCl,DRUG,2007-12,2010-07,2010-07,2016-10-07,https://clinicaltrials.gov/study/NCT00912899,BIOLOGICAL_FAILURE,EFFICACY_FUTILITY,,False,2.0.0,903c9568743799dcfcaf,RULE_V2
NCT01829971,"A Multicenter Phase I Study of MRX34, MicroRNA miR-RX34 Liposomal Injection",TERMINATED,Five immune related serious adverse events,BIOLOGICAL_FAILURE,SAFETY,HIGH,v=2.0.0;outcome=BIOLOGICAL_FAILURE;primary=SAFETY;saf.adverse_events:serious adverse events,Oncology,Gastroenterology & Hepatology; Oncology; Renal & Urology,,,INTERVENTIONAL,PHASE1,"Mirna Therapeutics, Inc.",Cancer Prevention Research Institute of Texas,Primary Liver Cancer; SCLC; Lymphoma; Melanoma; Multiple Myeloma; Renal Cell Carcinoma; NSCLC,MRX34,DRUG,2013-04,2017-03,2017-05,2016-09-27,https://clinicaltrials.gov/study/NCT01829971,BIOLOGICAL_FAILURE,SAFETY,,False,2.0.0,d0495054bc2dbbe370b2,RULE_V2
NCT02862145,"Pharmacodynamics Study of MRX34, MicroRNA Liposomal Injection in Melanoma Patients With Biopsy Accessible Lesions",WITHDRAWN,5 immune related serious adverse events in Phase 1 study,BIOLOGICAL_FAILURE,SAFETY,HIGH,v=2.0.0;outcome=BIOLOGICAL_FAILURE;primary=SAFETY;saf.adverse_events:serious adverse events,Oncology,Oncology,,,INTERVENTIONAL,PHASE1; PHASE2,"Mirna Therapeutics, Inc.",,Melanoma,MRX34; Dexamethasone,DRUG; DRUG,2016-08,2017-09,2017-12,2016-09-27,https://clinicaltrials.gov/study/NCT02862145,BIOLOGICAL_FAILURE,SAFETY,,False,2.0.0,51d745ff8976eb4a7a44,RULE_V2
NCT02573935,Clarithromycin in Multiple Myeloma Induction Therapy,TERMINATED,"Suspected side effects to the combination of clarithromycin and VCD (bortezomib, cyclophosphamide and dexamethasone)",BIOLOGICAL_FAILURE,SAFETY,HIGH,v=2.0.0;outcome=BIOLOGICAL_FAILURE;primary=SAFETY;saf.adverse_events:side effects,Oncology,Oncology,,,INTERVENTIONAL,PHASE2,Henrik Gregersen,Danish Myeloma Study Group,Multiple Myeloma,Clarithromycin; Placebo; VCD induction therapy,DRUG; DRUG; DRUG,2015-01,2016-09,2016-09,2016-09-20,https://clinicaltrials.gov/study/NCT02573935,BIOLOGICAL_FAILURE,SAFETY,,False,2.0.0,ecc358832ed109ea7985,RULE_V2
NCT01405846,Feasibility Study to Estimate Number of Patients With Precancerous Areas in Their Airways and the Response to Gefitinib,TERMINATED,Futility,BIOLOGICAL_FAILURE,EFFICACY/FUTILITY,HIGH,v=2.0.0;outcome=BIOLOGICAL_FAILURE;primary=EFFICACY_FUTILITY;reviewed.exact_reason:Futility,Oncology,Oncology; Respiratory,,,INTERVENTIONAL,PHASE2,Papworth Hospital NHS Foundation Trust,AstraZeneca; Noble Organisation,Lung Cancer; Head and Neck Cancer,Gefitinib,DRUG,2011-12,2016-04,2016-06,2016-08-19,https://clinicaltrials.gov/study/NCT01405846,BIOLOGICAL_FAILURE,EFFICACY_FUTILITY,,False,2.0.0,1f112ae47ca5fa590645,REVIEWED_EXACT
NCT01888965,Maintenance Dovitinib for Colorectal and Pancreas Cancer,TERMINATED,Adverse Event issues.,BIOLOGICAL_FAILURE,SAFETY,HIGH,v=2.0.0;outcome=BIOLOGICAL_FAILURE;primary=SAFETY;saf.adverse_events:adverse event,Gastroenterology & Hepatology,Gastroenterology & Hepatology; Oncology,,,INTERVENTIONAL,PHASE2,Georgetown University,Novartis,Colorectal Cancer; Pancreas Cancer,Dovitinib,DRUG,2013-10,2014-08,2014-10,2016-07-19,https://clinicaltrials.gov/study/NCT01888965,BIOLOGICAL_FAILURE,SAFETY,,False,2.0.0,3c1e7f8146c3af771ae1,RULE_V2
NCT01515969,Phase 1 Erlotinib and Dovitinib (TKI258) in Advanced Non-small Cell Lung Cancer (NSCLC),TERMINATED,Patient safety - Unacceptable toxicity,BIOLOGICAL_FAILURE,SAFETY,HIGH,v=2.0.0;outcome=BIOLOGICAL_FAILURE;primary=SAFETY;saf.toxicity:unacceptable toxicity,Oncology,Oncology; Respiratory,,,INTERVENTIONAL,PHASE1,Heather Wakelee,"Genentech, Inc.; Novartis","Non-small Cell Lung Cancer (NSCLC), Recurrent; Non-small Cell Lung Cancer (NSCLC), Stage IV",Erlotinib hydrochloride; Dovitinib lactate,DRUG; DRUG,2012-07,2013-02,2014-12,2016-07-12,https://clinicaltrials.gov/study/NCT01515969,BIOLOGICAL_FAILURE,SAFETY,,False,2.0.0,608dcd8bfe8c2e065a2f,RULE_V2
NCT01798485,A Phase 3 Study of Ganetespib in Combination With Docetaxel Versus Docetaxel Alone in Patients With Advanced NSCLC,TERMINATED,The study was stopped after the first Interim Analysis due to futility.,BIOLOGICAL_FAILURE,EFFICACY/FUTILITY,HIGH,v=2.0.0;outcome=BIOLOGICAL_FAILURE;primary=EFFICACY_FUTILITY;eff.futility:futility,Oncology,Oncology; Respiratory,,,INTERVENTIONAL,PHASE3,Synta Pharmaceuticals Corp.,,Non-Small-Cell Lung Adenocarcinoma; Non-small Cell Lung Cancer Stage IIIB; Non-small Cell Lung Cancer Stage IV; Non-small Cell Lung Cancer Metastatic,Docetaxel; Ganetespib,DRUG; DRUG,2013-04,2015-12,2015-12,2016-07-01,https://clinicaltrials.gov/study/NCT01798485,BIOLOGICAL_FAILURE,EFFICACY_FUTILITY,,False,2.0.0,0ca6cbe2a1d760cf0aad,RULE_V2
NCT01808950,Efficacy and Safety Trial of Topical Resiquimod Gel (0.06%) in Patients With Nodular Basal Cell Carcinoma,TERMINATED,safety issues,BIOLOGICAL_FAILURE,SAFETY,HIGH,v=2.0.0;outcome=BIOLOGICAL_FAILURE;primary=SAFETY;reviewed.exact_reason:safety issues,Oncology,Oncology,,,INTERVENTIONAL,PHASE1; PHASE2,Spirig Pharma Ltd.,,Nodular Basal Cell Carcinoma,0.06% Resiquimod Gel - A; 0.06% Resiquimod Gel - B; 0.06% Resiquimod Gel - C,DRUG; DRUG; DRUG,2013-02,2013-08,2013-08,2016-06-22,https://clinicaltrials.gov/study/NCT01808950,BIOLOGICAL_FAILURE,SAFETY,,False,2.0.0,fe8e95e17e77b5b89764,REVIEWED_EXACT
NCT00543114,Dose Escalation Study of Revlimid With Fludarabine-Rituximab for CLL/SLL,TERMINATED,lack of efficacy and tolerability,BIOLOGICAL_FAILURE,EFFICACY/FUTILITY,HIGH,v=2.0.0;outcome=BIOLOGICAL_FAILURE;primary=EFFICACY_FUTILITY;eff.explicit_lack:lack of efficacy,Oncology,Oncology,,,INTERVENTIONAL,PHASE1,Dana-Farber Cancer Institute,Brigham and Women's Hospital; Massachusetts General Hospital; Beth Israel Deaconess Medical Center; Celgene Corporation,Chronic Lymphocytic Leukemia; Small Lymphocytic Leukemia,Lenalidomide; Fludarabine; Rituximab,DRUG; DRUG; DRUG,2007-10,2009-06,2012-12,2016-05-27,https://clinicaltrials.gov/study/NCT00543114,BIOLOGICAL_FAILURE,EFFICACY_FUTILITY,,False,2.0.0,4389049bfdee148656e6,RULE_V2
NCT01807156,Phase II Trial of Tivozanib in Advanced Hepatocellular Cancer,TERMINATED,Primary endpoint not met,BIOLOGICAL_FAILURE,EFFICACY/FUTILITY,HIGH,v=2.0.0;outcome=BIOLOGICAL_FAILURE;primary=EFFICACY_FUTILITY;reviewed.exact_reason:Primary endpoint not met,Gastroenterology & Hepatology,Gastroenterology & Hepatology; Oncology,,,INTERVENTIONAL,PHASE2,Emory University,"AVEO Pharmaceuticals, Inc.",Hepatocellular Cancer,Tivozanib,DRUG,2013-03,2015-02,2015-02,2016-04-22,https://clinicaltrials.gov/study/NCT01807156,BIOLOGICAL_FAILURE,EFFICACY_FUTILITY,,False,2.0.0,c9eb15c6e46f78eac6d5,REVIEWED_EXACT
NCT00872404,"A Study of CP-751,871 in Patients With Recurrent Squamous Head and Neck Carcinoma",TERMINATED,lack of efficacy,BIOLOGICAL_FAILURE,EFFICACY/FUTILITY,HIGH,v=2.0.0;outcome=BIOLOGICAL_FAILURE;primary=EFFICACY_FUTILITY;reviewed.exact_reason:Lack of efficacy,Oncology,Oncology,,,INTERVENTIONAL,PHASE2,Cliniques universitaires Saint-Luc- Université Catholique de Louvain,,Head and Neck Cancer,"CP-751,871",DRUG,2009-01,2010-09,2010-09,2016-04-20,https://clinicaltrials.gov/study/NCT00872404,BIOLOGICAL_FAILURE,EFFICACY_FUTILITY,,False,2.0.0,4431292a7cce2b3e9aed,REVIEWED_EXACT
NCT01955629,"Study of Aflibercept as Maintenance Therapy Following Induction With Aflibercept in Combination With XELOX, as First-Line Treatment for Metastatic Colorectal Cancer Patient",TERMINATED,The study enrollment was prematurely halted due to safety reasons.,BIOLOGICAL_FAILURE,SAFETY,HIGH,v=2.0.0;outcome=BIOLOGICAL_FAILURE;primary=SAFETY;saf.explicit:halted due to safety reasons,Oncology,Oncology,,,INTERVENTIONAL,PHASE1; PHASE2,Sanofi,Regeneron Pharmaceuticals,Colorectal Cancer Metastatic,Aflibercept AVE0005; Oxaliplatin; Capecitabine,DRUG; DRUG; DRUG,2013-12,2015-03,2015-03,2016-04-18,https://clinicaltrials.gov/study/NCT01955629,BIOLOGICAL_FAILURE,SAFETY,,False,2.0.0,f67cb5e1154788396377,RULE_V2
NCT01962909,Phase 0 Biodistribution of Novel Imaging for Resectable Pancreatic Cancer,TERMINATED,"From preliminary imaging data, the study was stopped due to futility.",BIOLOGICAL_FAILURE,EFFICACY/FUTILITY,HIGH,v=2.0.0;outcome=BIOLOGICAL_FAILURE;primary=EFFICACY_FUTILITY;eff.futility:futility,Gastroenterology & Hepatology,Gastroenterology & Hepatology; Oncology,,,INTERVENTIONAL,EARLY_PHASE1,University of Virginia,,Pancreatic Ductal Adenocarcinoma,PTP-01,DRUG,2013-11,2016-01,2016-01,2016-03-18,https://clinicaltrials.gov/study/NCT01962909,BIOLOGICAL_FAILURE,EFFICACY_FUTILITY,,False,2.0.0,41de5b237ee0800fa40b,RULE_V2
NCT01518153,Planned Donor Lymphocyte Infusion (DLI) After Allogeneic Stem Cell Transplantation (SCT),TERMINATED,Objectives not met.,BIOLOGICAL_FAILURE,EFFICACY/FUTILITY,HIGH,v=2.0.0;outcome=BIOLOGICAL_FAILURE;primary=EFFICACY_FUTILITY;eff.endpoint_failure:objectives not met,Oncology,Oncology,,,INTERVENTIONAL,PHASE2,M.D. Anderson Cancer Center,,Leukemia; Lymphoma; Myeloma; Myeloproliferative Diseases,Fludarabine; Melphalan; Alemtuzumab; Stem Cell Infusion; Tacrolimus; Methotrexate; G-CSF; Low Dose Donor T-Cells; High Dose Donor T-Cells,DRUG; DRUG; DRUG; PROCEDURE; DRUG; DRUG; DRUG; PROCEDURE; PROCEDURE,2012-02,2014-08,2014-08,2016-03-17,https://clinicaltrials.gov/study/NCT01518153,BIOLOGICAL_FAILURE,EFFICACY_FUTILITY,,False,2.0.0,2b2c8c742598d09e3e3e,RULE_V2
NCT00670397,"Photodynamic Therapy Using HPPH in Treating Patients With Recurrent Dysplasia, Carcinoma in Situ, or Stage I Oral Cavity Cancer",TERMINATED,safety issues,BIOLOGICAL_FAILURE,SAFETY,HIGH,v=2.0.0;outcome=BIOLOGICAL_FAILURE;primary=SAFETY;reviewed.exact_reason:safety issues,Oncology,Oncology,,,INTERVENTIONAL,PHASE1,Roswell Park Cancer Institute,,Head and Neck Cancer,HPPH,DRUG,2010-06,2011-11,2015-07,2016-03-16,https://clinicaltrials.gov/study/NCT00670397,BIOLOGICAL_FAILURE,SAFETY,,False,2.0.0,fe8e95e17e77b5b89764,REVIEWED_EXACT
NCT02131506,A Study of Lapatinib in Combination With Caelyx in Patients With Advanced HER2 Positive Pretreated Breast Cancer,TERMINATED,Safety reasons,BIOLOGICAL_FAILURE,SAFETY,HIGH,v=2.0.0;outcome=BIOLOGICAL_FAILURE;primary=SAFETY;saf.explicit:safety reasons,Oncology,Oncology,,,INTERVENTIONAL,PHASE1,Istituto Romagnolo per lo Studio dei Tumori Dino Amadori IRST S.r.l. IRCCS,,HER-2 Positive Breast Cancer; Malignant Neoplasm of Breast,"Lapatinib, Caelyx",DRUG,2009-12,2016-01,2016-01,2016-02-02,https://clinicaltrials.gov/study/NCT02131506,BIOLOGICAL_FAILURE,SAFETY,,False,2.0.0,f9290585e3dfa0b89a6d,RULE_V2
NCT00299390,Safety and Efficacy Study of a New Chemotherapy Agent to Treat Small Cell Lung Cancer,TERMINATED,"Since only 1 of the first 10 subjects responded to the study treatment, it was decided to stop the trial due to lack of efficacy .",BIOLOGICAL_FAILURE,EFFICACY/FUTILITY,HIGH,v=2.0.0;outcome=BIOLOGICAL_FAILURE;primary=EFFICACY_FUTILITY;eff.explicit_lack:lack of efficacy,Oncology,Oncology; Respiratory,,,INTERVENTIONAL,PHASE2,Bayer,,Small Cell Lung Carcinoma,"Sagopilone (BAY86-5302, ZK 219477)",DRUG,2006-04,2007-04,2007-04,2015-12-31,https://clinicaltrials.gov/study/NCT00299390,BIOLOGICAL_FAILURE,EFFICACY_FUTILITY,,False,2.0.0,7e1c6c1fbe582693dda8,RULE_V2
NCT00734851,Multimodality Phase II Study in Prostate Cancer,TERMINATED,Dose Limiting Toxicities,BIOLOGICAL_FAILURE,SAFETY,HIGH,v=2.0.0;outcome=BIOLOGICAL_FAILURE;primary=SAFETY;saf.toxicity:dose limiting toxicities,Oncology,Oncology; Renal & Urology,,,INTERVENTIONAL,PHASE2,Duke University,Pfizer; Sanofi,Prostate Cancer,Docetaxel; Sunitinib; EBXRT,DRUG; DRUG; RADIATION,2008-12,2014-09,2014-11,2015-12-23,https://clinicaltrials.gov/study/NCT00734851,BIOLOGICAL_FAILURE,SAFETY,,False,2.0.0,285c8fc66e0f5eb0330f,RULE_V2
NCT02629848,Study of Motesanib (AMG 706) in Combination With Paclitaxel and Carboplatin for Advanced Non-Squamous Non-Small Cell Lung Cancer,TERMINATED,Sponsor decision to terminate the study because the study did not meet the primary endpoint.,BIOLOGICAL_FAILURE,EFFICACY/FUTILITY,HIGH,v=2.0.0;outcome=BIOLOGICAL_FAILURE;primary=EFFICACY_FUTILITY;eff.endpoint_failure:did not meet the primary endpoint;eff.endpoint_failure:study did not meet the primary endpoint,Oncology,Oncology; Respiratory,,,INTERVENTIONAL,PHASE3,Takeda,,"Carcinoma, Non-Small-Cell Lung",Motesanib; Placebo; Paclitaxel; Carboplatin,DRUG; DRUG; DRUG; DRUG,2012-07,2014-09,2015-03,2015-12-14,https://clinicaltrials.gov/study/NCT02629848,BIOLOGICAL_FAILURE,EFFICACY_FUTILITY,,False,2.0.0,9747e5655b8ecd99f513,RULE_V2
NCT01236573,Cell Therapy for Metastatic Melanoma Using CD8 Enriched Tumor Infiltrating Lymphocytes,TERMINATED,"Unexpected toxicities, likely due to TIL/IL-12 \& low % of durable responses.",BIOLOGICAL_FAILURE,SAFETY,HIGH,v=2.0.0;outcome=BIOLOGICAL_FAILURE;primary=SAFETY;saf.adverse_events:unexpected toxicities,Oncology,Dermatology; Oncology,,,INTERVENTIONAL,PHASE1; PHASE2,National Institutes of Health Clinical Center (CC),National Cancer Institute (NCI),Skin Cancer; Metastatic Melanoma,Fludarabine; Cyclophosphamide; IL-12 transduced TIL,DRUG; DRUG; BIOLOGICAL,2010-10,2015-03,2015-03,2015-11-26,https://clinicaltrials.gov/study/NCT01236573,BIOLOGICAL_FAILURE,SAFETY,,False,2.0.0,1efee2cfc7619321dec9,RULE_V2
NCT01033019,"To Evaluate the Safety, Local Tolerability, PK and PD of LDE225 on Sporadic Superficial and Nodular Skin Basal Cell Carcinomas (sBCC)",TERMINATED,The data from participants with sBCCs showed insufficient efficacy with current formulation and treatment conditions.,BIOLOGICAL_FAILURE,EFFICACY/FUTILITY,HIGH,v=2.0.0;outcome=BIOLOGICAL_FAILURE;primary=EFFICACY_FUTILITY;eff.explicit_lack:insufficient efficacy,Dermatology,Dermatology; Oncology,,,INTERVENTIONAL,PHASE2,Novartis Pharmaceuticals,,Sporadic Superficial and Nodular Skin Basal Cell Carcinomas,LDE225 0.75%; Vehicle,DRUG; DRUG,2009-12,2011-02,2011-02,2015-10-30,https://clinicaltrials.gov/study/NCT01033019,BIOLOGICAL_FAILURE,EFFICACY_FUTILITY,,False,2.0.0,335ae21d0419bd01bb8a,RULE_V2
NCT00671112,Everolimus and Bortezomib in Treating Patients With Relapsed or Refractory Lymphoma,TERMINATED,Treatment ineffective,BIOLOGICAL_FAILURE,EFFICACY/FUTILITY,HIGH,v=2.0.0;outcome=BIOLOGICAL_FAILURE;primary=EFFICACY_FUTILITY;reviewed.exact_reason:Treatment ineffective,Oncology,Oncology,,,INTERVENTIONAL,PHASE1,"Brian Hill, MD, PhD",National Cancer Institute (NCI); The Leukemia and Lymphoma Society,714leukemia; Lymphoma,Bortezomib; Everolimus,DRUG; DRUG,2008-06,2015-10,,2015-10-28,https://clinicaltrials.gov/study/NCT00671112,BIOLOGICAL_FAILURE,EFFICACY_FUTILITY,,False,2.0.0,df60a01140c3cddf0f96,REVIEWED_EXACT
NCT00544908,Dasatinib in Treating Patients With Stage IV Pancreatic Cancer,TERMINATED,Toxicity,BIOLOGICAL_FAILURE,SAFETY,HIGH,v=2.0.0;outcome=BIOLOGICAL_FAILURE;primary=SAFETY;reviewed.exact_reason:Toxicity,Gastroenterology & Hepatology,Gastroenterology & Hepatology; Oncology,,,INTERVENTIONAL,PHASE2,City of Hope Medical Center,National Cancer Institute (NCI),Pancreatic Cancer,dasatinib; immunoenzyme technique; immunohistochemistry staining method; laboratory biomarker analysis; quality-of-life assessment,DRUG; OTHER; OTHER; OTHER; PROCEDURE,2007-09,2012-10,,2015-10-05,https://clinicaltrials.gov/study/NCT00544908,BIOLOGICAL_FAILURE,SAFETY,,False,2.0.0,ce8d5cb0641741178e70,REVIEWED_EXACT
NCT00923117,Sunitinib to Treat Recurrent Brain Cancer,TERMINATED,The study was terminated based on results of an interim analysis for futility.,BIOLOGICAL_FAILURE,EFFICACY/FUTILITY,HIGH,v=2.0.0;outcome=BIOLOGICAL_FAILURE;primary=EFFICACY_FUTILITY;eff.futility:futility,Oncology,Oncology,,,INTERVENTIONAL,PHASE2,National Cancer Institute (NCI),,Glioblastoma Multiforme; Malignant Gliomas; Anaplastic Gliomas,Sutent (sunitinib),DRUG,2008-06,2012-06,2012-06,2015-09-30,https://clinicaltrials.gov/study/NCT00923117,BIOLOGICAL_FAILURE,EFFICACY_FUTILITY,,False,2.0.0,4ec5e345c7dd1e7833d6,RULE_V2
NCT00498914,Study of YM155 in Refractory Diffuse Large B-cell Lymphoma (DLBCL) Subjects,TERMINATED,Futility boundary at interim analysis not met,BIOLOGICAL_FAILURE,EFFICACY/FUTILITY,HIGH,v=2.0.0;outcome=BIOLOGICAL_FAILURE;primary=EFFICACY_FUTILITY;eff.futility:futility;eff.futility:futility boundary,Oncology,Oncology,,,INTERVENTIONAL,PHASE2,Astellas Pharma Inc,,"Lymphoma, Large-Cell, Diffuse; Lymphoma, B-Cell Refractory",YM155,DRUG,2007-06,2009-04,2009-04,2015-09-04,https://clinicaltrials.gov/study/NCT00498914,BIOLOGICAL_FAILURE,EFFICACY_FUTILITY,,False,2.0.0,499b0b8c988632592e70,RULE_V2
NCT01071928,Second-Line Docetaxel + ASA404 for Advanced Urothelial Carcinoma,WITHDRAWN,Lack of efficacy of experimental treatment,BIOLOGICAL_FAILURE,EFFICACY/FUTILITY,HIGH,v=2.0.0;outcome=BIOLOGICAL_FAILURE;primary=EFFICACY_FUTILITY;eff.explicit_lack:lack of efficacy,Oncology,Oncology,,,INTERVENTIONAL,PHASE2,Hoosier Cancer Research Network,Novartis Pharmaceuticals,Urothelial Carcinoma,Docetaxel; ASA404,DRUG; DRUG,2010-06,2010-06,2010-06,2015-08-19,https://clinicaltrials.gov/study/NCT01071928,BIOLOGICAL_FAILURE,EFFICACY_FUTILITY,,False,2.0.0,d957072a0c050cf70529,RULE_V2
NCT00905398,Nilotinib With Chemotherapy for the Treatment of Philadelphia Chromosome Positive Acute Lymphoblastic Leukemia,TERMINATED,The study was terminated due to excessive toxicity and low compliance to the protocol scheme.,BIOLOGICAL_FAILURE,SAFETY,HIGH,v=2.0.0;outcome=BIOLOGICAL_FAILURE;primary=SAFETY;saf.toxicity:excessive toxicity,Oncology,Oncology,,,INTERVENTIONAL,PHASE1; PHASE2,Rony Schaffel,,Precursor B-Cell Lymphoblastic Leukemia-Lymphoma; Acute Lymphoblastic Leukemia,Nilotinib,DRUG,2009-05,2012-06,2015-07,2015-07-09,https://clinicaltrials.gov/study/NCT00905398,BIOLOGICAL_FAILURE,SAFETY,,False,2.0.0,d9a0f6871aa53cf0fc4f,RULE_V2
NCT00431340,"A Phase II Study of Belinostat in Combination With Bortezomib in Patients With Relapsed, Refractory Multiple Myeloma",TERMINATED,Terminated due to dose limiting toxicity,BIOLOGICAL_FAILURE,SAFETY,HIGH,v=2.0.0;outcome=BIOLOGICAL_FAILURE;primary=SAFETY;saf.toxicity:due to dose limiting toxicity,Oncology,Oncology,,,INTERVENTIONAL,PHASE2,Valerio Therapeutics,,Multiple Myeloma,PXD101,DRUG,2007-03,2007-06,2007-06,2015-07-08,https://clinicaltrials.gov/study/NCT00431340,BIOLOGICAL_FAILURE,SAFETY,,False,2.0.0,d77f9aaa675154a97f81,RULE_V2
NCT00473889,"A Clinical Trial of Vorinostat (MK0683, SAHA) in Combination With FDA Approved Cancer Drugs in Patients With Advanced Non-Small Cell Lung Cancer (NSCLC)(0683-056)",TERMINATED,The study was terminated based on the recommendation by the DSMB following a pre-planned protocol interim analysis because the endpoint was not achieved.,BIOLOGICAL_FAILURE,EFFICACY/FUTILITY,HIGH,v=2.0.0;outcome=BIOLOGICAL_FAILURE;primary=EFFICACY_FUTILITY;eff.endpoint_failure:endpoint was not achieved,Oncology,Oncology; Respiratory,,,INTERVENTIONAL,PHASE2; PHASE3,Merck Sharp & Dohme LLC,,Stage IIIB or IV Non-Small Cell Lung Cancer,vorinostat; Comparator: paclitaxel; Comparator: carboplatin; Comparator: placebo,DRUG; DRUG; DRUG; DRUG,2007-05,2008-12,2008-12,2015-07-03,https://clinicaltrials.gov/study/NCT00473889,BIOLOGICAL_FAILURE,EFFICACY_FUTILITY,,False,2.0.0,9dc9c605e379559b69cb,RULE_V2
NCT02058017,OPB-51602 in Locally Advanced Nasopharyngeal Carcinoma Prior to Definitive Chemoradiotherapy,TERMINATED,Lactic and metabolic acidosis of OPB-51602 is not tolerable,BIOLOGICAL_FAILURE,SAFETY,HIGH,v=2.0.0;outcome=BIOLOGICAL_FAILURE;primary=SAFETY;saf.toxicity:not tolerable,Oncology,Oncology,,,INTERVENTIONAL,PHASE1,"National University Hospital, Singapore","Otsuka Pharmaceutical Co., Ltd.; Shin Nippon Biomedical Laboratories, Ltd.",Nasopharyngeal Carcinoma,OPB-51602,DRUG,2013-11,2015-05,2015-05,2015-06-19,https://clinicaltrials.gov/study/NCT02058017,BIOLOGICAL_FAILURE,SAFETY,,False,2.0.0,1c55902aa5d37e0e3302,RULE_V2
NCT00500240,Effect of Tight Control of Blood Glucose During Hyper-CVAD Chemotherapy For Acute Lymphocytic Leukemia (ALL),TERMINATED,Terminated early due to futility.,BIOLOGICAL_FAILURE,EFFICACY/FUTILITY,HIGH,v=2.0.0;outcome=BIOLOGICAL_FAILURE;primary=EFFICACY_FUTILITY;eff.futility:futility,Oncology,Oncology,,,INTERVENTIONAL,PHASE3,M.D. Anderson Cancer Center,Novo Nordisk A/S,Leukemia; Lymphoma,Insulin Glargine; Insulin Aspart,DRUG; DRUG,2004-04,2012-04,2012-04,2015-06-03,https://clinicaltrials.gov/study/NCT00500240,BIOLOGICAL_FAILURE,EFFICACY_FUTILITY,,False,2.0.0,d358b618a260f12c7c0b,RULE_V2
NCT01238965,Panobinostat and Fluorouracil Followed By Leucovorin Calcium in Treating Patients With Stage IV Colorectal Cancer Who Did Not Respond to Previous Fluorouracil-Based Chemotherapy,TERMINATED,Adverse Events,BIOLOGICAL_FAILURE,SAFETY,HIGH,v=2.0.0;outcome=BIOLOGICAL_FAILURE;primary=SAFETY;reviewed.exact_reason:Adverse events,Oncology,Oncology,,,INTERVENTIONAL,PHASE1,University of Southern California,Novartis,Recurrent Colon Cancer; Recurrent Rectal Cancer; Stage IV Colon Cancer; Stage IV Rectal Cancer,panobinostat; fluorouracil; leucovorin calcium; biopsy; reverse transcriptase-polymerase chain reaction; western blotting; laboratory biomarker analysis; gene expression analysis; RNA analysis; polymorphism analysis,DRUG; DRUG; DRUG; PROCEDURE; GENETIC; GENETIC; OTHER; GENETIC; GENETIC; GENETIC,2010-10,2014-12,2015-04,2015-05-27,https://clinicaltrials.gov/study/NCT01238965,BIOLOGICAL_FAILURE,SAFETY,,False,2.0.0,2ec0df12b367befed812,REVIEWED_EXACT
NCT01262274,Randomized Phase II Trial of Anastrozole Plus Metronomic Tegafur-uracil as Neo-adjuvant Therapy in Postmenopausal Breast Cancer,TERMINATED,Due to an adverse event revelation.,BIOLOGICAL_FAILURE,SAFETY,HIGH,v=2.0.0;outcome=BIOLOGICAL_FAILURE;primary=SAFETY;saf.adverse_events:adverse event,Oncology,Oncology,,,INTERVENTIONAL,PHASE2,"Translational Research Center for Medical Innovation, Kobe, Hyogo, Japan",Department of breast and endocrine surgery graduate school of Medicine Osaka University,Breast Neoplasms,Anastrozole; Anastrozole plus tegafur-uracil,DRUG; DRUG,2010-12,2013-06,2014-04,2015-05-21,https://clinicaltrials.gov/study/NCT01262274,BIOLOGICAL_FAILURE,SAFETY,,False,2.0.0,96ce7eb616c066672893,RULE_V2
NCT00217464,Fulvestrant in Treating Patients With Recurrent Prostate Cancer,TERMINATED,Closed for futility,BIOLOGICAL_FAILURE,EFFICACY/FUTILITY,HIGH,v=2.0.0;outcome=BIOLOGICAL_FAILURE;primary=EFFICACY_FUTILITY;eff.futility:futility,Oncology,Oncology; Renal & Urology,,,INTERVENTIONAL,PHASE2,Roswell Park Cancer Institute,,Prostate Cancer,fulvestrant,DRUG,2004-06,2010-02,2010-03,2015-04-16,https://clinicaltrials.gov/study/NCT00217464,BIOLOGICAL_FAILURE,EFFICACY_FUTILITY,,False,2.0.0,2d67c94c699b51e2a3af,RULE_V2
NCT00735345,Chemotherapy Induction and Chemoradiotherapy in Patients With Esophageal Carcinoma,TERMINATED,because of safety concerns the study was terminated prematurely,BIOLOGICAL_FAILURE,SAFETY,HIGH,v=2.0.0;outcome=BIOLOGICAL_FAILURE;primary=SAFETY;saf.explicit:because of safety concerns,Oncology,Oncology,,,INTERVENTIONAL,PHASE2,Arbeitsgemeinschaft medikamentoese Tumortherapie,Merck Sharp & Dohme LLC; Sanofi,Esophageal Cancer,5-FU; Cisplatin; Taxotere; Cetuximab; Radiation during chemoradio-immunotherapy,DRUG; DRUG; DRUG; BIOLOGICAL; RADIATION,2008-08,2012-12,2012-12,2015-03-09,https://clinicaltrials.gov/study/NCT00735345,BIOLOGICAL_FAILURE,SAFETY,,False,2.0.0,99b16488a4d2f354c96b,RULE_V2
NCT00363883,Vorinostat in Treating Patients With Locally Recurrent or Metastatic Cancer of the Urothelium,TERMINATED,Trial stopped early for futility,BIOLOGICAL_FAILURE,EFFICACY/FUTILITY,HIGH,v=2.0.0;outcome=BIOLOGICAL_FAILURE;primary=EFFICACY_FUTILITY;eff.futility:futility,Oncology,Oncology; Renal & Urology,,,INTERVENTIONAL,PHASE2,National Cancer Institute (NCI),,Localized Transitional Cell Cancer of the Renal Pelvis and Ureter; Metastatic Transitional Cell Cancer of the Renal Pelvis and Ureter; Recurrent Transitional Cell Cancer of the Renal Pelvis and Ureter; Regional Transitional Cell Cancer of the Renal Pelvis and Ureter; Transitional Cell Carcinoma of the Bladder,vorinostat; laboratory biomarker analysis,DRUG; OTHER,2006-06,2010-12,2010-12,2015-02-13,https://clinicaltrials.gov/study/NCT00363883,BIOLOGICAL_FAILURE,EFFICACY_FUTILITY,,False,2.0.0,eae9bb01058e624db208,RULE_V2
NCT01537861,"Filgrastim in Treating Patients With Bortezomib-, Carfilzomib-, or IMID-Refractory Multiple Myeloma",TERMINATED,Unexpected toxicity (2 early deaths),BIOLOGICAL_FAILURE,SAFETY,HIGH,v=2.0.0;outcome=BIOLOGICAL_FAILURE;primary=SAFETY;saf.adverse_events:unexpected toxicity,Oncology,Oncology,,,INTERVENTIONAL,EARLY_PHASE1,Washington University School of Medicine,,Multiple Myeloma,Filgrastim; Bortezomib; Carfilzomib; Dexamethasone; Cyclophosphamide; Thalidomide; Lenalidomide; Pomalidomide,DRUG; DRUG; DRUG; DRUG; DRUG; DRUG; DRUG; DRUG,2012-06,2014-02,2014-12,2015-01-26,https://clinicaltrials.gov/study/NCT01537861,BIOLOGICAL_FAILURE,SAFETY,,False,2.0.0,85f630e6a70b23056fba,RULE_V2
NCT01400451,Ph I Ipilimumab Vemurafenib Combo in Patients With v-Raf Murine Sarcoma Viral Oncogene Homolog B1 (BRAF),TERMINATED,More than 2 of 6 patients treated experienced dose limiting toxicities.,BIOLOGICAL_FAILURE,SAFETY,HIGH,v=2.0.0;outcome=BIOLOGICAL_FAILURE;primary=SAFETY;saf.toxicity:experienced dose limiting toxicities,Oncology,Oncology,,,INTERVENTIONAL,PHASE1,Bristol-Myers Squibb,Roche-Genentech,Melanoma,Ipilimumab (BMS-734016); Vemurafenib,DRUG; DRUG,2011-11,2013-04,2013-12,2015-01-01,https://clinicaltrials.gov/study/NCT01400451,BIOLOGICAL_FAILURE,SAFETY,,False,2.0.0,8c18e99a8c12f2aadc00,RULE_V2
