"nct_id","url","in_sitemap","current_indexable","candidate_reasons","final_outcome","final_category","classification_source","decision_status","recommended_next_action","review_note"
"NCT01965600","https://clinicaltrialfailures.com/trial/NCT01965600-a-study-to-evaluate-the-safety-and-effects-on-the-body-of-an-investigational-dru","true","true","missing_stop_reason","BIOLOGICAL_FAILURE","SAFETY","DESCRIPTION_FALLBACK","REVIEW_HOLD","LUNA_REVIEW_ENRICH_OR_NOINDEX","Do not deindex automatically; compare source evidence, page uniqueness, GSC value, and replacement options."
"NCT00000192","https://clinicaltrialfailures.com/trial/NCT00000192","false","false","missing_stop_reason","UNRESOLVED","UNRESOLVED_MISSING_STOP_REASON","UNCLASSIFIED","REVIEW_HOLD","VERIFY_CURRENT_EXCLUSION","Do not deindex automatically; compare source evidence, page uniqueness, GSC value, and replacement options."
"NCT00000193","https://clinicaltrialfailures.com/trial/NCT00000193","false","false","missing_stop_reason","UNRESOLVED","UNRESOLVED_MISSING_STOP_REASON","UNCLASSIFIED","REVIEW_HOLD","VERIFY_CURRENT_EXCLUSION","Do not deindex automatically; compare source evidence, page uniqueness, GSC value, and replacement options."
"NCT00000194","https://clinicaltrialfailures.com/trial/NCT00000194","false","false","missing_stop_reason","UNRESOLVED","UNRESOLVED_MISSING_STOP_REASON","UNCLASSIFIED","REVIEW_HOLD","VERIFY_CURRENT_EXCLUSION","Do not deindex automatically; compare source evidence, page uniqueness, GSC value, and replacement options."
"NCT00000195","https://clinicaltrialfailures.com/trial/NCT00000195","false","false","missing_stop_reason","UNRESOLVED","UNRESOLVED_MISSING_STOP_REASON","UNCLASSIFIED","REVIEW_HOLD","VERIFY_CURRENT_EXCLUSION","Do not deindex automatically; compare source evidence, page uniqueness, GSC value, and replacement options."
"NCT00000196","https://clinicaltrialfailures.com/trial/NCT00000196","false","false","missing_stop_reason","UNRESOLVED","UNRESOLVED_MISSING_STOP_REASON","UNCLASSIFIED","REVIEW_HOLD","VERIFY_CURRENT_EXCLUSION","Do not deindex automatically; compare source evidence, page uniqueness, GSC value, and replacement options."
"NCT00000199","https://clinicaltrialfailures.com/trial/NCT00000199","false","false","missing_stop_reason","UNRESOLVED","UNRESOLVED_MISSING_STOP_REASON","UNCLASSIFIED","REVIEW_HOLD","VERIFY_CURRENT_EXCLUSION","Do not deindex automatically; compare source evidence, page uniqueness, GSC value, and replacement options."
"NCT00000243","https://clinicaltrialfailures.com/trial/NCT00000243","false","false","missing_stop_reason","UNRESOLVED","UNRESOLVED_MISSING_STOP_REASON","UNCLASSIFIED","REVIEW_HOLD","VERIFY_CURRENT_EXCLUSION","Do not deindex automatically; compare source evidence, page uniqueness, GSC value, and replacement options."
"NCT00000276","https://clinicaltrialfailures.com/trial/NCT00000276","false","false","missing_stop_reason","UNRESOLVED","UNRESOLVED_MISSING_STOP_REASON","UNCLASSIFIED","REVIEW_HOLD","VERIFY_CURRENT_EXCLUSION","Do not deindex automatically; compare source evidence, page uniqueness, GSC value, and replacement options."
"NCT00000310","https://clinicaltrialfailures.com/trial/NCT00000310","false","false","missing_stop_reason","UNRESOLVED","UNRESOLVED_MISSING_STOP_REASON","UNCLASSIFIED","REVIEW_HOLD","VERIFY_CURRENT_EXCLUSION","Do not deindex automatically; compare source evidence, page uniqueness, GSC value, and replacement options."
"NCT00000313","https://clinicaltrialfailures.com/trial/NCT00000313","false","false","missing_stop_reason","UNRESOLVED","UNRESOLVED_MISSING_STOP_REASON","UNCLASSIFIED","REVIEW_HOLD","VERIFY_CURRENT_EXCLUSION","Do not deindex automatically; compare source evidence, page uniqueness, GSC value, and replacement options."
"NCT00000326","https://clinicaltrialfailures.com/trial/NCT00000326","false","false","missing_stop_reason","UNRESOLVED","UNRESOLVED_MISSING_STOP_REASON","UNCLASSIFIED","REVIEW_HOLD","VERIFY_CURRENT_EXCLUSION","Do not deindex automatically; compare source evidence, page uniqueness, GSC value, and replacement options."
"NCT00000327","https://clinicaltrialfailures.com/trial/NCT00000327","false","false","missing_stop_reason","UNRESOLVED","UNRESOLVED_MISSING_STOP_REASON","UNCLASSIFIED","REVIEW_HOLD","VERIFY_CURRENT_EXCLUSION","Do not deindex automatically; compare source evidence, page uniqueness, GSC value, and replacement options."
"NCT00000328","https://clinicaltrialfailures.com/trial/NCT00000328","false","false","missing_stop_reason","UNRESOLVED","UNRESOLVED_MISSING_STOP_REASON","UNCLASSIFIED","REVIEW_HOLD","VERIFY_CURRENT_EXCLUSION","Do not deindex automatically; compare source evidence, page uniqueness, GSC value, and replacement options."
"NCT00000329","https://clinicaltrialfailures.com/trial/NCT00000329","false","false","missing_stop_reason","UNRESOLVED","UNRESOLVED_MISSING_STOP_REASON","UNCLASSIFIED","REVIEW_HOLD","VERIFY_CURRENT_EXCLUSION","Do not deindex automatically; compare source evidence, page uniqueness, GSC value, and replacement options."
"NCT00000330","https://clinicaltrialfailures.com/trial/NCT00000330","false","false","missing_stop_reason","UNRESOLVED","UNRESOLVED_MISSING_STOP_REASON","UNCLASSIFIED","REVIEW_HOLD","VERIFY_CURRENT_EXCLUSION","Do not deindex automatically; compare source evidence, page uniqueness, GSC value, and replacement options."
"NCT00000331","https://clinicaltrialfailures.com/trial/NCT00000331","false","false","missing_stop_reason","UNRESOLVED","UNRESOLVED_MISSING_STOP_REASON","UNCLASSIFIED","REVIEW_HOLD","VERIFY_CURRENT_EXCLUSION","Do not deindex automatically; compare source evidence, page uniqueness, GSC value, and replacement options."
"NCT00000685","https://clinicaltrialfailures.com/trial/NCT00000685","false","false","missing_stop_reason","UNRESOLVED","UNRESOLVED_MISSING_STOP_REASON","UNCLASSIFIED","REVIEW_HOLD","VERIFY_CURRENT_EXCLUSION","Do not deindex automatically; compare source evidence, page uniqueness, GSC value, and replacement options."
"NCT00000697","https://clinicaltrialfailures.com/trial/NCT00000697","false","false","missing_stop_reason","UNRESOLVED","UNRESOLVED_MISSING_STOP_REASON","UNCLASSIFIED","REVIEW_HOLD","VERIFY_CURRENT_EXCLUSION","Do not deindex automatically; compare source evidence, page uniqueness, GSC value, and replacement options."
"NCT00000723","https://clinicaltrialfailures.com/trial/NCT00000723","false","false","missing_stop_reason","UNRESOLVED","UNRESOLVED_MISSING_STOP_REASON","UNCLASSIFIED","REVIEW_HOLD","VERIFY_CURRENT_EXCLUSION","Do not deindex automatically; compare source evidence, page uniqueness, GSC value, and replacement options."
"NCT00000730","https://clinicaltrialfailures.com/trial/NCT00000730","false","false","missing_stop_reason","UNRESOLVED","UNRESOLVED_MISSING_STOP_REASON","UNCLASSIFIED","REVIEW_HOLD","VERIFY_CURRENT_EXCLUSION","Do not deindex automatically; compare source evidence, page uniqueness, GSC value, and replacement options."
"NCT00000741","https://clinicaltrialfailures.com/trial/NCT00000741","false","false","missing_stop_reason","UNRESOLVED","UNRESOLVED_MISSING_STOP_REASON","UNCLASSIFIED","REVIEW_HOLD","VERIFY_CURRENT_EXCLUSION","Do not deindex automatically; compare source evidence, page uniqueness, GSC value, and replacement options."
"NCT00000752","https://clinicaltrialfailures.com/trial/NCT00000752","false","false","missing_stop_reason","UNRESOLVED","UNRESOLVED_MISSING_STOP_REASON","UNCLASSIFIED","REVIEW_HOLD","VERIFY_CURRENT_EXCLUSION","Do not deindex automatically; compare source evidence, page uniqueness, GSC value, and replacement options."
"NCT00000804","https://clinicaltrialfailures.com/trial/NCT00000804","false","false","missing_stop_reason","UNRESOLVED","UNRESOLVED_MISSING_STOP_REASON","UNCLASSIFIED","REVIEW_HOLD","VERIFY_CURRENT_EXCLUSION","Do not deindex automatically; compare source evidence, page uniqueness, GSC value, and replacement options."
"NCT00000809","https://clinicaltrialfailures.com/trial/NCT00000809","false","false","missing_stop_reason","UNRESOLVED","UNRESOLVED_MISSING_STOP_REASON","UNCLASSIFIED","REVIEW_HOLD","VERIFY_CURRENT_EXCLUSION","Do not deindex automatically; compare source evidence, page uniqueness, GSC value, and replacement options."
"NCT00000824","https://clinicaltrialfailures.com/trial/NCT00000824","false","false","missing_stop_reason","UNRESOLVED","UNRESOLVED_MISSING_STOP_REASON","UNCLASSIFIED","REVIEW_HOLD","VERIFY_CURRENT_EXCLUSION","Do not deindex automatically; compare source evidence, page uniqueness, GSC value, and replacement options."
"NCT00000856","https://clinicaltrialfailures.com/trial/NCT00000856","false","false","missing_stop_reason","UNRESOLVED","UNRESOLVED_MISSING_STOP_REASON","UNCLASSIFIED","REVIEW_HOLD","VERIFY_CURRENT_EXCLUSION","Do not deindex automatically; compare source evidence, page uniqueness, GSC value, and replacement options."
"NCT00000875","https://clinicaltrialfailures.com/trial/NCT00000875","false","false","missing_stop_reason","UNRESOLVED","UNRESOLVED_MISSING_STOP_REASON","UNCLASSIFIED","REVIEW_HOLD","VERIFY_CURRENT_EXCLUSION","Do not deindex automatically; compare source evidence, page uniqueness, GSC value, and replacement options."
"NCT00000881","https://clinicaltrialfailures.com/trial/NCT00000881","false","false","missing_stop_reason","UNRESOLVED","UNRESOLVED_MISSING_STOP_REASON","UNCLASSIFIED","REVIEW_HOLD","VERIFY_CURRENT_EXCLUSION","Do not deindex automatically; compare source evidence, page uniqueness, GSC value, and replacement options."
"NCT00000936","https://clinicaltrialfailures.com/trial/NCT00000936","false","false","missing_stop_reason","UNRESOLVED","UNRESOLVED_MISSING_STOP_REASON","UNCLASSIFIED","REVIEW_HOLD","VERIFY_CURRENT_EXCLUSION","Do not deindex automatically; compare source evidence, page uniqueness, GSC value, and replacement options."
"NCT00000961","https://clinicaltrialfailures.com/trial/NCT00000961","false","false","missing_stop_reason","UNRESOLVED","UNRESOLVED_MISSING_STOP_REASON","UNCLASSIFIED","REVIEW_HOLD","VERIFY_CURRENT_EXCLUSION","Do not deindex automatically; compare source evidence, page uniqueness, GSC value, and replacement options."
"NCT00001046","https://clinicaltrialfailures.com/trial/NCT00001046","false","false","missing_stop_reason","UNRESOLVED","UNRESOLVED_MISSING_STOP_REASON","UNCLASSIFIED","REVIEW_HOLD","VERIFY_CURRENT_EXCLUSION","Do not deindex automatically; compare source evidence, page uniqueness, GSC value, and replacement options."
"NCT00001054","https://clinicaltrialfailures.com/trial/NCT00001054","false","false","missing_stop_reason","UNRESOLVED","UNRESOLVED_MISSING_STOP_REASON","UNCLASSIFIED","REVIEW_HOLD","VERIFY_CURRENT_EXCLUSION","Do not deindex automatically; compare source evidence, page uniqueness, GSC value, and replacement options."
"NCT00001064","https://clinicaltrialfailures.com/trial/NCT00001064","false","false","missing_stop_reason","UNRESOLVED","UNRESOLVED_MISSING_STOP_REASON","UNCLASSIFIED","REVIEW_HOLD","VERIFY_CURRENT_EXCLUSION","Do not deindex automatically; compare source evidence, page uniqueness, GSC value, and replacement options."
"NCT00001070","https://clinicaltrialfailures.com/trial/NCT00001070","false","false","missing_stop_reason","UNRESOLVED","UNRESOLVED_MISSING_STOP_REASON","UNCLASSIFIED","REVIEW_HOLD","VERIFY_CURRENT_EXCLUSION","Do not deindex automatically; compare source evidence, page uniqueness, GSC value, and replacement options."
"NCT00001094","https://clinicaltrialfailures.com/trial/NCT00001094","false","false","missing_stop_reason","UNRESOLVED","UNRESOLVED_MISSING_STOP_REASON","UNCLASSIFIED","REVIEW_HOLD","VERIFY_CURRENT_EXCLUSION","Do not deindex automatically; compare source evidence, page uniqueness, GSC value, and replacement options."
"NCT00001128","https://clinicaltrialfailures.com/trial/NCT00001128","false","false","missing_stop_reason","UNRESOLVED","UNRESOLVED_MISSING_STOP_REASON","UNCLASSIFIED","REVIEW_HOLD","VERIFY_CURRENT_EXCLUSION","Do not deindex automatically; compare source evidence, page uniqueness, GSC value, and replacement options."
"NCT00001827","https://clinicaltrialfailures.com/trial/NCT00001827","false","false","missing_stop_reason","UNRESOLVED","UNRESOLVED_MISSING_STOP_REASON","UNCLASSIFIED","REVIEW_HOLD","VERIFY_CURRENT_EXCLUSION","Do not deindex automatically; compare source evidence, page uniqueness, GSC value, and replacement options."
"NCT00002790","https://clinicaltrialfailures.com/trial/NCT00002790","false","false","missing_stop_reason","UNRESOLVED","UNRESOLVED_MISSING_STOP_REASON","UNCLASSIFIED","REVIEW_HOLD","VERIFY_CURRENT_EXCLUSION","Do not deindex automatically; compare source evidence, page uniqueness, GSC value, and replacement options."
"NCT00002956","https://clinicaltrialfailures.com/trial/NCT00002956","false","false","missing_stop_reason","UNRESOLVED","UNRESOLVED_MISSING_STOP_REASON","UNCLASSIFIED","REVIEW_HOLD","VERIFY_CURRENT_EXCLUSION","Do not deindex automatically; compare source evidence, page uniqueness, GSC value, and replacement options."
"NCT00002999","https://clinicaltrialfailures.com/trial/NCT00002999","false","false","missing_stop_reason","UNRESOLVED","UNRESOLVED_MISSING_STOP_REASON","UNCLASSIFIED","REVIEW_HOLD","VERIFY_CURRENT_EXCLUSION","Do not deindex automatically; compare source evidence, page uniqueness, GSC value, and replacement options."
"NCT00003054","https://clinicaltrialfailures.com/trial/NCT00003054","false","false","missing_stop_reason","UNRESOLVED","UNRESOLVED_MISSING_STOP_REASON","UNCLASSIFIED","REVIEW_HOLD","VERIFY_CURRENT_EXCLUSION","Do not deindex automatically; compare source evidence, page uniqueness, GSC value, and replacement options."
"NCT00003273","https://clinicaltrialfailures.com/trial/NCT00003273","false","false","missing_stop_reason","UNRESOLVED","UNRESOLVED_MISSING_STOP_REASON","UNCLASSIFIED","REVIEW_HOLD","VERIFY_CURRENT_EXCLUSION","Do not deindex automatically; compare source evidence, page uniqueness, GSC value, and replacement options."
"NCT00003552","https://clinicaltrialfailures.com/trial/NCT00003552","false","false","missing_stop_reason","UNRESOLVED","UNRESOLVED_MISSING_STOP_REASON","UNCLASSIFIED","REVIEW_HOLD","VERIFY_CURRENT_EXCLUSION","Do not deindex automatically; compare source evidence, page uniqueness, GSC value, and replacement options."
"NCT00003654","https://clinicaltrialfailures.com/trial/NCT00003654","false","false","missing_stop_reason","UNRESOLVED","UNRESOLVED_MISSING_STOP_REASON","UNCLASSIFIED","REVIEW_HOLD","VERIFY_CURRENT_EXCLUSION","Do not deindex automatically; compare source evidence, page uniqueness, GSC value, and replacement options."
"NCT00003821","https://clinicaltrialfailures.com/trial/NCT00003821","false","false","missing_stop_reason","UNRESOLVED","UNRESOLVED_MISSING_STOP_REASON","UNCLASSIFIED","REVIEW_HOLD","VERIFY_CURRENT_EXCLUSION","Do not deindex automatically; compare source evidence, page uniqueness, GSC value, and replacement options."
"NCT00003865","https://clinicaltrialfailures.com/trial/NCT00003865","false","false","missing_stop_reason","UNRESOLVED","UNRESOLVED_MISSING_STOP_REASON","UNCLASSIFIED","REVIEW_HOLD","VERIFY_CURRENT_EXCLUSION","Do not deindex automatically; compare source evidence, page uniqueness, GSC value, and replacement options."
"NCT00003880","https://clinicaltrialfailures.com/trial/NCT00003880","false","false","missing_stop_reason","UNRESOLVED","UNRESOLVED_MISSING_STOP_REASON","UNCLASSIFIED","REVIEW_HOLD","VERIFY_CURRENT_EXCLUSION","Do not deindex automatically; compare source evidence, page uniqueness, GSC value, and replacement options."
"NCT00003910","https://clinicaltrialfailures.com/trial/NCT00003910","false","false","missing_stop_reason","UNRESOLVED","UNRESOLVED_MISSING_STOP_REASON","UNCLASSIFIED","REVIEW_HOLD","VERIFY_CURRENT_EXCLUSION","Do not deindex automatically; compare source evidence, page uniqueness, GSC value, and replacement options."
"NCT00004026","https://clinicaltrialfailures.com/trial/NCT00004026","false","false","missing_stop_reason","UNRESOLVED","UNRESOLVED_MISSING_STOP_REASON","UNCLASSIFIED","REVIEW_HOLD","VERIFY_CURRENT_EXCLUSION","Do not deindex automatically; compare source evidence, page uniqueness, GSC value, and replacement options."
"NCT00004221","https://clinicaltrialfailures.com/trial/NCT00004221","false","false","missing_stop_reason","UNRESOLVED","UNRESOLVED_MISSING_STOP_REASON","UNCLASSIFIED","REVIEW_HOLD","VERIFY_CURRENT_EXCLUSION","Do not deindex automatically; compare source evidence, page uniqueness, GSC value, and replacement options."
"NCT00004407","https://clinicaltrialfailures.com/trial/NCT00004407","false","false","missing_stop_reason","UNRESOLVED","UNRESOLVED_MISSING_STOP_REASON","UNCLASSIFIED","REVIEW_HOLD","VERIFY_CURRENT_EXCLUSION","Do not deindex automatically; compare source evidence, page uniqueness, GSC value, and replacement options."
"NCT00004442","https://clinicaltrialfailures.com/trial/NCT00004442","false","false","missing_stop_reason","UNRESOLVED","UNRESOLVED_MISSING_STOP_REASON","UNCLASSIFIED","REVIEW_HOLD","VERIFY_CURRENT_EXCLUSION","Do not deindex automatically; compare source evidence, page uniqueness, GSC value, and replacement options."
"NCT00004682","https://clinicaltrialfailures.com/trial/NCT00004682","false","false","missing_stop_reason","UNRESOLVED","UNRESOLVED_MISSING_STOP_REASON","UNCLASSIFIED","REVIEW_HOLD","VERIFY_CURRENT_EXCLUSION","Do not deindex automatically; compare source evidence, page uniqueness, GSC value, and replacement options."
"NCT00004833","https://clinicaltrialfailures.com/trial/NCT00004833","false","false","missing_stop_reason","UNRESOLVED","UNRESOLVED_MISSING_STOP_REASON","UNCLASSIFIED","REVIEW_HOLD","VERIFY_CURRENT_EXCLUSION","Do not deindex automatically; compare source evidence, page uniqueness, GSC value, and replacement options."
"NCT00005029","https://clinicaltrialfailures.com/trial/NCT00005029","false","false","missing_stop_reason","UNRESOLVED","UNRESOLVED_MISSING_STOP_REASON","UNCLASSIFIED","REVIEW_HOLD","VERIFY_CURRENT_EXCLUSION","Do not deindex automatically; compare source evidence, page uniqueness, GSC value, and replacement options."
"NCT00005645","https://clinicaltrialfailures.com/trial/NCT00005645","false","false","missing_stop_reason","UNRESOLVED","UNRESOLVED_MISSING_STOP_REASON","UNCLASSIFIED","REVIEW_HOLD","VERIFY_CURRENT_EXCLUSION","Do not deindex automatically; compare source evidence, page uniqueness, GSC value, and replacement options."
"NCT00005655","https://clinicaltrialfailures.com/trial/NCT00005655","false","false","missing_stop_reason","UNRESOLVED","UNRESOLVED_MISSING_STOP_REASON","UNCLASSIFIED","REVIEW_HOLD","VERIFY_CURRENT_EXCLUSION","Do not deindex automatically; compare source evidence, page uniqueness, GSC value, and replacement options."
"NCT00005925","https://clinicaltrialfailures.com/trial/NCT00005925","false","false","missing_stop_reason","UNRESOLVED","UNRESOLVED_MISSING_STOP_REASON","UNCLASSIFIED","REVIEW_HOLD","VERIFY_CURRENT_EXCLUSION","Do not deindex automatically; compare source evidence, page uniqueness, GSC value, and replacement options."
"NCT00005993","https://clinicaltrialfailures.com/trial/NCT00005993","false","false","missing_stop_reason","UNRESOLVED","UNRESOLVED_MISSING_STOP_REASON","UNCLASSIFIED","REVIEW_HOLD","VERIFY_CURRENT_EXCLUSION","Do not deindex automatically; compare source evidence, page uniqueness, GSC value, and replacement options."
"NCT00006263","https://clinicaltrialfailures.com/trial/NCT00006263","false","false","missing_stop_reason","UNRESOLVED","UNRESOLVED_MISSING_STOP_REASON","UNCLASSIFIED","REVIEW_HOLD","VERIFY_CURRENT_EXCLUSION","Do not deindex automatically; compare source evidence, page uniqueness, GSC value, and replacement options."
"NCT00006339","https://clinicaltrialfailures.com/trial/NCT00006339","false","false","missing_stop_reason","UNRESOLVED","UNRESOLVED_MISSING_STOP_REASON","UNCLASSIFIED","REVIEW_HOLD","VERIFY_CURRENT_EXCLUSION","Do not deindex automatically; compare source evidence, page uniqueness, GSC value, and replacement options."
"NCT00006472","https://clinicaltrialfailures.com/trial/NCT00006472","false","false","missing_stop_reason","UNRESOLVED","UNRESOLVED_MISSING_STOP_REASON","UNCLASSIFIED","REVIEW_HOLD","VERIFY_CURRENT_EXCLUSION","Do not deindex automatically; compare source evidence, page uniqueness, GSC value, and replacement options."
"NCT00006578","https://clinicaltrialfailures.com/trial/NCT00006578","false","false","missing_stop_reason","UNRESOLVED","UNRESOLVED_MISSING_STOP_REASON","UNCLASSIFIED","REVIEW_HOLD","VERIFY_CURRENT_EXCLUSION","Do not deindex automatically; compare source evidence, page uniqueness, GSC value, and replacement options."
"NCT00006630","https://clinicaltrialfailures.com/trial/NCT00006630","false","false","missing_stop_reason","UNRESOLVED","UNRESOLVED_MISSING_STOP_REASON","UNCLASSIFIED","REVIEW_HOLD","VERIFY_CURRENT_EXCLUSION","Do not deindex automatically; compare source evidence, page uniqueness, GSC value, and replacement options."
"NCT00006669","https://clinicaltrialfailures.com/trial/NCT00006669","false","false","missing_stop_reason","UNRESOLVED","UNRESOLVED_MISSING_STOP_REASON","UNCLASSIFIED","REVIEW_HOLD","VERIFY_CURRENT_EXCLUSION","Do not deindex automatically; compare source evidence, page uniqueness, GSC value, and replacement options."
"NCT00008866","https://clinicaltrialfailures.com/trial/NCT00008866","false","false","missing_stop_reason","UNRESOLVED","UNRESOLVED_MISSING_STOP_REASON","UNCLASSIFIED","REVIEW_HOLD","VERIFY_CURRENT_EXCLUSION","Do not deindex automatically; compare source evidence, page uniqueness, GSC value, and replacement options."
"NCT00015847","https://clinicaltrialfailures.com/trial/NCT00015847","false","false","missing_stop_reason","UNRESOLVED","UNRESOLVED_MISSING_STOP_REASON","UNCLASSIFIED","REVIEW_HOLD","VERIFY_CURRENT_EXCLUSION","Do not deindex automatically; compare source evidence, page uniqueness, GSC value, and replacement options."
"NCT00017069","https://clinicaltrialfailures.com/trial/NCT00017069","false","false","missing_stop_reason","UNRESOLVED","UNRESOLVED_MISSING_STOP_REASON","UNCLASSIFIED","REVIEW_HOLD","VERIFY_CURRENT_EXCLUSION","Do not deindex automatically; compare source evidence, page uniqueness, GSC value, and replacement options."
"NCT00017433","https://clinicaltrialfailures.com/trial/NCT00017433","false","false","missing_stop_reason","UNRESOLVED","UNRESOLVED_MISSING_STOP_REASON","UNCLASSIFIED","REVIEW_HOLD","VERIFY_CURRENT_EXCLUSION","Do not deindex automatically; compare source evidence, page uniqueness, GSC value, and replacement options."
"NCT00019695","https://clinicaltrialfailures.com/trial/NCT00019695","false","false","missing_stop_reason","UNRESOLVED","UNRESOLVED_MISSING_STOP_REASON","UNCLASSIFIED","REVIEW_HOLD","VERIFY_CURRENT_EXCLUSION","Do not deindex automatically; compare source evidence, page uniqueness, GSC value, and replacement options."
"NCT00019864","https://clinicaltrialfailures.com/trial/NCT00019864","false","false","missing_stop_reason","UNRESOLVED","UNRESOLVED_MISSING_STOP_REASON","UNCLASSIFIED","REVIEW_HOLD","VERIFY_CURRENT_EXCLUSION","Do not deindex automatically; compare source evidence, page uniqueness, GSC value, and replacement options."
"NCT00020774","https://clinicaltrialfailures.com/trial/NCT00020774","false","false","missing_stop_reason","UNRESOLVED","UNRESOLVED_MISSING_STOP_REASON","UNCLASSIFIED","REVIEW_HOLD","VERIFY_CURRENT_EXCLUSION","Do not deindex automatically; compare source evidence, page uniqueness, GSC value, and replacement options."
"NCT00020969","https://clinicaltrialfailures.com/trial/NCT00020969","false","false","missing_stop_reason","UNRESOLVED","UNRESOLVED_MISSING_STOP_REASON","UNCLASSIFIED","REVIEW_HOLD","VERIFY_CURRENT_EXCLUSION","Do not deindex automatically; compare source evidence, page uniqueness, GSC value, and replacement options."
"NCT00021489","https://clinicaltrialfailures.com/trial/NCT00021489","false","false","missing_stop_reason","UNRESOLVED","UNRESOLVED_MISSING_STOP_REASON","UNCLASSIFIED","REVIEW_HOLD","VERIFY_CURRENT_EXCLUSION","Do not deindex automatically; compare source evidence, page uniqueness, GSC value, and replacement options."
"NCT00021762","https://clinicaltrialfailures.com/trial/NCT00021762","false","false","missing_stop_reason","UNRESOLVED","UNRESOLVED_MISSING_STOP_REASON","UNCLASSIFIED","REVIEW_HOLD","VERIFY_CURRENT_EXCLUSION","Do not deindex automatically; compare source evidence, page uniqueness, GSC value, and replacement options."
"NCT00022490","https://clinicaltrialfailures.com/trial/NCT00022490","false","false","missing_stop_reason","UNRESOLVED","UNRESOLVED_MISSING_STOP_REASON","UNCLASSIFIED","REVIEW_HOLD","VERIFY_CURRENT_EXCLUSION","Do not deindex automatically; compare source evidence, page uniqueness, GSC value, and replacement options."
"NCT00022542","https://clinicaltrialfailures.com/trial/NCT00022542","false","false","missing_stop_reason","UNRESOLVED","UNRESOLVED_MISSING_STOP_REASON","UNCLASSIFIED","REVIEW_HOLD","VERIFY_CURRENT_EXCLUSION","Do not deindex automatically; compare source evidence, page uniqueness, GSC value, and replacement options."
"NCT00022971","https://clinicaltrialfailures.com/trial/NCT00022971","false","false","missing_stop_reason","UNRESOLVED","UNRESOLVED_MISSING_STOP_REASON","UNCLASSIFIED","REVIEW_HOLD","VERIFY_CURRENT_EXCLUSION","Do not deindex automatically; compare source evidence, page uniqueness, GSC value, and replacement options."
"NCT00023218","https://clinicaltrialfailures.com/trial/NCT00023218","false","false","missing_stop_reason","UNRESOLVED","UNRESOLVED_MISSING_STOP_REASON","UNCLASSIFIED","REVIEW_HOLD","VERIFY_CURRENT_EXCLUSION","Do not deindex automatically; compare source evidence, page uniqueness, GSC value, and replacement options."
"NCT00024115","https://clinicaltrialfailures.com/trial/NCT00024115","false","false","missing_stop_reason","UNRESOLVED","UNRESOLVED_MISSING_STOP_REASON","UNCLASSIFIED","REVIEW_HOLD","VERIFY_CURRENT_EXCLUSION","Do not deindex automatically; compare source evidence, page uniqueness, GSC value, and replacement options."
"NCT00028652","https://clinicaltrialfailures.com/trial/NCT00028652","false","false","missing_stop_reason","UNRESOLVED","UNRESOLVED_MISSING_STOP_REASON","UNCLASSIFIED","REVIEW_HOLD","VERIFY_CURRENT_EXCLUSION","Do not deindex automatically; compare source evidence, page uniqueness, GSC value, and replacement options."
"NCT00030056","https://clinicaltrialfailures.com/trial/NCT00030056","false","false","missing_stop_reason","UNRESOLVED","UNRESOLVED_MISSING_STOP_REASON","UNCLASSIFIED","REVIEW_HOLD","VERIFY_CURRENT_EXCLUSION","Do not deindex automatically; compare source evidence, page uniqueness, GSC value, and replacement options."
"NCT00031135","https://clinicaltrialfailures.com/trial/NCT00031135","false","false","missing_stop_reason","UNRESOLVED","UNRESOLVED_MISSING_STOP_REASON","UNCLASSIFIED","REVIEW_HOLD","VERIFY_CURRENT_EXCLUSION","Do not deindex automatically; compare source evidence, page uniqueness, GSC value, and replacement options."
"NCT00031837","https://clinicaltrialfailures.com/trial/NCT00031837","false","false","missing_stop_reason","UNRESOLVED","UNRESOLVED_MISSING_STOP_REASON","UNCLASSIFIED","REVIEW_HOLD","VERIFY_CURRENT_EXCLUSION","Do not deindex automatically; compare source evidence, page uniqueness, GSC value, and replacement options."
"NCT00032773","https://clinicaltrialfailures.com/trial/NCT00032773","false","false","missing_stop_reason","UNRESOLVED","UNRESOLVED_MISSING_STOP_REASON","UNCLASSIFIED","REVIEW_HOLD","VERIFY_CURRENT_EXCLUSION","Do not deindex automatically; compare source evidence, page uniqueness, GSC value, and replacement options."
"NCT00037063","https://clinicaltrialfailures.com/trial/NCT00037063","false","false","missing_stop_reason","UNRESOLVED","UNRESOLVED_MISSING_STOP_REASON","UNCLASSIFIED","REVIEW_HOLD","VERIFY_CURRENT_EXCLUSION","Do not deindex automatically; compare source evidence, page uniqueness, GSC value, and replacement options."
"NCT00037882","https://clinicaltrialfailures.com/trial/NCT00037882","false","false","missing_stop_reason","UNRESOLVED","UNRESOLVED_MISSING_STOP_REASON","UNCLASSIFIED","REVIEW_HOLD","VERIFY_CURRENT_EXCLUSION","Do not deindex automatically; compare source evidence, page uniqueness, GSC value, and replacement options."
"NCT00038805","https://clinicaltrialfailures.com/trial/NCT00038805","false","false","missing_stop_reason","UNRESOLVED","UNRESOLVED_MISSING_STOP_REASON","UNCLASSIFIED","REVIEW_HOLD","VERIFY_CURRENT_EXCLUSION","Do not deindex automatically; compare source evidence, page uniqueness, GSC value, and replacement options."
"NCT00038883","https://clinicaltrialfailures.com/trial/NCT00038883","false","false","missing_stop_reason","UNRESOLVED","UNRESOLVED_MISSING_STOP_REASON","UNCLASSIFIED","REVIEW_HOLD","VERIFY_CURRENT_EXCLUSION","Do not deindex automatically; compare source evidence, page uniqueness, GSC value, and replacement options."
"NCT00039091","https://clinicaltrialfailures.com/trial/NCT00039091","false","false","missing_stop_reason","UNRESOLVED","UNRESOLVED_MISSING_STOP_REASON","UNCLASSIFIED","REVIEW_HOLD","VERIFY_CURRENT_EXCLUSION","Do not deindex automatically; compare source evidence, page uniqueness, GSC value, and replacement options."
"NCT00040131","https://clinicaltrialfailures.com/trial/NCT00040131","false","false","missing_stop_reason","UNRESOLVED","UNRESOLVED_MISSING_STOP_REASON","UNCLASSIFIED","REVIEW_HOLD","VERIFY_CURRENT_EXCLUSION","Do not deindex automatically; compare source evidence, page uniqueness, GSC value, and replacement options."
"NCT00040391","https://clinicaltrialfailures.com/trial/NCT00040391","false","false","missing_stop_reason","UNRESOLVED","UNRESOLVED_MISSING_STOP_REASON","UNCLASSIFIED","REVIEW_HOLD","VERIFY_CURRENT_EXCLUSION","Do not deindex automatically; compare source evidence, page uniqueness, GSC value, and replacement options."
"NCT00040534","https://clinicaltrialfailures.com/trial/NCT00040534","false","false","missing_stop_reason","UNRESOLVED","UNRESOLVED_MISSING_STOP_REASON","UNCLASSIFIED","REVIEW_HOLD","VERIFY_CURRENT_EXCLUSION","Do not deindex automatically; compare source evidence, page uniqueness, GSC value, and replacement options."
"NCT00041691","https://clinicaltrialfailures.com/trial/NCT00041691","false","false","missing_stop_reason","UNRESOLVED","UNRESOLVED_MISSING_STOP_REASON","UNCLASSIFIED","REVIEW_HOLD","VERIFY_CURRENT_EXCLUSION","Do not deindex automatically; compare source evidence, page uniqueness, GSC value, and replacement options."
"NCT00041782","https://clinicaltrialfailures.com/trial/NCT00041782","false","false","missing_stop_reason","UNRESOLVED","UNRESOLVED_MISSING_STOP_REASON","UNCLASSIFIED","REVIEW_HOLD","VERIFY_CURRENT_EXCLUSION","Do not deindex automatically; compare source evidence, page uniqueness, GSC value, and replacement options."
"NCT00042406","https://clinicaltrialfailures.com/trial/NCT00042406","false","false","missing_stop_reason","UNRESOLVED","UNRESOLVED_MISSING_STOP_REASON","UNCLASSIFIED","REVIEW_HOLD","VERIFY_CURRENT_EXCLUSION","Do not deindex automatically; compare source evidence, page uniqueness, GSC value, and replacement options."
"NCT00043810","https://clinicaltrialfailures.com/trial/NCT00043810","false","false","missing_stop_reason","UNRESOLVED","UNRESOLVED_MISSING_STOP_REASON","UNCLASSIFIED","REVIEW_HOLD","VERIFY_CURRENT_EXCLUSION","Do not deindex automatically; compare source evidence, page uniqueness, GSC value, and replacement options."
"NCT00044837","https://clinicaltrialfailures.com/trial/NCT00044837","false","false","missing_stop_reason","UNRESOLVED","UNRESOLVED_MISSING_STOP_REASON","UNCLASSIFIED","REVIEW_HOLD","VERIFY_CURRENT_EXCLUSION","Do not deindex automatically; compare source evidence, page uniqueness, GSC value, and replacement options."
"NCT00045591","https://clinicaltrialfailures.com/trial/NCT00045591","false","false","missing_stop_reason","UNRESOLVED","UNRESOLVED_MISSING_STOP_REASON","UNCLASSIFIED","REVIEW_HOLD","VERIFY_CURRENT_EXCLUSION","Do not deindex automatically; compare source evidence, page uniqueness, GSC value, and replacement options."
"NCT00047567","https://clinicaltrialfailures.com/trial/NCT00047567","false","false","missing_stop_reason","UNRESOLVED","UNRESOLVED_MISSING_STOP_REASON","UNCLASSIFIED","REVIEW_HOLD","VERIFY_CURRENT_EXCLUSION","Do not deindex automatically; compare source evidence, page uniqueness, GSC value, and replacement options."
"NCT00050336","https://clinicaltrialfailures.com/trial/NCT00050336","false","false","missing_stop_reason","UNRESOLVED","UNRESOLVED_MISSING_STOP_REASON","UNCLASSIFIED","REVIEW_HOLD","VERIFY_CURRENT_EXCLUSION","Do not deindex automatically; compare source evidence, page uniqueness, GSC value, and replacement options."
"NCT00051077","https://clinicaltrialfailures.com/trial/NCT00051077","false","false","missing_stop_reason","UNRESOLVED","UNRESOLVED_MISSING_STOP_REASON","UNCLASSIFIED","REVIEW_HOLD","VERIFY_CURRENT_EXCLUSION","Do not deindex automatically; compare source evidence, page uniqueness, GSC value, and replacement options."
"NCT00051090","https://clinicaltrialfailures.com/trial/NCT00051090","false","false","missing_stop_reason","UNRESOLVED","UNRESOLVED_MISSING_STOP_REASON","UNCLASSIFIED","REVIEW_HOLD","VERIFY_CURRENT_EXCLUSION","Do not deindex automatically; compare source evidence, page uniqueness, GSC value, and replacement options."
"NCT00051532","https://clinicaltrialfailures.com/trial/NCT00051532","false","false","missing_stop_reason","UNRESOLVED","UNRESOLVED_MISSING_STOP_REASON","UNCLASSIFIED","REVIEW_HOLD","VERIFY_CURRENT_EXCLUSION","Do not deindex automatically; compare source evidence, page uniqueness, GSC value, and replacement options."
"NCT00051545","https://clinicaltrialfailures.com/trial/NCT00051545","false","false","missing_stop_reason","UNRESOLVED","UNRESOLVED_MISSING_STOP_REASON","UNCLASSIFIED","REVIEW_HOLD","VERIFY_CURRENT_EXCLUSION","Do not deindex automatically; compare source evidence, page uniqueness, GSC value, and replacement options."
"NCT00051701","https://clinicaltrialfailures.com/trial/NCT00051701","false","false","missing_stop_reason","UNRESOLVED","UNRESOLVED_MISSING_STOP_REASON","UNCLASSIFIED","REVIEW_HOLD","VERIFY_CURRENT_EXCLUSION","Do not deindex automatically; compare source evidence, page uniqueness, GSC value, and replacement options."
"NCT00052221","https://clinicaltrialfailures.com/trial/NCT00052221","false","false","missing_stop_reason","UNRESOLVED","UNRESOLVED_MISSING_STOP_REASON","UNCLASSIFIED","REVIEW_HOLD","VERIFY_CURRENT_EXCLUSION","Do not deindex automatically; compare source evidence, page uniqueness, GSC value, and replacement options."
"NCT00052598","https://clinicaltrialfailures.com/trial/NCT00052598","false","false","missing_stop_reason","UNRESOLVED","UNRESOLVED_MISSING_STOP_REASON","UNCLASSIFIED","REVIEW_HOLD","VERIFY_CURRENT_EXCLUSION","Do not deindex automatically; compare source evidence, page uniqueness, GSC value, and replacement options."
"NCT00054184","https://clinicaltrialfailures.com/trial/NCT00054184","false","false","missing_stop_reason","UNRESOLVED","UNRESOLVED_MISSING_STOP_REASON","UNCLASSIFIED","REVIEW_HOLD","VERIFY_CURRENT_EXCLUSION","Do not deindex automatically; compare source evidence, page uniqueness, GSC value, and replacement options."
"NCT00054197","https://clinicaltrialfailures.com/trial/NCT00054197","false","false","missing_stop_reason","UNRESOLVED","UNRESOLVED_MISSING_STOP_REASON","UNCLASSIFIED","REVIEW_HOLD","VERIFY_CURRENT_EXCLUSION","Do not deindex automatically; compare source evidence, page uniqueness, GSC value, and replacement options."
"NCT00054210","https://clinicaltrialfailures.com/trial/NCT00054210","false","false","missing_stop_reason","UNRESOLVED","UNRESOLVED_MISSING_STOP_REASON","UNCLASSIFIED","REVIEW_HOLD","VERIFY_CURRENT_EXCLUSION","Do not deindex automatically; compare source evidence, page uniqueness, GSC value, and replacement options."
"NCT00055575","https://clinicaltrialfailures.com/trial/NCT00055575","false","false","missing_stop_reason","UNRESOLVED","UNRESOLVED_MISSING_STOP_REASON","UNCLASSIFIED","REVIEW_HOLD","VERIFY_CURRENT_EXCLUSION","Do not deindex automatically; compare source evidence, page uniqueness, GSC value, and replacement options."
"NCT00056979","https://clinicaltrialfailures.com/trial/NCT00056979","false","false","missing_stop_reason","UNRESOLVED","UNRESOLVED_MISSING_STOP_REASON","UNCLASSIFIED","REVIEW_HOLD","VERIFY_CURRENT_EXCLUSION","Do not deindex automatically; compare source evidence, page uniqueness, GSC value, and replacement options."
"NCT00057486","https://clinicaltrialfailures.com/trial/NCT00057486","false","false","missing_stop_reason","UNRESOLVED","UNRESOLVED_MISSING_STOP_REASON","UNCLASSIFIED","REVIEW_HOLD","VERIFY_CURRENT_EXCLUSION","Do not deindex automatically; compare source evidence, page uniqueness, GSC value, and replacement options."
"NCT00059228","https://clinicaltrialfailures.com/trial/NCT00059228","false","false","missing_stop_reason","UNRESOLVED","UNRESOLVED_MISSING_STOP_REASON","UNCLASSIFIED","REVIEW_HOLD","VERIFY_CURRENT_EXCLUSION","Do not deindex automatically; compare source evidence, page uniqueness, GSC value, and replacement options."
"NCT00060671","https://clinicaltrialfailures.com/trial/NCT00060671","false","false","missing_stop_reason","UNRESOLVED","UNRESOLVED_MISSING_STOP_REASON","UNCLASSIFIED","REVIEW_HOLD","VERIFY_CURRENT_EXCLUSION","Do not deindex automatically; compare source evidence, page uniqueness, GSC value, and replacement options."
"NCT00063934","https://clinicaltrialfailures.com/trial/NCT00063934","false","false","missing_stop_reason","UNRESOLVED","UNRESOLVED_MISSING_STOP_REASON","UNCLASSIFIED","REVIEW_HOLD","VERIFY_CURRENT_EXCLUSION","Do not deindex automatically; compare source evidence, page uniqueness, GSC value, and replacement options."
"NCT00068666","https://clinicaltrialfailures.com/trial/NCT00068666","false","false","missing_stop_reason","UNRESOLVED","UNRESOLVED_MISSING_STOP_REASON","UNCLASSIFIED","REVIEW_HOLD","VERIFY_CURRENT_EXCLUSION","Do not deindex automatically; compare source evidence, page uniqueness, GSC value, and replacement options."
"NCT00069069","https://clinicaltrialfailures.com/trial/NCT00069069","false","false","missing_stop_reason","UNRESOLVED","UNRESOLVED_MISSING_STOP_REASON","UNCLASSIFIED","REVIEW_HOLD","VERIFY_CURRENT_EXCLUSION","Do not deindex automatically; compare source evidence, page uniqueness, GSC value, and replacement options."
"NCT00070317","https://clinicaltrialfailures.com/trial/NCT00070317","false","false","missing_stop_reason","UNRESOLVED","UNRESOLVED_MISSING_STOP_REASON","UNCLASSIFIED","REVIEW_HOLD","VERIFY_CURRENT_EXCLUSION","Do not deindex automatically; compare source evidence, page uniqueness, GSC value, and replacement options."
"NCT00070954","https://clinicaltrialfailures.com/trial/NCT00070954","false","false","missing_stop_reason","UNRESOLVED","UNRESOLVED_MISSING_STOP_REASON","UNCLASSIFIED","REVIEW_HOLD","VERIFY_CURRENT_EXCLUSION","Do not deindex automatically; compare source evidence, page uniqueness, GSC value, and replacement options."
"NCT00073450","https://clinicaltrialfailures.com/trial/NCT00073450","false","false","missing_stop_reason","UNRESOLVED","UNRESOLVED_MISSING_STOP_REASON","UNCLASSIFIED","REVIEW_HOLD","VERIFY_CURRENT_EXCLUSION","Do not deindex automatically; compare source evidence, page uniqueness, GSC value, and replacement options."
"NCT00075673","https://clinicaltrialfailures.com/trial/NCT00075673","false","false","missing_stop_reason","UNRESOLVED","UNRESOLVED_MISSING_STOP_REASON","UNCLASSIFIED","REVIEW_HOLD","VERIFY_CURRENT_EXCLUSION","Do not deindex automatically; compare source evidence, page uniqueness, GSC value, and replacement options."
"NCT00076206","https://clinicaltrialfailures.com/trial/NCT00076206","false","false","missing_stop_reason","UNRESOLVED","UNRESOLVED_MISSING_STOP_REASON","UNCLASSIFIED","REVIEW_HOLD","VERIFY_CURRENT_EXCLUSION","Do not deindex automatically; compare source evidence, page uniqueness, GSC value, and replacement options."
"NCT00077961","https://clinicaltrialfailures.com/trial/NCT00077961","false","false","missing_stop_reason","UNRESOLVED","UNRESOLVED_MISSING_STOP_REASON","UNCLASSIFIED","REVIEW_HOLD","VERIFY_CURRENT_EXCLUSION","Do not deindex automatically; compare source evidence, page uniqueness, GSC value, and replacement options."
"NCT00078182","https://clinicaltrialfailures.com/trial/NCT00078182","false","false","missing_stop_reason","UNRESOLVED","UNRESOLVED_MISSING_STOP_REASON","UNCLASSIFIED","REVIEW_HOLD","VERIFY_CURRENT_EXCLUSION","Do not deindex automatically; compare source evidence, page uniqueness, GSC value, and replacement options."
"NCT00081224","https://clinicaltrialfailures.com/trial/NCT00081224","false","false","missing_stop_reason","UNRESOLVED","UNRESOLVED_MISSING_STOP_REASON","UNCLASSIFIED","REVIEW_HOLD","VERIFY_CURRENT_EXCLUSION","Do not deindex automatically; compare source evidence, page uniqueness, GSC value, and replacement options."
"NCT00082225","https://clinicaltrialfailures.com/trial/NCT00082225","false","false","missing_stop_reason","UNRESOLVED","UNRESOLVED_MISSING_STOP_REASON","UNCLASSIFIED","REVIEW_HOLD","VERIFY_CURRENT_EXCLUSION","Do not deindex automatically; compare source evidence, page uniqueness, GSC value, and replacement options."
"NCT00083772","https://clinicaltrialfailures.com/trial/NCT00083772","false","false","missing_stop_reason","UNRESOLVED","UNRESOLVED_MISSING_STOP_REASON","UNCLASSIFIED","REVIEW_HOLD","VERIFY_CURRENT_EXCLUSION","Do not deindex automatically; compare source evidence, page uniqueness, GSC value, and replacement options."
"NCT00083967","https://clinicaltrialfailures.com/trial/NCT00083967","false","false","missing_stop_reason","UNRESOLVED","UNRESOLVED_MISSING_STOP_REASON","UNCLASSIFIED","REVIEW_HOLD","VERIFY_CURRENT_EXCLUSION","Do not deindex automatically; compare source evidence, page uniqueness, GSC value, and replacement options."
"NCT00087620","https://clinicaltrialfailures.com/trial/NCT00087620","false","false","missing_stop_reason","UNRESOLVED","UNRESOLVED_MISSING_STOP_REASON","UNCLASSIFIED","REVIEW_HOLD","VERIFY_CURRENT_EXCLUSION","Do not deindex automatically; compare source evidence, page uniqueness, GSC value, and replacement options."
"NCT00088881","https://clinicaltrialfailures.com/trial/NCT00088881","false","false","missing_stop_reason","UNRESOLVED","UNRESOLVED_MISSING_STOP_REASON","UNCLASSIFIED","REVIEW_HOLD","VERIFY_CURRENT_EXCLUSION","Do not deindex automatically; compare source evidence, page uniqueness, GSC value, and replacement options."
"NCT00089518","https://clinicaltrialfailures.com/trial/NCT00089518","false","false","missing_stop_reason","UNRESOLVED","UNRESOLVED_MISSING_STOP_REASON","UNCLASSIFIED","REVIEW_HOLD","VERIFY_CURRENT_EXCLUSION","Do not deindex automatically; compare source evidence, page uniqueness, GSC value, and replacement options."
"NCT00089544","https://clinicaltrialfailures.com/trial/NCT00089544","false","false","missing_stop_reason","UNRESOLVED","UNRESOLVED_MISSING_STOP_REASON","UNCLASSIFIED","REVIEW_HOLD","VERIFY_CURRENT_EXCLUSION","Do not deindex automatically; compare source evidence, page uniqueness, GSC value, and replacement options."
"NCT00090194","https://clinicaltrialfailures.com/trial/NCT00090194","false","false","missing_stop_reason","UNRESOLVED","UNRESOLVED_MISSING_STOP_REASON","UNCLASSIFIED","REVIEW_HOLD","VERIFY_CURRENT_EXCLUSION","Do not deindex automatically; compare source evidence, page uniqueness, GSC value, and replacement options."
"NCT00092287","https://clinicaltrialfailures.com/trial/NCT00092287","false","false","missing_stop_reason","UNRESOLVED","UNRESOLVED_MISSING_STOP_REASON","UNCLASSIFIED","REVIEW_HOLD","VERIFY_CURRENT_EXCLUSION","Do not deindex automatically; compare source evidence, page uniqueness, GSC value, and replacement options."
"NCT00092833","https://clinicaltrialfailures.com/trial/NCT00092833","false","false","missing_stop_reason","UNRESOLVED","UNRESOLVED_MISSING_STOP_REASON","UNCLASSIFIED","REVIEW_HOLD","VERIFY_CURRENT_EXCLUSION","Do not deindex automatically; compare source evidence, page uniqueness, GSC value, and replacement options."
"NCT00093652","https://clinicaltrialfailures.com/trial/NCT00093652","false","false","missing_stop_reason","UNRESOLVED","UNRESOLVED_MISSING_STOP_REASON","UNCLASSIFIED","REVIEW_HOLD","VERIFY_CURRENT_EXCLUSION","Do not deindex automatically; compare source evidence, page uniqueness, GSC value, and replacement options."
"NCT00093678","https://clinicaltrialfailures.com/trial/NCT00093678","false","false","missing_stop_reason","UNRESOLVED","UNRESOLVED_MISSING_STOP_REASON","UNCLASSIFIED","REVIEW_HOLD","VERIFY_CURRENT_EXCLUSION","Do not deindex automatically; compare source evidence, page uniqueness, GSC value, and replacement options."
"NCT00094666","https://clinicaltrialfailures.com/trial/NCT00094666","false","false","missing_stop_reason","UNRESOLVED","UNRESOLVED_MISSING_STOP_REASON","UNCLASSIFIED","REVIEW_HOLD","VERIFY_CURRENT_EXCLUSION","Do not deindex automatically; compare source evidence, page uniqueness, GSC value, and replacement options."
"NCT00094978","https://clinicaltrialfailures.com/trial/NCT00094978","false","false","missing_stop_reason","UNRESOLVED","UNRESOLVED_MISSING_STOP_REASON","UNCLASSIFIED","REVIEW_HOLD","VERIFY_CURRENT_EXCLUSION","Do not deindex automatically; compare source evidence, page uniqueness, GSC value, and replacement options."
"NCT00095017","https://clinicaltrialfailures.com/trial/NCT00095017","false","false","missing_stop_reason","UNRESOLVED","UNRESOLVED_MISSING_STOP_REASON","UNCLASSIFIED","REVIEW_HOLD","VERIFY_CURRENT_EXCLUSION","Do not deindex automatically; compare source evidence, page uniqueness, GSC value, and replacement options."
"NCT00095576","https://clinicaltrialfailures.com/trial/NCT00095576","false","false","missing_stop_reason","UNRESOLVED","UNRESOLVED_MISSING_STOP_REASON","UNCLASSIFIED","REVIEW_HOLD","VERIFY_CURRENT_EXCLUSION","Do not deindex automatically; compare source evidence, page uniqueness, GSC value, and replacement options."
"NCT00095862","https://clinicaltrialfailures.com/trial/NCT00095862","false","false","missing_stop_reason","UNRESOLVED","UNRESOLVED_MISSING_STOP_REASON","UNCLASSIFIED","REVIEW_HOLD","VERIFY_CURRENT_EXCLUSION","Do not deindex automatically; compare source evidence, page uniqueness, GSC value, and replacement options."
"NCT00096187","https://clinicaltrialfailures.com/trial/NCT00096187","false","false","missing_stop_reason","UNRESOLVED","UNRESOLVED_MISSING_STOP_REASON","UNCLASSIFIED","REVIEW_HOLD","VERIFY_CURRENT_EXCLUSION","Do not deindex automatically; compare source evidence, page uniqueness, GSC value, and replacement options."
"NCT00096265","https://clinicaltrialfailures.com/trial/NCT00096265","false","false","missing_stop_reason","UNRESOLVED","UNRESOLVED_MISSING_STOP_REASON","UNCLASSIFIED","REVIEW_HOLD","VERIFY_CURRENT_EXCLUSION","Do not deindex automatically; compare source evidence, page uniqueness, GSC value, and replacement options."
"NCT00099177","https://clinicaltrialfailures.com/trial/NCT00099177","false","false","missing_stop_reason","UNRESOLVED","UNRESOLVED_MISSING_STOP_REASON","UNCLASSIFIED","REVIEW_HOLD","VERIFY_CURRENT_EXCLUSION","Do not deindex automatically; compare source evidence, page uniqueness, GSC value, and replacement options."
"NCT00099203","https://clinicaltrialfailures.com/trial/NCT00099203","false","false","missing_stop_reason","UNRESOLVED","UNRESOLVED_MISSING_STOP_REASON","UNCLASSIFIED","REVIEW_HOLD","VERIFY_CURRENT_EXCLUSION","Do not deindex automatically; compare source evidence, page uniqueness, GSC value, and replacement options."
"NCT00099346","https://clinicaltrialfailures.com/trial/NCT00099346","false","false","missing_stop_reason","UNRESOLVED","UNRESOLVED_MISSING_STOP_REASON","UNCLASSIFIED","REVIEW_HOLD","VERIFY_CURRENT_EXCLUSION","Do not deindex automatically; compare source evidence, page uniqueness, GSC value, and replacement options."
"NCT00100152","https://clinicaltrialfailures.com/trial/NCT00100152","false","false","missing_stop_reason","UNRESOLVED","UNRESOLVED_MISSING_STOP_REASON","UNCLASSIFIED","REVIEW_HOLD","VERIFY_CURRENT_EXCLUSION","Do not deindex automatically; compare source evidence, page uniqueness, GSC value, and replacement options."
"NCT00101140","https://clinicaltrialfailures.com/trial/NCT00101140","false","false","missing_stop_reason","UNRESOLVED","UNRESOLVED_MISSING_STOP_REASON","UNCLASSIFIED","REVIEW_HOLD","VERIFY_CURRENT_EXCLUSION","Do not deindex automatically; compare source evidence, page uniqueness, GSC value, and replacement options."
"NCT00102154","https://clinicaltrialfailures.com/trial/NCT00102154","false","false","missing_stop_reason","UNRESOLVED","UNRESOLVED_MISSING_STOP_REASON","UNCLASSIFIED","REVIEW_HOLD","VERIFY_CURRENT_EXCLUSION","Do not deindex automatically; compare source evidence, page uniqueness, GSC value, and replacement options."
"NCT00102778","https://clinicaltrialfailures.com/trial/NCT00102778","false","false","missing_stop_reason","UNRESOLVED","UNRESOLVED_MISSING_STOP_REASON","UNCLASSIFIED","REVIEW_HOLD","VERIFY_CURRENT_EXCLUSION","Do not deindex automatically; compare source evidence, page uniqueness, GSC value, and replacement options."
"NCT00102947","https://clinicaltrialfailures.com/trial/NCT00102947","false","false","missing_stop_reason","UNRESOLVED","UNRESOLVED_MISSING_STOP_REASON","UNCLASSIFIED","REVIEW_HOLD","VERIFY_CURRENT_EXCLUSION","Do not deindex automatically; compare source evidence, page uniqueness, GSC value, and replacement options."
"NCT00104143","https://clinicaltrialfailures.com/trial/NCT00104143","false","false","missing_stop_reason","UNRESOLVED","UNRESOLVED_MISSING_STOP_REASON","UNCLASSIFIED","REVIEW_HOLD","VERIFY_CURRENT_EXCLUSION","Do not deindex automatically; compare source evidence, page uniqueness, GSC value, and replacement options."
"NCT00104429","https://clinicaltrialfailures.com/trial/NCT00104429","false","false","missing_stop_reason","UNRESOLVED","UNRESOLVED_MISSING_STOP_REASON","UNCLASSIFIED","REVIEW_HOLD","VERIFY_CURRENT_EXCLUSION","Do not deindex automatically; compare source evidence, page uniqueness, GSC value, and replacement options."
"NCT00104754","https://clinicaltrialfailures.com/trial/NCT00104754","false","false","missing_stop_reason","UNRESOLVED","UNRESOLVED_MISSING_STOP_REASON","UNCLASSIFIED","REVIEW_HOLD","VERIFY_CURRENT_EXCLUSION","Do not deindex automatically; compare source evidence, page uniqueness, GSC value, and replacement options."
"NCT00105222","https://clinicaltrialfailures.com/trial/NCT00105222","false","false","missing_stop_reason","UNRESOLVED","UNRESOLVED_MISSING_STOP_REASON","UNCLASSIFIED","REVIEW_HOLD","VERIFY_CURRENT_EXCLUSION","Do not deindex automatically; compare source evidence, page uniqueness, GSC value, and replacement options."
"NCT00108056","https://clinicaltrialfailures.com/trial/NCT00108056","false","false","missing_stop_reason","UNRESOLVED","UNRESOLVED_MISSING_STOP_REASON","UNCLASSIFIED","REVIEW_HOLD","VERIFY_CURRENT_EXCLUSION","Do not deindex automatically; compare source evidence, page uniqueness, GSC value, and replacement options."
"NCT00109109","https://clinicaltrialfailures.com/trial/NCT00109109","false","false","missing_stop_reason","UNRESOLVED","UNRESOLVED_MISSING_STOP_REASON","UNCLASSIFIED","REVIEW_HOLD","VERIFY_CURRENT_EXCLUSION","Do not deindex automatically; compare source evidence, page uniqueness, GSC value, and replacement options."
"NCT00109538","https://clinicaltrialfailures.com/trial/NCT00109538","false","false","missing_stop_reason","UNRESOLVED","UNRESOLVED_MISSING_STOP_REASON","UNCLASSIFIED","REVIEW_HOLD","VERIFY_CURRENT_EXCLUSION","Do not deindex automatically; compare source evidence, page uniqueness, GSC value, and replacement options."
"NCT00109759","https://clinicaltrialfailures.com/trial/NCT00109759","false","false","missing_stop_reason","UNRESOLVED","UNRESOLVED_MISSING_STOP_REASON","UNCLASSIFIED","REVIEW_HOLD","VERIFY_CURRENT_EXCLUSION","Do not deindex automatically; compare source evidence, page uniqueness, GSC value, and replacement options."
"NCT00113256","https://clinicaltrialfailures.com/trial/NCT00113256","false","false","missing_stop_reason","UNRESOLVED","UNRESOLVED_MISSING_STOP_REASON","UNCLASSIFIED","REVIEW_HOLD","VERIFY_CURRENT_EXCLUSION","Do not deindex automatically; compare source evidence, page uniqueness, GSC value, and replacement options."
"NCT00114062","https://clinicaltrialfailures.com/trial/NCT00114062","false","false","missing_stop_reason","UNRESOLVED","UNRESOLVED_MISSING_STOP_REASON","UNCLASSIFIED","REVIEW_HOLD","VERIFY_CURRENT_EXCLUSION","Do not deindex automatically; compare source evidence, page uniqueness, GSC value, and replacement options."
"NCT00119743","https://clinicaltrialfailures.com/trial/NCT00119743","false","false","missing_stop_reason","UNRESOLVED","UNRESOLVED_MISSING_STOP_REASON","UNCLASSIFIED","REVIEW_HOLD","VERIFY_CURRENT_EXCLUSION","Do not deindex automatically; compare source evidence, page uniqueness, GSC value, and replacement options."
"NCT00120653","https://clinicaltrialfailures.com/trial/NCT00120653","false","false","missing_stop_reason","UNRESOLVED","UNRESOLVED_MISSING_STOP_REASON","UNCLASSIFIED","REVIEW_HOLD","VERIFY_CURRENT_EXCLUSION","Do not deindex automatically; compare source evidence, page uniqueness, GSC value, and replacement options."
"NCT00123149","https://clinicaltrialfailures.com/trial/NCT00123149","false","false","missing_stop_reason","UNRESOLVED","UNRESOLVED_MISSING_STOP_REASON","UNCLASSIFIED","REVIEW_HOLD","VERIFY_CURRENT_EXCLUSION","Do not deindex automatically; compare source evidence, page uniqueness, GSC value, and replacement options."
"NCT00123903","https://clinicaltrialfailures.com/trial/NCT00123903","false","false","missing_stop_reason","UNRESOLVED","UNRESOLVED_MISSING_STOP_REASON","UNCLASSIFIED","REVIEW_HOLD","VERIFY_CURRENT_EXCLUSION","Do not deindex automatically; compare source evidence, page uniqueness, GSC value, and replacement options."
"NCT00124891","https://clinicaltrialfailures.com/trial/NCT00124891","false","false","missing_stop_reason","UNRESOLVED","UNRESOLVED_MISSING_STOP_REASON","UNCLASSIFIED","REVIEW_HOLD","VERIFY_CURRENT_EXCLUSION","Do not deindex automatically; compare source evidence, page uniqueness, GSC value, and replacement options."
"NCT00124956","https://clinicaltrialfailures.com/trial/NCT00124956","false","false","missing_stop_reason","UNRESOLVED","UNRESOLVED_MISSING_STOP_REASON","UNCLASSIFIED","REVIEW_HOLD","VERIFY_CURRENT_EXCLUSION","Do not deindex automatically; compare source evidence, page uniqueness, GSC value, and replacement options."
"NCT00125281","https://clinicaltrialfailures.com/trial/NCT00125281","false","false","missing_stop_reason","UNRESOLVED","UNRESOLVED_MISSING_STOP_REASON","UNCLASSIFIED","REVIEW_HOLD","VERIFY_CURRENT_EXCLUSION","Do not deindex automatically; compare source evidence, page uniqueness, GSC value, and replacement options."
"NCT00126230","https://clinicaltrialfailures.com/trial/NCT00126230","false","false","missing_stop_reason","UNRESOLVED","UNRESOLVED_MISSING_STOP_REASON","UNCLASSIFIED","REVIEW_HOLD","VERIFY_CURRENT_EXCLUSION","Do not deindex automatically; compare source evidence, page uniqueness, GSC value, and replacement options."
"NCT00126451","https://clinicaltrialfailures.com/trial/NCT00126451","false","false","missing_stop_reason","UNRESOLVED","UNRESOLVED_MISSING_STOP_REASON","UNCLASSIFIED","REVIEW_HOLD","VERIFY_CURRENT_EXCLUSION","Do not deindex automatically; compare source evidence, page uniqueness, GSC value, and replacement options."
"NCT00126568","https://clinicaltrialfailures.com/trial/NCT00126568","false","false","missing_stop_reason","UNRESOLVED","UNRESOLVED_MISSING_STOP_REASON","UNCLASSIFIED","REVIEW_HOLD","VERIFY_CURRENT_EXCLUSION","Do not deindex automatically; compare source evidence, page uniqueness, GSC value, and replacement options."
"NCT00126659","https://clinicaltrialfailures.com/trial/NCT00126659","false","false","missing_stop_reason","UNRESOLVED","UNRESOLVED_MISSING_STOP_REASON","UNCLASSIFIED","REVIEW_HOLD","VERIFY_CURRENT_EXCLUSION","Do not deindex automatically; compare source evidence, page uniqueness, GSC value, and replacement options."
"NCT00126971","https://clinicaltrialfailures.com/trial/NCT00126971","false","false","missing_stop_reason","UNRESOLVED","UNRESOLVED_MISSING_STOP_REASON","UNCLASSIFIED","REVIEW_HOLD","VERIFY_CURRENT_EXCLUSION","Do not deindex automatically; compare source evidence, page uniqueness, GSC value, and replacement options."
"NCT00128115","https://clinicaltrialfailures.com/trial/NCT00128115","false","false","missing_stop_reason","UNRESOLVED","UNRESOLVED_MISSING_STOP_REASON","UNCLASSIFIED","REVIEW_HOLD","VERIFY_CURRENT_EXCLUSION","Do not deindex automatically; compare source evidence, page uniqueness, GSC value, and replacement options."
"NCT00128895","https://clinicaltrialfailures.com/trial/NCT00128895","false","false","missing_stop_reason","UNRESOLVED","UNRESOLVED_MISSING_STOP_REASON","UNCLASSIFIED","REVIEW_HOLD","VERIFY_CURRENT_EXCLUSION","Do not deindex automatically; compare source evidence, page uniqueness, GSC value, and replacement options."
"NCT00130806","https://clinicaltrialfailures.com/trial/NCT00130806","false","false","missing_stop_reason","UNRESOLVED","UNRESOLVED_MISSING_STOP_REASON","UNCLASSIFIED","REVIEW_HOLD","VERIFY_CURRENT_EXCLUSION","Do not deindex automatically; compare source evidence, page uniqueness, GSC value, and replacement options."
"NCT00130936","https://clinicaltrialfailures.com/trial/NCT00130936","false","false","missing_stop_reason","UNRESOLVED","UNRESOLVED_MISSING_STOP_REASON","UNCLASSIFIED","REVIEW_HOLD","VERIFY_CURRENT_EXCLUSION","Do not deindex automatically; compare source evidence, page uniqueness, GSC value, and replacement options."
"NCT00132730","https://clinicaltrialfailures.com/trial/NCT00132730","false","false","missing_stop_reason","UNRESOLVED","UNRESOLVED_MISSING_STOP_REASON","UNCLASSIFIED","REVIEW_HOLD","VERIFY_CURRENT_EXCLUSION","Do not deindex automatically; compare source evidence, page uniqueness, GSC value, and replacement options."
"NCT00133029","https://clinicaltrialfailures.com/trial/NCT00133029","false","false","missing_stop_reason","UNRESOLVED","UNRESOLVED_MISSING_STOP_REASON","UNCLASSIFIED","REVIEW_HOLD","VERIFY_CURRENT_EXCLUSION","Do not deindex automatically; compare source evidence, page uniqueness, GSC value, and replacement options."
"NCT00133432","https://clinicaltrialfailures.com/trial/NCT00133432","false","false","missing_stop_reason","UNRESOLVED","UNRESOLVED_MISSING_STOP_REASON","UNCLASSIFIED","REVIEW_HOLD","VERIFY_CURRENT_EXCLUSION","Do not deindex automatically; compare source evidence, page uniqueness, GSC value, and replacement options."
"NCT00133458","https://clinicaltrialfailures.com/trial/NCT00133458","false","false","missing_stop_reason","UNRESOLVED","UNRESOLVED_MISSING_STOP_REASON","UNCLASSIFIED","REVIEW_HOLD","VERIFY_CURRENT_EXCLUSION","Do not deindex automatically; compare source evidence, page uniqueness, GSC value, and replacement options."
"NCT00134875","https://clinicaltrialfailures.com/trial/NCT00134875","false","false","missing_stop_reason","UNRESOLVED","UNRESOLVED_MISSING_STOP_REASON","UNCLASSIFIED","REVIEW_HOLD","VERIFY_CURRENT_EXCLUSION","Do not deindex automatically; compare source evidence, page uniqueness, GSC value, and replacement options."
"NCT00135863","https://clinicaltrialfailures.com/trial/NCT00135863","false","false","missing_stop_reason","UNRESOLVED","UNRESOLVED_MISSING_STOP_REASON","UNCLASSIFIED","REVIEW_HOLD","VERIFY_CURRENT_EXCLUSION","Do not deindex automatically; compare source evidence, page uniqueness, GSC value, and replacement options."
"NCT00140894","https://clinicaltrialfailures.com/trial/NCT00140894","false","false","missing_stop_reason","UNRESOLVED","UNRESOLVED_MISSING_STOP_REASON","UNCLASSIFIED","REVIEW_HOLD","VERIFY_CURRENT_EXCLUSION","Do not deindex automatically; compare source evidence, page uniqueness, GSC value, and replacement options."
"NCT00143429","https://clinicaltrialfailures.com/trial/NCT00143429","false","false","missing_stop_reason","UNRESOLVED","UNRESOLVED_MISSING_STOP_REASON","UNCLASSIFIED","REVIEW_HOLD","VERIFY_CURRENT_EXCLUSION","Do not deindex automatically; compare source evidence, page uniqueness, GSC value, and replacement options."
"NCT00146094","https://clinicaltrialfailures.com/trial/NCT00146094","false","false","missing_stop_reason","UNRESOLVED","UNRESOLVED_MISSING_STOP_REASON","UNCLASSIFIED","REVIEW_HOLD","VERIFY_CURRENT_EXCLUSION","Do not deindex automatically; compare source evidence, page uniqueness, GSC value, and replacement options."
"NCT00148590","https://clinicaltrialfailures.com/trial/NCT00148590","false","false","missing_stop_reason","UNRESOLVED","UNRESOLVED_MISSING_STOP_REASON","UNCLASSIFIED","REVIEW_HOLD","VERIFY_CURRENT_EXCLUSION","Do not deindex automatically; compare source evidence, page uniqueness, GSC value, and replacement options."
"NCT00148616","https://clinicaltrialfailures.com/trial/NCT00148616","false","false","missing_stop_reason","UNRESOLVED","UNRESOLVED_MISSING_STOP_REASON","UNCLASSIFIED","REVIEW_HOLD","VERIFY_CURRENT_EXCLUSION","Do not deindex automatically; compare source evidence, page uniqueness, GSC value, and replacement options."
"NCT00151619","https://clinicaltrialfailures.com/trial/NCT00151619","false","false","missing_stop_reason","UNRESOLVED","UNRESOLVED_MISSING_STOP_REASON","UNCLASSIFIED","REVIEW_HOLD","VERIFY_CURRENT_EXCLUSION","Do not deindex automatically; compare source evidence, page uniqueness, GSC value, and replacement options."
"NCT00157508","https://clinicaltrialfailures.com/trial/NCT00157508","false","false","missing_stop_reason","UNRESOLVED","UNRESOLVED_MISSING_STOP_REASON","UNCLASSIFIED","REVIEW_HOLD","VERIFY_CURRENT_EXCLUSION","Do not deindex automatically; compare source evidence, page uniqueness, GSC value, and replacement options."
"NCT00158886","https://clinicaltrialfailures.com/trial/NCT00158886","false","false","missing_stop_reason","UNRESOLVED","UNRESOLVED_MISSING_STOP_REASON","UNCLASSIFIED","REVIEW_HOLD","VERIFY_CURRENT_EXCLUSION","Do not deindex automatically; compare source evidence, page uniqueness, GSC value, and replacement options."
"NCT00159354","https://clinicaltrialfailures.com/trial/NCT00159354","false","false","missing_stop_reason","UNRESOLVED","UNRESOLVED_MISSING_STOP_REASON","UNCLASSIFIED","REVIEW_HOLD","VERIFY_CURRENT_EXCLUSION","Do not deindex automatically; compare source evidence, page uniqueness, GSC value, and replacement options."
"NCT00161330","https://clinicaltrialfailures.com/trial/NCT00161330","false","false","missing_stop_reason","UNRESOLVED","UNRESOLVED_MISSING_STOP_REASON","UNCLASSIFIED","REVIEW_HOLD","VERIFY_CURRENT_EXCLUSION","Do not deindex automatically; compare source evidence, page uniqueness, GSC value, and replacement options."
"NCT00161564","https://clinicaltrialfailures.com/trial/NCT00161564","false","false","missing_stop_reason","UNRESOLVED","UNRESOLVED_MISSING_STOP_REASON","UNCLASSIFIED","REVIEW_HOLD","VERIFY_CURRENT_EXCLUSION","Do not deindex automatically; compare source evidence, page uniqueness, GSC value, and replacement options."
"NCT00168051","https://clinicaltrialfailures.com/trial/NCT00168051","false","false","missing_stop_reason","UNRESOLVED","UNRESOLVED_MISSING_STOP_REASON","UNCLASSIFIED","REVIEW_HOLD","VERIFY_CURRENT_EXCLUSION","Do not deindex automatically; compare source evidence, page uniqueness, GSC value, and replacement options."
"NCT00169026","https://clinicaltrialfailures.com/trial/NCT00169026","false","false","missing_stop_reason","UNRESOLVED","UNRESOLVED_MISSING_STOP_REASON","UNCLASSIFIED","REVIEW_HOLD","VERIFY_CURRENT_EXCLUSION","Do not deindex automatically; compare source evidence, page uniqueness, GSC value, and replacement options."
"NCT00169039","https://clinicaltrialfailures.com/trial/NCT00169039","false","false","missing_stop_reason","UNRESOLVED","UNRESOLVED_MISSING_STOP_REASON","UNCLASSIFIED","REVIEW_HOLD","VERIFY_CURRENT_EXCLUSION","Do not deindex automatically; compare source evidence, page uniqueness, GSC value, and replacement options."
"NCT00169091","https://clinicaltrialfailures.com/trial/NCT00169091","false","false","missing_stop_reason","UNRESOLVED","UNRESOLVED_MISSING_STOP_REASON","UNCLASSIFIED","REVIEW_HOLD","VERIFY_CURRENT_EXCLUSION","Do not deindex automatically; compare source evidence, page uniqueness, GSC value, and replacement options."
"NCT00171938","https://clinicaltrialfailures.com/trial/NCT00171938","false","false","missing_stop_reason","UNRESOLVED","UNRESOLVED_MISSING_STOP_REASON","UNCLASSIFIED","REVIEW_HOLD","VERIFY_CURRENT_EXCLUSION","Do not deindex automatically; compare source evidence, page uniqueness, GSC value, and replacement options."
"NCT00175149","https://clinicaltrialfailures.com/trial/NCT00175149","false","false","missing_stop_reason","UNRESOLVED","UNRESOLVED_MISSING_STOP_REASON","UNCLASSIFIED","REVIEW_HOLD","VERIFY_CURRENT_EXCLUSION","Do not deindex automatically; compare source evidence, page uniqueness, GSC value, and replacement options."
"NCT00176735","https://clinicaltrialfailures.com/trial/NCT00176735","false","false","missing_stop_reason","UNRESOLVED","UNRESOLVED_MISSING_STOP_REASON","UNCLASSIFIED","REVIEW_HOLD","VERIFY_CURRENT_EXCLUSION","Do not deindex automatically; compare source evidence, page uniqueness, GSC value, and replacement options."
"NCT00178451","https://clinicaltrialfailures.com/trial/NCT00178451","false","false","missing_stop_reason","UNRESOLVED","UNRESOLVED_MISSING_STOP_REASON","UNCLASSIFIED","REVIEW_HOLD","VERIFY_CURRENT_EXCLUSION","Do not deindex automatically; compare source evidence, page uniqueness, GSC value, and replacement options."
"NCT00188045","https://clinicaltrialfailures.com/trial/NCT00188045","false","false","missing_stop_reason","UNRESOLVED","UNRESOLVED_MISSING_STOP_REASON","UNCLASSIFIED","REVIEW_HOLD","VERIFY_CURRENT_EXCLUSION","Do not deindex automatically; compare source evidence, page uniqueness, GSC value, and replacement options."
"NCT00190476","https://clinicaltrialfailures.com/trial/NCT00190476","false","false","missing_stop_reason","UNRESOLVED","UNRESOLVED_MISSING_STOP_REASON","UNCLASSIFIED","REVIEW_HOLD","VERIFY_CURRENT_EXCLUSION","Do not deindex automatically; compare source evidence, page uniqueness, GSC value, and replacement options."
"NCT00190528","https://clinicaltrialfailures.com/trial/NCT00190528","false","false","missing_stop_reason","UNRESOLVED","UNRESOLVED_MISSING_STOP_REASON","UNCLASSIFIED","REVIEW_HOLD","VERIFY_CURRENT_EXCLUSION","Do not deindex automatically; compare source evidence, page uniqueness, GSC value, and replacement options."
"NCT00190554","https://clinicaltrialfailures.com/trial/NCT00190554","false","false","missing_stop_reason","UNRESOLVED","UNRESOLVED_MISSING_STOP_REASON","UNCLASSIFIED","REVIEW_HOLD","VERIFY_CURRENT_EXCLUSION","Do not deindex automatically; compare source evidence, page uniqueness, GSC value, and replacement options."
"NCT00194792","https://clinicaltrialfailures.com/trial/NCT00194792","false","false","missing_stop_reason","UNRESOLVED","UNRESOLVED_MISSING_STOP_REASON","UNCLASSIFIED","REVIEW_HOLD","VERIFY_CURRENT_EXCLUSION","Do not deindex automatically; compare source evidence, page uniqueness, GSC value, and replacement options."
"NCT00194883","https://clinicaltrialfailures.com/trial/NCT00194883","false","false","missing_stop_reason","UNRESOLVED","UNRESOLVED_MISSING_STOP_REASON","UNCLASSIFIED","REVIEW_HOLD","VERIFY_CURRENT_EXCLUSION","Do not deindex automatically; compare source evidence, page uniqueness, GSC value, and replacement options."
"NCT00197145","https://clinicaltrialfailures.com/trial/NCT00197145","false","false","missing_stop_reason","UNRESOLVED","UNRESOLVED_MISSING_STOP_REASON","UNCLASSIFIED","REVIEW_HOLD","VERIFY_CURRENT_EXCLUSION","Do not deindex automatically; compare source evidence, page uniqueness, GSC value, and replacement options."
"NCT00199238","https://clinicaltrialfailures.com/trial/NCT00199238","false","false","missing_stop_reason","UNRESOLVED","UNRESOLVED_MISSING_STOP_REASON","UNCLASSIFIED","REVIEW_HOLD","VERIFY_CURRENT_EXCLUSION","Do not deindex automatically; compare source evidence, page uniqueness, GSC value, and replacement options."
"NCT00202540","https://clinicaltrialfailures.com/trial/NCT00202540","false","false","missing_stop_reason","UNRESOLVED","UNRESOLVED_MISSING_STOP_REASON","UNCLASSIFIED","REVIEW_HOLD","VERIFY_CURRENT_EXCLUSION","Do not deindex automatically; compare source evidence, page uniqueness, GSC value, and replacement options."
"NCT00204503","https://clinicaltrialfailures.com/trial/NCT00204503","false","false","missing_stop_reason","UNRESOLVED","UNRESOLVED_MISSING_STOP_REASON","UNCLASSIFIED","REVIEW_HOLD","VERIFY_CURRENT_EXCLUSION","Do not deindex automatically; compare source evidence, page uniqueness, GSC value, and replacement options."
"NCT00206375","https://clinicaltrialfailures.com/trial/NCT00206375","false","false","missing_stop_reason","UNRESOLVED","UNRESOLVED_MISSING_STOP_REASON","UNCLASSIFIED","REVIEW_HOLD","VERIFY_CURRENT_EXCLUSION","Do not deindex automatically; compare source evidence, page uniqueness, GSC value, and replacement options."
"NCT00209560","https://clinicaltrialfailures.com/trial/NCT00209560","false","false","missing_stop_reason","UNRESOLVED","UNRESOLVED_MISSING_STOP_REASON","UNCLASSIFIED","REVIEW_HOLD","VERIFY_CURRENT_EXCLUSION","Do not deindex automatically; compare source evidence, page uniqueness, GSC value, and replacement options."
"NCT00209599","https://clinicaltrialfailures.com/trial/NCT00209599","false","false","missing_stop_reason","UNRESOLVED","UNRESOLVED_MISSING_STOP_REASON","UNCLASSIFIED","REVIEW_HOLD","VERIFY_CURRENT_EXCLUSION","Do not deindex automatically; compare source evidence, page uniqueness, GSC value, and replacement options."
"NCT00210119","https://clinicaltrialfailures.com/trial/NCT00210119","false","false","missing_stop_reason","UNRESOLVED","UNRESOLVED_MISSING_STOP_REASON","UNCLASSIFIED","REVIEW_HOLD","VERIFY_CURRENT_EXCLUSION","Do not deindex automatically; compare source evidence, page uniqueness, GSC value, and replacement options."
"NCT00214084","https://clinicaltrialfailures.com/trial/NCT00214084","false","false","missing_stop_reason","UNRESOLVED","UNRESOLVED_MISSING_STOP_REASON","UNCLASSIFIED","REVIEW_HOLD","VERIFY_CURRENT_EXCLUSION","Do not deindex automatically; compare source evidence, page uniqueness, GSC value, and replacement options."
"NCT00214214","https://clinicaltrialfailures.com/trial/NCT00214214","false","false","missing_stop_reason","UNRESOLVED","UNRESOLVED_MISSING_STOP_REASON","UNCLASSIFIED","REVIEW_HOLD","VERIFY_CURRENT_EXCLUSION","Do not deindex automatically; compare source evidence, page uniqueness, GSC value, and replacement options."
"NCT00219778","https://clinicaltrialfailures.com/trial/NCT00219778","false","false","missing_stop_reason","UNRESOLVED","UNRESOLVED_MISSING_STOP_REASON","UNCLASSIFIED","REVIEW_HOLD","VERIFY_CURRENT_EXCLUSION","Do not deindex automatically; compare source evidence, page uniqueness, GSC value, and replacement options."
"NCT00226174","https://clinicaltrialfailures.com/trial/NCT00226174","false","false","missing_stop_reason","UNRESOLVED","UNRESOLVED_MISSING_STOP_REASON","UNCLASSIFIED","REVIEW_HOLD","VERIFY_CURRENT_EXCLUSION","Do not deindex automatically; compare source evidence, page uniqueness, GSC value, and replacement options."
"NCT00226746","https://clinicaltrialfailures.com/trial/NCT00226746","false","false","missing_stop_reason","UNRESOLVED","UNRESOLVED_MISSING_STOP_REASON","UNCLASSIFIED","REVIEW_HOLD","VERIFY_CURRENT_EXCLUSION","Do not deindex automatically; compare source evidence, page uniqueness, GSC value, and replacement options."
"NCT00226954","https://clinicaltrialfailures.com/trial/NCT00226954","false","false","missing_stop_reason","UNRESOLVED","UNRESOLVED_MISSING_STOP_REASON","UNCLASSIFIED","REVIEW_HOLD","VERIFY_CURRENT_EXCLUSION","Do not deindex automatically; compare source evidence, page uniqueness, GSC value, and replacement options."
"NCT00226993","https://clinicaltrialfailures.com/trial/NCT00226993","false","false","missing_stop_reason","UNRESOLVED","UNRESOLVED_MISSING_STOP_REASON","UNCLASSIFIED","REVIEW_HOLD","VERIFY_CURRENT_EXCLUSION","Do not deindex automatically; compare source evidence, page uniqueness, GSC value, and replacement options."
"NCT00227136","https://clinicaltrialfailures.com/trial/NCT00227136","false","false","missing_stop_reason","UNRESOLVED","UNRESOLVED_MISSING_STOP_REASON","UNCLASSIFIED","REVIEW_HOLD","VERIFY_CURRENT_EXCLUSION","Do not deindex automatically; compare source evidence, page uniqueness, GSC value, and replacement options."
"NCT00227773","https://clinicaltrialfailures.com/trial/NCT00227773","false","false","missing_stop_reason","UNRESOLVED","UNRESOLVED_MISSING_STOP_REASON","UNCLASSIFIED","REVIEW_HOLD","VERIFY_CURRENT_EXCLUSION","Do not deindex automatically; compare source evidence, page uniqueness, GSC value, and replacement options."
"NCT00233051","https://clinicaltrialfailures.com/trial/NCT00233051","false","false","missing_stop_reason","UNRESOLVED","UNRESOLVED_MISSING_STOP_REASON","UNCLASSIFIED","REVIEW_HOLD","VERIFY_CURRENT_EXCLUSION","Do not deindex automatically; compare source evidence, page uniqueness, GSC value, and replacement options."
"NCT00238082","https://clinicaltrialfailures.com/trial/NCT00238082","false","false","missing_stop_reason","UNRESOLVED","UNRESOLVED_MISSING_STOP_REASON","UNCLASSIFIED","REVIEW_HOLD","VERIFY_CURRENT_EXCLUSION","Do not deindex automatically; compare source evidence, page uniqueness, GSC value, and replacement options."
"NCT00239655","https://clinicaltrialfailures.com/trial/NCT00239655","false","false","missing_stop_reason","UNRESOLVED","UNRESOLVED_MISSING_STOP_REASON","UNCLASSIFIED","REVIEW_HOLD","VERIFY_CURRENT_EXCLUSION","Do not deindex automatically; compare source evidence, page uniqueness, GSC value, and replacement options."
"NCT00240123","https://clinicaltrialfailures.com/trial/NCT00240123","false","false","missing_stop_reason","UNRESOLVED","UNRESOLVED_MISSING_STOP_REASON","UNCLASSIFIED","REVIEW_HOLD","VERIFY_CURRENT_EXCLUSION","Do not deindex automatically; compare source evidence, page uniqueness, GSC value, and replacement options."
"NCT00242528","https://clinicaltrialfailures.com/trial/NCT00242528","false","false","missing_stop_reason","UNRESOLVED","UNRESOLVED_MISSING_STOP_REASON","UNCLASSIFIED","REVIEW_HOLD","VERIFY_CURRENT_EXCLUSION","Do not deindex automatically; compare source evidence, page uniqueness, GSC value, and replacement options."
"NCT00242879","https://clinicaltrialfailures.com/trial/NCT00242879","false","false","missing_stop_reason","UNRESOLVED","UNRESOLVED_MISSING_STOP_REASON","UNCLASSIFIED","REVIEW_HOLD","VERIFY_CURRENT_EXCLUSION","Do not deindex automatically; compare source evidence, page uniqueness, GSC value, and replacement options."
"NCT00243568","https://clinicaltrialfailures.com/trial/NCT00243568","false","false","missing_stop_reason","UNRESOLVED","UNRESOLVED_MISSING_STOP_REASON","UNCLASSIFIED","REVIEW_HOLD","VERIFY_CURRENT_EXCLUSION","Do not deindex automatically; compare source evidence, page uniqueness, GSC value, and replacement options."
"NCT00245544","https://clinicaltrialfailures.com/trial/NCT00245544","false","false","missing_stop_reason","UNRESOLVED","UNRESOLVED_MISSING_STOP_REASON","UNCLASSIFIED","REVIEW_HOLD","VERIFY_CURRENT_EXCLUSION","Do not deindex automatically; compare source evidence, page uniqueness, GSC value, and replacement options."
"NCT00245791","https://clinicaltrialfailures.com/trial/NCT00245791","false","false","missing_stop_reason","UNRESOLVED","UNRESOLVED_MISSING_STOP_REASON","UNCLASSIFIED","REVIEW_HOLD","VERIFY_CURRENT_EXCLUSION","Do not deindex automatically; compare source evidence, page uniqueness, GSC value, and replacement options."
"NCT00250120","https://clinicaltrialfailures.com/trial/NCT00250120","false","false","missing_stop_reason","UNRESOLVED","UNRESOLVED_MISSING_STOP_REASON","UNCLASSIFIED","REVIEW_HOLD","VERIFY_CURRENT_EXCLUSION","Do not deindex automatically; compare source evidence, page uniqueness, GSC value, and replacement options."
"NCT00253526","https://clinicaltrialfailures.com/trial/NCT00253526","false","false","missing_stop_reason","UNRESOLVED","UNRESOLVED_MISSING_STOP_REASON","UNCLASSIFIED","REVIEW_HOLD","VERIFY_CURRENT_EXCLUSION","Do not deindex automatically; compare source evidence, page uniqueness, GSC value, and replacement options."
"NCT00254436","https://clinicaltrialfailures.com/trial/NCT00254436","false","false","missing_stop_reason","UNRESOLVED","UNRESOLVED_MISSING_STOP_REASON","UNCLASSIFIED","REVIEW_HOLD","VERIFY_CURRENT_EXCLUSION","Do not deindex automatically; compare source evidence, page uniqueness, GSC value, and replacement options."
"NCT00255138","https://clinicaltrialfailures.com/trial/NCT00255138","false","false","missing_stop_reason","UNRESOLVED","UNRESOLVED_MISSING_STOP_REASON","UNCLASSIFIED","REVIEW_HOLD","VERIFY_CURRENT_EXCLUSION","Do not deindex automatically; compare source evidence, page uniqueness, GSC value, and replacement options."
"NCT00256555","https://clinicaltrialfailures.com/trial/NCT00256555","false","false","missing_stop_reason","UNRESOLVED","UNRESOLVED_MISSING_STOP_REASON","UNCLASSIFIED","REVIEW_HOLD","VERIFY_CURRENT_EXCLUSION","Do not deindex automatically; compare source evidence, page uniqueness, GSC value, and replacement options."
"NCT00256776","https://clinicaltrialfailures.com/trial/NCT00256776","false","false","missing_stop_reason","UNRESOLVED","UNRESOLVED_MISSING_STOP_REASON","UNCLASSIFIED","REVIEW_HOLD","VERIFY_CURRENT_EXCLUSION","Do not deindex automatically; compare source evidence, page uniqueness, GSC value, and replacement options."
"NCT00261547","https://clinicaltrialfailures.com/trial/NCT00261547","false","false","missing_stop_reason","UNRESOLVED","UNRESOLVED_MISSING_STOP_REASON","UNCLASSIFIED","REVIEW_HOLD","VERIFY_CURRENT_EXCLUSION","Do not deindex automatically; compare source evidence, page uniqueness, GSC value, and replacement options."
"NCT00262132","https://clinicaltrialfailures.com/trial/NCT00262132","false","false","missing_stop_reason","UNRESOLVED","UNRESOLVED_MISSING_STOP_REASON","UNCLASSIFIED","REVIEW_HOLD","VERIFY_CURRENT_EXCLUSION","Do not deindex automatically; compare source evidence, page uniqueness, GSC value, and replacement options."
"NCT00262392","https://clinicaltrialfailures.com/trial/NCT00262392","false","false","missing_stop_reason","UNRESOLVED","UNRESOLVED_MISSING_STOP_REASON","UNCLASSIFIED","REVIEW_HOLD","VERIFY_CURRENT_EXCLUSION","Do not deindex automatically; compare source evidence, page uniqueness, GSC value, and replacement options."
"NCT00262496","https://clinicaltrialfailures.com/trial/NCT00262496","false","false","missing_stop_reason","UNRESOLVED","UNRESOLVED_MISSING_STOP_REASON","UNCLASSIFIED","REVIEW_HOLD","VERIFY_CURRENT_EXCLUSION","Do not deindex automatically; compare source evidence, page uniqueness, GSC value, and replacement options."
"NCT00265746","https://clinicaltrialfailures.com/trial/NCT00265746","false","false","missing_stop_reason","UNRESOLVED","UNRESOLVED_MISSING_STOP_REASON","UNCLASSIFIED","REVIEW_HOLD","VERIFY_CURRENT_EXCLUSION","Do not deindex automatically; compare source evidence, page uniqueness, GSC value, and replacement options."
"NCT00266357","https://clinicaltrialfailures.com/trial/NCT00266357","false","false","missing_stop_reason","UNRESOLVED","UNRESOLVED_MISSING_STOP_REASON","UNCLASSIFIED","REVIEW_HOLD","VERIFY_CURRENT_EXCLUSION","Do not deindex automatically; compare source evidence, page uniqueness, GSC value, and replacement options."
"NCT00268450","https://clinicaltrialfailures.com/trial/NCT00268450","false","false","missing_stop_reason","UNRESOLVED","UNRESOLVED_MISSING_STOP_REASON","UNCLASSIFIED","REVIEW_HOLD","VERIFY_CURRENT_EXCLUSION","Do not deindex automatically; compare source evidence, page uniqueness, GSC value, and replacement options."
"NCT00269828","https://clinicaltrialfailures.com/trial/NCT00269828","false","false","missing_stop_reason","UNRESOLVED","UNRESOLVED_MISSING_STOP_REASON","UNCLASSIFIED","REVIEW_HOLD","VERIFY_CURRENT_EXCLUSION","Do not deindex automatically; compare source evidence, page uniqueness, GSC value, and replacement options."
"NCT00269971","https://clinicaltrialfailures.com/trial/NCT00269971","false","false","missing_stop_reason","UNRESOLVED","UNRESOLVED_MISSING_STOP_REASON","UNCLASSIFIED","REVIEW_HOLD","VERIFY_CURRENT_EXCLUSION","Do not deindex automatically; compare source evidence, page uniqueness, GSC value, and replacement options."
"NCT00272909","https://clinicaltrialfailures.com/trial/NCT00272909","false","false","missing_stop_reason","UNRESOLVED","UNRESOLVED_MISSING_STOP_REASON","UNCLASSIFIED","REVIEW_HOLD","VERIFY_CURRENT_EXCLUSION","Do not deindex automatically; compare source evidence, page uniqueness, GSC value, and replacement options."
"NCT00273026","https://clinicaltrialfailures.com/trial/NCT00273026","false","false","missing_stop_reason","UNRESOLVED","UNRESOLVED_MISSING_STOP_REASON","UNCLASSIFIED","REVIEW_HOLD","VERIFY_CURRENT_EXCLUSION","Do not deindex automatically; compare source evidence, page uniqueness, GSC value, and replacement options."
"NCT00274105","https://clinicaltrialfailures.com/trial/NCT00274105","false","false","missing_stop_reason","UNRESOLVED","UNRESOLVED_MISSING_STOP_REASON","UNCLASSIFIED","REVIEW_HOLD","VERIFY_CURRENT_EXCLUSION","Do not deindex automatically; compare source evidence, page uniqueness, GSC value, and replacement options."
"NCT00275379","https://clinicaltrialfailures.com/trial/NCT00275379","false","false","missing_stop_reason","UNRESOLVED","UNRESOLVED_MISSING_STOP_REASON","UNCLASSIFIED","REVIEW_HOLD","VERIFY_CURRENT_EXCLUSION","Do not deindex automatically; compare source evidence, page uniqueness, GSC value, and replacement options."
"NCT00277550","https://clinicaltrialfailures.com/trial/NCT00277550","false","false","missing_stop_reason","UNRESOLVED","UNRESOLVED_MISSING_STOP_REASON","UNCLASSIFIED","REVIEW_HOLD","VERIFY_CURRENT_EXCLUSION","Do not deindex automatically; compare source evidence, page uniqueness, GSC value, and replacement options."
"NCT00281879","https://clinicaltrialfailures.com/trial/NCT00281879","false","false","missing_stop_reason","UNRESOLVED","UNRESOLVED_MISSING_STOP_REASON","UNCLASSIFIED","REVIEW_HOLD","VERIFY_CURRENT_EXCLUSION","Do not deindex automatically; compare source evidence, page uniqueness, GSC value, and replacement options."
"NCT00281931","https://clinicaltrialfailures.com/trial/NCT00281931","false","false","missing_stop_reason","UNRESOLVED","UNRESOLVED_MISSING_STOP_REASON","UNCLASSIFIED","REVIEW_HOLD","VERIFY_CURRENT_EXCLUSION","Do not deindex automatically; compare source evidence, page uniqueness, GSC value, and replacement options."
"NCT00282399","https://clinicaltrialfailures.com/trial/NCT00282399","false","false","missing_stop_reason","UNRESOLVED","UNRESOLVED_MISSING_STOP_REASON","UNCLASSIFIED","REVIEW_HOLD","VERIFY_CURRENT_EXCLUSION","Do not deindex automatically; compare source evidence, page uniqueness, GSC value, and replacement options."
"NCT00282763","https://clinicaltrialfailures.com/trial/NCT00282763","false","false","missing_stop_reason","UNRESOLVED","UNRESOLVED_MISSING_STOP_REASON","UNCLASSIFIED","REVIEW_HOLD","VERIFY_CURRENT_EXCLUSION","Do not deindex automatically; compare source evidence, page uniqueness, GSC value, and replacement options."
"NCT00283764","https://clinicaltrialfailures.com/trial/NCT00283764","false","false","missing_stop_reason","UNRESOLVED","UNRESOLVED_MISSING_STOP_REASON","UNCLASSIFIED","REVIEW_HOLD","VERIFY_CURRENT_EXCLUSION","Do not deindex automatically; compare source evidence, page uniqueness, GSC value, and replacement options."
"NCT00284791","https://clinicaltrialfailures.com/trial/NCT00284791","false","false","missing_stop_reason","UNRESOLVED","UNRESOLVED_MISSING_STOP_REASON","UNCLASSIFIED","REVIEW_HOLD","VERIFY_CURRENT_EXCLUSION","Do not deindex automatically; compare source evidence, page uniqueness, GSC value, and replacement options."
"NCT00286169","https://clinicaltrialfailures.com/trial/NCT00286169","false","false","missing_stop_reason","UNRESOLVED","UNRESOLVED_MISSING_STOP_REASON","UNCLASSIFIED","REVIEW_HOLD","VERIFY_CURRENT_EXCLUSION","Do not deindex automatically; compare source evidence, page uniqueness, GSC value, and replacement options."
"NCT00286676","https://clinicaltrialfailures.com/trial/NCT00286676","false","false","missing_stop_reason","UNRESOLVED","UNRESOLVED_MISSING_STOP_REASON","UNCLASSIFIED","REVIEW_HOLD","VERIFY_CURRENT_EXCLUSION","Do not deindex automatically; compare source evidence, page uniqueness, GSC value, and replacement options."
"NCT00287456","https://clinicaltrialfailures.com/trial/NCT00287456","false","false","missing_stop_reason","UNRESOLVED","UNRESOLVED_MISSING_STOP_REASON","UNCLASSIFIED","REVIEW_HOLD","VERIFY_CURRENT_EXCLUSION","Do not deindex automatically; compare source evidence, page uniqueness, GSC value, and replacement options."
"NCT00287495","https://clinicaltrialfailures.com/trial/NCT00287495","false","false","missing_stop_reason","UNRESOLVED","UNRESOLVED_MISSING_STOP_REASON","UNCLASSIFIED","REVIEW_HOLD","VERIFY_CURRENT_EXCLUSION","Do not deindex automatically; compare source evidence, page uniqueness, GSC value, and replacement options."
"NCT00288522","https://clinicaltrialfailures.com/trial/NCT00288522","false","false","missing_stop_reason","UNRESOLVED","UNRESOLVED_MISSING_STOP_REASON","UNCLASSIFIED","REVIEW_HOLD","VERIFY_CURRENT_EXCLUSION","Do not deindex automatically; compare source evidence, page uniqueness, GSC value, and replacement options."
"NCT00290550","https://clinicaltrialfailures.com/trial/NCT00290550","false","false","missing_stop_reason","UNRESOLVED","UNRESOLVED_MISSING_STOP_REASON","UNCLASSIFIED","REVIEW_HOLD","VERIFY_CURRENT_EXCLUSION","Do not deindex automatically; compare source evidence, page uniqueness, GSC value, and replacement options."
"NCT00296049","https://clinicaltrialfailures.com/trial/NCT00296049","false","false","missing_stop_reason","UNRESOLVED","UNRESOLVED_MISSING_STOP_REASON","UNCLASSIFIED","REVIEW_HOLD","VERIFY_CURRENT_EXCLUSION","Do not deindex automatically; compare source evidence, page uniqueness, GSC value, and replacement options."
"NCT00297232","https://clinicaltrialfailures.com/trial/NCT00297232","false","false","missing_stop_reason","UNRESOLVED","UNRESOLVED_MISSING_STOP_REASON","UNCLASSIFIED","REVIEW_HOLD","VERIFY_CURRENT_EXCLUSION","Do not deindex automatically; compare source evidence, page uniqueness, GSC value, and replacement options."
"NCT00299247","https://clinicaltrialfailures.com/trial/NCT00299247","false","false","missing_stop_reason","UNRESOLVED","UNRESOLVED_MISSING_STOP_REASON","UNCLASSIFIED","REVIEW_HOLD","VERIFY_CURRENT_EXCLUSION","Do not deindex automatically; compare source evidence, page uniqueness, GSC value, and replacement options."
"NCT00299988","https://clinicaltrialfailures.com/trial/NCT00299988","false","false","missing_stop_reason","UNRESOLVED","UNRESOLVED_MISSING_STOP_REASON","UNCLASSIFIED","REVIEW_HOLD","VERIFY_CURRENT_EXCLUSION","Do not deindex automatically; compare source evidence, page uniqueness, GSC value, and replacement options."
"NCT00302731","https://clinicaltrialfailures.com/trial/NCT00302731","false","false","missing_stop_reason","UNRESOLVED","UNRESOLVED_MISSING_STOP_REASON","UNCLASSIFIED","REVIEW_HOLD","VERIFY_CURRENT_EXCLUSION","Do not deindex automatically; compare source evidence, page uniqueness, GSC value, and replacement options."
"NCT00303225","https://clinicaltrialfailures.com/trial/NCT00303225","false","false","missing_stop_reason","UNRESOLVED","UNRESOLVED_MISSING_STOP_REASON","UNCLASSIFIED","REVIEW_HOLD","VERIFY_CURRENT_EXCLUSION","Do not deindex automatically; compare source evidence, page uniqueness, GSC value, and replacement options."
"NCT00303433","https://clinicaltrialfailures.com/trial/NCT00303433","false","false","missing_stop_reason","UNRESOLVED","UNRESOLVED_MISSING_STOP_REASON","UNCLASSIFIED","REVIEW_HOLD","VERIFY_CURRENT_EXCLUSION","Do not deindex automatically; compare source evidence, page uniqueness, GSC value, and replacement options."
"NCT00303888","https://clinicaltrialfailures.com/trial/NCT00303888","false","false","missing_stop_reason","NON_BIOLOGICAL","RECRUITMENT","DESCRIPTION_FALLBACK","REVIEW_HOLD","VERIFY_CURRENT_EXCLUSION","Do not deindex automatically; compare source evidence, page uniqueness, GSC value, and replacement options."
"NCT00304668","https://clinicaltrialfailures.com/trial/NCT00304668","false","false","missing_stop_reason","UNRESOLVED","UNRESOLVED_MISSING_STOP_REASON","UNCLASSIFIED","REVIEW_HOLD","VERIFY_CURRENT_EXCLUSION","Do not deindex automatically; compare source evidence, page uniqueness, GSC value, and replacement options."
"NCT00309023","https://clinicaltrialfailures.com/trial/NCT00309023","false","false","missing_stop_reason","UNRESOLVED","UNRESOLVED_MISSING_STOP_REASON","UNCLASSIFIED","REVIEW_HOLD","VERIFY_CURRENT_EXCLUSION","Do not deindex automatically; compare source evidence, page uniqueness, GSC value, and replacement options."
"NCT00311558","https://clinicaltrialfailures.com/trial/NCT00311558","false","false","missing_stop_reason","UNRESOLVED","UNRESOLVED_MISSING_STOP_REASON","UNCLASSIFIED","REVIEW_HOLD","VERIFY_CURRENT_EXCLUSION","Do not deindex automatically; compare source evidence, page uniqueness, GSC value, and replacement options."
"NCT00312650","https://clinicaltrialfailures.com/trial/NCT00312650","false","false","missing_stop_reason","UNRESOLVED","UNRESOLVED_MISSING_STOP_REASON","UNCLASSIFIED","REVIEW_HOLD","VERIFY_CURRENT_EXCLUSION","Do not deindex automatically; compare source evidence, page uniqueness, GSC value, and replacement options."
"NCT00313053","https://clinicaltrialfailures.com/trial/NCT00313053","false","false","missing_stop_reason","UNRESOLVED","UNRESOLVED_MISSING_STOP_REASON","UNCLASSIFIED","REVIEW_HOLD","VERIFY_CURRENT_EXCLUSION","Do not deindex automatically; compare source evidence, page uniqueness, GSC value, and replacement options."
"NCT00313274","https://clinicaltrialfailures.com/trial/NCT00313274","false","false","missing_stop_reason","UNRESOLVED","UNRESOLVED_MISSING_STOP_REASON","UNCLASSIFIED","REVIEW_HOLD","VERIFY_CURRENT_EXCLUSION","Do not deindex automatically; compare source evidence, page uniqueness, GSC value, and replacement options."
"NCT00313287","https://clinicaltrialfailures.com/trial/NCT00313287","false","false","missing_stop_reason","UNRESOLVED","UNRESOLVED_MISSING_STOP_REASON","UNCLASSIFIED","REVIEW_HOLD","VERIFY_CURRENT_EXCLUSION","Do not deindex automatically; compare source evidence, page uniqueness, GSC value, and replacement options."
"NCT00313612","https://clinicaltrialfailures.com/trial/NCT00313612","false","false","missing_stop_reason","UNRESOLVED","UNRESOLVED_MISSING_STOP_REASON","UNCLASSIFIED","REVIEW_HOLD","VERIFY_CURRENT_EXCLUSION","Do not deindex automatically; compare source evidence, page uniqueness, GSC value, and replacement options."
"NCT00313976","https://clinicaltrialfailures.com/trial/NCT00313976","false","false","missing_stop_reason","UNRESOLVED","UNRESOLVED_MISSING_STOP_REASON","UNCLASSIFIED","REVIEW_HOLD","VERIFY_CURRENT_EXCLUSION","Do not deindex automatically; compare source evidence, page uniqueness, GSC value, and replacement options."
"NCT00314613","https://clinicaltrialfailures.com/trial/NCT00314613","false","false","missing_stop_reason","UNRESOLVED","UNRESOLVED_MISSING_STOP_REASON","UNCLASSIFIED","REVIEW_HOLD","VERIFY_CURRENT_EXCLUSION","Do not deindex automatically; compare source evidence, page uniqueness, GSC value, and replacement options."
"NCT00316212","https://clinicaltrialfailures.com/trial/NCT00316212","false","false","missing_stop_reason","UNRESOLVED","UNRESOLVED_MISSING_STOP_REASON","UNCLASSIFIED","REVIEW_HOLD","VERIFY_CURRENT_EXCLUSION","Do not deindex automatically; compare source evidence, page uniqueness, GSC value, and replacement options."
"NCT00316680","https://clinicaltrialfailures.com/trial/NCT00316680","false","false","missing_stop_reason","UNRESOLVED","UNRESOLVED_MISSING_STOP_REASON","UNCLASSIFIED","REVIEW_HOLD","VERIFY_CURRENT_EXCLUSION","Do not deindex automatically; compare source evidence, page uniqueness, GSC value, and replacement options."
"NCT00324324","https://clinicaltrialfailures.com/trial/NCT00324324","false","false","missing_stop_reason","UNRESOLVED","UNRESOLVED_MISSING_STOP_REASON","UNCLASSIFIED","REVIEW_HOLD","VERIFY_CURRENT_EXCLUSION","Do not deindex automatically; compare source evidence, page uniqueness, GSC value, and replacement options."
"NCT00324740","https://clinicaltrialfailures.com/trial/NCT00324740","false","false","missing_stop_reason","UNRESOLVED","UNRESOLVED_MISSING_STOP_REASON","UNCLASSIFIED","REVIEW_HOLD","VERIFY_CURRENT_EXCLUSION","Do not deindex automatically; compare source evidence, page uniqueness, GSC value, and replacement options."
"NCT00325455","https://clinicaltrialfailures.com/trial/NCT00325455","false","false","missing_stop_reason","UNRESOLVED","UNRESOLVED_MISSING_STOP_REASON","UNCLASSIFIED","REVIEW_HOLD","VERIFY_CURRENT_EXCLUSION","Do not deindex automatically; compare source evidence, page uniqueness, GSC value, and replacement options."
"NCT00327080","https://clinicaltrialfailures.com/trial/NCT00327080","false","false","missing_stop_reason","UNRESOLVED","UNRESOLVED_MISSING_STOP_REASON","UNCLASSIFIED","REVIEW_HOLD","VERIFY_CURRENT_EXCLUSION","Do not deindex automatically; compare source evidence, page uniqueness, GSC value, and replacement options."
"NCT00327379","https://clinicaltrialfailures.com/trial/NCT00327379","false","false","missing_stop_reason","UNRESOLVED","UNRESOLVED_MISSING_STOP_REASON","UNCLASSIFIED","REVIEW_HOLD","VERIFY_CURRENT_EXCLUSION","Do not deindex automatically; compare source evidence, page uniqueness, GSC value, and replacement options."
"NCT00332319","https://clinicaltrialfailures.com/trial/NCT00332319","false","false","missing_stop_reason","UNRESOLVED","UNRESOLVED_MISSING_STOP_REASON","UNCLASSIFIED","REVIEW_HOLD","VERIFY_CURRENT_EXCLUSION","Do not deindex automatically; compare source evidence, page uniqueness, GSC value, and replacement options."
"NCT00336154","https://clinicaltrialfailures.com/trial/NCT00336154","false","false","missing_stop_reason","UNRESOLVED","UNRESOLVED_MISSING_STOP_REASON","UNCLASSIFIED","REVIEW_HOLD","VERIFY_CURRENT_EXCLUSION","Do not deindex automatically; compare source evidence, page uniqueness, GSC value, and replacement options."
"NCT00337415","https://clinicaltrialfailures.com/trial/NCT00337415","false","false","missing_stop_reason","UNRESOLVED","UNRESOLVED_MISSING_STOP_REASON","UNCLASSIFIED","REVIEW_HOLD","VERIFY_CURRENT_EXCLUSION","Do not deindex automatically; compare source evidence, page uniqueness, GSC value, and replacement options."
"NCT00338546","https://clinicaltrialfailures.com/trial/NCT00338546","false","false","missing_stop_reason","UNRESOLVED","UNRESOLVED_MISSING_STOP_REASON","UNCLASSIFIED","REVIEW_HOLD","VERIFY_CURRENT_EXCLUSION","Do not deindex automatically; compare source evidence, page uniqueness, GSC value, and replacement options."
"NCT00343759","https://clinicaltrialfailures.com/trial/NCT00343759","false","false","missing_stop_reason","UNRESOLVED","UNRESOLVED_MISSING_STOP_REASON","UNCLASSIFIED","REVIEW_HOLD","VERIFY_CURRENT_EXCLUSION","Do not deindex automatically; compare source evidence, page uniqueness, GSC value, and replacement options."
"NCT00349518","https://clinicaltrialfailures.com/trial/NCT00349518","false","false","missing_stop_reason","UNRESOLVED","UNRESOLVED_MISSING_STOP_REASON","UNCLASSIFIED","REVIEW_HOLD","VERIFY_CURRENT_EXCLUSION","Do not deindex automatically; compare source evidence, page uniqueness, GSC value, and replacement options."
"NCT00350623","https://clinicaltrialfailures.com/trial/NCT00350623","false","false","missing_stop_reason","UNRESOLVED","UNRESOLVED_MISSING_STOP_REASON","UNCLASSIFIED","REVIEW_HOLD","VERIFY_CURRENT_EXCLUSION","Do not deindex automatically; compare source evidence, page uniqueness, GSC value, and replacement options."
"NCT00352950","https://clinicaltrialfailures.com/trial/NCT00352950","false","false","missing_stop_reason","UNRESOLVED","UNRESOLVED_MISSING_STOP_REASON","UNCLASSIFIED","REVIEW_HOLD","VERIFY_CURRENT_EXCLUSION","Do not deindex automatically; compare source evidence, page uniqueness, GSC value, and replacement options."
"NCT00353002","https://clinicaltrialfailures.com/trial/NCT00353002","false","false","missing_stop_reason","UNRESOLVED","UNRESOLVED_MISSING_STOP_REASON","UNCLASSIFIED","REVIEW_HOLD","VERIFY_CURRENT_EXCLUSION","Do not deindex automatically; compare source evidence, page uniqueness, GSC value, and replacement options."
"NCT00354107","https://clinicaltrialfailures.com/trial/NCT00354107","false","false","missing_stop_reason","UNRESOLVED","UNRESOLVED_MISSING_STOP_REASON","UNCLASSIFIED","REVIEW_HOLD","VERIFY_CURRENT_EXCLUSION","Do not deindex automatically; compare source evidence, page uniqueness, GSC value, and replacement options."
"NCT00358163","https://clinicaltrialfailures.com/trial/NCT00358163","false","false","missing_stop_reason","UNRESOLVED","UNRESOLVED_MISSING_STOP_REASON","UNCLASSIFIED","REVIEW_HOLD","VERIFY_CURRENT_EXCLUSION","Do not deindex automatically; compare source evidence, page uniqueness, GSC value, and replacement options."
"NCT00358982","https://clinicaltrialfailures.com/trial/NCT00358982","false","false","missing_stop_reason","UNRESOLVED","UNRESOLVED_MISSING_STOP_REASON","UNCLASSIFIED","REVIEW_HOLD","VERIFY_CURRENT_EXCLUSION","Do not deindex automatically; compare source evidence, page uniqueness, GSC value, and replacement options."
"NCT00359437","https://clinicaltrialfailures.com/trial/NCT00359437","false","false","missing_stop_reason","UNRESOLVED","UNRESOLVED_MISSING_STOP_REASON","UNCLASSIFIED","REVIEW_HOLD","VERIFY_CURRENT_EXCLUSION","Do not deindex automatically; compare source evidence, page uniqueness, GSC value, and replacement options."
"NCT00359671","https://clinicaltrialfailures.com/trial/NCT00359671","false","false","missing_stop_reason","UNRESOLVED","UNRESOLVED_MISSING_STOP_REASON","UNCLASSIFIED","REVIEW_HOLD","VERIFY_CURRENT_EXCLUSION","Do not deindex automatically; compare source evidence, page uniqueness, GSC value, and replacement options."
"NCT00360776","https://clinicaltrialfailures.com/trial/NCT00360776","false","false","missing_stop_reason","UNRESOLVED","UNRESOLVED_MISSING_STOP_REASON","UNCLASSIFIED","REVIEW_HOLD","VERIFY_CURRENT_EXCLUSION","Do not deindex automatically; compare source evidence, page uniqueness, GSC value, and replacement options."
"NCT00362024","https://clinicaltrialfailures.com/trial/NCT00362024","false","false","missing_stop_reason","UNRESOLVED","UNRESOLVED_MISSING_STOP_REASON","UNCLASSIFIED","REVIEW_HOLD","VERIFY_CURRENT_EXCLUSION","Do not deindex automatically; compare source evidence, page uniqueness, GSC value, and replacement options."
"NCT00362505","https://clinicaltrialfailures.com/trial/NCT00362505","false","false","missing_stop_reason","UNRESOLVED","UNRESOLVED_MISSING_STOP_REASON","UNCLASSIFIED","REVIEW_HOLD","VERIFY_CURRENT_EXCLUSION","Do not deindex automatically; compare source evidence, page uniqueness, GSC value, and replacement options."
"NCT00362700","https://clinicaltrialfailures.com/trial/NCT00362700","false","false","missing_stop_reason","UNRESOLVED","UNRESOLVED_MISSING_STOP_REASON","UNCLASSIFIED","REVIEW_HOLD","VERIFY_CURRENT_EXCLUSION","Do not deindex automatically; compare source evidence, page uniqueness, GSC value, and replacement options."
"NCT00362869","https://clinicaltrialfailures.com/trial/NCT00362869","false","false","missing_stop_reason","UNRESOLVED","UNRESOLVED_MISSING_STOP_REASON","UNCLASSIFIED","REVIEW_HOLD","VERIFY_CURRENT_EXCLUSION","Do not deindex automatically; compare source evidence, page uniqueness, GSC value, and replacement options."
"NCT00363753","https://clinicaltrialfailures.com/trial/NCT00363753","false","false","missing_stop_reason","UNRESOLVED","UNRESOLVED_MISSING_STOP_REASON","UNCLASSIFIED","REVIEW_HOLD","VERIFY_CURRENT_EXCLUSION","Do not deindex automatically; compare source evidence, page uniqueness, GSC value, and replacement options."
"NCT00363935","https://clinicaltrialfailures.com/trial/NCT00363935","false","false","missing_stop_reason","UNRESOLVED","UNRESOLVED_MISSING_STOP_REASON","UNCLASSIFIED","REVIEW_HOLD","VERIFY_CURRENT_EXCLUSION","Do not deindex automatically; compare source evidence, page uniqueness, GSC value, and replacement options."
"NCT00365443","https://clinicaltrialfailures.com/trial/NCT00365443","false","false","missing_stop_reason","UNRESOLVED","UNRESOLVED_MISSING_STOP_REASON","UNCLASSIFIED","REVIEW_HOLD","VERIFY_CURRENT_EXCLUSION","Do not deindex automatically; compare source evidence, page uniqueness, GSC value, and replacement options."
"NCT00369070","https://clinicaltrialfailures.com/trial/NCT00369070","false","false","missing_stop_reason","UNRESOLVED","UNRESOLVED_MISSING_STOP_REASON","UNCLASSIFIED","REVIEW_HOLD","VERIFY_CURRENT_EXCLUSION","Do not deindex automatically; compare source evidence, page uniqueness, GSC value, and replacement options."
"NCT00369915","https://clinicaltrialfailures.com/trial/NCT00369915","false","false","missing_stop_reason","UNRESOLVED","UNRESOLVED_MISSING_STOP_REASON","UNCLASSIFIED","REVIEW_HOLD","VERIFY_CURRENT_EXCLUSION","Do not deindex automatically; compare source evidence, page uniqueness, GSC value, and replacement options."
"NCT00370019","https://clinicaltrialfailures.com/trial/NCT00370019","false","false","missing_stop_reason","UNRESOLVED","UNRESOLVED_MISSING_STOP_REASON","UNCLASSIFIED","REVIEW_HOLD","VERIFY_CURRENT_EXCLUSION","Do not deindex automatically; compare source evidence, page uniqueness, GSC value, and replacement options."
"NCT00372073","https://clinicaltrialfailures.com/trial/NCT00372073","false","false","missing_stop_reason","UNRESOLVED","UNRESOLVED_MISSING_STOP_REASON","UNCLASSIFIED","REVIEW_HOLD","VERIFY_CURRENT_EXCLUSION","Do not deindex automatically; compare source evidence, page uniqueness, GSC value, and replacement options."
"NCT00374517","https://clinicaltrialfailures.com/trial/NCT00374517","false","false","missing_stop_reason","UNRESOLVED","UNRESOLVED_MISSING_STOP_REASON","UNCLASSIFIED","REVIEW_HOLD","VERIFY_CURRENT_EXCLUSION","Do not deindex automatically; compare source evidence, page uniqueness, GSC value, and replacement options."
"NCT00375232","https://clinicaltrialfailures.com/trial/NCT00375232","false","false","missing_stop_reason","UNRESOLVED","UNRESOLVED_MISSING_STOP_REASON","UNCLASSIFIED","REVIEW_HOLD","VERIFY_CURRENT_EXCLUSION","Do not deindex automatically; compare source evidence, page uniqueness, GSC value, and replacement options."
"NCT00375557","https://clinicaltrialfailures.com/trial/NCT00375557","false","false","missing_stop_reason","UNRESOLVED","UNRESOLVED_MISSING_STOP_REASON","UNCLASSIFIED","REVIEW_HOLD","VERIFY_CURRENT_EXCLUSION","Do not deindex automatically; compare source evidence, page uniqueness, GSC value, and replacement options."
"NCT00375752","https://clinicaltrialfailures.com/trial/NCT00375752","false","false","missing_stop_reason","UNRESOLVED","UNRESOLVED_MISSING_STOP_REASON","UNCLASSIFIED","REVIEW_HOLD","VERIFY_CURRENT_EXCLUSION","Do not deindex automatically; compare source evidence, page uniqueness, GSC value, and replacement options."
"NCT00376285","https://clinicaltrialfailures.com/trial/NCT00376285","false","false","missing_stop_reason","UNRESOLVED","UNRESOLVED_MISSING_STOP_REASON","UNCLASSIFIED","REVIEW_HOLD","VERIFY_CURRENT_EXCLUSION","Do not deindex automatically; compare source evidence, page uniqueness, GSC value, and replacement options."
"NCT00376428","https://clinicaltrialfailures.com/trial/NCT00376428","false","false","missing_stop_reason","UNRESOLVED","UNRESOLVED_MISSING_STOP_REASON","UNCLASSIFIED","REVIEW_HOLD","VERIFY_CURRENT_EXCLUSION","Do not deindex automatically; compare source evidence, page uniqueness, GSC value, and replacement options."
"NCT00377494","https://clinicaltrialfailures.com/trial/NCT00377494","false","false","missing_stop_reason","UNRESOLVED","UNRESOLVED_MISSING_STOP_REASON","UNCLASSIFIED","REVIEW_HOLD","VERIFY_CURRENT_EXCLUSION","Do not deindex automatically; compare source evidence, page uniqueness, GSC value, and replacement options."
"NCT00384293","https://clinicaltrialfailures.com/trial/NCT00384293","false","false","missing_stop_reason","UNRESOLVED","UNRESOLVED_MISSING_STOP_REASON","UNCLASSIFIED","REVIEW_HOLD","VERIFY_CURRENT_EXCLUSION","Do not deindex automatically; compare source evidence, page uniqueness, GSC value, and replacement options."
"NCT00384865","https://clinicaltrialfailures.com/trial/NCT00384865","false","false","missing_stop_reason","UNRESOLVED","UNRESOLVED_MISSING_STOP_REASON","UNCLASSIFIED","REVIEW_HOLD","VERIFY_CURRENT_EXCLUSION","Do not deindex automatically; compare source evidence, page uniqueness, GSC value, and replacement options."
"NCT00385463","https://clinicaltrialfailures.com/trial/NCT00385463","false","false","missing_stop_reason","UNRESOLVED","UNRESOLVED_MISSING_STOP_REASON","UNCLASSIFIED","REVIEW_HOLD","VERIFY_CURRENT_EXCLUSION","Do not deindex automatically; compare source evidence, page uniqueness, GSC value, and replacement options."
"NCT00387530","https://clinicaltrialfailures.com/trial/NCT00387530","false","false","missing_stop_reason","UNRESOLVED","UNRESOLVED_MISSING_STOP_REASON","UNCLASSIFIED","REVIEW_HOLD","VERIFY_CURRENT_EXCLUSION","Do not deindex automatically; compare source evidence, page uniqueness, GSC value, and replacement options."
"NCT00387777","https://clinicaltrialfailures.com/trial/NCT00387777","false","false","missing_stop_reason","UNRESOLVED","UNRESOLVED_MISSING_STOP_REASON","UNCLASSIFIED","REVIEW_HOLD","VERIFY_CURRENT_EXCLUSION","Do not deindex automatically; compare source evidence, page uniqueness, GSC value, and replacement options."
"NCT00390091","https://clinicaltrialfailures.com/trial/NCT00390091","false","false","missing_stop_reason","UNRESOLVED","UNRESOLVED_MISSING_STOP_REASON","UNCLASSIFIED","REVIEW_HOLD","VERIFY_CURRENT_EXCLUSION","Do not deindex automatically; compare source evidence, page uniqueness, GSC value, and replacement options."
"NCT00391066","https://clinicaltrialfailures.com/trial/NCT00391066","false","false","missing_stop_reason","UNRESOLVED","UNRESOLVED_MISSING_STOP_REASON","UNCLASSIFIED","REVIEW_HOLD","VERIFY_CURRENT_EXCLUSION","Do not deindex automatically; compare source evidence, page uniqueness, GSC value, and replacement options."
"NCT00392782","https://clinicaltrialfailures.com/trial/NCT00392782","false","false","missing_stop_reason","UNRESOLVED","UNRESOLVED_MISSING_STOP_REASON","UNCLASSIFIED","REVIEW_HOLD","VERIFY_CURRENT_EXCLUSION","Do not deindex automatically; compare source evidence, page uniqueness, GSC value, and replacement options."
"NCT00394316","https://clinicaltrialfailures.com/trial/NCT00394316","false","false","missing_stop_reason","UNRESOLVED","UNRESOLVED_MISSING_STOP_REASON","UNCLASSIFIED","REVIEW_HOLD","VERIFY_CURRENT_EXCLUSION","Do not deindex automatically; compare source evidence, page uniqueness, GSC value, and replacement options."
"NCT00397683","https://clinicaltrialfailures.com/trial/NCT00397683","false","false","missing_stop_reason","UNRESOLVED","UNRESOLVED_MISSING_STOP_REASON","UNCLASSIFIED","REVIEW_HOLD","VERIFY_CURRENT_EXCLUSION","Do not deindex automatically; compare source evidence, page uniqueness, GSC value, and replacement options."
"NCT00397761","https://clinicaltrialfailures.com/trial/NCT00397761","false","false","missing_stop_reason","UNRESOLVED","UNRESOLVED_MISSING_STOP_REASON","UNCLASSIFIED","REVIEW_HOLD","VERIFY_CURRENT_EXCLUSION","Do not deindex automatically; compare source evidence, page uniqueness, GSC value, and replacement options."
"NCT00398840","https://clinicaltrialfailures.com/trial/NCT00398840","false","false","missing_stop_reason","UNRESOLVED","UNRESOLVED_MISSING_STOP_REASON","UNCLASSIFIED","REVIEW_HOLD","VERIFY_CURRENT_EXCLUSION","Do not deindex automatically; compare source evidence, page uniqueness, GSC value, and replacement options."
"NCT00398892","https://clinicaltrialfailures.com/trial/NCT00398892","false","false","missing_stop_reason","UNRESOLVED","UNRESOLVED_MISSING_STOP_REASON","UNCLASSIFIED","REVIEW_HOLD","VERIFY_CURRENT_EXCLUSION","Do not deindex automatically; compare source evidence, page uniqueness, GSC value, and replacement options."
"NCT00404157","https://clinicaltrialfailures.com/trial/NCT00404157","false","false","missing_stop_reason","UNRESOLVED","UNRESOLVED_MISSING_STOP_REASON","UNCLASSIFIED","REVIEW_HOLD","VERIFY_CURRENT_EXCLUSION","Do not deindex automatically; compare source evidence, page uniqueness, GSC value, and replacement options."
"NCT00404313","https://clinicaltrialfailures.com/trial/NCT00404313","false","false","missing_stop_reason","UNRESOLVED","UNRESOLVED_MISSING_STOP_REASON","UNCLASSIFIED","REVIEW_HOLD","VERIFY_CURRENT_EXCLUSION","Do not deindex automatically; compare source evidence, page uniqueness, GSC value, and replacement options."
"NCT00405054","https://clinicaltrialfailures.com/trial/NCT00405054","false","false","missing_stop_reason","UNRESOLVED","UNRESOLVED_MISSING_STOP_REASON","UNCLASSIFIED","REVIEW_HOLD","VERIFY_CURRENT_EXCLUSION","Do not deindex automatically; compare source evidence, page uniqueness, GSC value, and replacement options."
"NCT00406731","https://clinicaltrialfailures.com/trial/NCT00406731","false","false","missing_stop_reason","UNRESOLVED","UNRESOLVED_MISSING_STOP_REASON","UNCLASSIFIED","REVIEW_HOLD","VERIFY_CURRENT_EXCLUSION","Do not deindex automatically; compare source evidence, page uniqueness, GSC value, and replacement options."
"NCT00407797","https://clinicaltrialfailures.com/trial/NCT00407797","false","false","missing_stop_reason","NON_BIOLOGICAL","RECRUITMENT","DESCRIPTION_FALLBACK","REVIEW_HOLD","VERIFY_CURRENT_EXCLUSION","Do not deindex automatically; compare source evidence, page uniqueness, GSC value, and replacement options."
"NCT00408473","https://clinicaltrialfailures.com/trial/NCT00408473","false","false","missing_stop_reason","UNRESOLVED","UNRESOLVED_MISSING_STOP_REASON","UNCLASSIFIED","REVIEW_HOLD","VERIFY_CURRENT_EXCLUSION","Do not deindex automatically; compare source evidence, page uniqueness, GSC value, and replacement options."
"NCT00412841","https://clinicaltrialfailures.com/trial/NCT00412841","false","false","missing_stop_reason","UNRESOLVED","UNRESOLVED_MISSING_STOP_REASON","UNCLASSIFIED","REVIEW_HOLD","VERIFY_CURRENT_EXCLUSION","Do not deindex automatically; compare source evidence, page uniqueness, GSC value, and replacement options."
"NCT00413959","https://clinicaltrialfailures.com/trial/NCT00413959","false","false","missing_stop_reason","UNRESOLVED","UNRESOLVED_MISSING_STOP_REASON","UNCLASSIFIED","REVIEW_HOLD","VERIFY_CURRENT_EXCLUSION","Do not deindex automatically; compare source evidence, page uniqueness, GSC value, and replacement options."
"NCT00415649","https://clinicaltrialfailures.com/trial/NCT00415649","false","false","missing_stop_reason","UNRESOLVED","UNRESOLVED_MISSING_STOP_REASON","UNCLASSIFIED","REVIEW_HOLD","VERIFY_CURRENT_EXCLUSION","Do not deindex automatically; compare source evidence, page uniqueness, GSC value, and replacement options."
"NCT00417560","https://clinicaltrialfailures.com/trial/NCT00417560","false","false","missing_stop_reason","UNRESOLVED","UNRESOLVED_MISSING_STOP_REASON","UNCLASSIFIED","REVIEW_HOLD","VERIFY_CURRENT_EXCLUSION","Do not deindex automatically; compare source evidence, page uniqueness, GSC value, and replacement options."
"NCT00417898","https://clinicaltrialfailures.com/trial/NCT00417898","false","false","missing_stop_reason","UNRESOLVED","UNRESOLVED_MISSING_STOP_REASON","UNCLASSIFIED","REVIEW_HOLD","VERIFY_CURRENT_EXCLUSION","Do not deindex automatically; compare source evidence, page uniqueness, GSC value, and replacement options."
"NCT00420810","https://clinicaltrialfailures.com/trial/NCT00420810","false","false","missing_stop_reason","UNRESOLVED","UNRESOLVED_MISSING_STOP_REASON","UNCLASSIFIED","REVIEW_HOLD","VERIFY_CURRENT_EXCLUSION","Do not deindex automatically; compare source evidence, page uniqueness, GSC value, and replacement options."
"NCT00421720","https://clinicaltrialfailures.com/trial/NCT00421720","false","false","missing_stop_reason","UNRESOLVED","UNRESOLVED_MISSING_STOP_REASON","UNCLASSIFIED","REVIEW_HOLD","VERIFY_CURRENT_EXCLUSION","Do not deindex automatically; compare source evidence, page uniqueness, GSC value, and replacement options."
"NCT00422201","https://clinicaltrialfailures.com/trial/NCT00422201","false","false","missing_stop_reason","UNRESOLVED","UNRESOLVED_MISSING_STOP_REASON","UNCLASSIFIED","REVIEW_HOLD","VERIFY_CURRENT_EXCLUSION","Do not deindex automatically; compare source evidence, page uniqueness, GSC value, and replacement options."
"NCT00423150","https://clinicaltrialfailures.com/trial/NCT00423150","false","false","missing_stop_reason","UNRESOLVED","UNRESOLVED_MISSING_STOP_REASON","UNCLASSIFIED","REVIEW_HOLD","VERIFY_CURRENT_EXCLUSION","Do not deindex automatically; compare source evidence, page uniqueness, GSC value, and replacement options."
"NCT00424424","https://clinicaltrialfailures.com/trial/NCT00424424","false","false","missing_stop_reason","UNRESOLVED","UNRESOLVED_MISSING_STOP_REASON","UNCLASSIFIED","REVIEW_HOLD","VERIFY_CURRENT_EXCLUSION","Do not deindex automatically; compare source evidence, page uniqueness, GSC value, and replacement options."
"NCT00424775","https://clinicaltrialfailures.com/trial/NCT00424775","false","false","missing_stop_reason","UNRESOLVED","UNRESOLVED_MISSING_STOP_REASON","UNCLASSIFIED","REVIEW_HOLD","VERIFY_CURRENT_EXCLUSION","Do not deindex automatically; compare source evidence, page uniqueness, GSC value, and replacement options."
"NCT00425165","https://clinicaltrialfailures.com/trial/NCT00425165","false","false","missing_stop_reason","UNRESOLVED","UNRESOLVED_MISSING_STOP_REASON","UNCLASSIFIED","REVIEW_HOLD","VERIFY_CURRENT_EXCLUSION","Do not deindex automatically; compare source evidence, page uniqueness, GSC value, and replacement options."
"NCT00427258","https://clinicaltrialfailures.com/trial/NCT00427258","false","false","missing_stop_reason","UNRESOLVED","UNRESOLVED_MISSING_STOP_REASON","UNCLASSIFIED","REVIEW_HOLD","VERIFY_CURRENT_EXCLUSION","Do not deindex automatically; compare source evidence, page uniqueness, GSC value, and replacement options."
"NCT00428272","https://clinicaltrialfailures.com/trial/NCT00428272","false","false","missing_stop_reason","UNRESOLVED","UNRESOLVED_MISSING_STOP_REASON","UNCLASSIFIED","REVIEW_HOLD","VERIFY_CURRENT_EXCLUSION","Do not deindex automatically; compare source evidence, page uniqueness, GSC value, and replacement options."
"NCT00430040","https://clinicaltrialfailures.com/trial/NCT00430040","false","false","missing_stop_reason","UNRESOLVED","UNRESOLVED_MISSING_STOP_REASON","UNCLASSIFIED","REVIEW_HOLD","VERIFY_CURRENT_EXCLUSION","Do not deindex automatically; compare source evidence, page uniqueness, GSC value, and replacement options."
"NCT00432263","https://clinicaltrialfailures.com/trial/NCT00432263","false","false","missing_stop_reason","UNRESOLVED","UNRESOLVED_MISSING_STOP_REASON","UNCLASSIFIED","REVIEW_HOLD","VERIFY_CURRENT_EXCLUSION","Do not deindex automatically; compare source evidence, page uniqueness, GSC value, and replacement options."
"NCT00433342","https://clinicaltrialfailures.com/trial/NCT00433342","false","false","missing_stop_reason","UNRESOLVED","UNRESOLVED_MISSING_STOP_REASON","UNCLASSIFIED","REVIEW_HOLD","VERIFY_CURRENT_EXCLUSION","Do not deindex automatically; compare source evidence, page uniqueness, GSC value, and replacement options."
"NCT00438139","https://clinicaltrialfailures.com/trial/NCT00438139","false","false","missing_stop_reason","UNRESOLVED","UNRESOLVED_MISSING_STOP_REASON","UNCLASSIFIED","REVIEW_HOLD","VERIFY_CURRENT_EXCLUSION","Do not deindex automatically; compare source evidence, page uniqueness, GSC value, and replacement options."
"NCT00441701","https://clinicaltrialfailures.com/trial/NCT00441701","false","false","missing_stop_reason","UNRESOLVED","UNRESOLVED_MISSING_STOP_REASON","UNCLASSIFIED","REVIEW_HOLD","VERIFY_CURRENT_EXCLUSION","Do not deindex automatically; compare source evidence, page uniqueness, GSC value, and replacement options."
"NCT00442598","https://clinicaltrialfailures.com/trial/NCT00442598","false","false","missing_stop_reason","UNRESOLVED","UNRESOLVED_MISSING_STOP_REASON","UNCLASSIFIED","REVIEW_HOLD","VERIFY_CURRENT_EXCLUSION","Do not deindex automatically; compare source evidence, page uniqueness, GSC value, and replacement options."
"NCT00445068","https://clinicaltrialfailures.com/trial/NCT00445068","false","false","missing_stop_reason","UNRESOLVED","UNRESOLVED_MISSING_STOP_REASON","UNCLASSIFIED","REVIEW_HOLD","VERIFY_CURRENT_EXCLUSION","Do not deindex automatically; compare source evidence, page uniqueness, GSC value, and replacement options."
"NCT00447863","https://clinicaltrialfailures.com/trial/NCT00447863","false","false","missing_stop_reason","UNRESOLVED","UNRESOLVED_MISSING_STOP_REASON","UNCLASSIFIED","REVIEW_HOLD","VERIFY_CURRENT_EXCLUSION","Do not deindex automatically; compare source evidence, page uniqueness, GSC value, and replacement options."
"NCT00448682","https://clinicaltrialfailures.com/trial/NCT00448682","false","false","missing_stop_reason","UNRESOLVED","UNRESOLVED_MISSING_STOP_REASON","UNCLASSIFIED","REVIEW_HOLD","VERIFY_CURRENT_EXCLUSION","Do not deindex automatically; compare source evidence, page uniqueness, GSC value, and replacement options."
"NCT00449111","https://clinicaltrialfailures.com/trial/NCT00449111","false","false","missing_stop_reason","UNRESOLVED","UNRESOLVED_MISSING_STOP_REASON","UNCLASSIFIED","REVIEW_HOLD","VERIFY_CURRENT_EXCLUSION","Do not deindex automatically; compare source evidence, page uniqueness, GSC value, and replacement options."
"NCT00449124","https://clinicaltrialfailures.com/trial/NCT00449124","false","false","missing_stop_reason","UNRESOLVED","UNRESOLVED_MISSING_STOP_REASON","UNCLASSIFIED","REVIEW_HOLD","VERIFY_CURRENT_EXCLUSION","Do not deindex automatically; compare source evidence, page uniqueness, GSC value, and replacement options."
"NCT00449761","https://clinicaltrialfailures.com/trial/NCT00449761","false","false","missing_stop_reason","UNRESOLVED","UNRESOLVED_MISSING_STOP_REASON","UNCLASSIFIED","REVIEW_HOLD","VERIFY_CURRENT_EXCLUSION","Do not deindex automatically; compare source evidence, page uniqueness, GSC value, and replacement options."
"NCT00450879","https://clinicaltrialfailures.com/trial/NCT00450879","false","false","missing_stop_reason","UNRESOLVED","UNRESOLVED_MISSING_STOP_REASON","UNCLASSIFIED","REVIEW_HOLD","VERIFY_CURRENT_EXCLUSION","Do not deindex automatically; compare source evidence, page uniqueness, GSC value, and replacement options."
"NCT00450983","https://clinicaltrialfailures.com/trial/NCT00450983","false","false","missing_stop_reason","UNRESOLVED","UNRESOLVED_MISSING_STOP_REASON","UNCLASSIFIED","REVIEW_HOLD","VERIFY_CURRENT_EXCLUSION","Do not deindex automatically; compare source evidence, page uniqueness, GSC value, and replacement options."
"NCT00451035","https://clinicaltrialfailures.com/trial/NCT00451035","false","false","missing_stop_reason","UNRESOLVED","UNRESOLVED_MISSING_STOP_REASON","UNCLASSIFIED","REVIEW_HOLD","VERIFY_CURRENT_EXCLUSION","Do not deindex automatically; compare source evidence, page uniqueness, GSC value, and replacement options."
"NCT00451321","https://clinicaltrialfailures.com/trial/NCT00451321","false","false","missing_stop_reason","UNRESOLVED","UNRESOLVED_MISSING_STOP_REASON","UNCLASSIFIED","REVIEW_HOLD","VERIFY_CURRENT_EXCLUSION","Do not deindex automatically; compare source evidence, page uniqueness, GSC value, and replacement options."
"NCT00451815","https://clinicaltrialfailures.com/trial/NCT00451815","false","false","missing_stop_reason","UNRESOLVED","UNRESOLVED_MISSING_STOP_REASON","UNCLASSIFIED","REVIEW_HOLD","VERIFY_CURRENT_EXCLUSION","Do not deindex automatically; compare source evidence, page uniqueness, GSC value, and replacement options."
"NCT00452920","https://clinicaltrialfailures.com/trial/NCT00452920","false","false","missing_stop_reason","UNRESOLVED","UNRESOLVED_MISSING_STOP_REASON","UNCLASSIFIED","REVIEW_HOLD","VERIFY_CURRENT_EXCLUSION","Do not deindex automatically; compare source evidence, page uniqueness, GSC value, and replacement options."
"NCT00453453","https://clinicaltrialfailures.com/trial/NCT00453453","false","false","missing_stop_reason","UNRESOLVED","UNRESOLVED_MISSING_STOP_REASON","UNCLASSIFIED","REVIEW_HOLD","VERIFY_CURRENT_EXCLUSION","Do not deindex automatically; compare source evidence, page uniqueness, GSC value, and replacement options."
"NCT00453791","https://clinicaltrialfailures.com/trial/NCT00453791","false","false","missing_stop_reason","UNRESOLVED","UNRESOLVED_MISSING_STOP_REASON","UNCLASSIFIED","REVIEW_HOLD","VERIFY_CURRENT_EXCLUSION","Do not deindex automatically; compare source evidence, page uniqueness, GSC value, and replacement options."
"NCT00456846","https://clinicaltrialfailures.com/trial/NCT00456846","false","false","missing_stop_reason","UNRESOLVED","UNRESOLVED_MISSING_STOP_REASON","UNCLASSIFIED","REVIEW_HOLD","VERIFY_CURRENT_EXCLUSION","Do not deindex automatically; compare source evidence, page uniqueness, GSC value, and replacement options."
"NCT00459121","https://clinicaltrialfailures.com/trial/NCT00459121","false","false","missing_stop_reason","UNRESOLVED","UNRESOLVED_MISSING_STOP_REASON","UNCLASSIFIED","REVIEW_HOLD","VERIFY_CURRENT_EXCLUSION","Do not deindex automatically; compare source evidence, page uniqueness, GSC value, and replacement options."
"NCT00459693","https://clinicaltrialfailures.com/trial/NCT00459693","false","false","missing_stop_reason","UNRESOLVED","UNRESOLVED_MISSING_STOP_REASON","UNCLASSIFIED","REVIEW_HOLD","VERIFY_CURRENT_EXCLUSION","Do not deindex automatically; compare source evidence, page uniqueness, GSC value, and replacement options."
"NCT00459810","https://clinicaltrialfailures.com/trial/NCT00459810","false","false","missing_stop_reason","UNRESOLVED","UNRESOLVED_MISSING_STOP_REASON","UNCLASSIFIED","REVIEW_HOLD","VERIFY_CURRENT_EXCLUSION","Do not deindex automatically; compare source evidence, page uniqueness, GSC value, and replacement options."
"NCT00460759","https://clinicaltrialfailures.com/trial/NCT00460759","false","false","missing_stop_reason","UNRESOLVED","UNRESOLVED_MISSING_STOP_REASON","UNCLASSIFIED","REVIEW_HOLD","VERIFY_CURRENT_EXCLUSION","Do not deindex automatically; compare source evidence, page uniqueness, GSC value, and replacement options."
"NCT00461682","https://clinicaltrialfailures.com/trial/NCT00461682","false","false","missing_stop_reason","UNRESOLVED","UNRESOLVED_MISSING_STOP_REASON","UNCLASSIFIED","REVIEW_HOLD","VERIFY_CURRENT_EXCLUSION","Do not deindex automatically; compare source evidence, page uniqueness, GSC value, and replacement options."
"NCT00466635","https://clinicaltrialfailures.com/trial/NCT00466635","false","false","missing_stop_reason","UNRESOLVED","UNRESOLVED_MISSING_STOP_REASON","UNCLASSIFIED","REVIEW_HOLD","VERIFY_CURRENT_EXCLUSION","Do not deindex automatically; compare source evidence, page uniqueness, GSC value, and replacement options."
"NCT00470925","https://clinicaltrialfailures.com/trial/NCT00470925","false","false","missing_stop_reason","UNRESOLVED","UNRESOLVED_MISSING_STOP_REASON","UNCLASSIFIED","REVIEW_HOLD","VERIFY_CURRENT_EXCLUSION","Do not deindex automatically; compare source evidence, page uniqueness, GSC value, and replacement options."
"NCT00471159","https://clinicaltrialfailures.com/trial/NCT00471159","false","false","missing_stop_reason","UNRESOLVED","UNRESOLVED_MISSING_STOP_REASON","UNCLASSIFIED","REVIEW_HOLD","VERIFY_CURRENT_EXCLUSION","Do not deindex automatically; compare source evidence, page uniqueness, GSC value, and replacement options."
"NCT00475917","https://clinicaltrialfailures.com/trial/NCT00475917","false","false","missing_stop_reason","UNRESOLVED","UNRESOLVED_MISSING_STOP_REASON","UNCLASSIFIED","REVIEW_HOLD","VERIFY_CURRENT_EXCLUSION","Do not deindex automatically; compare source evidence, page uniqueness, GSC value, and replacement options."
"NCT00477217","https://clinicaltrialfailures.com/trial/NCT00477217","false","false","missing_stop_reason","UNRESOLVED","UNRESOLVED_MISSING_STOP_REASON","UNCLASSIFIED","REVIEW_HOLD","VERIFY_CURRENT_EXCLUSION","Do not deindex automatically; compare source evidence, page uniqueness, GSC value, and replacement options."
"NCT00478270","https://clinicaltrialfailures.com/trial/NCT00478270","false","false","missing_stop_reason","UNRESOLVED","UNRESOLVED_MISSING_STOP_REASON","UNCLASSIFIED","REVIEW_HOLD","VERIFY_CURRENT_EXCLUSION","Do not deindex automatically; compare source evidence, page uniqueness, GSC value, and replacement options."
"NCT00479193","https://clinicaltrialfailures.com/trial/NCT00479193","false","false","missing_stop_reason","UNRESOLVED","UNRESOLVED_MISSING_STOP_REASON","UNCLASSIFIED","REVIEW_HOLD","VERIFY_CURRENT_EXCLUSION","Do not deindex automatically; compare source evidence, page uniqueness, GSC value, and replacement options."
"NCT00482157","https://clinicaltrialfailures.com/trial/NCT00482157","false","false","missing_stop_reason","UNRESOLVED","UNRESOLVED_MISSING_STOP_REASON","UNCLASSIFIED","REVIEW_HOLD","VERIFY_CURRENT_EXCLUSION","Do not deindex automatically; compare source evidence, page uniqueness, GSC value, and replacement options."
"NCT00483535","https://clinicaltrialfailures.com/trial/NCT00483535","false","false","missing_stop_reason","UNRESOLVED","UNRESOLVED_MISSING_STOP_REASON","UNCLASSIFIED","REVIEW_HOLD","VERIFY_CURRENT_EXCLUSION","Do not deindex automatically; compare source evidence, page uniqueness, GSC value, and replacement options."
"NCT00486720","https://clinicaltrialfailures.com/trial/NCT00486720","false","false","missing_stop_reason","UNRESOLVED","UNRESOLVED_MISSING_STOP_REASON","UNCLASSIFIED","REVIEW_HOLD","VERIFY_CURRENT_EXCLUSION","Do not deindex automatically; compare source evidence, page uniqueness, GSC value, and replacement options."
"NCT00488995","https://clinicaltrialfailures.com/trial/NCT00488995","false","false","missing_stop_reason","UNRESOLVED","UNRESOLVED_MISSING_STOP_REASON","UNCLASSIFIED","REVIEW_HOLD","VERIFY_CURRENT_EXCLUSION","Do not deindex automatically; compare source evidence, page uniqueness, GSC value, and replacement options."
"NCT00493441","https://clinicaltrialfailures.com/trial/NCT00493441","false","false","missing_stop_reason","UNRESOLVED","UNRESOLVED_MISSING_STOP_REASON","UNCLASSIFIED","REVIEW_HOLD","VERIFY_CURRENT_EXCLUSION","Do not deindex automatically; compare source evidence, page uniqueness, GSC value, and replacement options."
"NCT00493818","https://clinicaltrialfailures.com/trial/NCT00493818","false","false","missing_stop_reason","UNRESOLVED","UNRESOLVED_MISSING_STOP_REASON","UNCLASSIFIED","REVIEW_HOLD","VERIFY_CURRENT_EXCLUSION","Do not deindex automatically; compare source evidence, page uniqueness, GSC value, and replacement options."
"NCT00496132","https://clinicaltrialfailures.com/trial/NCT00496132","false","false","missing_stop_reason","UNRESOLVED","UNRESOLVED_MISSING_STOP_REASON","UNCLASSIFIED","REVIEW_HOLD","VERIFY_CURRENT_EXCLUSION","Do not deindex automatically; compare source evidence, page uniqueness, GSC value, and replacement options."
"NCT00496366","https://clinicaltrialfailures.com/trial/NCT00496366","false","false","missing_stop_reason","UNRESOLVED","UNRESOLVED_MISSING_STOP_REASON","UNCLASSIFIED","REVIEW_HOLD","VERIFY_CURRENT_EXCLUSION","Do not deindex automatically; compare source evidence, page uniqueness, GSC value, and replacement options."
"NCT00498056","https://clinicaltrialfailures.com/trial/NCT00498056","false","false","missing_stop_reason","UNRESOLVED","UNRESOLVED_MISSING_STOP_REASON","UNCLASSIFIED","REVIEW_HOLD","VERIFY_CURRENT_EXCLUSION","Do not deindex automatically; compare source evidence, page uniqueness, GSC value, and replacement options."
"NCT00499291","https://clinicaltrialfailures.com/trial/NCT00499291","false","false","missing_stop_reason","UNRESOLVED","UNRESOLVED_MISSING_STOP_REASON","UNCLASSIFIED","REVIEW_HOLD","VERIFY_CURRENT_EXCLUSION","Do not deindex automatically; compare source evidence, page uniqueness, GSC value, and replacement options."
"NCT00500006","https://clinicaltrialfailures.com/trial/NCT00500006","false","false","missing_stop_reason","UNRESOLVED","UNRESOLVED_MISSING_STOP_REASON","UNCLASSIFIED","REVIEW_HOLD","VERIFY_CURRENT_EXCLUSION","Do not deindex automatically; compare source evidence, page uniqueness, GSC value, and replacement options."
"NCT00503581","https://clinicaltrialfailures.com/trial/NCT00503581","false","false","missing_stop_reason","UNRESOLVED","UNRESOLVED_MISSING_STOP_REASON","UNCLASSIFIED","REVIEW_HOLD","VERIFY_CURRENT_EXCLUSION","Do not deindex automatically; compare source evidence, page uniqueness, GSC value, and replacement options."
"NCT00503971","https://clinicaltrialfailures.com/trial/NCT00503971","false","false","missing_stop_reason","UNRESOLVED","UNRESOLVED_MISSING_STOP_REASON","UNCLASSIFIED","REVIEW_HOLD","VERIFY_CURRENT_EXCLUSION","Do not deindex automatically; compare source evidence, page uniqueness, GSC value, and replacement options."
"NCT00505583","https://clinicaltrialfailures.com/trial/NCT00505583","false","false","missing_stop_reason","UNRESOLVED","UNRESOLVED_MISSING_STOP_REASON","UNCLASSIFIED","REVIEW_HOLD","VERIFY_CURRENT_EXCLUSION","Do not deindex automatically; compare source evidence, page uniqueness, GSC value, and replacement options."
"NCT00505882","https://clinicaltrialfailures.com/trial/NCT00505882","false","false","missing_stop_reason","UNRESOLVED","UNRESOLVED_MISSING_STOP_REASON","UNCLASSIFIED","REVIEW_HOLD","VERIFY_CURRENT_EXCLUSION","Do not deindex automatically; compare source evidence, page uniqueness, GSC value, and replacement options."
"NCT00506519","https://clinicaltrialfailures.com/trial/NCT00506519","false","false","missing_stop_reason","UNRESOLVED","UNRESOLVED_MISSING_STOP_REASON","UNCLASSIFIED","REVIEW_HOLD","VERIFY_CURRENT_EXCLUSION","Do not deindex automatically; compare source evidence, page uniqueness, GSC value, and replacement options."
"NCT00507780","https://clinicaltrialfailures.com/trial/NCT00507780","false","false","missing_stop_reason","UNRESOLVED","UNRESOLVED_MISSING_STOP_REASON","UNCLASSIFIED","REVIEW_HOLD","VERIFY_CURRENT_EXCLUSION","Do not deindex automatically; compare source evidence, page uniqueness, GSC value, and replacement options."
"NCT00508911","https://clinicaltrialfailures.com/trial/NCT00508911","false","false","missing_stop_reason","UNRESOLVED","UNRESOLVED_MISSING_STOP_REASON","UNCLASSIFIED","REVIEW_HOLD","VERIFY_CURRENT_EXCLUSION","Do not deindex automatically; compare source evidence, page uniqueness, GSC value, and replacement options."
"NCT00512616","https://clinicaltrialfailures.com/trial/NCT00512616","false","false","missing_stop_reason","UNRESOLVED","UNRESOLVED_MISSING_STOP_REASON","UNCLASSIFIED","REVIEW_HOLD","VERIFY_CURRENT_EXCLUSION","Do not deindex automatically; compare source evidence, page uniqueness, GSC value, and replacement options."
"NCT00513188","https://clinicaltrialfailures.com/trial/NCT00513188","false","false","missing_stop_reason","UNRESOLVED","UNRESOLVED_MISSING_STOP_REASON","UNCLASSIFIED","REVIEW_HOLD","VERIFY_CURRENT_EXCLUSION","Do not deindex automatically; compare source evidence, page uniqueness, GSC value, and replacement options."
"NCT00514982","https://clinicaltrialfailures.com/trial/NCT00514982","false","false","missing_stop_reason","UNRESOLVED","UNRESOLVED_MISSING_STOP_REASON","UNCLASSIFIED","REVIEW_HOLD","VERIFY_CURRENT_EXCLUSION","Do not deindex automatically; compare source evidence, page uniqueness, GSC value, and replacement options."
"NCT00518687","https://clinicaltrialfailures.com/trial/NCT00518687","false","false","missing_stop_reason","UNRESOLVED","UNRESOLVED_MISSING_STOP_REASON","UNCLASSIFIED","REVIEW_HOLD","VERIFY_CURRENT_EXCLUSION","Do not deindex automatically; compare source evidence, page uniqueness, GSC value, and replacement options."
"NCT00521638","https://clinicaltrialfailures.com/trial/NCT00521638","false","false","missing_stop_reason","UNRESOLVED","UNRESOLVED_MISSING_STOP_REASON","UNCLASSIFIED","REVIEW_HOLD","VERIFY_CURRENT_EXCLUSION","Do not deindex automatically; compare source evidence, page uniqueness, GSC value, and replacement options."
"NCT00522301","https://clinicaltrialfailures.com/trial/NCT00522301","false","false","missing_stop_reason","UNRESOLVED","UNRESOLVED_MISSING_STOP_REASON","UNCLASSIFIED","REVIEW_HOLD","VERIFY_CURRENT_EXCLUSION","Do not deindex automatically; compare source evidence, page uniqueness, GSC value, and replacement options."
"NCT00523120","https://clinicaltrialfailures.com/trial/NCT00523120","false","false","missing_stop_reason","UNRESOLVED","UNRESOLVED_MISSING_STOP_REASON","UNCLASSIFIED","REVIEW_HOLD","VERIFY_CURRENT_EXCLUSION","Do not deindex automatically; compare source evidence, page uniqueness, GSC value, and replacement options."
"NCT00524173","https://clinicaltrialfailures.com/trial/NCT00524173","false","false","missing_stop_reason","UNRESOLVED","UNRESOLVED_MISSING_STOP_REASON","UNCLASSIFIED","REVIEW_HOLD","VERIFY_CURRENT_EXCLUSION","Do not deindex automatically; compare source evidence, page uniqueness, GSC value, and replacement options."
"NCT00529373","https://clinicaltrialfailures.com/trial/NCT00529373","false","false","missing_stop_reason","UNRESOLVED","UNRESOLVED_MISSING_STOP_REASON","UNCLASSIFIED","REVIEW_HOLD","VERIFY_CURRENT_EXCLUSION","Do not deindex automatically; compare source evidence, page uniqueness, GSC value, and replacement options."
"NCT00529386","https://clinicaltrialfailures.com/trial/NCT00529386","false","false","missing_stop_reason","UNRESOLVED","UNRESOLVED_MISSING_STOP_REASON","UNCLASSIFIED","REVIEW_HOLD","VERIFY_CURRENT_EXCLUSION","Do not deindex automatically; compare source evidence, page uniqueness, GSC value, and replacement options."
"NCT00529503","https://clinicaltrialfailures.com/trial/NCT00529503","false","false","missing_stop_reason","UNRESOLVED","UNRESOLVED_MISSING_STOP_REASON","UNCLASSIFIED","REVIEW_HOLD","VERIFY_CURRENT_EXCLUSION","Do not deindex automatically; compare source evidence, page uniqueness, GSC value, and replacement options."
"NCT00531271","https://clinicaltrialfailures.com/trial/NCT00531271","false","false","missing_stop_reason","UNRESOLVED","UNRESOLVED_MISSING_STOP_REASON","UNCLASSIFIED","REVIEW_HOLD","VERIFY_CURRENT_EXCLUSION","Do not deindex automatically; compare source evidence, page uniqueness, GSC value, and replacement options."
"NCT00534807","https://clinicaltrialfailures.com/trial/NCT00534807","false","false","missing_stop_reason","UNRESOLVED","UNRESOLVED_MISSING_STOP_REASON","UNCLASSIFIED","REVIEW_HOLD","VERIFY_CURRENT_EXCLUSION","Do not deindex automatically; compare source evidence, page uniqueness, GSC value, and replacement options."
"NCT00535314","https://clinicaltrialfailures.com/trial/NCT00535314","false","false","missing_stop_reason","UNRESOLVED","UNRESOLVED_MISSING_STOP_REASON","UNCLASSIFIED","REVIEW_HOLD","VERIFY_CURRENT_EXCLUSION","Do not deindex automatically; compare source evidence, page uniqueness, GSC value, and replacement options."
"NCT00538187","https://clinicaltrialfailures.com/trial/NCT00538187","false","false","missing_stop_reason","UNRESOLVED","UNRESOLVED_MISSING_STOP_REASON","UNCLASSIFIED","REVIEW_HOLD","VERIFY_CURRENT_EXCLUSION","Do not deindex automatically; compare source evidence, page uniqueness, GSC value, and replacement options."
"NCT00539968","https://clinicaltrialfailures.com/trial/NCT00539968","false","false","missing_stop_reason","UNRESOLVED","UNRESOLVED_MISSING_STOP_REASON","UNCLASSIFIED","REVIEW_HOLD","VERIFY_CURRENT_EXCLUSION","Do not deindex automatically; compare source evidence, page uniqueness, GSC value, and replacement options."
"NCT00543010","https://clinicaltrialfailures.com/trial/NCT00543010","false","false","missing_stop_reason","UNRESOLVED","UNRESOLVED_MISSING_STOP_REASON","UNCLASSIFIED","REVIEW_HOLD","VERIFY_CURRENT_EXCLUSION","Do not deindex automatically; compare source evidence, page uniqueness, GSC value, and replacement options."
"NCT00543361","https://clinicaltrialfailures.com/trial/NCT00543361","false","false","missing_stop_reason","UNRESOLVED","UNRESOLVED_MISSING_STOP_REASON","UNCLASSIFIED","REVIEW_HOLD","VERIFY_CURRENT_EXCLUSION","Do not deindex automatically; compare source evidence, page uniqueness, GSC value, and replacement options."
"NCT00543465","https://clinicaltrialfailures.com/trial/NCT00543465","false","false","missing_stop_reason","UNRESOLVED","UNRESOLVED_MISSING_STOP_REASON","UNCLASSIFIED","REVIEW_HOLD","VERIFY_CURRENT_EXCLUSION","Do not deindex automatically; compare source evidence, page uniqueness, GSC value, and replacement options."
"NCT00543491","https://clinicaltrialfailures.com/trial/NCT00543491","false","false","missing_stop_reason","UNRESOLVED","UNRESOLVED_MISSING_STOP_REASON","UNCLASSIFIED","REVIEW_HOLD","VERIFY_CURRENT_EXCLUSION","Do not deindex automatically; compare source evidence, page uniqueness, GSC value, and replacement options."
"NCT00543517","https://clinicaltrialfailures.com/trial/NCT00543517","false","false","missing_stop_reason","UNRESOLVED","UNRESOLVED_MISSING_STOP_REASON","UNCLASSIFIED","REVIEW_HOLD","VERIFY_CURRENT_EXCLUSION","Do not deindex automatically; compare source evidence, page uniqueness, GSC value, and replacement options."
"NCT00543556","https://clinicaltrialfailures.com/trial/NCT00543556","false","false","missing_stop_reason","UNRESOLVED","UNRESOLVED_MISSING_STOP_REASON","UNCLASSIFIED","REVIEW_HOLD","VERIFY_CURRENT_EXCLUSION","Do not deindex automatically; compare source evidence, page uniqueness, GSC value, and replacement options."
"NCT00543738","https://clinicaltrialfailures.com/trial/NCT00543738","false","false","missing_stop_reason","UNRESOLVED","UNRESOLVED_MISSING_STOP_REASON","UNCLASSIFIED","REVIEW_HOLD","VERIFY_CURRENT_EXCLUSION","Do not deindex automatically; compare source evidence, page uniqueness, GSC value, and replacement options."
"NCT00543751","https://clinicaltrialfailures.com/trial/NCT00543751","false","false","missing_stop_reason","UNRESOLVED","UNRESOLVED_MISSING_STOP_REASON","UNCLASSIFIED","REVIEW_HOLD","VERIFY_CURRENT_EXCLUSION","Do not deindex automatically; compare source evidence, page uniqueness, GSC value, and replacement options."
"NCT00543816","https://clinicaltrialfailures.com/trial/NCT00543816","false","false","missing_stop_reason","UNRESOLVED","UNRESOLVED_MISSING_STOP_REASON","UNCLASSIFIED","REVIEW_HOLD","VERIFY_CURRENT_EXCLUSION","Do not deindex automatically; compare source evidence, page uniqueness, GSC value, and replacement options."
"NCT00544271","https://clinicaltrialfailures.com/trial/NCT00544271","false","false","missing_stop_reason","UNRESOLVED","UNRESOLVED_MISSING_STOP_REASON","UNCLASSIFIED","REVIEW_HOLD","VERIFY_CURRENT_EXCLUSION","Do not deindex automatically; compare source evidence, page uniqueness, GSC value, and replacement options."
"NCT00546247","https://clinicaltrialfailures.com/trial/NCT00546247","false","false","missing_stop_reason","UNRESOLVED","UNRESOLVED_MISSING_STOP_REASON","UNCLASSIFIED","REVIEW_HOLD","VERIFY_CURRENT_EXCLUSION","Do not deindex automatically; compare source evidence, page uniqueness, GSC value, and replacement options."
"NCT00547066","https://clinicaltrialfailures.com/trial/NCT00547066","false","false","missing_stop_reason","UNRESOLVED","UNRESOLVED_MISSING_STOP_REASON","UNCLASSIFIED","REVIEW_HOLD","VERIFY_CURRENT_EXCLUSION","Do not deindex automatically; compare source evidence, page uniqueness, GSC value, and replacement options."
"NCT00547274","https://clinicaltrialfailures.com/trial/NCT00547274","false","false","missing_stop_reason","UNRESOLVED","UNRESOLVED_MISSING_STOP_REASON","UNCLASSIFIED","REVIEW_HOLD","VERIFY_CURRENT_EXCLUSION","Do not deindex automatically; compare source evidence, page uniqueness, GSC value, and replacement options."
"NCT00547300","https://clinicaltrialfailures.com/trial/NCT00547300","false","false","missing_stop_reason","UNRESOLVED","UNRESOLVED_MISSING_STOP_REASON","UNCLASSIFIED","REVIEW_HOLD","VERIFY_CURRENT_EXCLUSION","Do not deindex automatically; compare source evidence, page uniqueness, GSC value, and replacement options."
"NCT00547456","https://clinicaltrialfailures.com/trial/NCT00547456","false","false","missing_stop_reason","UNRESOLVED","UNRESOLVED_MISSING_STOP_REASON","UNCLASSIFIED","REVIEW_HOLD","VERIFY_CURRENT_EXCLUSION","Do not deindex automatically; compare source evidence, page uniqueness, GSC value, and replacement options."
"NCT00550017","https://clinicaltrialfailures.com/trial/NCT00550017","false","false","missing_stop_reason","UNRESOLVED","UNRESOLVED_MISSING_STOP_REASON","UNCLASSIFIED","REVIEW_HOLD","VERIFY_CURRENT_EXCLUSION","Do not deindex automatically; compare source evidence, page uniqueness, GSC value, and replacement options."
"NCT00551239","https://clinicaltrialfailures.com/trial/NCT00551239","false","false","missing_stop_reason","UNRESOLVED","UNRESOLVED_MISSING_STOP_REASON","UNCLASSIFIED","REVIEW_HOLD","VERIFY_CURRENT_EXCLUSION","Do not deindex automatically; compare source evidence, page uniqueness, GSC value, and replacement options."
"NCT00551265","https://clinicaltrialfailures.com/trial/NCT00551265","false","false","missing_stop_reason","UNRESOLVED","UNRESOLVED_MISSING_STOP_REASON","UNCLASSIFIED","REVIEW_HOLD","VERIFY_CURRENT_EXCLUSION","Do not deindex automatically; compare source evidence, page uniqueness, GSC value, and replacement options."
"NCT00551733","https://clinicaltrialfailures.com/trial/NCT00551733","false","false","missing_stop_reason","UNRESOLVED","UNRESOLVED_MISSING_STOP_REASON","UNCLASSIFIED","REVIEW_HOLD","VERIFY_CURRENT_EXCLUSION","Do not deindex automatically; compare source evidence, page uniqueness, GSC value, and replacement options."
"NCT00552630","https://clinicaltrialfailures.com/trial/NCT00552630","false","false","missing_stop_reason","UNRESOLVED","UNRESOLVED_MISSING_STOP_REASON","UNCLASSIFIED","REVIEW_HOLD","VERIFY_CURRENT_EXCLUSION","Do not deindex automatically; compare source evidence, page uniqueness, GSC value, and replacement options."
"NCT00555789","https://clinicaltrialfailures.com/trial/NCT00555789","false","false","missing_stop_reason","UNRESOLVED","UNRESOLVED_MISSING_STOP_REASON","UNCLASSIFIED","REVIEW_HOLD","VERIFY_CURRENT_EXCLUSION","Do not deindex automatically; compare source evidence, page uniqueness, GSC value, and replacement options."
"NCT00557544","https://clinicaltrialfailures.com/trial/NCT00557544","false","false","missing_stop_reason","UNRESOLVED","UNRESOLVED_MISSING_STOP_REASON","UNCLASSIFIED","REVIEW_HOLD","VERIFY_CURRENT_EXCLUSION","Do not deindex automatically; compare source evidence, page uniqueness, GSC value, and replacement options."
"NCT00558480","https://clinicaltrialfailures.com/trial/NCT00558480","false","false","missing_stop_reason","UNRESOLVED","UNRESOLVED_MISSING_STOP_REASON","UNCLASSIFIED","REVIEW_HOLD","VERIFY_CURRENT_EXCLUSION","Do not deindex automatically; compare source evidence, page uniqueness, GSC value, and replacement options."
"NCT00559416","https://clinicaltrialfailures.com/trial/NCT00559416","false","false","missing_stop_reason","UNRESOLVED","UNRESOLVED_MISSING_STOP_REASON","UNCLASSIFIED","REVIEW_HOLD","VERIFY_CURRENT_EXCLUSION","Do not deindex automatically; compare source evidence, page uniqueness, GSC value, and replacement options."
"NCT00559650","https://clinicaltrialfailures.com/trial/NCT00559650","false","false","missing_stop_reason","UNRESOLVED","UNRESOLVED_MISSING_STOP_REASON","UNCLASSIFIED","REVIEW_HOLD","VERIFY_CURRENT_EXCLUSION","Do not deindex automatically; compare source evidence, page uniqueness, GSC value, and replacement options."
"NCT00559988","https://clinicaltrialfailures.com/trial/NCT00559988","false","false","missing_stop_reason","UNRESOLVED","UNRESOLVED_MISSING_STOP_REASON","UNCLASSIFIED","REVIEW_HOLD","VERIFY_CURRENT_EXCLUSION","Do not deindex automatically; compare source evidence, page uniqueness, GSC value, and replacement options."
"NCT00560352","https://clinicaltrialfailures.com/trial/NCT00560352","false","false","missing_stop_reason","UNRESOLVED","UNRESOLVED_MISSING_STOP_REASON","UNCLASSIFIED","REVIEW_HOLD","VERIFY_CURRENT_EXCLUSION","Do not deindex automatically; compare source evidence, page uniqueness, GSC value, and replacement options."
"NCT00560495","https://clinicaltrialfailures.com/trial/NCT00560495","false","false","missing_stop_reason","UNRESOLVED","UNRESOLVED_MISSING_STOP_REASON","UNCLASSIFIED","REVIEW_HOLD","VERIFY_CURRENT_EXCLUSION","Do not deindex automatically; compare source evidence, page uniqueness, GSC value, and replacement options."
"NCT00563238","https://clinicaltrialfailures.com/trial/NCT00563238","false","false","missing_stop_reason","UNRESOLVED","UNRESOLVED_MISSING_STOP_REASON","UNCLASSIFIED","REVIEW_HOLD","VERIFY_CURRENT_EXCLUSION","Do not deindex automatically; compare source evidence, page uniqueness, GSC value, and replacement options."
"NCT00570063","https://clinicaltrialfailures.com/trial/NCT00570063","false","false","missing_stop_reason","UNRESOLVED","UNRESOLVED_MISSING_STOP_REASON","UNCLASSIFIED","REVIEW_HOLD","VERIFY_CURRENT_EXCLUSION","Do not deindex automatically; compare source evidence, page uniqueness, GSC value, and replacement options."
"NCT00571194","https://clinicaltrialfailures.com/trial/NCT00571194","false","false","missing_stop_reason","UNRESOLVED","UNRESOLVED_MISSING_STOP_REASON","UNCLASSIFIED","REVIEW_HOLD","VERIFY_CURRENT_EXCLUSION","Do not deindex automatically; compare source evidence, page uniqueness, GSC value, and replacement options."
"NCT00571246","https://clinicaltrialfailures.com/trial/NCT00571246","false","false","missing_stop_reason","UNRESOLVED","UNRESOLVED_MISSING_STOP_REASON","UNCLASSIFIED","REVIEW_HOLD","VERIFY_CURRENT_EXCLUSION","Do not deindex automatically; compare source evidence, page uniqueness, GSC value, and replacement options."
"NCT00571805","https://clinicaltrialfailures.com/trial/NCT00571805","false","false","missing_stop_reason","UNRESOLVED","UNRESOLVED_MISSING_STOP_REASON","UNCLASSIFIED","REVIEW_HOLD","VERIFY_CURRENT_EXCLUSION","Do not deindex automatically; compare source evidence, page uniqueness, GSC value, and replacement options."
"NCT00572689","https://clinicaltrialfailures.com/trial/NCT00572689","false","false","missing_stop_reason","UNRESOLVED","UNRESOLVED_MISSING_STOP_REASON","UNCLASSIFIED","REVIEW_HOLD","VERIFY_CURRENT_EXCLUSION","Do not deindex automatically; compare source evidence, page uniqueness, GSC value, and replacement options."
"NCT00573378","https://clinicaltrialfailures.com/trial/NCT00573378","false","false","missing_stop_reason","UNRESOLVED","UNRESOLVED_MISSING_STOP_REASON","UNCLASSIFIED","REVIEW_HOLD","VERIFY_CURRENT_EXCLUSION","Do not deindex automatically; compare source evidence, page uniqueness, GSC value, and replacement options."
"NCT00576225","https://clinicaltrialfailures.com/trial/NCT00576225","false","false","missing_stop_reason","UNRESOLVED","UNRESOLVED_MISSING_STOP_REASON","UNCLASSIFIED","REVIEW_HOLD","VERIFY_CURRENT_EXCLUSION","Do not deindex automatically; compare source evidence, page uniqueness, GSC value, and replacement options."
"NCT00578461","https://clinicaltrialfailures.com/trial/NCT00578461","false","false","missing_stop_reason","UNRESOLVED","UNRESOLVED_MISSING_STOP_REASON","UNCLASSIFIED","REVIEW_HOLD","VERIFY_CURRENT_EXCLUSION","Do not deindex automatically; compare source evidence, page uniqueness, GSC value, and replacement options."
"NCT00578539","https://clinicaltrialfailures.com/trial/NCT00578539","false","false","missing_stop_reason","UNRESOLVED","UNRESOLVED_MISSING_STOP_REASON","UNCLASSIFIED","REVIEW_HOLD","VERIFY_CURRENT_EXCLUSION","Do not deindex automatically; compare source evidence, page uniqueness, GSC value, and replacement options."
"NCT00578903","https://clinicaltrialfailures.com/trial/NCT00578903","false","false","missing_stop_reason","UNRESOLVED","UNRESOLVED_MISSING_STOP_REASON","UNCLASSIFIED","REVIEW_HOLD","VERIFY_CURRENT_EXCLUSION","Do not deindex automatically; compare source evidence, page uniqueness, GSC value, and replacement options."
"NCT00580580","https://clinicaltrialfailures.com/trial/NCT00580580","false","false","missing_stop_reason","UNRESOLVED","UNRESOLVED_MISSING_STOP_REASON","UNCLASSIFIED","REVIEW_HOLD","VERIFY_CURRENT_EXCLUSION","Do not deindex automatically; compare source evidence, page uniqueness, GSC value, and replacement options."
"NCT00581243","https://clinicaltrialfailures.com/trial/NCT00581243","false","false","missing_stop_reason","UNRESOLVED","UNRESOLVED_MISSING_STOP_REASON","UNCLASSIFIED","REVIEW_HOLD","VERIFY_CURRENT_EXCLUSION","Do not deindex automatically; compare source evidence, page uniqueness, GSC value, and replacement options."
"NCT00582855","https://clinicaltrialfailures.com/trial/NCT00582855","false","false","missing_stop_reason","UNRESOLVED","UNRESOLVED_MISSING_STOP_REASON","UNCLASSIFIED","REVIEW_HOLD","VERIFY_CURRENT_EXCLUSION","Do not deindex automatically; compare source evidence, page uniqueness, GSC value, and replacement options."
"NCT00583258","https://clinicaltrialfailures.com/trial/NCT00583258","false","false","missing_stop_reason","UNRESOLVED","UNRESOLVED_MISSING_STOP_REASON","UNCLASSIFIED","REVIEW_HOLD","VERIFY_CURRENT_EXCLUSION","Do not deindex automatically; compare source evidence, page uniqueness, GSC value, and replacement options."
"NCT00585559","https://clinicaltrialfailures.com/trial/NCT00585559","false","false","missing_stop_reason","UNRESOLVED","UNRESOLVED_MISSING_STOP_REASON","UNCLASSIFIED","REVIEW_HOLD","VERIFY_CURRENT_EXCLUSION","Do not deindex automatically; compare source evidence, page uniqueness, GSC value, and replacement options."
"NCT00588835","https://clinicaltrialfailures.com/trial/NCT00588835","false","false","missing_stop_reason","UNRESOLVED","UNRESOLVED_MISSING_STOP_REASON","UNCLASSIFIED","REVIEW_HOLD","VERIFY_CURRENT_EXCLUSION","Do not deindex automatically; compare source evidence, page uniqueness, GSC value, and replacement options."
"NCT00588900","https://clinicaltrialfailures.com/trial/NCT00588900","false","false","missing_stop_reason","UNRESOLVED","UNRESOLVED_MISSING_STOP_REASON","UNCLASSIFIED","REVIEW_HOLD","VERIFY_CURRENT_EXCLUSION","Do not deindex automatically; compare source evidence, page uniqueness, GSC value, and replacement options."
"NCT00592215","https://clinicaltrialfailures.com/trial/NCT00592215","false","false","missing_stop_reason","UNRESOLVED","UNRESOLVED_MISSING_STOP_REASON","UNCLASSIFIED","REVIEW_HOLD","VERIFY_CURRENT_EXCLUSION","Do not deindex automatically; compare source evidence, page uniqueness, GSC value, and replacement options."
"NCT00595829","https://clinicaltrialfailures.com/trial/NCT00595829","false","false","missing_stop_reason","UNRESOLVED","UNRESOLVED_MISSING_STOP_REASON","UNCLASSIFIED","REVIEW_HOLD","VERIFY_CURRENT_EXCLUSION","Do not deindex automatically; compare source evidence, page uniqueness, GSC value, and replacement options."
"NCT00603135","https://clinicaltrialfailures.com/trial/NCT00603135","false","false","missing_stop_reason","UNRESOLVED","UNRESOLVED_MISSING_STOP_REASON","UNCLASSIFIED","REVIEW_HOLD","VERIFY_CURRENT_EXCLUSION","Do not deindex automatically; compare source evidence, page uniqueness, GSC value, and replacement options."
"NCT00603460","https://clinicaltrialfailures.com/trial/NCT00603460","false","false","missing_stop_reason","UNRESOLVED","UNRESOLVED_MISSING_STOP_REASON","UNCLASSIFIED","REVIEW_HOLD","VERIFY_CURRENT_EXCLUSION","Do not deindex automatically; compare source evidence, page uniqueness, GSC value, and replacement options."
"NCT00604578","https://clinicaltrialfailures.com/trial/NCT00604578","false","false","missing_stop_reason","UNRESOLVED","UNRESOLVED_MISSING_STOP_REASON","UNCLASSIFIED","REVIEW_HOLD","VERIFY_CURRENT_EXCLUSION","Do not deindex automatically; compare source evidence, page uniqueness, GSC value, and replacement options."
"NCT00604968","https://clinicaltrialfailures.com/trial/NCT00604968","false","false","missing_stop_reason","UNRESOLVED","UNRESOLVED_MISSING_STOP_REASON","UNCLASSIFIED","REVIEW_HOLD","VERIFY_CURRENT_EXCLUSION","Do not deindex automatically; compare source evidence, page uniqueness, GSC value, and replacement options."
"NCT00607256","https://clinicaltrialfailures.com/trial/NCT00607256","false","false","missing_stop_reason","UNRESOLVED","UNRESOLVED_MISSING_STOP_REASON","UNCLASSIFIED","REVIEW_HOLD","VERIFY_CURRENT_EXCLUSION","Do not deindex automatically; compare source evidence, page uniqueness, GSC value, and replacement options."
"NCT00607451","https://clinicaltrialfailures.com/trial/NCT00607451","false","false","missing_stop_reason","UNRESOLVED","UNRESOLVED_MISSING_STOP_REASON","UNCLASSIFIED","REVIEW_HOLD","VERIFY_CURRENT_EXCLUSION","Do not deindex automatically; compare source evidence, page uniqueness, GSC value, and replacement options."
"NCT00607802","https://clinicaltrialfailures.com/trial/NCT00607802","false","false","missing_stop_reason","UNRESOLVED","UNRESOLVED_MISSING_STOP_REASON","UNCLASSIFIED","REVIEW_HOLD","VERIFY_CURRENT_EXCLUSION","Do not deindex automatically; compare source evidence, page uniqueness, GSC value, and replacement options."
"NCT00614640","https://clinicaltrialfailures.com/trial/NCT00614640","false","false","missing_stop_reason","UNRESOLVED","UNRESOLVED_MISSING_STOP_REASON","UNCLASSIFIED","REVIEW_HOLD","VERIFY_CURRENT_EXCLUSION","Do not deindex automatically; compare source evidence, page uniqueness, GSC value, and replacement options."
"NCT00620659","https://clinicaltrialfailures.com/trial/NCT00620659","false","false","missing_stop_reason","UNRESOLVED","UNRESOLVED_MISSING_STOP_REASON","UNCLASSIFIED","REVIEW_HOLD","VERIFY_CURRENT_EXCLUSION","Do not deindex automatically; compare source evidence, page uniqueness, GSC value, and replacement options."
"NCT00622401","https://clinicaltrialfailures.com/trial/NCT00622401","false","false","missing_stop_reason","UNRESOLVED","UNRESOLVED_MISSING_STOP_REASON","UNCLASSIFIED","REVIEW_HOLD","VERIFY_CURRENT_EXCLUSION","Do not deindex automatically; compare source evidence, page uniqueness, GSC value, and replacement options."
"NCT00623415","https://clinicaltrialfailures.com/trial/NCT00623415","false","false","missing_stop_reason","UNRESOLVED","UNRESOLVED_MISSING_STOP_REASON","UNCLASSIFIED","REVIEW_HOLD","VERIFY_CURRENT_EXCLUSION","Do not deindex automatically; compare source evidence, page uniqueness, GSC value, and replacement options."
"NCT00623753","https://clinicaltrialfailures.com/trial/NCT00623753","false","false","missing_stop_reason","UNRESOLVED","UNRESOLVED_MISSING_STOP_REASON","UNCLASSIFIED","REVIEW_HOLD","VERIFY_CURRENT_EXCLUSION","Do not deindex automatically; compare source evidence, page uniqueness, GSC value, and replacement options."
"NCT00624182","https://clinicaltrialfailures.com/trial/NCT00624182","false","false","missing_stop_reason","UNRESOLVED","UNRESOLVED_MISSING_STOP_REASON","UNCLASSIFIED","REVIEW_HOLD","VERIFY_CURRENT_EXCLUSION","Do not deindex automatically; compare source evidence, page uniqueness, GSC value, and replacement options."
"NCT00624312","https://clinicaltrialfailures.com/trial/NCT00624312","false","false","missing_stop_reason","UNRESOLVED","UNRESOLVED_MISSING_STOP_REASON","UNCLASSIFIED","REVIEW_HOLD","VERIFY_CURRENT_EXCLUSION","Do not deindex automatically; compare source evidence, page uniqueness, GSC value, and replacement options."
"NCT00625898","https://clinicaltrialfailures.com/trial/NCT00625898","false","false","missing_stop_reason","UNRESOLVED","UNRESOLVED_MISSING_STOP_REASON","UNCLASSIFIED","REVIEW_HOLD","VERIFY_CURRENT_EXCLUSION","Do not deindex automatically; compare source evidence, page uniqueness, GSC value, and replacement options."
"NCT00626210","https://clinicaltrialfailures.com/trial/NCT00626210","false","false","missing_stop_reason","UNRESOLVED","UNRESOLVED_MISSING_STOP_REASON","UNCLASSIFIED","REVIEW_HOLD","VERIFY_CURRENT_EXCLUSION","Do not deindex automatically; compare source evidence, page uniqueness, GSC value, and replacement options."
"NCT00627133","https://clinicaltrialfailures.com/trial/NCT00627133","false","false","missing_stop_reason","UNRESOLVED","UNRESOLVED_MISSING_STOP_REASON","UNCLASSIFIED","REVIEW_HOLD","VERIFY_CURRENT_EXCLUSION","Do not deindex automatically; compare source evidence, page uniqueness, GSC value, and replacement options."
"NCT00627991","https://clinicaltrialfailures.com/trial/NCT00627991","false","false","missing_stop_reason","UNRESOLVED","UNRESOLVED_MISSING_STOP_REASON","UNCLASSIFIED","REVIEW_HOLD","VERIFY_CURRENT_EXCLUSION","Do not deindex automatically; compare source evidence, page uniqueness, GSC value, and replacement options."
"NCT00632203","https://clinicaltrialfailures.com/trial/NCT00632203","false","false","missing_stop_reason","UNRESOLVED","UNRESOLVED_MISSING_STOP_REASON","UNCLASSIFIED","REVIEW_HOLD","VERIFY_CURRENT_EXCLUSION","Do not deindex automatically; compare source evidence, page uniqueness, GSC value, and replacement options."
"NCT00635245","https://clinicaltrialfailures.com/trial/NCT00635245","false","false","missing_stop_reason","UNRESOLVED","UNRESOLVED_MISSING_STOP_REASON","UNCLASSIFIED","REVIEW_HOLD","VERIFY_CURRENT_EXCLUSION","Do not deindex automatically; compare source evidence, page uniqueness, GSC value, and replacement options."
"NCT00640094","https://clinicaltrialfailures.com/trial/NCT00640094","false","false","missing_stop_reason","UNRESOLVED","UNRESOLVED_MISSING_STOP_REASON","UNCLASSIFIED","REVIEW_HOLD","VERIFY_CURRENT_EXCLUSION","Do not deindex automatically; compare source evidence, page uniqueness, GSC value, and replacement options."
"NCT00642603","https://clinicaltrialfailures.com/trial/NCT00642603","false","false","missing_stop_reason","UNRESOLVED","UNRESOLVED_MISSING_STOP_REASON","UNCLASSIFIED","REVIEW_HOLD","VERIFY_CURRENT_EXCLUSION","Do not deindex automatically; compare source evidence, page uniqueness, GSC value, and replacement options."
"NCT00655395","https://clinicaltrialfailures.com/trial/NCT00655395","false","false","missing_stop_reason","UNRESOLVED","UNRESOLVED_MISSING_STOP_REASON","UNCLASSIFIED","REVIEW_HOLD","VERIFY_CURRENT_EXCLUSION","Do not deindex automatically; compare source evidence, page uniqueness, GSC value, and replacement options."
"NCT00656331","https://clinicaltrialfailures.com/trial/NCT00656331","false","false","missing_stop_reason","UNRESOLVED","UNRESOLVED_MISSING_STOP_REASON","UNCLASSIFIED","REVIEW_HOLD","VERIFY_CURRENT_EXCLUSION","Do not deindex automatically; compare source evidence, page uniqueness, GSC value, and replacement options."
"NCT00657748","https://clinicaltrialfailures.com/trial/NCT00657748","false","false","missing_stop_reason","UNRESOLVED","UNRESOLVED_MISSING_STOP_REASON","UNCLASSIFIED","REVIEW_HOLD","VERIFY_CURRENT_EXCLUSION","Do not deindex automatically; compare source evidence, page uniqueness, GSC value, and replacement options."
"NCT00662311","https://clinicaltrialfailures.com/trial/NCT00662311","false","false","missing_stop_reason","UNRESOLVED","UNRESOLVED_MISSING_STOP_REASON","UNCLASSIFIED","REVIEW_HOLD","VERIFY_CURRENT_EXCLUSION","Do not deindex automatically; compare source evidence, page uniqueness, GSC value, and replacement options."
"NCT00662597","https://clinicaltrialfailures.com/trial/NCT00662597","false","false","missing_stop_reason","UNRESOLVED","UNRESOLVED_MISSING_STOP_REASON","UNCLASSIFIED","REVIEW_HOLD","VERIFY_CURRENT_EXCLUSION","Do not deindex automatically; compare source evidence, page uniqueness, GSC value, and replacement options."
"NCT00662740","https://clinicaltrialfailures.com/trial/NCT00662740","false","false","missing_stop_reason","UNRESOLVED","UNRESOLVED_MISSING_STOP_REASON","UNCLASSIFIED","REVIEW_HOLD","VERIFY_CURRENT_EXCLUSION","Do not deindex automatically; compare source evidence, page uniqueness, GSC value, and replacement options."
"NCT00664287","https://clinicaltrialfailures.com/trial/NCT00664287","false","false","missing_stop_reason","UNRESOLVED","UNRESOLVED_MISSING_STOP_REASON","UNCLASSIFIED","REVIEW_HOLD","VERIFY_CURRENT_EXCLUSION","Do not deindex automatically; compare source evidence, page uniqueness, GSC value, and replacement options."
"NCT00664690","https://clinicaltrialfailures.com/trial/NCT00664690","false","false","missing_stop_reason","UNRESOLVED","UNRESOLVED_MISSING_STOP_REASON","UNCLASSIFIED","REVIEW_HOLD","VERIFY_CURRENT_EXCLUSION","Do not deindex automatically; compare source evidence, page uniqueness, GSC value, and replacement options."
"NCT00668772","https://clinicaltrialfailures.com/trial/NCT00668772","false","false","missing_stop_reason","UNRESOLVED","UNRESOLVED_MISSING_STOP_REASON","UNCLASSIFIED","REVIEW_HOLD","VERIFY_CURRENT_EXCLUSION","Do not deindex automatically; compare source evidence, page uniqueness, GSC value, and replacement options."
"NCT00673153","https://clinicaltrialfailures.com/trial/NCT00673153","false","false","missing_stop_reason","UNRESOLVED","UNRESOLVED_MISSING_STOP_REASON","UNCLASSIFIED","REVIEW_HOLD","VERIFY_CURRENT_EXCLUSION","Do not deindex automatically; compare source evidence, page uniqueness, GSC value, and replacement options."
"NCT00673361","https://clinicaltrialfailures.com/trial/NCT00673361","false","false","missing_stop_reason","UNRESOLVED","UNRESOLVED_MISSING_STOP_REASON","UNCLASSIFIED","REVIEW_HOLD","VERIFY_CURRENT_EXCLUSION","Do not deindex automatically; compare source evidence, page uniqueness, GSC value, and replacement options."
"NCT00675649","https://clinicaltrialfailures.com/trial/NCT00675649","false","false","missing_stop_reason","UNRESOLVED","UNRESOLVED_MISSING_STOP_REASON","UNCLASSIFIED","REVIEW_HOLD","VERIFY_CURRENT_EXCLUSION","Do not deindex automatically; compare source evidence, page uniqueness, GSC value, and replacement options."
"NCT00678626","https://clinicaltrialfailures.com/trial/NCT00678626","false","false","missing_stop_reason","UNRESOLVED","UNRESOLVED_MISSING_STOP_REASON","UNCLASSIFIED","REVIEW_HOLD","VERIFY_CURRENT_EXCLUSION","Do not deindex automatically; compare source evidence, page uniqueness, GSC value, and replacement options."
"NCT00680485","https://clinicaltrialfailures.com/trial/NCT00680485","false","false","missing_stop_reason","UNRESOLVED","UNRESOLVED_MISSING_STOP_REASON","UNCLASSIFIED","REVIEW_HOLD","VERIFY_CURRENT_EXCLUSION","Do not deindex automatically; compare source evidence, page uniqueness, GSC value, and replacement options."
"NCT00687453","https://clinicaltrialfailures.com/trial/NCT00687453","false","false","missing_stop_reason","UNRESOLVED","UNRESOLVED_MISSING_STOP_REASON","UNCLASSIFIED","REVIEW_HOLD","VERIFY_CURRENT_EXCLUSION","Do not deindex automatically; compare source evidence, page uniqueness, GSC value, and replacement options."
"NCT00687531","https://clinicaltrialfailures.com/trial/NCT00687531","false","false","missing_stop_reason","UNRESOLVED","UNRESOLVED_MISSING_STOP_REASON","UNCLASSIFIED","REVIEW_HOLD","VERIFY_CURRENT_EXCLUSION","Do not deindex automatically; compare source evidence, page uniqueness, GSC value, and replacement options."
"NCT00687544","https://clinicaltrialfailures.com/trial/NCT00687544","false","false","missing_stop_reason","UNRESOLVED","UNRESOLVED_MISSING_STOP_REASON","UNCLASSIFIED","REVIEW_HOLD","VERIFY_CURRENT_EXCLUSION","Do not deindex automatically; compare source evidence, page uniqueness, GSC value, and replacement options."
"NCT00688805","https://clinicaltrialfailures.com/trial/NCT00688805","false","false","missing_stop_reason","UNRESOLVED","UNRESOLVED_MISSING_STOP_REASON","UNCLASSIFIED","REVIEW_HOLD","VERIFY_CURRENT_EXCLUSION","Do not deindex automatically; compare source evidence, page uniqueness, GSC value, and replacement options."
"NCT00691275","https://clinicaltrialfailures.com/trial/NCT00691275","false","false","missing_stop_reason","UNRESOLVED","UNRESOLVED_MISSING_STOP_REASON","UNCLASSIFIED","REVIEW_HOLD","VERIFY_CURRENT_EXCLUSION","Do not deindex automatically; compare source evidence, page uniqueness, GSC value, and replacement options."
"NCT00692614","https://clinicaltrialfailures.com/trial/NCT00692614","false","false","missing_stop_reason","UNRESOLVED","UNRESOLVED_MISSING_STOP_REASON","UNCLASSIFIED","REVIEW_HOLD","VERIFY_CURRENT_EXCLUSION","Do not deindex automatically; compare source evidence, page uniqueness, GSC value, and replacement options."
"NCT00693472","https://clinicaltrialfailures.com/trial/NCT00693472","false","false","missing_stop_reason","UNRESOLVED","UNRESOLVED_MISSING_STOP_REASON","UNCLASSIFIED","REVIEW_HOLD","VERIFY_CURRENT_EXCLUSION","Do not deindex automatically; compare source evidence, page uniqueness, GSC value, and replacement options."
"NCT00694291","https://clinicaltrialfailures.com/trial/NCT00694291","false","false","missing_stop_reason","UNRESOLVED","UNRESOLVED_MISSING_STOP_REASON","UNCLASSIFIED","REVIEW_HOLD","VERIFY_CURRENT_EXCLUSION","Do not deindex automatically; compare source evidence, page uniqueness, GSC value, and replacement options."
"NCT00695318","https://clinicaltrialfailures.com/trial/NCT00695318","false","false","missing_stop_reason","UNRESOLVED","UNRESOLVED_MISSING_STOP_REASON","UNCLASSIFIED","REVIEW_HOLD","VERIFY_CURRENT_EXCLUSION","Do not deindex automatically; compare source evidence, page uniqueness, GSC value, and replacement options."
"NCT00695643","https://clinicaltrialfailures.com/trial/NCT00695643","false","false","missing_stop_reason","UNRESOLVED","UNRESOLVED_MISSING_STOP_REASON","UNCLASSIFIED","REVIEW_HOLD","VERIFY_CURRENT_EXCLUSION","Do not deindex automatically; compare source evidence, page uniqueness, GSC value, and replacement options."
"NCT00696930","https://clinicaltrialfailures.com/trial/NCT00696930","false","false","missing_stop_reason","UNRESOLVED","UNRESOLVED_MISSING_STOP_REASON","UNCLASSIFIED","REVIEW_HOLD","VERIFY_CURRENT_EXCLUSION","Do not deindex automatically; compare source evidence, page uniqueness, GSC value, and replacement options."
"NCT00697255","https://clinicaltrialfailures.com/trial/NCT00697255","false","false","missing_stop_reason","UNRESOLVED","UNRESOLVED_MISSING_STOP_REASON","UNCLASSIFIED","REVIEW_HOLD","VERIFY_CURRENT_EXCLUSION","Do not deindex automatically; compare source evidence, page uniqueness, GSC value, and replacement options."
"NCT00701623","https://clinicaltrialfailures.com/trial/NCT00701623","false","false","missing_stop_reason","UNRESOLVED","UNRESOLVED_MISSING_STOP_REASON","UNCLASSIFIED","REVIEW_HOLD","VERIFY_CURRENT_EXCLUSION","Do not deindex automatically; compare source evidence, page uniqueness, GSC value, and replacement options."
"NCT00703690","https://clinicaltrialfailures.com/trial/NCT00703690","false","false","missing_stop_reason","UNRESOLVED","UNRESOLVED_MISSING_STOP_REASON","UNCLASSIFIED","REVIEW_HOLD","VERIFY_CURRENT_EXCLUSION","Do not deindex automatically; compare source evidence, page uniqueness, GSC value, and replacement options."
"NCT00703859","https://clinicaltrialfailures.com/trial/NCT00703859","false","false","missing_stop_reason","UNRESOLVED","UNRESOLVED_MISSING_STOP_REASON","UNCLASSIFIED","REVIEW_HOLD","VERIFY_CURRENT_EXCLUSION","Do not deindex automatically; compare source evidence, page uniqueness, GSC value, and replacement options."
"NCT00704821","https://clinicaltrialfailures.com/trial/NCT00704821","false","false","missing_stop_reason","UNRESOLVED","UNRESOLVED_MISSING_STOP_REASON","UNCLASSIFIED","REVIEW_HOLD","VERIFY_CURRENT_EXCLUSION","Do not deindex automatically; compare source evidence, page uniqueness, GSC value, and replacement options."
"NCT00706953","https://clinicaltrialfailures.com/trial/NCT00706953","false","false","missing_stop_reason","UNRESOLVED","UNRESOLVED_MISSING_STOP_REASON","UNCLASSIFIED","REVIEW_HOLD","VERIFY_CURRENT_EXCLUSION","Do not deindex automatically; compare source evidence, page uniqueness, GSC value, and replacement options."
"NCT00712296","https://clinicaltrialfailures.com/trial/NCT00712296","false","false","missing_stop_reason","UNRESOLVED","UNRESOLVED_MISSING_STOP_REASON","UNCLASSIFIED","REVIEW_HOLD","VERIFY_CURRENT_EXCLUSION","Do not deindex automatically; compare source evidence, page uniqueness, GSC value, and replacement options."
"NCT00717652","https://clinicaltrialfailures.com/trial/NCT00717652","false","false","missing_stop_reason","UNRESOLVED","UNRESOLVED_MISSING_STOP_REASON","UNCLASSIFIED","REVIEW_HOLD","VERIFY_CURRENT_EXCLUSION","Do not deindex automatically; compare source evidence, page uniqueness, GSC value, and replacement options."
"NCT00718809","https://clinicaltrialfailures.com/trial/NCT00718809","false","false","missing_stop_reason","UNRESOLVED","UNRESOLVED_MISSING_STOP_REASON","UNCLASSIFIED","REVIEW_HOLD","VERIFY_CURRENT_EXCLUSION","Do not deindex automatically; compare source evidence, page uniqueness, GSC value, and replacement options."
"NCT00719823","https://clinicaltrialfailures.com/trial/NCT00719823","false","false","missing_stop_reason","UNRESOLVED","UNRESOLVED_MISSING_STOP_REASON","UNCLASSIFIED","REVIEW_HOLD","VERIFY_CURRENT_EXCLUSION","Do not deindex automatically; compare source evidence, page uniqueness, GSC value, and replacement options."
"NCT00720512","https://clinicaltrialfailures.com/trial/NCT00720512","false","false","missing_stop_reason","UNRESOLVED","UNRESOLVED_MISSING_STOP_REASON","UNCLASSIFIED","REVIEW_HOLD","VERIFY_CURRENT_EXCLUSION","Do not deindex automatically; compare source evidence, page uniqueness, GSC value, and replacement options."
"NCT00725725","https://clinicaltrialfailures.com/trial/NCT00725725","false","false","missing_stop_reason","UNRESOLVED","UNRESOLVED_MISSING_STOP_REASON","UNCLASSIFIED","REVIEW_HOLD","VERIFY_CURRENT_EXCLUSION","Do not deindex automatically; compare source evidence, page uniqueness, GSC value, and replacement options."
"NCT00725946","https://clinicaltrialfailures.com/trial/NCT00725946","false","false","missing_stop_reason","UNRESOLVED","UNRESOLVED_MISSING_STOP_REASON","UNCLASSIFIED","REVIEW_HOLD","VERIFY_CURRENT_EXCLUSION","Do not deindex automatically; compare source evidence, page uniqueness, GSC value, and replacement options."
"NCT00726505","https://clinicaltrialfailures.com/trial/NCT00726505","false","false","missing_stop_reason","UNRESOLVED","UNRESOLVED_MISSING_STOP_REASON","UNCLASSIFIED","REVIEW_HOLD","VERIFY_CURRENT_EXCLUSION","Do not deindex automatically; compare source evidence, page uniqueness, GSC value, and replacement options."
"NCT00727194","https://clinicaltrialfailures.com/trial/NCT00727194","false","false","missing_stop_reason","UNRESOLVED","UNRESOLVED_MISSING_STOP_REASON","UNCLASSIFIED","REVIEW_HOLD","VERIFY_CURRENT_EXCLUSION","Do not deindex automatically; compare source evidence, page uniqueness, GSC value, and replacement options."
"NCT00728091","https://clinicaltrialfailures.com/trial/NCT00728091","false","false","missing_stop_reason","UNRESOLVED","UNRESOLVED_MISSING_STOP_REASON","UNCLASSIFIED","REVIEW_HOLD","VERIFY_CURRENT_EXCLUSION","Do not deindex automatically; compare source evidence, page uniqueness, GSC value, and replacement options."
"NCT00729768","https://clinicaltrialfailures.com/trial/NCT00729768","false","false","missing_stop_reason","UNRESOLVED","UNRESOLVED_MISSING_STOP_REASON","UNCLASSIFIED","REVIEW_HOLD","VERIFY_CURRENT_EXCLUSION","Do not deindex automatically; compare source evidence, page uniqueness, GSC value, and replacement options."
"NCT00730717","https://clinicaltrialfailures.com/trial/NCT00730717","false","false","missing_stop_reason","UNRESOLVED","UNRESOLVED_MISSING_STOP_REASON","UNCLASSIFIED","REVIEW_HOLD","VERIFY_CURRENT_EXCLUSION","Do not deindex automatically; compare source evidence, page uniqueness, GSC value, and replacement options."
"NCT00731757","https://clinicaltrialfailures.com/trial/NCT00731757","false","false","missing_stop_reason","UNRESOLVED","UNRESOLVED_MISSING_STOP_REASON","UNCLASSIFIED","REVIEW_HOLD","VERIFY_CURRENT_EXCLUSION","Do not deindex automatically; compare source evidence, page uniqueness, GSC value, and replacement options."
"NCT00732186","https://clinicaltrialfailures.com/trial/NCT00732186","false","false","missing_stop_reason","UNRESOLVED","UNRESOLVED_MISSING_STOP_REASON","UNCLASSIFIED","REVIEW_HOLD","VERIFY_CURRENT_EXCLUSION","Do not deindex automatically; compare source evidence, page uniqueness, GSC value, and replacement options."
"NCT00734526","https://clinicaltrialfailures.com/trial/NCT00734526","false","false","missing_stop_reason","UNRESOLVED","UNRESOLVED_MISSING_STOP_REASON","UNCLASSIFIED","REVIEW_HOLD","VERIFY_CURRENT_EXCLUSION","Do not deindex automatically; compare source evidence, page uniqueness, GSC value, and replacement options."
"NCT00735683","https://clinicaltrialfailures.com/trial/NCT00735683","false","false","missing_stop_reason","UNRESOLVED","UNRESOLVED_MISSING_STOP_REASON","UNCLASSIFIED","REVIEW_HOLD","VERIFY_CURRENT_EXCLUSION","Do not deindex automatically; compare source evidence, page uniqueness, GSC value, and replacement options."
"NCT00736385","https://clinicaltrialfailures.com/trial/NCT00736385","false","false","missing_stop_reason","UNRESOLVED","UNRESOLVED_MISSING_STOP_REASON","UNCLASSIFIED","REVIEW_HOLD","VERIFY_CURRENT_EXCLUSION","Do not deindex automatically; compare source evidence, page uniqueness, GSC value, and replacement options."
"NCT00738387","https://clinicaltrialfailures.com/trial/NCT00738387","false","false","missing_stop_reason","UNRESOLVED","UNRESOLVED_MISSING_STOP_REASON","UNCLASSIFIED","REVIEW_HOLD","VERIFY_CURRENT_EXCLUSION","Do not deindex automatically; compare source evidence, page uniqueness, GSC value, and replacement options."
"NCT00739050","https://clinicaltrialfailures.com/trial/NCT00739050","false","false","missing_stop_reason","UNRESOLVED","UNRESOLVED_MISSING_STOP_REASON","UNCLASSIFIED","REVIEW_HOLD","VERIFY_CURRENT_EXCLUSION","Do not deindex automatically; compare source evidence, page uniqueness, GSC value, and replacement options."
"NCT00739193","https://clinicaltrialfailures.com/trial/NCT00739193","false","false","missing_stop_reason","UNRESOLVED","UNRESOLVED_MISSING_STOP_REASON","UNCLASSIFIED","REVIEW_HOLD","VERIFY_CURRENT_EXCLUSION","Do not deindex automatically; compare source evidence, page uniqueness, GSC value, and replacement options."
"NCT00741182","https://clinicaltrialfailures.com/trial/NCT00741182","false","false","missing_stop_reason","UNRESOLVED","UNRESOLVED_MISSING_STOP_REASON","UNCLASSIFIED","REVIEW_HOLD","VERIFY_CURRENT_EXCLUSION","Do not deindex automatically; compare source evidence, page uniqueness, GSC value, and replacement options."
"NCT00741884","https://clinicaltrialfailures.com/trial/NCT00741884","false","false","missing_stop_reason","UNRESOLVED","UNRESOLVED_MISSING_STOP_REASON","UNCLASSIFIED","REVIEW_HOLD","VERIFY_CURRENT_EXCLUSION","Do not deindex automatically; compare source evidence, page uniqueness, GSC value, and replacement options."
"NCT00742105","https://clinicaltrialfailures.com/trial/NCT00742105","false","false","missing_stop_reason","UNRESOLVED","UNRESOLVED_MISSING_STOP_REASON","UNCLASSIFIED","REVIEW_HOLD","VERIFY_CURRENT_EXCLUSION","Do not deindex automatically; compare source evidence, page uniqueness, GSC value, and replacement options."
"NCT00743184","https://clinicaltrialfailures.com/trial/NCT00743184","false","false","missing_stop_reason","UNRESOLVED","UNRESOLVED_MISSING_STOP_REASON","UNCLASSIFIED","REVIEW_HOLD","VERIFY_CURRENT_EXCLUSION","Do not deindex automatically; compare source evidence, page uniqueness, GSC value, and replacement options."
"NCT00745953","https://clinicaltrialfailures.com/trial/NCT00745953","false","false","missing_stop_reason","UNRESOLVED","UNRESOLVED_MISSING_STOP_REASON","UNCLASSIFIED","REVIEW_HOLD","VERIFY_CURRENT_EXCLUSION","Do not deindex automatically; compare source evidence, page uniqueness, GSC value, and replacement options."
"NCT00748709","https://clinicaltrialfailures.com/trial/NCT00748709","false","false","missing_stop_reason","UNRESOLVED","UNRESOLVED_MISSING_STOP_REASON","UNCLASSIFIED","REVIEW_HOLD","VERIFY_CURRENT_EXCLUSION","Do not deindex automatically; compare source evidence, page uniqueness, GSC value, and replacement options."
"NCT00748904","https://clinicaltrialfailures.com/trial/NCT00748904","false","false","missing_stop_reason","UNRESOLVED","UNRESOLVED_MISSING_STOP_REASON","UNCLASSIFIED","REVIEW_HOLD","VERIFY_CURRENT_EXCLUSION","Do not deindex automatically; compare source evidence, page uniqueness, GSC value, and replacement options."
"NCT00751608","https://clinicaltrialfailures.com/trial/NCT00751608","false","false","missing_stop_reason","UNRESOLVED","UNRESOLVED_MISSING_STOP_REASON","UNCLASSIFIED","REVIEW_HOLD","VERIFY_CURRENT_EXCLUSION","Do not deindex automatically; compare source evidence, page uniqueness, GSC value, and replacement options."
"NCT00752986","https://clinicaltrialfailures.com/trial/NCT00752986","false","false","missing_stop_reason","UNRESOLVED","UNRESOLVED_MISSING_STOP_REASON","UNCLASSIFIED","REVIEW_HOLD","VERIFY_CURRENT_EXCLUSION","Do not deindex automatically; compare source evidence, page uniqueness, GSC value, and replacement options."
"NCT00754312","https://clinicaltrialfailures.com/trial/NCT00754312","false","false","missing_stop_reason","UNRESOLVED","UNRESOLVED_MISSING_STOP_REASON","UNCLASSIFIED","REVIEW_HOLD","VERIFY_CURRENT_EXCLUSION","Do not deindex automatically; compare source evidence, page uniqueness, GSC value, and replacement options."
"NCT00754923","https://clinicaltrialfailures.com/trial/NCT00754923","false","false","missing_stop_reason","UNRESOLVED","UNRESOLVED_MISSING_STOP_REASON","UNCLASSIFIED","REVIEW_HOLD","VERIFY_CURRENT_EXCLUSION","Do not deindex automatically; compare source evidence, page uniqueness, GSC value, and replacement options."
"NCT00754949","https://clinicaltrialfailures.com/trial/NCT00754949","false","false","missing_stop_reason","UNRESOLVED","UNRESOLVED_MISSING_STOP_REASON","UNCLASSIFIED","REVIEW_HOLD","VERIFY_CURRENT_EXCLUSION","Do not deindex automatically; compare source evidence, page uniqueness, GSC value, and replacement options."
"NCT00755157","https://clinicaltrialfailures.com/trial/NCT00755157","false","false","missing_stop_reason","UNRESOLVED","UNRESOLVED_MISSING_STOP_REASON","UNCLASSIFIED","REVIEW_HOLD","VERIFY_CURRENT_EXCLUSION","Do not deindex automatically; compare source evidence, page uniqueness, GSC value, and replacement options."
"NCT00755404","https://clinicaltrialfailures.com/trial/NCT00755404","false","false","missing_stop_reason","UNRESOLVED","UNRESOLVED_MISSING_STOP_REASON","UNCLASSIFIED","REVIEW_HOLD","VERIFY_CURRENT_EXCLUSION","Do not deindex automatically; compare source evidence, page uniqueness, GSC value, and replacement options."
"NCT00757757","https://clinicaltrialfailures.com/trial/NCT00757757","false","false","missing_stop_reason","UNRESOLVED","UNRESOLVED_MISSING_STOP_REASON","UNCLASSIFIED","REVIEW_HOLD","VERIFY_CURRENT_EXCLUSION","Do not deindex automatically; compare source evidence, page uniqueness, GSC value, and replacement options."
"NCT00758680","https://clinicaltrialfailures.com/trial/NCT00758680","false","false","missing_stop_reason","UNRESOLVED","UNRESOLVED_MISSING_STOP_REASON","UNCLASSIFIED","REVIEW_HOLD","VERIFY_CURRENT_EXCLUSION","Do not deindex automatically; compare source evidence, page uniqueness, GSC value, and replacement options."
"NCT00761228","https://clinicaltrialfailures.com/trial/NCT00761228","false","false","missing_stop_reason","UNRESOLVED","UNRESOLVED_MISSING_STOP_REASON","UNCLASSIFIED","REVIEW_HOLD","VERIFY_CURRENT_EXCLUSION","Do not deindex automatically; compare source evidence, page uniqueness, GSC value, and replacement options."
"NCT00766064","https://clinicaltrialfailures.com/trial/NCT00766064","false","false","missing_stop_reason","UNRESOLVED","UNRESOLVED_MISSING_STOP_REASON","UNCLASSIFIED","REVIEW_HOLD","VERIFY_CURRENT_EXCLUSION","Do not deindex automatically; compare source evidence, page uniqueness, GSC value, and replacement options."
"NCT00766285","https://clinicaltrialfailures.com/trial/NCT00766285","false","false","missing_stop_reason","UNRESOLVED","UNRESOLVED_MISSING_STOP_REASON","UNCLASSIFIED","REVIEW_HOLD","VERIFY_CURRENT_EXCLUSION","Do not deindex automatically; compare source evidence, page uniqueness, GSC value, and replacement options."
"NCT00766402","https://clinicaltrialfailures.com/trial/NCT00766402","false","false","missing_stop_reason","UNRESOLVED","UNRESOLVED_MISSING_STOP_REASON","UNCLASSIFIED","REVIEW_HOLD","VERIFY_CURRENT_EXCLUSION","Do not deindex automatically; compare source evidence, page uniqueness, GSC value, and replacement options."
"NCT00767000","https://clinicaltrialfailures.com/trial/NCT00767000","false","false","missing_stop_reason","UNRESOLVED","UNRESOLVED_MISSING_STOP_REASON","UNCLASSIFIED","REVIEW_HOLD","VERIFY_CURRENT_EXCLUSION","Do not deindex automatically; compare source evidence, page uniqueness, GSC value, and replacement options."
"NCT00768131","https://clinicaltrialfailures.com/trial/NCT00768131","false","false","missing_stop_reason","UNRESOLVED","UNRESOLVED_MISSING_STOP_REASON","UNCLASSIFIED","REVIEW_HOLD","VERIFY_CURRENT_EXCLUSION","Do not deindex automatically; compare source evidence, page uniqueness, GSC value, and replacement options."
"NCT00769002","https://clinicaltrialfailures.com/trial/NCT00769002","false","false","missing_stop_reason","UNRESOLVED","UNRESOLVED_MISSING_STOP_REASON","UNCLASSIFIED","REVIEW_HOLD","VERIFY_CURRENT_EXCLUSION","Do not deindex automatically; compare source evidence, page uniqueness, GSC value, and replacement options."
"NCT00770601","https://clinicaltrialfailures.com/trial/NCT00770601","false","false","missing_stop_reason","UNRESOLVED","UNRESOLVED_MISSING_STOP_REASON","UNCLASSIFIED","REVIEW_HOLD","VERIFY_CURRENT_EXCLUSION","Do not deindex automatically; compare source evidence, page uniqueness, GSC value, and replacement options."
"NCT00770770","https://clinicaltrialfailures.com/trial/NCT00770770","false","false","missing_stop_reason","UNRESOLVED","UNRESOLVED_MISSING_STOP_REASON","UNCLASSIFIED","REVIEW_HOLD","VERIFY_CURRENT_EXCLUSION","Do not deindex automatically; compare source evidence, page uniqueness, GSC value, and replacement options."
"NCT00771017","https://clinicaltrialfailures.com/trial/NCT00771017","false","false","missing_stop_reason","UNRESOLVED","UNRESOLVED_MISSING_STOP_REASON","UNCLASSIFIED","REVIEW_HOLD","VERIFY_CURRENT_EXCLUSION","Do not deindex automatically; compare source evidence, page uniqueness, GSC value, and replacement options."
"NCT00776373","https://clinicaltrialfailures.com/trial/NCT00776373","false","false","missing_stop_reason","UNRESOLVED","UNRESOLVED_MISSING_STOP_REASON","UNCLASSIFIED","REVIEW_HOLD","VERIFY_CURRENT_EXCLUSION","Do not deindex automatically; compare source evidence, page uniqueness, GSC value, and replacement options."
"NCT00777816","https://clinicaltrialfailures.com/trial/NCT00777816","false","false","missing_stop_reason","UNRESOLVED","UNRESOLVED_MISSING_STOP_REASON","UNCLASSIFIED","REVIEW_HOLD","VERIFY_CURRENT_EXCLUSION","Do not deindex automatically; compare source evidence, page uniqueness, GSC value, and replacement options."
"NCT00779220","https://clinicaltrialfailures.com/trial/NCT00779220","false","false","missing_stop_reason","UNRESOLVED","UNRESOLVED_MISSING_STOP_REASON","UNCLASSIFIED","REVIEW_HOLD","VERIFY_CURRENT_EXCLUSION","Do not deindex automatically; compare source evidence, page uniqueness, GSC value, and replacement options."
"NCT00779285","https://clinicaltrialfailures.com/trial/NCT00779285","false","false","missing_stop_reason","UNRESOLVED","UNRESOLVED_MISSING_STOP_REASON","UNCLASSIFIED","REVIEW_HOLD","VERIFY_CURRENT_EXCLUSION","Do not deindex automatically; compare source evidence, page uniqueness, GSC value, and replacement options."
"NCT00780000","https://clinicaltrialfailures.com/trial/NCT00780000","false","false","missing_stop_reason","UNRESOLVED","UNRESOLVED_MISSING_STOP_REASON","UNCLASSIFIED","REVIEW_HOLD","VERIFY_CURRENT_EXCLUSION","Do not deindex automatically; compare source evidence, page uniqueness, GSC value, and replacement options."
"NCT00780455","https://clinicaltrialfailures.com/trial/NCT00780455","false","false","missing_stop_reason","UNRESOLVED","UNRESOLVED_MISSING_STOP_REASON","UNCLASSIFIED","REVIEW_HOLD","VERIFY_CURRENT_EXCLUSION","Do not deindex automatically; compare source evidence, page uniqueness, GSC value, and replacement options."
"NCT00781794","https://clinicaltrialfailures.com/trial/NCT00781794","false","false","missing_stop_reason","UNRESOLVED","UNRESOLVED_MISSING_STOP_REASON","UNCLASSIFIED","REVIEW_HOLD","VERIFY_CURRENT_EXCLUSION","Do not deindex automatically; compare source evidence, page uniqueness, GSC value, and replacement options."
"NCT00782561","https://clinicaltrialfailures.com/trial/NCT00782561","false","false","missing_stop_reason","UNRESOLVED","UNRESOLVED_MISSING_STOP_REASON","UNCLASSIFIED","REVIEW_HOLD","VERIFY_CURRENT_EXCLUSION","Do not deindex automatically; compare source evidence, page uniqueness, GSC value, and replacement options."
"NCT00782951","https://clinicaltrialfailures.com/trial/NCT00782951","false","false","missing_stop_reason","UNRESOLVED","UNRESOLVED_MISSING_STOP_REASON","UNCLASSIFIED","REVIEW_HOLD","VERIFY_CURRENT_EXCLUSION","Do not deindex automatically; compare source evidence, page uniqueness, GSC value, and replacement options."
"NCT00783536","https://clinicaltrialfailures.com/trial/NCT00783536","false","false","missing_stop_reason","UNRESOLVED","UNRESOLVED_MISSING_STOP_REASON","UNCLASSIFIED","REVIEW_HOLD","VERIFY_CURRENT_EXCLUSION","Do not deindex automatically; compare source evidence, page uniqueness, GSC value, and replacement options."
"NCT00787787","https://clinicaltrialfailures.com/trial/NCT00787787","false","false","missing_stop_reason","UNRESOLVED","UNRESOLVED_MISSING_STOP_REASON","UNCLASSIFIED","REVIEW_HOLD","VERIFY_CURRENT_EXCLUSION","Do not deindex automatically; compare source evidence, page uniqueness, GSC value, and replacement options."
"NCT00789165","https://clinicaltrialfailures.com/trial/NCT00789165","false","false","missing_stop_reason","UNRESOLVED","UNRESOLVED_MISSING_STOP_REASON","UNCLASSIFIED","REVIEW_HOLD","VERIFY_CURRENT_EXCLUSION","Do not deindex automatically; compare source evidence, page uniqueness, GSC value, and replacement options."
"NCT00790478","https://clinicaltrialfailures.com/trial/NCT00790478","false","false","missing_stop_reason","UNRESOLVED","UNRESOLVED_MISSING_STOP_REASON","UNCLASSIFIED","REVIEW_HOLD","VERIFY_CURRENT_EXCLUSION","Do not deindex automatically; compare source evidence, page uniqueness, GSC value, and replacement options."
"NCT00790829","https://clinicaltrialfailures.com/trial/NCT00790829","false","false","missing_stop_reason","UNRESOLVED","UNRESOLVED_MISSING_STOP_REASON","UNCLASSIFIED","REVIEW_HOLD","VERIFY_CURRENT_EXCLUSION","Do not deindex automatically; compare source evidence, page uniqueness, GSC value, and replacement options."
"NCT00791271","https://clinicaltrialfailures.com/trial/NCT00791271","false","false","missing_stop_reason","UNRESOLVED","UNRESOLVED_MISSING_STOP_REASON","UNCLASSIFIED","REVIEW_HOLD","VERIFY_CURRENT_EXCLUSION","Do not deindex automatically; compare source evidence, page uniqueness, GSC value, and replacement options."
"NCT00792558","https://clinicaltrialfailures.com/trial/NCT00792558","false","false","missing_stop_reason","UNRESOLVED","UNRESOLVED_MISSING_STOP_REASON","UNCLASSIFIED","REVIEW_HOLD","VERIFY_CURRENT_EXCLUSION","Do not deindex automatically; compare source evidence, page uniqueness, GSC value, and replacement options."
"NCT00794417","https://clinicaltrialfailures.com/trial/NCT00794417","false","false","missing_stop_reason","UNRESOLVED","UNRESOLVED_MISSING_STOP_REASON","UNCLASSIFIED","REVIEW_HOLD","VERIFY_CURRENT_EXCLUSION","Do not deindex automatically; compare source evidence, page uniqueness, GSC value, and replacement options."
"NCT00794547","https://clinicaltrialfailures.com/trial/NCT00794547","false","false","missing_stop_reason","UNRESOLVED","UNRESOLVED_MISSING_STOP_REASON","UNCLASSIFIED","REVIEW_HOLD","VERIFY_CURRENT_EXCLUSION","Do not deindex automatically; compare source evidence, page uniqueness, GSC value, and replacement options."
"NCT00796419","https://clinicaltrialfailures.com/trial/NCT00796419","false","false","missing_stop_reason","UNRESOLVED","UNRESOLVED_MISSING_STOP_REASON","UNCLASSIFIED","REVIEW_HOLD","VERIFY_CURRENT_EXCLUSION","Do not deindex automatically; compare source evidence, page uniqueness, GSC value, and replacement options."
"NCT00796601","https://clinicaltrialfailures.com/trial/NCT00796601","false","false","missing_stop_reason","UNRESOLVED","UNRESOLVED_MISSING_STOP_REASON","UNCLASSIFIED","REVIEW_HOLD","VERIFY_CURRENT_EXCLUSION","Do not deindex automatically; compare source evidence, page uniqueness, GSC value, and replacement options."
"NCT00798213","https://clinicaltrialfailures.com/trial/NCT00798213","false","false","missing_stop_reason","UNRESOLVED","UNRESOLVED_MISSING_STOP_REASON","UNCLASSIFIED","REVIEW_HOLD","VERIFY_CURRENT_EXCLUSION","Do not deindex automatically; compare source evidence, page uniqueness, GSC value, and replacement options."
"NCT00801060","https://clinicaltrialfailures.com/trial/NCT00801060","false","false","missing_stop_reason","UNRESOLVED","UNRESOLVED_MISSING_STOP_REASON","UNCLASSIFIED","REVIEW_HOLD","VERIFY_CURRENT_EXCLUSION","Do not deindex automatically; compare source evidence, page uniqueness, GSC value, and replacement options."
"NCT00801151","https://clinicaltrialfailures.com/trial/NCT00801151","false","false","missing_stop_reason","UNRESOLVED","UNRESOLVED_MISSING_STOP_REASON","UNCLASSIFIED","REVIEW_HOLD","VERIFY_CURRENT_EXCLUSION","Do not deindex automatically; compare source evidence, page uniqueness, GSC value, and replacement options."
"NCT00806585","https://clinicaltrialfailures.com/trial/NCT00806585","false","false","missing_stop_reason","UNRESOLVED","UNRESOLVED_MISSING_STOP_REASON","UNCLASSIFIED","REVIEW_HOLD","VERIFY_CURRENT_EXCLUSION","Do not deindex automatically; compare source evidence, page uniqueness, GSC value, and replacement options."
"NCT00811499","https://clinicaltrialfailures.com/trial/NCT00811499","false","false","missing_stop_reason","UNRESOLVED","UNRESOLVED_MISSING_STOP_REASON","UNCLASSIFIED","REVIEW_HOLD","VERIFY_CURRENT_EXCLUSION","Do not deindex automatically; compare source evidence, page uniqueness, GSC value, and replacement options."
"NCT00811967","https://clinicaltrialfailures.com/trial/NCT00811967","false","false","missing_stop_reason","UNRESOLVED","UNRESOLVED_MISSING_STOP_REASON","UNCLASSIFIED","REVIEW_HOLD","VERIFY_CURRENT_EXCLUSION","Do not deindex automatically; compare source evidence, page uniqueness, GSC value, and replacement options."
"NCT00811993","https://clinicaltrialfailures.com/trial/NCT00811993","false","false","missing_stop_reason","UNRESOLVED","UNRESOLVED_MISSING_STOP_REASON","UNCLASSIFIED","REVIEW_HOLD","VERIFY_CURRENT_EXCLUSION","Do not deindex automatically; compare source evidence, page uniqueness, GSC value, and replacement options."
"NCT00812812","https://clinicaltrialfailures.com/trial/NCT00812812","false","false","missing_stop_reason","UNRESOLVED","UNRESOLVED_MISSING_STOP_REASON","UNCLASSIFIED","REVIEW_HOLD","VERIFY_CURRENT_EXCLUSION","Do not deindex automatically; compare source evidence, page uniqueness, GSC value, and replacement options."
"NCT00816166","https://clinicaltrialfailures.com/trial/NCT00816166","false","false","missing_stop_reason","UNRESOLVED","UNRESOLVED_MISSING_STOP_REASON","UNCLASSIFIED","REVIEW_HOLD","VERIFY_CURRENT_EXCLUSION","Do not deindex automatically; compare source evidence, page uniqueness, GSC value, and replacement options."
"NCT00816348","https://clinicaltrialfailures.com/trial/NCT00816348","false","false","missing_stop_reason","UNRESOLVED","UNRESOLVED_MISSING_STOP_REASON","UNCLASSIFIED","REVIEW_HOLD","VERIFY_CURRENT_EXCLUSION","Do not deindex automatically; compare source evidence, page uniqueness, GSC value, and replacement options."
"NCT00818675","https://clinicaltrialfailures.com/trial/NCT00818675","false","false","missing_stop_reason","UNRESOLVED","UNRESOLVED_MISSING_STOP_REASON","UNCLASSIFIED","REVIEW_HOLD","VERIFY_CURRENT_EXCLUSION","Do not deindex automatically; compare source evidence, page uniqueness, GSC value, and replacement options."
"NCT00819221","https://clinicaltrialfailures.com/trial/NCT00819221","false","false","missing_stop_reason","UNRESOLVED","UNRESOLVED_MISSING_STOP_REASON","UNCLASSIFIED","REVIEW_HOLD","VERIFY_CURRENT_EXCLUSION","Do not deindex automatically; compare source evidence, page uniqueness, GSC value, and replacement options."
"NCT00820521","https://clinicaltrialfailures.com/trial/NCT00820521","false","false","missing_stop_reason","UNRESOLVED","UNRESOLVED_MISSING_STOP_REASON","UNCLASSIFIED","REVIEW_HOLD","VERIFY_CURRENT_EXCLUSION","Do not deindex automatically; compare source evidence, page uniqueness, GSC value, and replacement options."
"NCT00820768","https://clinicaltrialfailures.com/trial/NCT00820768","false","false","missing_stop_reason","UNRESOLVED","UNRESOLVED_MISSING_STOP_REASON","UNCLASSIFIED","REVIEW_HOLD","VERIFY_CURRENT_EXCLUSION","Do not deindex automatically; compare source evidence, page uniqueness, GSC value, and replacement options."
"NCT00820794","https://clinicaltrialfailures.com/trial/NCT00820794","false","false","missing_stop_reason","UNRESOLVED","UNRESOLVED_MISSING_STOP_REASON","UNCLASSIFIED","REVIEW_HOLD","VERIFY_CURRENT_EXCLUSION","Do not deindex automatically; compare source evidence, page uniqueness, GSC value, and replacement options."
"NCT00822926","https://clinicaltrialfailures.com/trial/NCT00822926","false","false","missing_stop_reason","UNRESOLVED","UNRESOLVED_MISSING_STOP_REASON","UNCLASSIFIED","REVIEW_HOLD","VERIFY_CURRENT_EXCLUSION","Do not deindex automatically; compare source evidence, page uniqueness, GSC value, and replacement options."
"NCT00823030","https://clinicaltrialfailures.com/trial/NCT00823030","false","false","missing_stop_reason","UNRESOLVED","UNRESOLVED_MISSING_STOP_REASON","UNCLASSIFIED","REVIEW_HOLD","VERIFY_CURRENT_EXCLUSION","Do not deindex automatically; compare source evidence, page uniqueness, GSC value, and replacement options."
"NCT00823576","https://clinicaltrialfailures.com/trial/NCT00823576","false","false","missing_stop_reason","UNRESOLVED","UNRESOLVED_MISSING_STOP_REASON","UNCLASSIFIED","REVIEW_HOLD","VERIFY_CURRENT_EXCLUSION","Do not deindex automatically; compare source evidence, page uniqueness, GSC value, and replacement options."
"NCT00825123","https://clinicaltrialfailures.com/trial/NCT00825123","false","false","missing_stop_reason","UNRESOLVED","UNRESOLVED_MISSING_STOP_REASON","UNCLASSIFIED","REVIEW_HOLD","VERIFY_CURRENT_EXCLUSION","Do not deindex automatically; compare source evidence, page uniqueness, GSC value, and replacement options."
"NCT00825227","https://clinicaltrialfailures.com/trial/NCT00825227","false","false","missing_stop_reason","UNRESOLVED","UNRESOLVED_MISSING_STOP_REASON","UNCLASSIFIED","REVIEW_HOLD","VERIFY_CURRENT_EXCLUSION","Do not deindex automatically; compare source evidence, page uniqueness, GSC value, and replacement options."
"NCT00827515","https://clinicaltrialfailures.com/trial/NCT00827515","false","false","missing_stop_reason","UNRESOLVED","UNRESOLVED_MISSING_STOP_REASON","UNCLASSIFIED","REVIEW_HOLD","VERIFY_CURRENT_EXCLUSION","Do not deindex automatically; compare source evidence, page uniqueness, GSC value, and replacement options."
"NCT00827580","https://clinicaltrialfailures.com/trial/NCT00827580","false","false","missing_stop_reason","UNRESOLVED","UNRESOLVED_MISSING_STOP_REASON","UNCLASSIFIED","REVIEW_HOLD","VERIFY_CURRENT_EXCLUSION","Do not deindex automatically; compare source evidence, page uniqueness, GSC value, and replacement options."
"NCT00830427","https://clinicaltrialfailures.com/trial/NCT00830427","false","false","missing_stop_reason","UNRESOLVED","UNRESOLVED_MISSING_STOP_REASON","UNCLASSIFIED","REVIEW_HOLD","VERIFY_CURRENT_EXCLUSION","Do not deindex automatically; compare source evidence, page uniqueness, GSC value, and replacement options."
"NCT00830791","https://clinicaltrialfailures.com/trial/NCT00830791","false","false","missing_stop_reason","UNRESOLVED","UNRESOLVED_MISSING_STOP_REASON","UNCLASSIFIED","REVIEW_HOLD","VERIFY_CURRENT_EXCLUSION","Do not deindex automatically; compare source evidence, page uniqueness, GSC value, and replacement options."
"NCT00831441","https://clinicaltrialfailures.com/trial/NCT00831441","false","false","missing_stop_reason","UNRESOLVED","UNRESOLVED_MISSING_STOP_REASON","UNCLASSIFIED","REVIEW_HOLD","VERIFY_CURRENT_EXCLUSION","Do not deindex automatically; compare source evidence, page uniqueness, GSC value, and replacement options."
"NCT00832208","https://clinicaltrialfailures.com/trial/NCT00832208","false","false","missing_stop_reason","UNRESOLVED","UNRESOLVED_MISSING_STOP_REASON","UNCLASSIFIED","REVIEW_HOLD","VERIFY_CURRENT_EXCLUSION","Do not deindex automatically; compare source evidence, page uniqueness, GSC value, and replacement options."
"NCT00835718","https://clinicaltrialfailures.com/trial/NCT00835718","false","false","missing_stop_reason","UNRESOLVED","UNRESOLVED_MISSING_STOP_REASON","UNCLASSIFIED","REVIEW_HOLD","VERIFY_CURRENT_EXCLUSION","Do not deindex automatically; compare source evidence, page uniqueness, GSC value, and replacement options."
"NCT00836927","https://clinicaltrialfailures.com/trial/NCT00836927","false","false","missing_stop_reason","UNRESOLVED","UNRESOLVED_MISSING_STOP_REASON","UNCLASSIFIED","REVIEW_HOLD","VERIFY_CURRENT_EXCLUSION","Do not deindex automatically; compare source evidence, page uniqueness, GSC value, and replacement options."
"NCT00837941","https://clinicaltrialfailures.com/trial/NCT00837941","false","false","missing_stop_reason","UNRESOLVED","UNRESOLVED_MISSING_STOP_REASON","UNCLASSIFIED","REVIEW_HOLD","VERIFY_CURRENT_EXCLUSION","Do not deindex automatically; compare source evidence, page uniqueness, GSC value, and replacement options."
"NCT00838890","https://clinicaltrialfailures.com/trial/NCT00838890","false","false","missing_stop_reason","UNRESOLVED","UNRESOLVED_MISSING_STOP_REASON","UNCLASSIFIED","REVIEW_HOLD","VERIFY_CURRENT_EXCLUSION","Do not deindex automatically; compare source evidence, page uniqueness, GSC value, and replacement options."
"NCT00844740","https://clinicaltrialfailures.com/trial/NCT00844740","false","false","missing_stop_reason","UNRESOLVED","UNRESOLVED_MISSING_STOP_REASON","UNCLASSIFIED","REVIEW_HOLD","VERIFY_CURRENT_EXCLUSION","Do not deindex automatically; compare source evidence, page uniqueness, GSC value, and replacement options."
"NCT00846118","https://clinicaltrialfailures.com/trial/NCT00846118","false","false","missing_stop_reason","UNRESOLVED","UNRESOLVED_MISSING_STOP_REASON","UNCLASSIFIED","REVIEW_HOLD","VERIFY_CURRENT_EXCLUSION","Do not deindex automatically; compare source evidence, page uniqueness, GSC value, and replacement options."
"NCT00846781","https://clinicaltrialfailures.com/trial/NCT00846781","false","false","missing_stop_reason","UNRESOLVED","UNRESOLVED_MISSING_STOP_REASON","UNCLASSIFIED","REVIEW_HOLD","VERIFY_CURRENT_EXCLUSION","Do not deindex automatically; compare source evidence, page uniqueness, GSC value, and replacement options."
"NCT00847379","https://clinicaltrialfailures.com/trial/NCT00847379","false","false","missing_stop_reason","UNRESOLVED","UNRESOLVED_MISSING_STOP_REASON","UNCLASSIFIED","REVIEW_HOLD","VERIFY_CURRENT_EXCLUSION","Do not deindex automatically; compare source evidence, page uniqueness, GSC value, and replacement options."
"NCT00848419","https://clinicaltrialfailures.com/trial/NCT00848419","false","false","missing_stop_reason","UNRESOLVED","UNRESOLVED_MISSING_STOP_REASON","UNCLASSIFIED","REVIEW_HOLD","VERIFY_CURRENT_EXCLUSION","Do not deindex automatically; compare source evidence, page uniqueness, GSC value, and replacement options."
"NCT00848679","https://clinicaltrialfailures.com/trial/NCT00848679","false","false","missing_stop_reason","UNRESOLVED","UNRESOLVED_MISSING_STOP_REASON","UNCLASSIFIED","REVIEW_HOLD","VERIFY_CURRENT_EXCLUSION","Do not deindex automatically; compare source evidence, page uniqueness, GSC value, and replacement options."
"NCT00850577","https://clinicaltrialfailures.com/trial/NCT00850577","false","false","missing_stop_reason","UNRESOLVED","UNRESOLVED_MISSING_STOP_REASON","UNCLASSIFIED","REVIEW_HOLD","VERIFY_CURRENT_EXCLUSION","Do not deindex automatically; compare source evidence, page uniqueness, GSC value, and replacement options."
"NCT00850642","https://clinicaltrialfailures.com/trial/NCT00850642","false","false","missing_stop_reason","UNRESOLVED","UNRESOLVED_MISSING_STOP_REASON","UNCLASSIFIED","REVIEW_HOLD","VERIFY_CURRENT_EXCLUSION","Do not deindex automatically; compare source evidence, page uniqueness, GSC value, and replacement options."
"NCT00851747","https://clinicaltrialfailures.com/trial/NCT00851747","false","false","missing_stop_reason","UNRESOLVED","UNRESOLVED_MISSING_STOP_REASON","UNCLASSIFIED","REVIEW_HOLD","VERIFY_CURRENT_EXCLUSION","Do not deindex automatically; compare source evidence, page uniqueness, GSC value, and replacement options."
"NCT00857571","https://clinicaltrialfailures.com/trial/NCT00857571","false","false","missing_stop_reason","UNRESOLVED","UNRESOLVED_MISSING_STOP_REASON","UNCLASSIFIED","REVIEW_HOLD","VERIFY_CURRENT_EXCLUSION","Do not deindex automatically; compare source evidence, page uniqueness, GSC value, and replacement options."
"NCT00858182","https://clinicaltrialfailures.com/trial/NCT00858182","false","false","missing_stop_reason","UNRESOLVED","UNRESOLVED_MISSING_STOP_REASON","UNCLASSIFIED","REVIEW_HOLD","VERIFY_CURRENT_EXCLUSION","Do not deindex automatically; compare source evidence, page uniqueness, GSC value, and replacement options."
"NCT00858364","https://clinicaltrialfailures.com/trial/NCT00858364","false","false","missing_stop_reason","UNRESOLVED","UNRESOLVED_MISSING_STOP_REASON","UNCLASSIFIED","REVIEW_HOLD","VERIFY_CURRENT_EXCLUSION","Do not deindex automatically; compare source evidence, page uniqueness, GSC value, and replacement options."
"NCT00859495","https://clinicaltrialfailures.com/trial/NCT00859495","false","false","missing_stop_reason","UNRESOLVED","UNRESOLVED_MISSING_STOP_REASON","UNCLASSIFIED","REVIEW_HOLD","VERIFY_CURRENT_EXCLUSION","Do not deindex automatically; compare source evidence, page uniqueness, GSC value, and replacement options."
"NCT00863434","https://clinicaltrialfailures.com/trial/NCT00863434","false","false","missing_stop_reason","UNRESOLVED","UNRESOLVED_MISSING_STOP_REASON","UNCLASSIFIED","REVIEW_HOLD","VERIFY_CURRENT_EXCLUSION","Do not deindex automatically; compare source evidence, page uniqueness, GSC value, and replacement options."
"NCT00863512","https://clinicaltrialfailures.com/trial/NCT00863512","false","false","missing_stop_reason","UNRESOLVED","UNRESOLVED_MISSING_STOP_REASON","UNCLASSIFIED","REVIEW_HOLD","VERIFY_CURRENT_EXCLUSION","Do not deindex automatically; compare source evidence, page uniqueness, GSC value, and replacement options."
"NCT00863668","https://clinicaltrialfailures.com/trial/NCT00863668","false","false","missing_stop_reason","UNRESOLVED","UNRESOLVED_MISSING_STOP_REASON","UNCLASSIFIED","REVIEW_HOLD","VERIFY_CURRENT_EXCLUSION","Do not deindex automatically; compare source evidence, page uniqueness, GSC value, and replacement options."
"NCT00867815","https://clinicaltrialfailures.com/trial/NCT00867815","false","false","missing_stop_reason","UNRESOLVED","UNRESOLVED_MISSING_STOP_REASON","UNCLASSIFIED","REVIEW_HOLD","VERIFY_CURRENT_EXCLUSION","Do not deindex automatically; compare source evidence, page uniqueness, GSC value, and replacement options."
"NCT00871533","https://clinicaltrialfailures.com/trial/NCT00871533","false","false","missing_stop_reason","UNRESOLVED","UNRESOLVED_MISSING_STOP_REASON","UNCLASSIFIED","REVIEW_HOLD","VERIFY_CURRENT_EXCLUSION","Do not deindex automatically; compare source evidence, page uniqueness, GSC value, and replacement options."
"NCT00871546","https://clinicaltrialfailures.com/trial/NCT00871546","false","false","missing_stop_reason","UNRESOLVED","UNRESOLVED_MISSING_STOP_REASON","UNCLASSIFIED","REVIEW_HOLD","VERIFY_CURRENT_EXCLUSION","Do not deindex automatically; compare source evidence, page uniqueness, GSC value, and replacement options."
"NCT00872001","https://clinicaltrialfailures.com/trial/NCT00872001","false","false","missing_stop_reason","UNRESOLVED","UNRESOLVED_MISSING_STOP_REASON","UNCLASSIFIED","REVIEW_HOLD","VERIFY_CURRENT_EXCLUSION","Do not deindex automatically; compare source evidence, page uniqueness, GSC value, and replacement options."
"NCT00874939","https://clinicaltrialfailures.com/trial/NCT00874939","false","false","missing_stop_reason","UNRESOLVED","UNRESOLVED_MISSING_STOP_REASON","UNCLASSIFIED","REVIEW_HOLD","VERIFY_CURRENT_EXCLUSION","Do not deindex automatically; compare source evidence, page uniqueness, GSC value, and replacement options."
"NCT00876226","https://clinicaltrialfailures.com/trial/NCT00876226","false","false","missing_stop_reason","UNRESOLVED","UNRESOLVED_MISSING_STOP_REASON","UNCLASSIFIED","REVIEW_HOLD","VERIFY_CURRENT_EXCLUSION","Do not deindex automatically; compare source evidence, page uniqueness, GSC value, and replacement options."
"NCT00877955","https://clinicaltrialfailures.com/trial/NCT00877955","false","false","missing_stop_reason","UNRESOLVED","UNRESOLVED_MISSING_STOP_REASON","UNCLASSIFIED","REVIEW_HOLD","VERIFY_CURRENT_EXCLUSION","Do not deindex automatically; compare source evidence, page uniqueness, GSC value, and replacement options."
"NCT00878748","https://clinicaltrialfailures.com/trial/NCT00878748","false","false","missing_stop_reason","UNRESOLVED","UNRESOLVED_MISSING_STOP_REASON","UNCLASSIFIED","REVIEW_HOLD","VERIFY_CURRENT_EXCLUSION","Do not deindex automatically; compare source evidence, page uniqueness, GSC value, and replacement options."
"NCT00880061","https://clinicaltrialfailures.com/trial/NCT00880061","false","false","missing_stop_reason","UNRESOLVED","UNRESOLVED_MISSING_STOP_REASON","UNCLASSIFIED","REVIEW_HOLD","VERIFY_CURRENT_EXCLUSION","Do not deindex automatically; compare source evidence, page uniqueness, GSC value, and replacement options."
"NCT00881387","https://clinicaltrialfailures.com/trial/NCT00881387","false","false","missing_stop_reason","UNRESOLVED","UNRESOLVED_MISSING_STOP_REASON","UNCLASSIFIED","REVIEW_HOLD","VERIFY_CURRENT_EXCLUSION","Do not deindex automatically; compare source evidence, page uniqueness, GSC value, and replacement options."
"NCT00881556","https://clinicaltrialfailures.com/trial/NCT00881556","false","false","missing_stop_reason","UNRESOLVED","UNRESOLVED_MISSING_STOP_REASON","UNCLASSIFIED","REVIEW_HOLD","VERIFY_CURRENT_EXCLUSION","Do not deindex automatically; compare source evidence, page uniqueness, GSC value, and replacement options."
"NCT00886782","https://clinicaltrialfailures.com/trial/NCT00886782","false","false","missing_stop_reason","UNRESOLVED","UNRESOLVED_MISSING_STOP_REASON","UNCLASSIFIED","REVIEW_HOLD","VERIFY_CURRENT_EXCLUSION","Do not deindex automatically; compare source evidence, page uniqueness, GSC value, and replacement options."
"NCT00890890","https://clinicaltrialfailures.com/trial/NCT00890890","false","false","missing_stop_reason","UNRESOLVED","UNRESOLVED_MISSING_STOP_REASON","UNCLASSIFIED","REVIEW_HOLD","VERIFY_CURRENT_EXCLUSION","Do not deindex automatically; compare source evidence, page uniqueness, GSC value, and replacement options."
"NCT00892021","https://clinicaltrialfailures.com/trial/NCT00892021","false","false","missing_stop_reason","UNRESOLVED","UNRESOLVED_MISSING_STOP_REASON","UNCLASSIFIED","REVIEW_HOLD","VERIFY_CURRENT_EXCLUSION","Do not deindex automatically; compare source evidence, page uniqueness, GSC value, and replacement options."
"NCT00892892","https://clinicaltrialfailures.com/trial/NCT00892892","false","false","missing_stop_reason","UNRESOLVED","UNRESOLVED_MISSING_STOP_REASON","UNCLASSIFIED","REVIEW_HOLD","VERIFY_CURRENT_EXCLUSION","Do not deindex automatically; compare source evidence, page uniqueness, GSC value, and replacement options."
"NCT00895882","https://clinicaltrialfailures.com/trial/NCT00895882","false","false","missing_stop_reason","UNRESOLVED","UNRESOLVED_MISSING_STOP_REASON","UNCLASSIFIED","REVIEW_HOLD","VERIFY_CURRENT_EXCLUSION","Do not deindex automatically; compare source evidence, page uniqueness, GSC value, and replacement options."
"NCT00896350","https://clinicaltrialfailures.com/trial/NCT00896350","false","false","missing_stop_reason","UNRESOLVED","UNRESOLVED_MISSING_STOP_REASON","UNCLASSIFIED","REVIEW_HOLD","VERIFY_CURRENT_EXCLUSION","Do not deindex automatically; compare source evidence, page uniqueness, GSC value, and replacement options."
"NCT00906529","https://clinicaltrialfailures.com/trial/NCT00906529","false","false","missing_stop_reason","UNRESOLVED","UNRESOLVED_MISSING_STOP_REASON","UNCLASSIFIED","REVIEW_HOLD","VERIFY_CURRENT_EXCLUSION","Do not deindex automatically; compare source evidence, page uniqueness, GSC value, and replacement options."
"NCT00907517","https://clinicaltrialfailures.com/trial/NCT00907517","false","false","missing_stop_reason","UNRESOLVED","UNRESOLVED_MISSING_STOP_REASON","UNCLASSIFIED","REVIEW_HOLD","VERIFY_CURRENT_EXCLUSION","Do not deindex automatically; compare source evidence, page uniqueness, GSC value, and replacement options."
"NCT00910273","https://clinicaltrialfailures.com/trial/NCT00910273","false","false","missing_stop_reason","UNRESOLVED","UNRESOLVED_MISSING_STOP_REASON","UNCLASSIFIED","REVIEW_HOLD","VERIFY_CURRENT_EXCLUSION","Do not deindex automatically; compare source evidence, page uniqueness, GSC value, and replacement options."
"NCT00911248","https://clinicaltrialfailures.com/trial/NCT00911248","false","false","missing_stop_reason","UNRESOLVED","UNRESOLVED_MISSING_STOP_REASON","UNCLASSIFIED","REVIEW_HOLD","VERIFY_CURRENT_EXCLUSION","Do not deindex automatically; compare source evidence, page uniqueness, GSC value, and replacement options."
"NCT00913510","https://clinicaltrialfailures.com/trial/NCT00913510","false","false","missing_stop_reason","UNRESOLVED","UNRESOLVED_MISSING_STOP_REASON","UNCLASSIFIED","REVIEW_HOLD","VERIFY_CURRENT_EXCLUSION","Do not deindex automatically; compare source evidence, page uniqueness, GSC value, and replacement options."
"NCT00914316","https://clinicaltrialfailures.com/trial/NCT00914316","false","false","missing_stop_reason","UNRESOLVED","UNRESOLVED_MISSING_STOP_REASON","UNCLASSIFIED","REVIEW_HOLD","VERIFY_CURRENT_EXCLUSION","Do not deindex automatically; compare source evidence, page uniqueness, GSC value, and replacement options."
"NCT00915590","https://clinicaltrialfailures.com/trial/NCT00915590","false","false","missing_stop_reason","UNRESOLVED","UNRESOLVED_MISSING_STOP_REASON","UNCLASSIFIED","REVIEW_HOLD","VERIFY_CURRENT_EXCLUSION","Do not deindex automatically; compare source evidence, page uniqueness, GSC value, and replacement options."
"NCT00916656","https://clinicaltrialfailures.com/trial/NCT00916656","false","false","missing_stop_reason","UNRESOLVED","UNRESOLVED_MISSING_STOP_REASON","UNCLASSIFIED","REVIEW_HOLD","VERIFY_CURRENT_EXCLUSION","Do not deindex automatically; compare source evidence, page uniqueness, GSC value, and replacement options."
"NCT00918645","https://clinicaltrialfailures.com/trial/NCT00918645","false","false","missing_stop_reason","UNRESOLVED","UNRESOLVED_MISSING_STOP_REASON","UNCLASSIFIED","REVIEW_HOLD","VERIFY_CURRENT_EXCLUSION","Do not deindex automatically; compare source evidence, page uniqueness, GSC value, and replacement options."
"NCT00921128","https://clinicaltrialfailures.com/trial/NCT00921128","false","false","missing_stop_reason","UNRESOLVED","UNRESOLVED_MISSING_STOP_REASON","UNCLASSIFIED","REVIEW_HOLD","VERIFY_CURRENT_EXCLUSION","Do not deindex automatically; compare source evidence, page uniqueness, GSC value, and replacement options."
"NCT00923390","https://clinicaltrialfailures.com/trial/NCT00923390","false","false","missing_stop_reason","UNRESOLVED","UNRESOLVED_MISSING_STOP_REASON","UNCLASSIFIED","REVIEW_HOLD","VERIFY_CURRENT_EXCLUSION","Do not deindex automatically; compare source evidence, page uniqueness, GSC value, and replacement options."
"NCT00924781","https://clinicaltrialfailures.com/trial/NCT00924781","false","false","missing_stop_reason","UNRESOLVED","UNRESOLVED_MISSING_STOP_REASON","UNCLASSIFIED","REVIEW_HOLD","VERIFY_CURRENT_EXCLUSION","Do not deindex automatically; compare source evidence, page uniqueness, GSC value, and replacement options."
"NCT00924950","https://clinicaltrialfailures.com/trial/NCT00924950","false","false","missing_stop_reason","UNRESOLVED","UNRESOLVED_MISSING_STOP_REASON","UNCLASSIFIED","REVIEW_HOLD","VERIFY_CURRENT_EXCLUSION","Do not deindex automatically; compare source evidence, page uniqueness, GSC value, and replacement options."
"NCT00925119","https://clinicaltrialfailures.com/trial/NCT00925119","false","false","missing_stop_reason","UNRESOLVED","UNRESOLVED_MISSING_STOP_REASON","UNCLASSIFIED","REVIEW_HOLD","VERIFY_CURRENT_EXCLUSION","Do not deindex automatically; compare source evidence, page uniqueness, GSC value, and replacement options."
"NCT00926055","https://clinicaltrialfailures.com/trial/NCT00926055","false","false","missing_stop_reason","UNRESOLVED","UNRESOLVED_MISSING_STOP_REASON","UNCLASSIFIED","REVIEW_HOLD","VERIFY_CURRENT_EXCLUSION","Do not deindex automatically; compare source evidence, page uniqueness, GSC value, and replacement options."
"NCT00930345","https://clinicaltrialfailures.com/trial/NCT00930345","false","false","missing_stop_reason","UNRESOLVED","UNRESOLVED_MISSING_STOP_REASON","UNCLASSIFIED","REVIEW_HOLD","VERIFY_CURRENT_EXCLUSION","Do not deindex automatically; compare source evidence, page uniqueness, GSC value, and replacement options."
"NCT00931762","https://clinicaltrialfailures.com/trial/NCT00931762","false","false","missing_stop_reason","UNRESOLVED","UNRESOLVED_MISSING_STOP_REASON","UNCLASSIFIED","REVIEW_HOLD","VERIFY_CURRENT_EXCLUSION","Do not deindex automatically; compare source evidence, page uniqueness, GSC value, and replacement options."
"NCT00934193","https://clinicaltrialfailures.com/trial/NCT00934193","false","false","missing_stop_reason","UNRESOLVED","UNRESOLVED_MISSING_STOP_REASON","UNCLASSIFIED","REVIEW_HOLD","VERIFY_CURRENT_EXCLUSION","Do not deindex automatically; compare source evidence, page uniqueness, GSC value, and replacement options."
"NCT00934440","https://clinicaltrialfailures.com/trial/NCT00934440","false","false","missing_stop_reason","UNRESOLVED","UNRESOLVED_MISSING_STOP_REASON","UNCLASSIFIED","REVIEW_HOLD","VERIFY_CURRENT_EXCLUSION","Do not deindex automatically; compare source evidence, page uniqueness, GSC value, and replacement options."
"NCT00934739","https://clinicaltrialfailures.com/trial/NCT00934739","false","false","missing_stop_reason","UNRESOLVED","UNRESOLVED_MISSING_STOP_REASON","UNCLASSIFIED","REVIEW_HOLD","VERIFY_CURRENT_EXCLUSION","Do not deindex automatically; compare source evidence, page uniqueness, GSC value, and replacement options."
"NCT00935363","https://clinicaltrialfailures.com/trial/NCT00935363","false","false","missing_stop_reason","UNRESOLVED","UNRESOLVED_MISSING_STOP_REASON","UNCLASSIFIED","REVIEW_HOLD","VERIFY_CURRENT_EXCLUSION","Do not deindex automatically; compare source evidence, page uniqueness, GSC value, and replacement options."
"NCT00937768","https://clinicaltrialfailures.com/trial/NCT00937768","false","false","missing_stop_reason","UNRESOLVED","UNRESOLVED_MISSING_STOP_REASON","UNCLASSIFIED","REVIEW_HOLD","VERIFY_CURRENT_EXCLUSION","Do not deindex automatically; compare source evidence, page uniqueness, GSC value, and replacement options."
"NCT00941486","https://clinicaltrialfailures.com/trial/NCT00941486","false","false","missing_stop_reason","UNRESOLVED","UNRESOLVED_MISSING_STOP_REASON","UNCLASSIFIED","REVIEW_HOLD","VERIFY_CURRENT_EXCLUSION","Do not deindex automatically; compare source evidence, page uniqueness, GSC value, and replacement options."
"NCT00943371","https://clinicaltrialfailures.com/trial/NCT00943371","false","false","missing_stop_reason","UNRESOLVED","UNRESOLVED_MISSING_STOP_REASON","UNCLASSIFIED","REVIEW_HOLD","VERIFY_CURRENT_EXCLUSION","Do not deindex automatically; compare source evidence, page uniqueness, GSC value, and replacement options."
"NCT00944008","https://clinicaltrialfailures.com/trial/NCT00944008","false","false","missing_stop_reason","UNRESOLVED","UNRESOLVED_MISSING_STOP_REASON","UNCLASSIFIED","REVIEW_HOLD","VERIFY_CURRENT_EXCLUSION","Do not deindex automatically; compare source evidence, page uniqueness, GSC value, and replacement options."
"NCT00945646","https://clinicaltrialfailures.com/trial/NCT00945646","false","false","missing_stop_reason","UNRESOLVED","UNRESOLVED_MISSING_STOP_REASON","UNCLASSIFIED","REVIEW_HOLD","VERIFY_CURRENT_EXCLUSION","Do not deindex automatically; compare source evidence, page uniqueness, GSC value, and replacement options."
"NCT00945802","https://clinicaltrialfailures.com/trial/NCT00945802","false","false","missing_stop_reason","UNRESOLVED","UNRESOLVED_MISSING_STOP_REASON","UNCLASSIFIED","REVIEW_HOLD","VERIFY_CURRENT_EXCLUSION","Do not deindex automatically; compare source evidence, page uniqueness, GSC value, and replacement options."
"NCT00948324","https://clinicaltrialfailures.com/trial/NCT00948324","false","false","missing_stop_reason","UNRESOLVED","UNRESOLVED_MISSING_STOP_REASON","UNCLASSIFIED","REVIEW_HOLD","VERIFY_CURRENT_EXCLUSION","Do not deindex automatically; compare source evidence, page uniqueness, GSC value, and replacement options."
"NCT00948740","https://clinicaltrialfailures.com/trial/NCT00948740","false","false","missing_stop_reason","UNRESOLVED","UNRESOLVED_MISSING_STOP_REASON","UNCLASSIFIED","REVIEW_HOLD","VERIFY_CURRENT_EXCLUSION","Do not deindex automatically; compare source evidence, page uniqueness, GSC value, and replacement options."
"NCT00954590","https://clinicaltrialfailures.com/trial/NCT00954590","false","false","missing_stop_reason","UNRESOLVED","UNRESOLVED_MISSING_STOP_REASON","UNCLASSIFIED","REVIEW_HOLD","VERIFY_CURRENT_EXCLUSION","Do not deindex automatically; compare source evidence, page uniqueness, GSC value, and replacement options."
"NCT00956176","https://clinicaltrialfailures.com/trial/NCT00956176","false","false","missing_stop_reason","UNRESOLVED","UNRESOLVED_MISSING_STOP_REASON","UNCLASSIFIED","REVIEW_HOLD","VERIFY_CURRENT_EXCLUSION","Do not deindex automatically; compare source evidence, page uniqueness, GSC value, and replacement options."
"NCT00956709","https://clinicaltrialfailures.com/trial/NCT00956709","false","false","missing_stop_reason","UNRESOLVED","UNRESOLVED_MISSING_STOP_REASON","UNCLASSIFIED","REVIEW_HOLD","VERIFY_CURRENT_EXCLUSION","Do not deindex automatically; compare source evidence, page uniqueness, GSC value, and replacement options."
"NCT00959400","https://clinicaltrialfailures.com/trial/NCT00959400","false","false","missing_stop_reason","UNRESOLVED","UNRESOLVED_MISSING_STOP_REASON","UNCLASSIFIED","REVIEW_HOLD","VERIFY_CURRENT_EXCLUSION","Do not deindex automatically; compare source evidence, page uniqueness, GSC value, and replacement options."
"NCT00960531","https://clinicaltrialfailures.com/trial/NCT00960531","false","false","missing_stop_reason","UNRESOLVED","UNRESOLVED_MISSING_STOP_REASON","UNCLASSIFIED","REVIEW_HOLD","VERIFY_CURRENT_EXCLUSION","Do not deindex automatically; compare source evidence, page uniqueness, GSC value, and replacement options."
"NCT00960934","https://clinicaltrialfailures.com/trial/NCT00960934","false","false","missing_stop_reason","UNRESOLVED","UNRESOLVED_MISSING_STOP_REASON","UNCLASSIFIED","REVIEW_HOLD","VERIFY_CURRENT_EXCLUSION","Do not deindex automatically; compare source evidence, page uniqueness, GSC value, and replacement options."
"NCT00963495","https://clinicaltrialfailures.com/trial/NCT00963495","false","false","missing_stop_reason","UNRESOLVED","UNRESOLVED_MISSING_STOP_REASON","UNCLASSIFIED","REVIEW_HOLD","VERIFY_CURRENT_EXCLUSION","Do not deindex automatically; compare source evidence, page uniqueness, GSC value, and replacement options."
"NCT00963547","https://clinicaltrialfailures.com/trial/NCT00963547","false","false","missing_stop_reason","UNRESOLVED","UNRESOLVED_MISSING_STOP_REASON","UNCLASSIFIED","REVIEW_HOLD","VERIFY_CURRENT_EXCLUSION","Do not deindex automatically; compare source evidence, page uniqueness, GSC value, and replacement options."
"NCT00964951","https://clinicaltrialfailures.com/trial/NCT00964951","false","false","missing_stop_reason","UNRESOLVED","UNRESOLVED_MISSING_STOP_REASON","UNCLASSIFIED","REVIEW_HOLD","VERIFY_CURRENT_EXCLUSION","Do not deindex automatically; compare source evidence, page uniqueness, GSC value, and replacement options."
"NCT00967343","https://clinicaltrialfailures.com/trial/NCT00967343","false","false","missing_stop_reason","UNRESOLVED","UNRESOLVED_MISSING_STOP_REASON","UNCLASSIFIED","REVIEW_HOLD","VERIFY_CURRENT_EXCLUSION","Do not deindex automatically; compare source evidence, page uniqueness, GSC value, and replacement options."
"NCT00968617","https://clinicaltrialfailures.com/trial/NCT00968617","false","false","missing_stop_reason","UNRESOLVED","UNRESOLVED_MISSING_STOP_REASON","UNCLASSIFIED","REVIEW_HOLD","VERIFY_CURRENT_EXCLUSION","Do not deindex automatically; compare source evidence, page uniqueness, GSC value, and replacement options."
"NCT00968968","https://clinicaltrialfailures.com/trial/NCT00968968","false","false","missing_stop_reason","UNRESOLVED","UNRESOLVED_MISSING_STOP_REASON","UNCLASSIFIED","REVIEW_HOLD","VERIFY_CURRENT_EXCLUSION","Do not deindex automatically; compare source evidence, page uniqueness, GSC value, and replacement options."
"NCT00972023","https://clinicaltrialfailures.com/trial/NCT00972023","false","false","missing_stop_reason","UNRESOLVED","UNRESOLVED_MISSING_STOP_REASON","UNCLASSIFIED","REVIEW_HOLD","VERIFY_CURRENT_EXCLUSION","Do not deindex automatically; compare source evidence, page uniqueness, GSC value, and replacement options."
"NCT00973804","https://clinicaltrialfailures.com/trial/NCT00973804","false","false","missing_stop_reason","UNRESOLVED","UNRESOLVED_MISSING_STOP_REASON","UNCLASSIFIED","REVIEW_HOLD","VERIFY_CURRENT_EXCLUSION","Do not deindex automatically; compare source evidence, page uniqueness, GSC value, and replacement options."
"NCT00975416","https://clinicaltrialfailures.com/trial/NCT00975416","false","false","missing_stop_reason","UNRESOLVED","UNRESOLVED_MISSING_STOP_REASON","UNCLASSIFIED","REVIEW_HOLD","VERIFY_CURRENT_EXCLUSION","Do not deindex automatically; compare source evidence, page uniqueness, GSC value, and replacement options."
"NCT00977899","https://clinicaltrialfailures.com/trial/NCT00977899","false","false","missing_stop_reason","UNRESOLVED","UNRESOLVED_MISSING_STOP_REASON","UNCLASSIFIED","REVIEW_HOLD","VERIFY_CURRENT_EXCLUSION","Do not deindex automatically; compare source evidence, page uniqueness, GSC value, and replacement options."
"NCT00979576","https://clinicaltrialfailures.com/trial/NCT00979576","false","false","missing_stop_reason","UNRESOLVED","UNRESOLVED_MISSING_STOP_REASON","UNCLASSIFIED","REVIEW_HOLD","VERIFY_CURRENT_EXCLUSION","Do not deindex automatically; compare source evidence, page uniqueness, GSC value, and replacement options."
"NCT00985374","https://clinicaltrialfailures.com/trial/NCT00985374","false","false","missing_stop_reason","UNRESOLVED","UNRESOLVED_MISSING_STOP_REASON","UNCLASSIFIED","REVIEW_HOLD","VERIFY_CURRENT_EXCLUSION","Do not deindex automatically; compare source evidence, page uniqueness, GSC value, and replacement options."
"NCT00986947","https://clinicaltrialfailures.com/trial/NCT00986947","false","false","missing_stop_reason","UNRESOLVED","UNRESOLVED_MISSING_STOP_REASON","UNCLASSIFIED","REVIEW_HOLD","VERIFY_CURRENT_EXCLUSION","Do not deindex automatically; compare source evidence, page uniqueness, GSC value, and replacement options."
"NCT00988169","https://clinicaltrialfailures.com/trial/NCT00988169","false","false","missing_stop_reason","UNRESOLVED","UNRESOLVED_MISSING_STOP_REASON","UNCLASSIFIED","REVIEW_HOLD","VERIFY_CURRENT_EXCLUSION","Do not deindex automatically; compare source evidence, page uniqueness, GSC value, and replacement options."
"NCT00988728","https://clinicaltrialfailures.com/trial/NCT00988728","false","false","missing_stop_reason","UNRESOLVED","UNRESOLVED_MISSING_STOP_REASON","UNCLASSIFIED","REVIEW_HOLD","VERIFY_CURRENT_EXCLUSION","Do not deindex automatically; compare source evidence, page uniqueness, GSC value, and replacement options."
"NCT00992173","https://clinicaltrialfailures.com/trial/NCT00992173","false","false","missing_stop_reason","UNRESOLVED","UNRESOLVED_MISSING_STOP_REASON","UNCLASSIFIED","REVIEW_HOLD","VERIFY_CURRENT_EXCLUSION","Do not deindex automatically; compare source evidence, page uniqueness, GSC value, and replacement options."
"NCT00992693","https://clinicaltrialfailures.com/trial/NCT00992693","false","false","missing_stop_reason","UNRESOLVED","UNRESOLVED_MISSING_STOP_REASON","UNCLASSIFIED","REVIEW_HOLD","VERIFY_CURRENT_EXCLUSION","Do not deindex automatically; compare source evidence, page uniqueness, GSC value, and replacement options."
"NCT00995059","https://clinicaltrialfailures.com/trial/NCT00995059","false","false","missing_stop_reason","UNRESOLVED","UNRESOLVED_MISSING_STOP_REASON","UNCLASSIFIED","REVIEW_HOLD","VERIFY_CURRENT_EXCLUSION","Do not deindex automatically; compare source evidence, page uniqueness, GSC value, and replacement options."
"NCT00997360","https://clinicaltrialfailures.com/trial/NCT00997360","false","false","missing_stop_reason","UNRESOLVED","UNRESOLVED_MISSING_STOP_REASON","UNCLASSIFIED","REVIEW_HOLD","VERIFY_CURRENT_EXCLUSION","Do not deindex automatically; compare source evidence, page uniqueness, GSC value, and replacement options."
"NCT00997477","https://clinicaltrialfailures.com/trial/NCT00997477","false","false","missing_stop_reason","UNRESOLVED","UNRESOLVED_MISSING_STOP_REASON","UNCLASSIFIED","REVIEW_HOLD","VERIFY_CURRENT_EXCLUSION","Do not deindex automatically; compare source evidence, page uniqueness, GSC value, and replacement options."
"NCT01002248","https://clinicaltrialfailures.com/trial/NCT01002248","false","false","missing_stop_reason","UNRESOLVED","UNRESOLVED_MISSING_STOP_REASON","UNCLASSIFIED","REVIEW_HOLD","VERIFY_CURRENT_EXCLUSION","Do not deindex automatically; compare source evidence, page uniqueness, GSC value, and replacement options."
"NCT01003431","https://clinicaltrialfailures.com/trial/NCT01003431","false","false","missing_stop_reason","UNRESOLVED","UNRESOLVED_MISSING_STOP_REASON","UNCLASSIFIED","REVIEW_HOLD","VERIFY_CURRENT_EXCLUSION","Do not deindex automatically; compare source evidence, page uniqueness, GSC value, and replacement options."
"NCT01006161","https://clinicaltrialfailures.com/trial/NCT01006161","false","false","missing_stop_reason","UNRESOLVED","UNRESOLVED_MISSING_STOP_REASON","UNCLASSIFIED","REVIEW_HOLD","VERIFY_CURRENT_EXCLUSION","Do not deindex automatically; compare source evidence, page uniqueness, GSC value, and replacement options."
"NCT01006616","https://clinicaltrialfailures.com/trial/NCT01006616","false","false","missing_stop_reason","UNRESOLVED","UNRESOLVED_MISSING_STOP_REASON","UNCLASSIFIED","REVIEW_HOLD","VERIFY_CURRENT_EXCLUSION","Do not deindex automatically; compare source evidence, page uniqueness, GSC value, and replacement options."
"NCT01009281","https://clinicaltrialfailures.com/trial/NCT01009281","false","false","missing_stop_reason","UNRESOLVED","UNRESOLVED_MISSING_STOP_REASON","UNCLASSIFIED","REVIEW_HOLD","VERIFY_CURRENT_EXCLUSION","Do not deindex automatically; compare source evidence, page uniqueness, GSC value, and replacement options."
"NCT01009424","https://clinicaltrialfailures.com/trial/NCT01009424","false","false","missing_stop_reason","UNRESOLVED","UNRESOLVED_MISSING_STOP_REASON","UNCLASSIFIED","REVIEW_HOLD","VERIFY_CURRENT_EXCLUSION","Do not deindex automatically; compare source evidence, page uniqueness, GSC value, and replacement options."
"NCT01011478","https://clinicaltrialfailures.com/trial/NCT01011478","false","false","missing_stop_reason","UNRESOLVED","UNRESOLVED_MISSING_STOP_REASON","UNCLASSIFIED","REVIEW_HOLD","VERIFY_CURRENT_EXCLUSION","Do not deindex automatically; compare source evidence, page uniqueness, GSC value, and replacement options."
"NCT01013831","https://clinicaltrialfailures.com/trial/NCT01013831","false","false","missing_stop_reason","UNRESOLVED","UNRESOLVED_MISSING_STOP_REASON","UNCLASSIFIED","REVIEW_HOLD","VERIFY_CURRENT_EXCLUSION","Do not deindex automatically; compare source evidence, page uniqueness, GSC value, and replacement options."
"NCT01014091","https://clinicaltrialfailures.com/trial/NCT01014091","false","false","missing_stop_reason","UNRESOLVED","UNRESOLVED_MISSING_STOP_REASON","UNCLASSIFIED","REVIEW_HOLD","VERIFY_CURRENT_EXCLUSION","Do not deindex automatically; compare source evidence, page uniqueness, GSC value, and replacement options."
"NCT01015677","https://clinicaltrialfailures.com/trial/NCT01015677","false","false","missing_stop_reason","UNRESOLVED","UNRESOLVED_MISSING_STOP_REASON","UNCLASSIFIED","REVIEW_HOLD","VERIFY_CURRENT_EXCLUSION","Do not deindex automatically; compare source evidence, page uniqueness, GSC value, and replacement options."
"NCT01017926","https://clinicaltrialfailures.com/trial/NCT01017926","false","false","missing_stop_reason","UNRESOLVED","UNRESOLVED_MISSING_STOP_REASON","UNCLASSIFIED","REVIEW_HOLD","VERIFY_CURRENT_EXCLUSION","Do not deindex automatically; compare source evidence, page uniqueness, GSC value, and replacement options."
"NCT01019278","https://clinicaltrialfailures.com/trial/NCT01019278","false","false","missing_stop_reason","UNRESOLVED","UNRESOLVED_MISSING_STOP_REASON","UNCLASSIFIED","REVIEW_HOLD","VERIFY_CURRENT_EXCLUSION","Do not deindex automatically; compare source evidence, page uniqueness, GSC value, and replacement options."
"NCT01020864","https://clinicaltrialfailures.com/trial/NCT01020864","false","false","missing_stop_reason","UNRESOLVED","UNRESOLVED_MISSING_STOP_REASON","UNCLASSIFIED","REVIEW_HOLD","VERIFY_CURRENT_EXCLUSION","Do not deindex automatically; compare source evidence, page uniqueness, GSC value, and replacement options."
"NCT01021176","https://clinicaltrialfailures.com/trial/NCT01021176","false","false","missing_stop_reason","UNRESOLVED","UNRESOLVED_MISSING_STOP_REASON","UNCLASSIFIED","REVIEW_HOLD","VERIFY_CURRENT_EXCLUSION","Do not deindex automatically; compare source evidence, page uniqueness, GSC value, and replacement options."
"NCT01022138","https://clinicaltrialfailures.com/trial/NCT01022138","false","false","missing_stop_reason","UNRESOLVED","UNRESOLVED_MISSING_STOP_REASON","UNCLASSIFIED","REVIEW_HOLD","VERIFY_CURRENT_EXCLUSION","Do not deindex automatically; compare source evidence, page uniqueness, GSC value, and replacement options."
"NCT01023880","https://clinicaltrialfailures.com/trial/NCT01023880","false","false","missing_stop_reason","UNRESOLVED","UNRESOLVED_MISSING_STOP_REASON","UNCLASSIFIED","REVIEW_HOLD","VERIFY_CURRENT_EXCLUSION","Do not deindex automatically; compare source evidence, page uniqueness, GSC value, and replacement options."
"NCT01024686","https://clinicaltrialfailures.com/trial/NCT01024686","false","false","missing_stop_reason","UNRESOLVED","UNRESOLVED_MISSING_STOP_REASON","UNCLASSIFIED","REVIEW_HOLD","VERIFY_CURRENT_EXCLUSION","Do not deindex automatically; compare source evidence, page uniqueness, GSC value, and replacement options."
"NCT01026870","https://clinicaltrialfailures.com/trial/NCT01026870","false","false","missing_stop_reason","UNRESOLVED","UNRESOLVED_MISSING_STOP_REASON","UNCLASSIFIED","REVIEW_HOLD","VERIFY_CURRENT_EXCLUSION","Do not deindex automatically; compare source evidence, page uniqueness, GSC value, and replacement options."
"NCT01027689","https://clinicaltrialfailures.com/trial/NCT01027689","false","false","missing_stop_reason","UNRESOLVED","UNRESOLVED_MISSING_STOP_REASON","UNCLASSIFIED","REVIEW_HOLD","VERIFY_CURRENT_EXCLUSION","Do not deindex automatically; compare source evidence, page uniqueness, GSC value, and replacement options."
"NCT01028209","https://clinicaltrialfailures.com/trial/NCT01028209","false","false","missing_stop_reason","UNRESOLVED","UNRESOLVED_MISSING_STOP_REASON","UNCLASSIFIED","REVIEW_HOLD","VERIFY_CURRENT_EXCLUSION","Do not deindex automatically; compare source evidence, page uniqueness, GSC value, and replacement options."
"NCT01032759","https://clinicaltrialfailures.com/trial/NCT01032759","false","false","missing_stop_reason","UNRESOLVED","UNRESOLVED_MISSING_STOP_REASON","UNCLASSIFIED","REVIEW_HOLD","VERIFY_CURRENT_EXCLUSION","Do not deindex automatically; compare source evidence, page uniqueness, GSC value, and replacement options."
"NCT01038648","https://clinicaltrialfailures.com/trial/NCT01038648","false","false","missing_stop_reason","UNRESOLVED","UNRESOLVED_MISSING_STOP_REASON","UNCLASSIFIED","REVIEW_HOLD","VERIFY_CURRENT_EXCLUSION","Do not deindex automatically; compare source evidence, page uniqueness, GSC value, and replacement options."
"NCT01038752","https://clinicaltrialfailures.com/trial/NCT01038752","false","false","missing_stop_reason","UNRESOLVED","UNRESOLVED_MISSING_STOP_REASON","UNCLASSIFIED","REVIEW_HOLD","VERIFY_CURRENT_EXCLUSION","Do not deindex automatically; compare source evidence, page uniqueness, GSC value, and replacement options."
"NCT01039103","https://clinicaltrialfailures.com/trial/NCT01039103","false","false","missing_stop_reason","UNRESOLVED","UNRESOLVED_MISSING_STOP_REASON","UNCLASSIFIED","REVIEW_HOLD","VERIFY_CURRENT_EXCLUSION","Do not deindex automatically; compare source evidence, page uniqueness, GSC value, and replacement options."
"NCT01046162","https://clinicaltrialfailures.com/trial/NCT01046162","false","false","missing_stop_reason","UNRESOLVED","UNRESOLVED_MISSING_STOP_REASON","UNCLASSIFIED","REVIEW_HOLD","VERIFY_CURRENT_EXCLUSION","Do not deindex automatically; compare source evidence, page uniqueness, GSC value, and replacement options."
"NCT01047423","https://clinicaltrialfailures.com/trial/NCT01047423","false","false","missing_stop_reason","UNRESOLVED","UNRESOLVED_MISSING_STOP_REASON","UNCLASSIFIED","REVIEW_HOLD","VERIFY_CURRENT_EXCLUSION","Do not deindex automatically; compare source evidence, page uniqueness, GSC value, and replacement options."
"NCT01051791","https://clinicaltrialfailures.com/trial/NCT01051791","false","false","missing_stop_reason","UNRESOLVED","UNRESOLVED_MISSING_STOP_REASON","UNCLASSIFIED","REVIEW_HOLD","VERIFY_CURRENT_EXCLUSION","Do not deindex automatically; compare source evidence, page uniqueness, GSC value, and replacement options."
"NCT01055756","https://clinicaltrialfailures.com/trial/NCT01055756","false","false","missing_stop_reason","UNRESOLVED","UNRESOLVED_MISSING_STOP_REASON","UNCLASSIFIED","REVIEW_HOLD","VERIFY_CURRENT_EXCLUSION","Do not deindex automatically; compare source evidence, page uniqueness, GSC value, and replacement options."
"NCT01058642","https://clinicaltrialfailures.com/trial/NCT01058642","false","false","missing_stop_reason","UNRESOLVED","UNRESOLVED_MISSING_STOP_REASON","UNCLASSIFIED","REVIEW_HOLD","VERIFY_CURRENT_EXCLUSION","Do not deindex automatically; compare source evidence, page uniqueness, GSC value, and replacement options."
"NCT01061372","https://clinicaltrialfailures.com/trial/NCT01061372","false","false","missing_stop_reason","UNRESOLVED","UNRESOLVED_MISSING_STOP_REASON","UNCLASSIFIED","REVIEW_HOLD","VERIFY_CURRENT_EXCLUSION","Do not deindex automatically; compare source evidence, page uniqueness, GSC value, and replacement options."
"NCT01064037","https://clinicaltrialfailures.com/trial/NCT01064037","false","false","missing_stop_reason","UNRESOLVED","UNRESOLVED_MISSING_STOP_REASON","UNCLASSIFIED","REVIEW_HOLD","VERIFY_CURRENT_EXCLUSION","Do not deindex automatically; compare source evidence, page uniqueness, GSC value, and replacement options."
"NCT01064089","https://clinicaltrialfailures.com/trial/NCT01064089","false","false","missing_stop_reason","UNRESOLVED","UNRESOLVED_MISSING_STOP_REASON","UNCLASSIFIED","REVIEW_HOLD","VERIFY_CURRENT_EXCLUSION","Do not deindex automatically; compare source evidence, page uniqueness, GSC value, and replacement options."
"NCT01065077","https://clinicaltrialfailures.com/trial/NCT01065077","false","false","missing_stop_reason","UNRESOLVED","UNRESOLVED_MISSING_STOP_REASON","UNCLASSIFIED","REVIEW_HOLD","VERIFY_CURRENT_EXCLUSION","Do not deindex automatically; compare source evidence, page uniqueness, GSC value, and replacement options."
"NCT01066000","https://clinicaltrialfailures.com/trial/NCT01066000","false","false","missing_stop_reason","UNRESOLVED","UNRESOLVED_MISSING_STOP_REASON","UNCLASSIFIED","REVIEW_HOLD","VERIFY_CURRENT_EXCLUSION","Do not deindex automatically; compare source evidence, page uniqueness, GSC value, and replacement options."
"NCT01067430","https://clinicaltrialfailures.com/trial/NCT01067430","false","false","missing_stop_reason","UNRESOLVED","UNRESOLVED_MISSING_STOP_REASON","UNCLASSIFIED","REVIEW_HOLD","VERIFY_CURRENT_EXCLUSION","Do not deindex automatically; compare source evidence, page uniqueness, GSC value, and replacement options."
"NCT01067859","https://clinicaltrialfailures.com/trial/NCT01067859","false","false","missing_stop_reason","UNRESOLVED","UNRESOLVED_MISSING_STOP_REASON","UNCLASSIFIED","REVIEW_HOLD","VERIFY_CURRENT_EXCLUSION","Do not deindex automatically; compare source evidence, page uniqueness, GSC value, and replacement options."
"NCT01068145","https://clinicaltrialfailures.com/trial/NCT01068145","false","false","missing_stop_reason","UNRESOLVED","UNRESOLVED_MISSING_STOP_REASON","UNCLASSIFIED","REVIEW_HOLD","VERIFY_CURRENT_EXCLUSION","Do not deindex automatically; compare source evidence, page uniqueness, GSC value, and replacement options."
"NCT01068756","https://clinicaltrialfailures.com/trial/NCT01068756","false","false","missing_stop_reason","UNRESOLVED","UNRESOLVED_MISSING_STOP_REASON","UNCLASSIFIED","REVIEW_HOLD","VERIFY_CURRENT_EXCLUSION","Do not deindex automatically; compare source evidence, page uniqueness, GSC value, and replacement options."
"NCT01071564","https://clinicaltrialfailures.com/trial/NCT01071564","false","false","missing_stop_reason","UNRESOLVED","UNRESOLVED_MISSING_STOP_REASON","UNCLASSIFIED","REVIEW_HOLD","VERIFY_CURRENT_EXCLUSION","Do not deindex automatically; compare source evidence, page uniqueness, GSC value, and replacement options."
"NCT01072370","https://clinicaltrialfailures.com/trial/NCT01072370","false","false","missing_stop_reason","UNRESOLVED","UNRESOLVED_MISSING_STOP_REASON","UNCLASSIFIED","REVIEW_HOLD","VERIFY_CURRENT_EXCLUSION","Do not deindex automatically; compare source evidence, page uniqueness, GSC value, and replacement options."
"NCT01076556","https://clinicaltrialfailures.com/trial/NCT01076556","false","false","missing_stop_reason","UNRESOLVED","UNRESOLVED_MISSING_STOP_REASON","UNCLASSIFIED","REVIEW_HOLD","VERIFY_CURRENT_EXCLUSION","Do not deindex automatically; compare source evidence, page uniqueness, GSC value, and replacement options."
"NCT01079910","https://clinicaltrialfailures.com/trial/NCT01079910","false","false","missing_stop_reason","UNRESOLVED","UNRESOLVED_MISSING_STOP_REASON","UNCLASSIFIED","REVIEW_HOLD","VERIFY_CURRENT_EXCLUSION","Do not deindex automatically; compare source evidence, page uniqueness, GSC value, and replacement options."
"NCT01083966","https://clinicaltrialfailures.com/trial/NCT01083966","false","false","missing_stop_reason","UNRESOLVED","UNRESOLVED_MISSING_STOP_REASON","UNCLASSIFIED","REVIEW_HOLD","VERIFY_CURRENT_EXCLUSION","Do not deindex automatically; compare source evidence, page uniqueness, GSC value, and replacement options."
"NCT01085266","https://clinicaltrialfailures.com/trial/NCT01085266","false","false","missing_stop_reason","UNRESOLVED","UNRESOLVED_MISSING_STOP_REASON","UNCLASSIFIED","REVIEW_HOLD","VERIFY_CURRENT_EXCLUSION","Do not deindex automatically; compare source evidence, page uniqueness, GSC value, and replacement options."
"NCT01085656","https://clinicaltrialfailures.com/trial/NCT01085656","false","false","missing_stop_reason","UNRESOLVED","UNRESOLVED_MISSING_STOP_REASON","UNCLASSIFIED","REVIEW_HOLD","VERIFY_CURRENT_EXCLUSION","Do not deindex automatically; compare source evidence, page uniqueness, GSC value, and replacement options."
"NCT01086696","https://clinicaltrialfailures.com/trial/NCT01086696","false","false","missing_stop_reason","UNRESOLVED","UNRESOLVED_MISSING_STOP_REASON","UNCLASSIFIED","REVIEW_HOLD","VERIFY_CURRENT_EXCLUSION","Do not deindex automatically; compare source evidence, page uniqueness, GSC value, and replacement options."
"NCT01086982","https://clinicaltrialfailures.com/trial/NCT01086982","false","false","missing_stop_reason","UNRESOLVED","UNRESOLVED_MISSING_STOP_REASON","UNCLASSIFIED","REVIEW_HOLD","VERIFY_CURRENT_EXCLUSION","Do not deindex automatically; compare source evidence, page uniqueness, GSC value, and replacement options."
"NCT01087580","https://clinicaltrialfailures.com/trial/NCT01087580","false","false","missing_stop_reason","UNRESOLVED","UNRESOLVED_MISSING_STOP_REASON","UNCLASSIFIED","REVIEW_HOLD","VERIFY_CURRENT_EXCLUSION","Do not deindex automatically; compare source evidence, page uniqueness, GSC value, and replacement options."
"NCT01089738","https://clinicaltrialfailures.com/trial/NCT01089738","false","false","missing_stop_reason","UNRESOLVED","UNRESOLVED_MISSING_STOP_REASON","UNCLASSIFIED","REVIEW_HOLD","VERIFY_CURRENT_EXCLUSION","Do not deindex automatically; compare source evidence, page uniqueness, GSC value, and replacement options."
"NCT01090310","https://clinicaltrialfailures.com/trial/NCT01090310","false","false","missing_stop_reason","UNRESOLVED","UNRESOLVED_MISSING_STOP_REASON","UNCLASSIFIED","REVIEW_HOLD","VERIFY_CURRENT_EXCLUSION","Do not deindex automatically; compare source evidence, page uniqueness, GSC value, and replacement options."
"NCT01090414","https://clinicaltrialfailures.com/trial/NCT01090414","false","false","missing_stop_reason","UNRESOLVED","UNRESOLVED_MISSING_STOP_REASON","UNCLASSIFIED","REVIEW_HOLD","VERIFY_CURRENT_EXCLUSION","Do not deindex automatically; compare source evidence, page uniqueness, GSC value, and replacement options."
"NCT01090570","https://clinicaltrialfailures.com/trial/NCT01090570","false","false","missing_stop_reason","UNRESOLVED","UNRESOLVED_MISSING_STOP_REASON","UNCLASSIFIED","REVIEW_HOLD","VERIFY_CURRENT_EXCLUSION","Do not deindex automatically; compare source evidence, page uniqueness, GSC value, and replacement options."
"NCT01093638","https://clinicaltrialfailures.com/trial/NCT01093638","false","false","missing_stop_reason","UNRESOLVED","UNRESOLVED_MISSING_STOP_REASON","UNCLASSIFIED","REVIEW_HOLD","VERIFY_CURRENT_EXCLUSION","Do not deindex automatically; compare source evidence, page uniqueness, GSC value, and replacement options."
"NCT01094912","https://clinicaltrialfailures.com/trial/NCT01094912","false","false","missing_stop_reason","UNRESOLVED","UNRESOLVED_MISSING_STOP_REASON","UNCLASSIFIED","REVIEW_HOLD","VERIFY_CURRENT_EXCLUSION","Do not deindex automatically; compare source evidence, page uniqueness, GSC value, and replacement options."
"NCT01098981","https://clinicaltrialfailures.com/trial/NCT01098981","false","false","missing_stop_reason","UNRESOLVED","UNRESOLVED_MISSING_STOP_REASON","UNCLASSIFIED","REVIEW_HOLD","VERIFY_CURRENT_EXCLUSION","Do not deindex automatically; compare source evidence, page uniqueness, GSC value, and replacement options."
"NCT01108562","https://clinicaltrialfailures.com/trial/NCT01108562","false","false","missing_stop_reason","UNRESOLVED","UNRESOLVED_MISSING_STOP_REASON","UNCLASSIFIED","REVIEW_HOLD","VERIFY_CURRENT_EXCLUSION","Do not deindex automatically; compare source evidence, page uniqueness, GSC value, and replacement options."
"NCT01108705","https://clinicaltrialfailures.com/trial/NCT01108705","false","false","missing_stop_reason","UNRESOLVED","UNRESOLVED_MISSING_STOP_REASON","UNCLASSIFIED","REVIEW_HOLD","VERIFY_CURRENT_EXCLUSION","Do not deindex automatically; compare source evidence, page uniqueness, GSC value, and replacement options."
"NCT01110603","https://clinicaltrialfailures.com/trial/NCT01110603","false","false","missing_stop_reason","UNRESOLVED","UNRESOLVED_MISSING_STOP_REASON","UNCLASSIFIED","REVIEW_HOLD","VERIFY_CURRENT_EXCLUSION","Do not deindex automatically; compare source evidence, page uniqueness, GSC value, and replacement options."
"NCT01111188","https://clinicaltrialfailures.com/trial/NCT01111188","false","false","missing_stop_reason","UNRESOLVED","UNRESOLVED_MISSING_STOP_REASON","UNCLASSIFIED","REVIEW_HOLD","VERIFY_CURRENT_EXCLUSION","Do not deindex automatically; compare source evidence, page uniqueness, GSC value, and replacement options."
"NCT01113502","https://clinicaltrialfailures.com/trial/NCT01113502","false","false","missing_stop_reason","UNRESOLVED","UNRESOLVED_MISSING_STOP_REASON","UNCLASSIFIED","REVIEW_HOLD","VERIFY_CURRENT_EXCLUSION","Do not deindex automatically; compare source evidence, page uniqueness, GSC value, and replacement options."
"NCT01115686","https://clinicaltrialfailures.com/trial/NCT01115686","false","false","missing_stop_reason","UNRESOLVED","UNRESOLVED_MISSING_STOP_REASON","UNCLASSIFIED","REVIEW_HOLD","VERIFY_CURRENT_EXCLUSION","Do not deindex automatically; compare source evidence, page uniqueness, GSC value, and replacement options."
"NCT01116440","https://clinicaltrialfailures.com/trial/NCT01116440","false","false","missing_stop_reason","UNRESOLVED","UNRESOLVED_MISSING_STOP_REASON","UNCLASSIFIED","REVIEW_HOLD","VERIFY_CURRENT_EXCLUSION","Do not deindex automatically; compare source evidence, page uniqueness, GSC value, and replacement options."
"NCT01117220","https://clinicaltrialfailures.com/trial/NCT01117220","false","false","missing_stop_reason","UNRESOLVED","UNRESOLVED_MISSING_STOP_REASON","UNCLASSIFIED","REVIEW_HOLD","VERIFY_CURRENT_EXCLUSION","Do not deindex automatically; compare source evidence, page uniqueness, GSC value, and replacement options."
"NCT01118013","https://clinicaltrialfailures.com/trial/NCT01118013","false","false","missing_stop_reason","UNRESOLVED","UNRESOLVED_MISSING_STOP_REASON","UNCLASSIFIED","REVIEW_HOLD","VERIFY_CURRENT_EXCLUSION","Do not deindex automatically; compare source evidence, page uniqueness, GSC value, and replacement options."
"NCT01118351","https://clinicaltrialfailures.com/trial/NCT01118351","false","false","missing_stop_reason","UNRESOLVED","UNRESOLVED_MISSING_STOP_REASON","UNCLASSIFIED","REVIEW_HOLD","VERIFY_CURRENT_EXCLUSION","Do not deindex automatically; compare source evidence, page uniqueness, GSC value, and replacement options."
"NCT01118871","https://clinicaltrialfailures.com/trial/NCT01118871","false","false","missing_stop_reason","UNRESOLVED","UNRESOLVED_MISSING_STOP_REASON","UNCLASSIFIED","REVIEW_HOLD","VERIFY_CURRENT_EXCLUSION","Do not deindex automatically; compare source evidence, page uniqueness, GSC value, and replacement options."
"NCT01119118","https://clinicaltrialfailures.com/trial/NCT01119118","false","false","missing_stop_reason","UNRESOLVED","UNRESOLVED_MISSING_STOP_REASON","UNCLASSIFIED","REVIEW_HOLD","VERIFY_CURRENT_EXCLUSION","Do not deindex automatically; compare source evidence, page uniqueness, GSC value, and replacement options."
"NCT01121120","https://clinicaltrialfailures.com/trial/NCT01121120","false","false","missing_stop_reason","UNRESOLVED","UNRESOLVED_MISSING_STOP_REASON","UNCLASSIFIED","REVIEW_HOLD","VERIFY_CURRENT_EXCLUSION","Do not deindex automatically; compare source evidence, page uniqueness, GSC value, and replacement options."
"NCT01122888","https://clinicaltrialfailures.com/trial/NCT01122888","false","false","missing_stop_reason","UNRESOLVED","UNRESOLVED_MISSING_STOP_REASON","UNCLASSIFIED","REVIEW_HOLD","VERIFY_CURRENT_EXCLUSION","Do not deindex automatically; compare source evidence, page uniqueness, GSC value, and replacement options."
"NCT01122914","https://clinicaltrialfailures.com/trial/NCT01122914","false","false","missing_stop_reason","UNRESOLVED","UNRESOLVED_MISSING_STOP_REASON","UNCLASSIFIED","REVIEW_HOLD","VERIFY_CURRENT_EXCLUSION","Do not deindex automatically; compare source evidence, page uniqueness, GSC value, and replacement options."
"NCT01123915","https://clinicaltrialfailures.com/trial/NCT01123915","false","false","missing_stop_reason","UNRESOLVED","UNRESOLVED_MISSING_STOP_REASON","UNCLASSIFIED","REVIEW_HOLD","VERIFY_CURRENT_EXCLUSION","Do not deindex automatically; compare source evidence, page uniqueness, GSC value, and replacement options."
"NCT01124877","https://clinicaltrialfailures.com/trial/NCT01124877","false","false","missing_stop_reason","UNRESOLVED","UNRESOLVED_MISSING_STOP_REASON","UNCLASSIFIED","REVIEW_HOLD","VERIFY_CURRENT_EXCLUSION","Do not deindex automatically; compare source evidence, page uniqueness, GSC value, and replacement options."
"NCT01125761","https://clinicaltrialfailures.com/trial/NCT01125761","false","false","missing_stop_reason","UNRESOLVED","UNRESOLVED_MISSING_STOP_REASON","UNCLASSIFIED","REVIEW_HOLD","VERIFY_CURRENT_EXCLUSION","Do not deindex automatically; compare source evidence, page uniqueness, GSC value, and replacement options."
"NCT01126853","https://clinicaltrialfailures.com/trial/NCT01126853","false","false","missing_stop_reason","UNRESOLVED","UNRESOLVED_MISSING_STOP_REASON","UNCLASSIFIED","REVIEW_HOLD","VERIFY_CURRENT_EXCLUSION","Do not deindex automatically; compare source evidence, page uniqueness, GSC value, and replacement options."
"NCT01130623","https://clinicaltrialfailures.com/trial/NCT01130623","false","false","missing_stop_reason","UNRESOLVED","UNRESOLVED_MISSING_STOP_REASON","UNCLASSIFIED","REVIEW_HOLD","VERIFY_CURRENT_EXCLUSION","Do not deindex automatically; compare source evidence, page uniqueness, GSC value, and replacement options."
"NCT01131325","https://clinicaltrialfailures.com/trial/NCT01131325","false","false","missing_stop_reason","UNRESOLVED","UNRESOLVED_MISSING_STOP_REASON","UNCLASSIFIED","REVIEW_HOLD","VERIFY_CURRENT_EXCLUSION","Do not deindex automatically; compare source evidence, page uniqueness, GSC value, and replacement options."
"NCT01133223","https://clinicaltrialfailures.com/trial/NCT01133223","false","false","missing_stop_reason","UNRESOLVED","UNRESOLVED_MISSING_STOP_REASON","UNCLASSIFIED","REVIEW_HOLD","VERIFY_CURRENT_EXCLUSION","Do not deindex automatically; compare source evidence, page uniqueness, GSC value, and replacement options."
"NCT01133353","https://clinicaltrialfailures.com/trial/NCT01133353","false","false","missing_stop_reason","UNRESOLVED","UNRESOLVED_MISSING_STOP_REASON","UNCLASSIFIED","REVIEW_HOLD","VERIFY_CURRENT_EXCLUSION","Do not deindex automatically; compare source evidence, page uniqueness, GSC value, and replacement options."
"NCT01142323","https://clinicaltrialfailures.com/trial/NCT01142323","false","false","missing_stop_reason","UNRESOLVED","UNRESOLVED_MISSING_STOP_REASON","UNCLASSIFIED","REVIEW_HOLD","VERIFY_CURRENT_EXCLUSION","Do not deindex automatically; compare source evidence, page uniqueness, GSC value, and replacement options."
"NCT01144091","https://clinicaltrialfailures.com/trial/NCT01144091","false","false","missing_stop_reason","UNRESOLVED","UNRESOLVED_MISSING_STOP_REASON","UNCLASSIFIED","REVIEW_HOLD","VERIFY_CURRENT_EXCLUSION","Do not deindex automatically; compare source evidence, page uniqueness, GSC value, and replacement options."
"NCT01144351","https://clinicaltrialfailures.com/trial/NCT01144351","false","false","missing_stop_reason","UNRESOLVED","UNRESOLVED_MISSING_STOP_REASON","UNCLASSIFIED","REVIEW_HOLD","VERIFY_CURRENT_EXCLUSION","Do not deindex automatically; compare source evidence, page uniqueness, GSC value, and replacement options."
"NCT01144403","https://clinicaltrialfailures.com/trial/NCT01144403","false","false","missing_stop_reason","UNRESOLVED","UNRESOLVED_MISSING_STOP_REASON","UNCLASSIFIED","REVIEW_HOLD","VERIFY_CURRENT_EXCLUSION","Do not deindex automatically; compare source evidence, page uniqueness, GSC value, and replacement options."
"NCT01147601","https://clinicaltrialfailures.com/trial/NCT01147601","false","false","missing_stop_reason","UNRESOLVED","UNRESOLVED_MISSING_STOP_REASON","UNCLASSIFIED","REVIEW_HOLD","VERIFY_CURRENT_EXCLUSION","Do not deindex automatically; compare source evidence, page uniqueness, GSC value, and replacement options."
"NCT01148966","https://clinicaltrialfailures.com/trial/NCT01148966","false","false","missing_stop_reason","UNRESOLVED","UNRESOLVED_MISSING_STOP_REASON","UNCLASSIFIED","REVIEW_HOLD","VERIFY_CURRENT_EXCLUSION","Do not deindex automatically; compare source evidence, page uniqueness, GSC value, and replacement options."
"NCT01148992","https://clinicaltrialfailures.com/trial/NCT01148992","false","false","missing_stop_reason","UNRESOLVED","UNRESOLVED_MISSING_STOP_REASON","UNCLASSIFIED","REVIEW_HOLD","VERIFY_CURRENT_EXCLUSION","Do not deindex automatically; compare source evidence, page uniqueness, GSC value, and replacement options."
"NCT01152216","https://clinicaltrialfailures.com/trial/NCT01152216","false","false","missing_stop_reason","UNRESOLVED","UNRESOLVED_MISSING_STOP_REASON","UNCLASSIFIED","REVIEW_HOLD","VERIFY_CURRENT_EXCLUSION","Do not deindex automatically; compare source evidence, page uniqueness, GSC value, and replacement options."
"NCT01152255","https://clinicaltrialfailures.com/trial/NCT01152255","false","false","missing_stop_reason","UNRESOLVED","UNRESOLVED_MISSING_STOP_REASON","UNCLASSIFIED","REVIEW_HOLD","VERIFY_CURRENT_EXCLUSION","Do not deindex automatically; compare source evidence, page uniqueness, GSC value, and replacement options."
"NCT01155791","https://clinicaltrialfailures.com/trial/NCT01155791","false","false","missing_stop_reason","UNRESOLVED","UNRESOLVED_MISSING_STOP_REASON","UNCLASSIFIED","REVIEW_HOLD","VERIFY_CURRENT_EXCLUSION","Do not deindex automatically; compare source evidence, page uniqueness, GSC value, and replacement options."
"NCT01156415","https://clinicaltrialfailures.com/trial/NCT01156415","false","false","missing_stop_reason","UNRESOLVED","UNRESOLVED_MISSING_STOP_REASON","UNCLASSIFIED","REVIEW_HOLD","VERIFY_CURRENT_EXCLUSION","Do not deindex automatically; compare source evidence, page uniqueness, GSC value, and replacement options."
"NCT01159119","https://clinicaltrialfailures.com/trial/NCT01159119","false","false","missing_stop_reason","UNRESOLVED","UNRESOLVED_MISSING_STOP_REASON","UNCLASSIFIED","REVIEW_HOLD","VERIFY_CURRENT_EXCLUSION","Do not deindex automatically; compare source evidence, page uniqueness, GSC value, and replacement options."
"NCT01161914","https://clinicaltrialfailures.com/trial/NCT01161914","false","false","missing_stop_reason","UNRESOLVED","UNRESOLVED_MISSING_STOP_REASON","UNCLASSIFIED","REVIEW_HOLD","VERIFY_CURRENT_EXCLUSION","Do not deindex automatically; compare source evidence, page uniqueness, GSC value, and replacement options."
"NCT01163071","https://clinicaltrialfailures.com/trial/NCT01163071","false","false","missing_stop_reason","UNRESOLVED","UNRESOLVED_MISSING_STOP_REASON","UNCLASSIFIED","REVIEW_HOLD","VERIFY_CURRENT_EXCLUSION","Do not deindex automatically; compare source evidence, page uniqueness, GSC value, and replacement options."
"NCT01163084","https://clinicaltrialfailures.com/trial/NCT01163084","false","false","missing_stop_reason","UNRESOLVED","UNRESOLVED_MISSING_STOP_REASON","UNCLASSIFIED","REVIEW_HOLD","VERIFY_CURRENT_EXCLUSION","Do not deindex automatically; compare source evidence, page uniqueness, GSC value, and replacement options."
"NCT01163253","https://clinicaltrialfailures.com/trial/NCT01163253","false","false","missing_stop_reason","UNRESOLVED","UNRESOLVED_MISSING_STOP_REASON","UNCLASSIFIED","REVIEW_HOLD","VERIFY_CURRENT_EXCLUSION","Do not deindex automatically; compare source evidence, page uniqueness, GSC value, and replacement options."
"NCT01165944","https://clinicaltrialfailures.com/trial/NCT01165944","false","false","missing_stop_reason","UNRESOLVED","UNRESOLVED_MISSING_STOP_REASON","UNCLASSIFIED","REVIEW_HOLD","VERIFY_CURRENT_EXCLUSION","Do not deindex automatically; compare source evidence, page uniqueness, GSC value, and replacement options."
"NCT01167192","https://clinicaltrialfailures.com/trial/NCT01167192","false","false","missing_stop_reason","UNRESOLVED","UNRESOLVED_MISSING_STOP_REASON","UNCLASSIFIED","REVIEW_HOLD","VERIFY_CURRENT_EXCLUSION","Do not deindex automatically; compare source evidence, page uniqueness, GSC value, and replacement options."
"NCT01167725","https://clinicaltrialfailures.com/trial/NCT01167725","false","false","missing_stop_reason","UNRESOLVED","UNRESOLVED_MISSING_STOP_REASON","UNCLASSIFIED","REVIEW_HOLD","VERIFY_CURRENT_EXCLUSION","Do not deindex automatically; compare source evidence, page uniqueness, GSC value, and replacement options."
"NCT01169610","https://clinicaltrialfailures.com/trial/NCT01169610","false","false","missing_stop_reason","UNRESOLVED","UNRESOLVED_MISSING_STOP_REASON","UNCLASSIFIED","REVIEW_HOLD","VERIFY_CURRENT_EXCLUSION","Do not deindex automatically; compare source evidence, page uniqueness, GSC value, and replacement options."
"NCT01170325","https://clinicaltrialfailures.com/trial/NCT01170325","false","false","missing_stop_reason","UNRESOLVED","UNRESOLVED_MISSING_STOP_REASON","UNCLASSIFIED","REVIEW_HOLD","VERIFY_CURRENT_EXCLUSION","Do not deindex automatically; compare source evidence, page uniqueness, GSC value, and replacement options."
"NCT01173848","https://clinicaltrialfailures.com/trial/NCT01173848","false","false","missing_stop_reason","UNRESOLVED","UNRESOLVED_MISSING_STOP_REASON","UNCLASSIFIED","REVIEW_HOLD","VERIFY_CURRENT_EXCLUSION","Do not deindex automatically; compare source evidence, page uniqueness, GSC value, and replacement options."
"NCT01174537","https://clinicaltrialfailures.com/trial/NCT01174537","false","false","missing_stop_reason","UNRESOLVED","UNRESOLVED_MISSING_STOP_REASON","UNCLASSIFIED","REVIEW_HOLD","VERIFY_CURRENT_EXCLUSION","Do not deindex automatically; compare source evidence, page uniqueness, GSC value, and replacement options."
"NCT01176500","https://clinicaltrialfailures.com/trial/NCT01176500","false","false","missing_stop_reason","UNRESOLVED","UNRESOLVED_MISSING_STOP_REASON","UNCLASSIFIED","REVIEW_HOLD","VERIFY_CURRENT_EXCLUSION","Do not deindex automatically; compare source evidence, page uniqueness, GSC value, and replacement options."
"NCT01177852","https://clinicaltrialfailures.com/trial/NCT01177852","false","false","missing_stop_reason","UNRESOLVED","UNRESOLVED_MISSING_STOP_REASON","UNCLASSIFIED","REVIEW_HOLD","VERIFY_CURRENT_EXCLUSION","Do not deindex automatically; compare source evidence, page uniqueness, GSC value, and replacement options."
"NCT01180569","https://clinicaltrialfailures.com/trial/NCT01180569","false","false","missing_stop_reason","UNRESOLVED","UNRESOLVED_MISSING_STOP_REASON","UNCLASSIFIED","REVIEW_HOLD","VERIFY_CURRENT_EXCLUSION","Do not deindex automatically; compare source evidence, page uniqueness, GSC value, and replacement options."
"NCT01182883","https://clinicaltrialfailures.com/trial/NCT01182883","false","false","missing_stop_reason","UNRESOLVED","UNRESOLVED_MISSING_STOP_REASON","UNCLASSIFIED","REVIEW_HOLD","VERIFY_CURRENT_EXCLUSION","Do not deindex automatically; compare source evidence, page uniqueness, GSC value, and replacement options."
"NCT01184144","https://clinicaltrialfailures.com/trial/NCT01184144","false","false","missing_stop_reason","UNRESOLVED","UNRESOLVED_MISSING_STOP_REASON","UNCLASSIFIED","REVIEW_HOLD","VERIFY_CURRENT_EXCLUSION","Do not deindex automatically; compare source evidence, page uniqueness, GSC value, and replacement options."
"NCT01185366","https://clinicaltrialfailures.com/trial/NCT01185366","false","false","missing_stop_reason","UNRESOLVED","UNRESOLVED_MISSING_STOP_REASON","UNCLASSIFIED","REVIEW_HOLD","VERIFY_CURRENT_EXCLUSION","Do not deindex automatically; compare source evidence, page uniqueness, GSC value, and replacement options."
"NCT01185808","https://clinicaltrialfailures.com/trial/NCT01185808","false","false","missing_stop_reason","UNRESOLVED","UNRESOLVED_MISSING_STOP_REASON","UNCLASSIFIED","REVIEW_HOLD","VERIFY_CURRENT_EXCLUSION","Do not deindex automatically; compare source evidence, page uniqueness, GSC value, and replacement options."
"NCT01189318","https://clinicaltrialfailures.com/trial/NCT01189318","false","false","missing_stop_reason","UNRESOLVED","UNRESOLVED_MISSING_STOP_REASON","UNCLASSIFIED","REVIEW_HOLD","VERIFY_CURRENT_EXCLUSION","Do not deindex automatically; compare source evidence, page uniqueness, GSC value, and replacement options."
"NCT01189422","https://clinicaltrialfailures.com/trial/NCT01189422","false","false","missing_stop_reason","UNRESOLVED","UNRESOLVED_MISSING_STOP_REASON","UNCLASSIFIED","REVIEW_HOLD","VERIFY_CURRENT_EXCLUSION","Do not deindex automatically; compare source evidence, page uniqueness, GSC value, and replacement options."
"NCT01190241","https://clinicaltrialfailures.com/trial/NCT01190241","false","false","missing_stop_reason","UNRESOLVED","UNRESOLVED_MISSING_STOP_REASON","UNCLASSIFIED","REVIEW_HOLD","VERIFY_CURRENT_EXCLUSION","Do not deindex automatically; compare source evidence, page uniqueness, GSC value, and replacement options."
"NCT01191372","https://clinicaltrialfailures.com/trial/NCT01191372","false","false","missing_stop_reason","UNRESOLVED","UNRESOLVED_MISSING_STOP_REASON","UNCLASSIFIED","REVIEW_HOLD","VERIFY_CURRENT_EXCLUSION","Do not deindex automatically; compare source evidence, page uniqueness, GSC value, and replacement options."
"NCT01193881","https://clinicaltrialfailures.com/trial/NCT01193881","false","false","missing_stop_reason","UNRESOLVED","UNRESOLVED_MISSING_STOP_REASON","UNCLASSIFIED","REVIEW_HOLD","VERIFY_CURRENT_EXCLUSION","Do not deindex automatically; compare source evidence, page uniqueness, GSC value, and replacement options."
"NCT01194960","https://clinicaltrialfailures.com/trial/NCT01194960","false","false","missing_stop_reason","UNRESOLVED","UNRESOLVED_MISSING_STOP_REASON","UNCLASSIFIED","REVIEW_HOLD","VERIFY_CURRENT_EXCLUSION","Do not deindex automatically; compare source evidence, page uniqueness, GSC value, and replacement options."
"NCT01195727","https://clinicaltrialfailures.com/trial/NCT01195727","false","false","missing_stop_reason","UNRESOLVED","UNRESOLVED_MISSING_STOP_REASON","UNCLASSIFIED","REVIEW_HOLD","VERIFY_CURRENT_EXCLUSION","Do not deindex automatically; compare source evidence, page uniqueness, GSC value, and replacement options."
"NCT01195753","https://clinicaltrialfailures.com/trial/NCT01195753","false","false","missing_stop_reason","UNRESOLVED","UNRESOLVED_MISSING_STOP_REASON","UNCLASSIFIED","REVIEW_HOLD","VERIFY_CURRENT_EXCLUSION","Do not deindex automatically; compare source evidence, page uniqueness, GSC value, and replacement options."
"NCT01198158","https://clinicaltrialfailures.com/trial/NCT01198158","false","false","missing_stop_reason","UNRESOLVED","UNRESOLVED_MISSING_STOP_REASON","UNCLASSIFIED","REVIEW_HOLD","VERIFY_CURRENT_EXCLUSION","Do not deindex automatically; compare source evidence, page uniqueness, GSC value, and replacement options."
"NCT01198535","https://clinicaltrialfailures.com/trial/NCT01198535","false","false","missing_stop_reason","UNRESOLVED","UNRESOLVED_MISSING_STOP_REASON","UNCLASSIFIED","REVIEW_HOLD","VERIFY_CURRENT_EXCLUSION","Do not deindex automatically; compare source evidence, page uniqueness, GSC value, and replacement options."
"NCT01199497","https://clinicaltrialfailures.com/trial/NCT01199497","false","false","missing_stop_reason","UNRESOLVED","UNRESOLVED_MISSING_STOP_REASON","UNCLASSIFIED","REVIEW_HOLD","VERIFY_CURRENT_EXCLUSION","Do not deindex automatically; compare source evidence, page uniqueness, GSC value, and replacement options."
"NCT01200862","https://clinicaltrialfailures.com/trial/NCT01200862","false","false","missing_stop_reason","UNRESOLVED","UNRESOLVED_MISSING_STOP_REASON","UNCLASSIFIED","REVIEW_HOLD","VERIFY_CURRENT_EXCLUSION","Do not deindex automatically; compare source evidence, page uniqueness, GSC value, and replacement options."
"NCT01202110","https://clinicaltrialfailures.com/trial/NCT01202110","false","false","missing_stop_reason","UNRESOLVED","UNRESOLVED_MISSING_STOP_REASON","UNCLASSIFIED","REVIEW_HOLD","VERIFY_CURRENT_EXCLUSION","Do not deindex automatically; compare source evidence, page uniqueness, GSC value, and replacement options."
"NCT01203371","https://clinicaltrialfailures.com/trial/NCT01203371","false","false","missing_stop_reason","UNRESOLVED","UNRESOLVED_MISSING_STOP_REASON","UNCLASSIFIED","REVIEW_HOLD","VERIFY_CURRENT_EXCLUSION","Do not deindex automatically; compare source evidence, page uniqueness, GSC value, and replacement options."
"NCT01203930","https://clinicaltrialfailures.com/trial/NCT01203930","false","false","missing_stop_reason","UNRESOLVED","UNRESOLVED_MISSING_STOP_REASON","UNCLASSIFIED","REVIEW_HOLD","VERIFY_CURRENT_EXCLUSION","Do not deindex automatically; compare source evidence, page uniqueness, GSC value, and replacement options."
"NCT01204333","https://clinicaltrialfailures.com/trial/NCT01204333","false","false","missing_stop_reason","UNRESOLVED","UNRESOLVED_MISSING_STOP_REASON","UNCLASSIFIED","REVIEW_HOLD","VERIFY_CURRENT_EXCLUSION","Do not deindex automatically; compare source evidence, page uniqueness, GSC value, and replacement options."
"NCT01205360","https://clinicaltrialfailures.com/trial/NCT01205360","false","false","missing_stop_reason","UNRESOLVED","UNRESOLVED_MISSING_STOP_REASON","UNCLASSIFIED","REVIEW_HOLD","VERIFY_CURRENT_EXCLUSION","Do not deindex automatically; compare source evidence, page uniqueness, GSC value, and replacement options."
"NCT01211977","https://clinicaltrialfailures.com/trial/NCT01211977","false","false","missing_stop_reason","UNRESOLVED","UNRESOLVED_MISSING_STOP_REASON","UNCLASSIFIED","REVIEW_HOLD","VERIFY_CURRENT_EXCLUSION","Do not deindex automatically; compare source evidence, page uniqueness, GSC value, and replacement options."
"NCT01213329","https://clinicaltrialfailures.com/trial/NCT01213329","false","false","missing_stop_reason","UNRESOLVED","UNRESOLVED_MISSING_STOP_REASON","UNCLASSIFIED","REVIEW_HOLD","VERIFY_CURRENT_EXCLUSION","Do not deindex automatically; compare source evidence, page uniqueness, GSC value, and replacement options."
"NCT01215227","https://clinicaltrialfailures.com/trial/NCT01215227","false","false","missing_stop_reason","UNRESOLVED","UNRESOLVED_MISSING_STOP_REASON","UNCLASSIFIED","REVIEW_HOLD","VERIFY_CURRENT_EXCLUSION","Do not deindex automatically; compare source evidence, page uniqueness, GSC value, and replacement options."
"NCT01216371","https://clinicaltrialfailures.com/trial/NCT01216371","false","false","missing_stop_reason","UNRESOLVED","UNRESOLVED_MISSING_STOP_REASON","UNCLASSIFIED","REVIEW_HOLD","VERIFY_CURRENT_EXCLUSION","Do not deindex automatically; compare source evidence, page uniqueness, GSC value, and replacement options."
"NCT01221636","https://clinicaltrialfailures.com/trial/NCT01221636","false","false","missing_stop_reason","UNRESOLVED","UNRESOLVED_MISSING_STOP_REASON","UNCLASSIFIED","REVIEW_HOLD","VERIFY_CURRENT_EXCLUSION","Do not deindex automatically; compare source evidence, page uniqueness, GSC value, and replacement options."
"NCT01222143","https://clinicaltrialfailures.com/trial/NCT01222143","false","false","missing_stop_reason","UNRESOLVED","UNRESOLVED_MISSING_STOP_REASON","UNCLASSIFIED","REVIEW_HOLD","VERIFY_CURRENT_EXCLUSION","Do not deindex automatically; compare source evidence, page uniqueness, GSC value, and replacement options."
"NCT01224795","https://clinicaltrialfailures.com/trial/NCT01224795","false","false","missing_stop_reason","UNRESOLVED","UNRESOLVED_MISSING_STOP_REASON","UNCLASSIFIED","REVIEW_HOLD","VERIFY_CURRENT_EXCLUSION","Do not deindex automatically; compare source evidence, page uniqueness, GSC value, and replacement options."
"NCT01225107","https://clinicaltrialfailures.com/trial/NCT01225107","false","false","missing_stop_reason","UNRESOLVED","UNRESOLVED_MISSING_STOP_REASON","UNCLASSIFIED","REVIEW_HOLD","VERIFY_CURRENT_EXCLUSION","Do not deindex automatically; compare source evidence, page uniqueness, GSC value, and replacement options."
"NCT01225510","https://clinicaltrialfailures.com/trial/NCT01225510","false","false","missing_stop_reason","UNRESOLVED","UNRESOLVED_MISSING_STOP_REASON","UNCLASSIFIED","REVIEW_HOLD","VERIFY_CURRENT_EXCLUSION","Do not deindex automatically; compare source evidence, page uniqueness, GSC value, and replacement options."
"NCT01226680","https://clinicaltrialfailures.com/trial/NCT01226680","false","false","missing_stop_reason","UNRESOLVED","UNRESOLVED_MISSING_STOP_REASON","UNCLASSIFIED","REVIEW_HOLD","VERIFY_CURRENT_EXCLUSION","Do not deindex automatically; compare source evidence, page uniqueness, GSC value, and replacement options."
"NCT01227434","https://clinicaltrialfailures.com/trial/NCT01227434","false","false","missing_stop_reason","UNRESOLVED","UNRESOLVED_MISSING_STOP_REASON","UNCLASSIFIED","REVIEW_HOLD","VERIFY_CURRENT_EXCLUSION","Do not deindex automatically; compare source evidence, page uniqueness, GSC value, and replacement options."
"NCT01227941","https://clinicaltrialfailures.com/trial/NCT01227941","false","false","missing_stop_reason","UNRESOLVED","UNRESOLVED_MISSING_STOP_REASON","UNCLASSIFIED","REVIEW_HOLD","VERIFY_CURRENT_EXCLUSION","Do not deindex automatically; compare source evidence, page uniqueness, GSC value, and replacement options."
"NCT01228643","https://clinicaltrialfailures.com/trial/NCT01228643","false","false","missing_stop_reason","UNRESOLVED","UNRESOLVED_MISSING_STOP_REASON","UNCLASSIFIED","REVIEW_HOLD","VERIFY_CURRENT_EXCLUSION","Do not deindex automatically; compare source evidence, page uniqueness, GSC value, and replacement options."
"NCT01228656","https://clinicaltrialfailures.com/trial/NCT01228656","false","false","missing_stop_reason","UNRESOLVED","UNRESOLVED_MISSING_STOP_REASON","UNCLASSIFIED","REVIEW_HOLD","VERIFY_CURRENT_EXCLUSION","Do not deindex automatically; compare source evidence, page uniqueness, GSC value, and replacement options."
"NCT01229072","https://clinicaltrialfailures.com/trial/NCT01229072","false","false","missing_stop_reason","UNRESOLVED","UNRESOLVED_MISSING_STOP_REASON","UNCLASSIFIED","REVIEW_HOLD","VERIFY_CURRENT_EXCLUSION","Do not deindex automatically; compare source evidence, page uniqueness, GSC value, and replacement options."
"NCT01229644","https://clinicaltrialfailures.com/trial/NCT01229644","false","false","missing_stop_reason","UNRESOLVED","UNRESOLVED_MISSING_STOP_REASON","UNCLASSIFIED","REVIEW_HOLD","VERIFY_CURRENT_EXCLUSION","Do not deindex automatically; compare source evidence, page uniqueness, GSC value, and replacement options."
"NCT01230476","https://clinicaltrialfailures.com/trial/NCT01230476","false","false","missing_stop_reason","UNRESOLVED","UNRESOLVED_MISSING_STOP_REASON","UNCLASSIFIED","REVIEW_HOLD","VERIFY_CURRENT_EXCLUSION","Do not deindex automatically; compare source evidence, page uniqueness, GSC value, and replacement options."
"NCT01231555","https://clinicaltrialfailures.com/trial/NCT01231555","false","false","missing_stop_reason","UNRESOLVED","UNRESOLVED_MISSING_STOP_REASON","UNCLASSIFIED","REVIEW_HOLD","VERIFY_CURRENT_EXCLUSION","Do not deindex automatically; compare source evidence, page uniqueness, GSC value, and replacement options."
"NCT01233102","https://clinicaltrialfailures.com/trial/NCT01233102","false","false","missing_stop_reason","UNRESOLVED","UNRESOLVED_MISSING_STOP_REASON","UNCLASSIFIED","REVIEW_HOLD","VERIFY_CURRENT_EXCLUSION","Do not deindex automatically; compare source evidence, page uniqueness, GSC value, and replacement options."
"NCT01236586","https://clinicaltrialfailures.com/trial/NCT01236586","false","false","missing_stop_reason","UNRESOLVED","UNRESOLVED_MISSING_STOP_REASON","UNCLASSIFIED","REVIEW_HOLD","VERIFY_CURRENT_EXCLUSION","Do not deindex automatically; compare source evidence, page uniqueness, GSC value, and replacement options."
"NCT01238133","https://clinicaltrialfailures.com/trial/NCT01238133","false","false","missing_stop_reason","UNRESOLVED","UNRESOLVED_MISSING_STOP_REASON","UNCLASSIFIED","REVIEW_HOLD","VERIFY_CURRENT_EXCLUSION","Do not deindex automatically; compare source evidence, page uniqueness, GSC value, and replacement options."
"NCT01239017","https://clinicaltrialfailures.com/trial/NCT01239017","false","false","missing_stop_reason","UNRESOLVED","UNRESOLVED_MISSING_STOP_REASON","UNCLASSIFIED","REVIEW_HOLD","VERIFY_CURRENT_EXCLUSION","Do not deindex automatically; compare source evidence, page uniqueness, GSC value, and replacement options."
"NCT01239095","https://clinicaltrialfailures.com/trial/NCT01239095","false","false","missing_stop_reason","UNRESOLVED","UNRESOLVED_MISSING_STOP_REASON","UNCLASSIFIED","REVIEW_HOLD","VERIFY_CURRENT_EXCLUSION","Do not deindex automatically; compare source evidence, page uniqueness, GSC value, and replacement options."
"NCT01239342","https://clinicaltrialfailures.com/trial/NCT01239342","false","false","missing_stop_reason","UNRESOLVED","UNRESOLVED_MISSING_STOP_REASON","UNCLASSIFIED","REVIEW_HOLD","VERIFY_CURRENT_EXCLUSION","Do not deindex automatically; compare source evidence, page uniqueness, GSC value, and replacement options."
"NCT01240642","https://clinicaltrialfailures.com/trial/NCT01240642","false","false","missing_stop_reason","UNRESOLVED","UNRESOLVED_MISSING_STOP_REASON","UNCLASSIFIED","REVIEW_HOLD","VERIFY_CURRENT_EXCLUSION","Do not deindex automatically; compare source evidence, page uniqueness, GSC value, and replacement options."
"NCT01242111","https://clinicaltrialfailures.com/trial/NCT01242111","false","false","missing_stop_reason","UNRESOLVED","UNRESOLVED_MISSING_STOP_REASON","UNCLASSIFIED","REVIEW_HOLD","VERIFY_CURRENT_EXCLUSION","Do not deindex automatically; compare source evidence, page uniqueness, GSC value, and replacement options."
"NCT01244256","https://clinicaltrialfailures.com/trial/NCT01244256","false","false","missing_stop_reason","UNRESOLVED","UNRESOLVED_MISSING_STOP_REASON","UNCLASSIFIED","REVIEW_HOLD","VERIFY_CURRENT_EXCLUSION","Do not deindex automatically; compare source evidence, page uniqueness, GSC value, and replacement options."
"NCT01245816","https://clinicaltrialfailures.com/trial/NCT01245816","false","false","missing_stop_reason","UNRESOLVED","UNRESOLVED_MISSING_STOP_REASON","UNCLASSIFIED","REVIEW_HOLD","VERIFY_CURRENT_EXCLUSION","Do not deindex automatically; compare source evidence, page uniqueness, GSC value, and replacement options."
"NCT01248299","https://clinicaltrialfailures.com/trial/NCT01248299","false","false","missing_stop_reason","UNRESOLVED","UNRESOLVED_MISSING_STOP_REASON","UNCLASSIFIED","REVIEW_HOLD","VERIFY_CURRENT_EXCLUSION","Do not deindex automatically; compare source evidence, page uniqueness, GSC value, and replacement options."
"NCT01251835","https://clinicaltrialfailures.com/trial/NCT01251835","false","false","missing_stop_reason","UNRESOLVED","UNRESOLVED_MISSING_STOP_REASON","UNCLASSIFIED","REVIEW_HOLD","VERIFY_CURRENT_EXCLUSION","Do not deindex automatically; compare source evidence, page uniqueness, GSC value, and replacement options."
"NCT01251848","https://clinicaltrialfailures.com/trial/NCT01251848","false","false","missing_stop_reason","UNRESOLVED","UNRESOLVED_MISSING_STOP_REASON","UNCLASSIFIED","REVIEW_HOLD","VERIFY_CURRENT_EXCLUSION","Do not deindex automatically; compare source evidence, page uniqueness, GSC value, and replacement options."
"NCT01252758","https://clinicaltrialfailures.com/trial/NCT01252758","false","false","missing_stop_reason","UNRESOLVED","UNRESOLVED_MISSING_STOP_REASON","UNCLASSIFIED","REVIEW_HOLD","VERIFY_CURRENT_EXCLUSION","Do not deindex automatically; compare source evidence, page uniqueness, GSC value, and replacement options."
"NCT01253382","https://clinicaltrialfailures.com/trial/NCT01253382","false","false","missing_stop_reason","UNRESOLVED","UNRESOLVED_MISSING_STOP_REASON","UNCLASSIFIED","REVIEW_HOLD","VERIFY_CURRENT_EXCLUSION","Do not deindex automatically; compare source evidence, page uniqueness, GSC value, and replacement options."
"NCT01257802","https://clinicaltrialfailures.com/trial/NCT01257802","false","false","missing_stop_reason","UNRESOLVED","UNRESOLVED_MISSING_STOP_REASON","UNCLASSIFIED","REVIEW_HOLD","VERIFY_CURRENT_EXCLUSION","Do not deindex automatically; compare source evidence, page uniqueness, GSC value, and replacement options."
"NCT01258868","https://clinicaltrialfailures.com/trial/NCT01258868","false","false","missing_stop_reason","UNRESOLVED","UNRESOLVED_MISSING_STOP_REASON","UNCLASSIFIED","REVIEW_HOLD","VERIFY_CURRENT_EXCLUSION","Do not deindex automatically; compare source evidence, page uniqueness, GSC value, and replacement options."
"NCT01260194","https://clinicaltrialfailures.com/trial/NCT01260194","false","false","missing_stop_reason","UNRESOLVED","UNRESOLVED_MISSING_STOP_REASON","UNCLASSIFIED","REVIEW_HOLD","VERIFY_CURRENT_EXCLUSION","Do not deindex automatically; compare source evidence, page uniqueness, GSC value, and replacement options."
"NCT01260467","https://clinicaltrialfailures.com/trial/NCT01260467","false","false","missing_stop_reason","UNRESOLVED","UNRESOLVED_MISSING_STOP_REASON","UNCLASSIFIED","REVIEW_HOLD","VERIFY_CURRENT_EXCLUSION","Do not deindex automatically; compare source evidence, page uniqueness, GSC value, and replacement options."
"NCT01265732","https://clinicaltrialfailures.com/trial/NCT01265732","false","false","missing_stop_reason","UNRESOLVED","UNRESOLVED_MISSING_STOP_REASON","UNCLASSIFIED","REVIEW_HOLD","VERIFY_CURRENT_EXCLUSION","Do not deindex automatically; compare source evidence, page uniqueness, GSC value, and replacement options."
"NCT01266135","https://clinicaltrialfailures.com/trial/NCT01266135","false","false","missing_stop_reason","UNRESOLVED","UNRESOLVED_MISSING_STOP_REASON","UNCLASSIFIED","REVIEW_HOLD","VERIFY_CURRENT_EXCLUSION","Do not deindex automatically; compare source evidence, page uniqueness, GSC value, and replacement options."
"NCT01267604","https://clinicaltrialfailures.com/trial/NCT01267604","false","false","missing_stop_reason","UNRESOLVED","UNRESOLVED_MISSING_STOP_REASON","UNCLASSIFIED","REVIEW_HOLD","VERIFY_CURRENT_EXCLUSION","Do not deindex automatically; compare source evidence, page uniqueness, GSC value, and replacement options."
"NCT01270438","https://clinicaltrialfailures.com/trial/NCT01270438","false","false","missing_stop_reason","UNRESOLVED","UNRESOLVED_MISSING_STOP_REASON","UNCLASSIFIED","REVIEW_HOLD","VERIFY_CURRENT_EXCLUSION","Do not deindex automatically; compare source evidence, page uniqueness, GSC value, and replacement options."
"NCT01271010","https://clinicaltrialfailures.com/trial/NCT01271010","false","false","missing_stop_reason","UNRESOLVED","UNRESOLVED_MISSING_STOP_REASON","UNCLASSIFIED","REVIEW_HOLD","VERIFY_CURRENT_EXCLUSION","Do not deindex automatically; compare source evidence, page uniqueness, GSC value, and replacement options."
"NCT01271283","https://clinicaltrialfailures.com/trial/NCT01271283","false","false","missing_stop_reason","UNRESOLVED","UNRESOLVED_MISSING_STOP_REASON","UNCLASSIFIED","REVIEW_HOLD","VERIFY_CURRENT_EXCLUSION","Do not deindex automatically; compare source evidence, page uniqueness, GSC value, and replacement options."
"NCT01271868","https://clinicaltrialfailures.com/trial/NCT01271868","false","false","missing_stop_reason","UNRESOLVED","UNRESOLVED_MISSING_STOP_REASON","UNCLASSIFIED","REVIEW_HOLD","VERIFY_CURRENT_EXCLUSION","Do not deindex automatically; compare source evidence, page uniqueness, GSC value, and replacement options."
"NCT01273181","https://clinicaltrialfailures.com/trial/NCT01273181","false","false","missing_stop_reason","UNRESOLVED","UNRESOLVED_MISSING_STOP_REASON","UNCLASSIFIED","REVIEW_HOLD","VERIFY_CURRENT_EXCLUSION","Do not deindex automatically; compare source evidence, page uniqueness, GSC value, and replacement options."
"NCT01274377","https://clinicaltrialfailures.com/trial/NCT01274377","false","false","missing_stop_reason","UNRESOLVED","UNRESOLVED_MISSING_STOP_REASON","UNCLASSIFIED","REVIEW_HOLD","VERIFY_CURRENT_EXCLUSION","Do not deindex automatically; compare source evidence, page uniqueness, GSC value, and replacement options."
"NCT01278758","https://clinicaltrialfailures.com/trial/NCT01278758","false","false","missing_stop_reason","UNRESOLVED","UNRESOLVED_MISSING_STOP_REASON","UNCLASSIFIED","REVIEW_HOLD","VERIFY_CURRENT_EXCLUSION","Do not deindex automatically; compare source evidence, page uniqueness, GSC value, and replacement options."
"NCT01278849","https://clinicaltrialfailures.com/trial/NCT01278849","false","false","missing_stop_reason","UNRESOLVED","UNRESOLVED_MISSING_STOP_REASON","UNCLASSIFIED","REVIEW_HOLD","VERIFY_CURRENT_EXCLUSION","Do not deindex automatically; compare source evidence, page uniqueness, GSC value, and replacement options."
"NCT01279434","https://clinicaltrialfailures.com/trial/NCT01279434","false","false","missing_stop_reason","UNRESOLVED","UNRESOLVED_MISSING_STOP_REASON","UNCLASSIFIED","REVIEW_HOLD","VERIFY_CURRENT_EXCLUSION","Do not deindex automatically; compare source evidence, page uniqueness, GSC value, and replacement options."
"NCT01281163","https://clinicaltrialfailures.com/trial/NCT01281163","false","false","missing_stop_reason","UNRESOLVED","UNRESOLVED_MISSING_STOP_REASON","UNCLASSIFIED","REVIEW_HOLD","VERIFY_CURRENT_EXCLUSION","Do not deindex automatically; compare source evidence, page uniqueness, GSC value, and replacement options."
"NCT01281956","https://clinicaltrialfailures.com/trial/NCT01281956","false","false","missing_stop_reason","UNRESOLVED","UNRESOLVED_MISSING_STOP_REASON","UNCLASSIFIED","REVIEW_HOLD","VERIFY_CURRENT_EXCLUSION","Do not deindex automatically; compare source evidence, page uniqueness, GSC value, and replacement options."
"NCT01282047","https://clinicaltrialfailures.com/trial/NCT01282047","false","false","missing_stop_reason","UNRESOLVED","UNRESOLVED_MISSING_STOP_REASON","UNCLASSIFIED","REVIEW_HOLD","VERIFY_CURRENT_EXCLUSION","Do not deindex automatically; compare source evidence, page uniqueness, GSC value, and replacement options."
"NCT01283386","https://clinicaltrialfailures.com/trial/NCT01283386","false","false","missing_stop_reason","UNRESOLVED","UNRESOLVED_MISSING_STOP_REASON","UNCLASSIFIED","REVIEW_HOLD","VERIFY_CURRENT_EXCLUSION","Do not deindex automatically; compare source evidence, page uniqueness, GSC value, and replacement options."
"NCT01285297","https://clinicaltrialfailures.com/trial/NCT01285297","false","false","missing_stop_reason","UNRESOLVED","UNRESOLVED_MISSING_STOP_REASON","UNCLASSIFIED","REVIEW_HOLD","VERIFY_CURRENT_EXCLUSION","Do not deindex automatically; compare source evidence, page uniqueness, GSC value, and replacement options."
"NCT01285505","https://clinicaltrialfailures.com/trial/NCT01285505","false","false","missing_stop_reason","UNRESOLVED","UNRESOLVED_MISSING_STOP_REASON","UNCLASSIFIED","REVIEW_HOLD","VERIFY_CURRENT_EXCLUSION","Do not deindex automatically; compare source evidence, page uniqueness, GSC value, and replacement options."
"NCT01286844","https://clinicaltrialfailures.com/trial/NCT01286844","false","false","missing_stop_reason","UNRESOLVED","UNRESOLVED_MISSING_STOP_REASON","UNCLASSIFIED","REVIEW_HOLD","VERIFY_CURRENT_EXCLUSION","Do not deindex automatically; compare source evidence, page uniqueness, GSC value, and replacement options."
"NCT01292421","https://clinicaltrialfailures.com/trial/NCT01292421","false","false","missing_stop_reason","UNRESOLVED","UNRESOLVED_MISSING_STOP_REASON","UNCLASSIFIED","REVIEW_HOLD","VERIFY_CURRENT_EXCLUSION","Do not deindex automatically; compare source evidence, page uniqueness, GSC value, and replacement options."
"NCT01293149","https://clinicaltrialfailures.com/trial/NCT01293149","false","false","missing_stop_reason","UNRESOLVED","UNRESOLVED_MISSING_STOP_REASON","UNCLASSIFIED","REVIEW_HOLD","VERIFY_CURRENT_EXCLUSION","Do not deindex automatically; compare source evidence, page uniqueness, GSC value, and replacement options."
"NCT01294683","https://clinicaltrialfailures.com/trial/NCT01294683","false","false","missing_stop_reason","UNRESOLVED","UNRESOLVED_MISSING_STOP_REASON","UNCLASSIFIED","REVIEW_HOLD","VERIFY_CURRENT_EXCLUSION","Do not deindex automatically; compare source evidence, page uniqueness, GSC value, and replacement options."
"NCT01295099","https://clinicaltrialfailures.com/trial/NCT01295099","false","false","missing_stop_reason","UNRESOLVED","UNRESOLVED_MISSING_STOP_REASON","UNCLASSIFIED","REVIEW_HOLD","VERIFY_CURRENT_EXCLUSION","Do not deindex automatically; compare source evidence, page uniqueness, GSC value, and replacement options."
"NCT01298466","https://clinicaltrialfailures.com/trial/NCT01298466","false","false","missing_stop_reason","UNRESOLVED","UNRESOLVED_MISSING_STOP_REASON","UNCLASSIFIED","REVIEW_HOLD","VERIFY_CURRENT_EXCLUSION","Do not deindex automatically; compare source evidence, page uniqueness, GSC value, and replacement options."
"NCT01298960","https://clinicaltrialfailures.com/trial/NCT01298960","false","false","missing_stop_reason","UNRESOLVED","UNRESOLVED_MISSING_STOP_REASON","UNCLASSIFIED","REVIEW_HOLD","VERIFY_CURRENT_EXCLUSION","Do not deindex automatically; compare source evidence, page uniqueness, GSC value, and replacement options."
"NCT01299701","https://clinicaltrialfailures.com/trial/NCT01299701","false","false","missing_stop_reason","UNRESOLVED","UNRESOLVED_MISSING_STOP_REASON","UNCLASSIFIED","REVIEW_HOLD","VERIFY_CURRENT_EXCLUSION","Do not deindex automatically; compare source evidence, page uniqueness, GSC value, and replacement options."
"NCT01300611","https://clinicaltrialfailures.com/trial/NCT01300611","false","false","missing_stop_reason","UNRESOLVED","UNRESOLVED_MISSING_STOP_REASON","UNCLASSIFIED","REVIEW_HOLD","VERIFY_CURRENT_EXCLUSION","Do not deindex automatically; compare source evidence, page uniqueness, GSC value, and replacement options."
"NCT01302002","https://clinicaltrialfailures.com/trial/NCT01302002","false","false","missing_stop_reason","UNRESOLVED","UNRESOLVED_MISSING_STOP_REASON","UNCLASSIFIED","REVIEW_HOLD","VERIFY_CURRENT_EXCLUSION","Do not deindex automatically; compare source evidence, page uniqueness, GSC value, and replacement options."
"NCT01302821","https://clinicaltrialfailures.com/trial/NCT01302821","false","false","missing_stop_reason","UNRESOLVED","UNRESOLVED_MISSING_STOP_REASON","UNCLASSIFIED","REVIEW_HOLD","VERIFY_CURRENT_EXCLUSION","Do not deindex automatically; compare source evidence, page uniqueness, GSC value, and replacement options."
"NCT01306266","https://clinicaltrialfailures.com/trial/NCT01306266","false","false","missing_stop_reason","UNRESOLVED","UNRESOLVED_MISSING_STOP_REASON","UNCLASSIFIED","REVIEW_HOLD","VERIFY_CURRENT_EXCLUSION","Do not deindex automatically; compare source evidence, page uniqueness, GSC value, and replacement options."
"NCT01309685","https://clinicaltrialfailures.com/trial/NCT01309685","false","false","missing_stop_reason","UNRESOLVED","UNRESOLVED_MISSING_STOP_REASON","UNCLASSIFIED","REVIEW_HOLD","VERIFY_CURRENT_EXCLUSION","Do not deindex automatically; compare source evidence, page uniqueness, GSC value, and replacement options."
"NCT01310803","https://clinicaltrialfailures.com/trial/NCT01310803","false","false","missing_stop_reason","UNRESOLVED","UNRESOLVED_MISSING_STOP_REASON","UNCLASSIFIED","REVIEW_HOLD","VERIFY_CURRENT_EXCLUSION","Do not deindex automatically; compare source evidence, page uniqueness, GSC value, and replacement options."
"NCT01311713","https://clinicaltrialfailures.com/trial/NCT01311713","false","false","missing_stop_reason","UNRESOLVED","UNRESOLVED_MISSING_STOP_REASON","UNCLASSIFIED","REVIEW_HOLD","VERIFY_CURRENT_EXCLUSION","Do not deindex automatically; compare source evidence, page uniqueness, GSC value, and replacement options."
"NCT01312376","https://clinicaltrialfailures.com/trial/NCT01312376","false","false","missing_stop_reason","UNRESOLVED","UNRESOLVED_MISSING_STOP_REASON","UNCLASSIFIED","REVIEW_HOLD","VERIFY_CURRENT_EXCLUSION","Do not deindex automatically; compare source evidence, page uniqueness, GSC value, and replacement options."
"NCT01313702","https://clinicaltrialfailures.com/trial/NCT01313702","false","false","missing_stop_reason","UNRESOLVED","UNRESOLVED_MISSING_STOP_REASON","UNCLASSIFIED","REVIEW_HOLD","VERIFY_CURRENT_EXCLUSION","Do not deindex automatically; compare source evidence, page uniqueness, GSC value, and replacement options."
"NCT01315444","https://clinicaltrialfailures.com/trial/NCT01315444","false","false","missing_stop_reason","UNRESOLVED","UNRESOLVED_MISSING_STOP_REASON","UNCLASSIFIED","REVIEW_HOLD","VERIFY_CURRENT_EXCLUSION","Do not deindex automatically; compare source evidence, page uniqueness, GSC value, and replacement options."
"NCT01315691","https://clinicaltrialfailures.com/trial/NCT01315691","false","false","missing_stop_reason","UNRESOLVED","UNRESOLVED_MISSING_STOP_REASON","UNCLASSIFIED","REVIEW_HOLD","VERIFY_CURRENT_EXCLUSION","Do not deindex automatically; compare source evidence, page uniqueness, GSC value, and replacement options."
"NCT01318421","https://clinicaltrialfailures.com/trial/NCT01318421","false","false","missing_stop_reason","UNRESOLVED","UNRESOLVED_MISSING_STOP_REASON","UNCLASSIFIED","REVIEW_HOLD","VERIFY_CURRENT_EXCLUSION","Do not deindex automatically; compare source evidence, page uniqueness, GSC value, and replacement options."
"NCT01325090","https://clinicaltrialfailures.com/trial/NCT01325090","false","false","missing_stop_reason","UNRESOLVED","UNRESOLVED_MISSING_STOP_REASON","UNCLASSIFIED","REVIEW_HOLD","VERIFY_CURRENT_EXCLUSION","Do not deindex automatically; compare source evidence, page uniqueness, GSC value, and replacement options."
"NCT01328002","https://clinicaltrialfailures.com/trial/NCT01328002","false","false","missing_stop_reason","UNRESOLVED","UNRESOLVED_MISSING_STOP_REASON","UNCLASSIFIED","REVIEW_HOLD","VERIFY_CURRENT_EXCLUSION","Do not deindex automatically; compare source evidence, page uniqueness, GSC value, and replacement options."
"NCT01329744","https://clinicaltrialfailures.com/trial/NCT01329744","false","false","missing_stop_reason","UNRESOLVED","UNRESOLVED_MISSING_STOP_REASON","UNCLASSIFIED","REVIEW_HOLD","VERIFY_CURRENT_EXCLUSION","Do not deindex automatically; compare source evidence, page uniqueness, GSC value, and replacement options."
"NCT01331616","https://clinicaltrialfailures.com/trial/NCT01331616","false","false","missing_stop_reason","UNRESOLVED","UNRESOLVED_MISSING_STOP_REASON","UNCLASSIFIED","REVIEW_HOLD","VERIFY_CURRENT_EXCLUSION","Do not deindex automatically; compare source evidence, page uniqueness, GSC value, and replacement options."
"NCT01333514","https://clinicaltrialfailures.com/trial/NCT01333514","false","false","missing_stop_reason","UNRESOLVED","UNRESOLVED_MISSING_STOP_REASON","UNCLASSIFIED","REVIEW_HOLD","VERIFY_CURRENT_EXCLUSION","Do not deindex automatically; compare source evidence, page uniqueness, GSC value, and replacement options."
"NCT01335074","https://clinicaltrialfailures.com/trial/NCT01335074","false","false","missing_stop_reason","UNRESOLVED","UNRESOLVED_MISSING_STOP_REASON","UNCLASSIFIED","REVIEW_HOLD","VERIFY_CURRENT_EXCLUSION","Do not deindex automatically; compare source evidence, page uniqueness, GSC value, and replacement options."
"NCT01336959","https://clinicaltrialfailures.com/trial/NCT01336959","false","false","missing_stop_reason","UNRESOLVED","UNRESOLVED_MISSING_STOP_REASON","UNCLASSIFIED","REVIEW_HOLD","VERIFY_CURRENT_EXCLUSION","Do not deindex automatically; compare source evidence, page uniqueness, GSC value, and replacement options."
"NCT01336985","https://clinicaltrialfailures.com/trial/NCT01336985","false","false","missing_stop_reason","UNRESOLVED","UNRESOLVED_MISSING_STOP_REASON","UNCLASSIFIED","REVIEW_HOLD","VERIFY_CURRENT_EXCLUSION","Do not deindex automatically; compare source evidence, page uniqueness, GSC value, and replacement options."
"NCT01338558","https://clinicaltrialfailures.com/trial/NCT01338558","false","false","missing_stop_reason","UNRESOLVED","UNRESOLVED_MISSING_STOP_REASON","UNCLASSIFIED","REVIEW_HOLD","VERIFY_CURRENT_EXCLUSION","Do not deindex automatically; compare source evidence, page uniqueness, GSC value, and replacement options."
"NCT01341496","https://clinicaltrialfailures.com/trial/NCT01341496","false","false","missing_stop_reason","UNRESOLVED","UNRESOLVED_MISSING_STOP_REASON","UNCLASSIFIED","REVIEW_HOLD","VERIFY_CURRENT_EXCLUSION","Do not deindex automatically; compare source evidence, page uniqueness, GSC value, and replacement options."
"NCT01341730","https://clinicaltrialfailures.com/trial/NCT01341730","false","false","missing_stop_reason","UNRESOLVED","UNRESOLVED_MISSING_STOP_REASON","UNCLASSIFIED","REVIEW_HOLD","VERIFY_CURRENT_EXCLUSION","Do not deindex automatically; compare source evidence, page uniqueness, GSC value, and replacement options."
"NCT01342770","https://clinicaltrialfailures.com/trial/NCT01342770","false","false","missing_stop_reason","UNRESOLVED","UNRESOLVED_MISSING_STOP_REASON","UNCLASSIFIED","REVIEW_HOLD","VERIFY_CURRENT_EXCLUSION","Do not deindex automatically; compare source evidence, page uniqueness, GSC value, and replacement options."
"NCT01342887","https://clinicaltrialfailures.com/trial/NCT01342887","false","false","missing_stop_reason","UNRESOLVED","UNRESOLVED_MISSING_STOP_REASON","UNCLASSIFIED","REVIEW_HOLD","VERIFY_CURRENT_EXCLUSION","Do not deindex automatically; compare source evidence, page uniqueness, GSC value, and replacement options."
"NCT01343368","https://clinicaltrialfailures.com/trial/NCT01343368","false","false","missing_stop_reason","UNRESOLVED","UNRESOLVED_MISSING_STOP_REASON","UNCLASSIFIED","REVIEW_HOLD","VERIFY_CURRENT_EXCLUSION","Do not deindex automatically; compare source evidence, page uniqueness, GSC value, and replacement options."
"NCT01344252","https://clinicaltrialfailures.com/trial/NCT01344252","false","false","missing_stop_reason","UNRESOLVED","UNRESOLVED_MISSING_STOP_REASON","UNCLASSIFIED","REVIEW_HOLD","VERIFY_CURRENT_EXCLUSION","Do not deindex automatically; compare source evidence, page uniqueness, GSC value, and replacement options."
"NCT01345669","https://clinicaltrialfailures.com/trial/NCT01345669","false","false","missing_stop_reason","UNRESOLVED","UNRESOLVED_MISSING_STOP_REASON","UNCLASSIFIED","REVIEW_HOLD","VERIFY_CURRENT_EXCLUSION","Do not deindex automatically; compare source evidence, page uniqueness, GSC value, and replacement options."
"NCT01348126","https://clinicaltrialfailures.com/trial/NCT01348126","false","false","missing_stop_reason","UNRESOLVED","UNRESOLVED_MISSING_STOP_REASON","UNCLASSIFIED","REVIEW_HOLD","VERIFY_CURRENT_EXCLUSION","Do not deindex automatically; compare source evidence, page uniqueness, GSC value, and replacement options."
"NCT01348165","https://clinicaltrialfailures.com/trial/NCT01348165","false","false","missing_stop_reason","UNRESOLVED","UNRESOLVED_MISSING_STOP_REASON","UNCLASSIFIED","REVIEW_HOLD","VERIFY_CURRENT_EXCLUSION","Do not deindex automatically; compare source evidence, page uniqueness, GSC value, and replacement options."
"NCT01349088","https://clinicaltrialfailures.com/trial/NCT01349088","false","false","missing_stop_reason","UNRESOLVED","UNRESOLVED_MISSING_STOP_REASON","UNCLASSIFIED","REVIEW_HOLD","VERIFY_CURRENT_EXCLUSION","Do not deindex automatically; compare source evidence, page uniqueness, GSC value, and replacement options."
"NCT01351792","https://clinicaltrialfailures.com/trial/NCT01351792","false","false","missing_stop_reason","UNRESOLVED","UNRESOLVED_MISSING_STOP_REASON","UNCLASSIFIED","REVIEW_HOLD","VERIFY_CURRENT_EXCLUSION","Do not deindex automatically; compare source evidence, page uniqueness, GSC value, and replacement options."
"NCT01353690","https://clinicaltrialfailures.com/trial/NCT01353690","false","false","missing_stop_reason","UNRESOLVED","UNRESOLVED_MISSING_STOP_REASON","UNCLASSIFIED","REVIEW_HOLD","VERIFY_CURRENT_EXCLUSION","Do not deindex automatically; compare source evidence, page uniqueness, GSC value, and replacement options."
"NCT01353898","https://clinicaltrialfailures.com/trial/NCT01353898","false","false","missing_stop_reason","UNRESOLVED","UNRESOLVED_MISSING_STOP_REASON","UNCLASSIFIED","REVIEW_HOLD","VERIFY_CURRENT_EXCLUSION","Do not deindex automatically; compare source evidence, page uniqueness, GSC value, and replacement options."
"NCT01358331","https://clinicaltrialfailures.com/trial/NCT01358331","false","false","missing_stop_reason","UNRESOLVED","UNRESOLVED_MISSING_STOP_REASON","UNCLASSIFIED","REVIEW_HOLD","VERIFY_CURRENT_EXCLUSION","Do not deindex automatically; compare source evidence, page uniqueness, GSC value, and replacement options."
"NCT01360177","https://clinicaltrialfailures.com/trial/NCT01360177","false","false","missing_stop_reason","UNRESOLVED","UNRESOLVED_MISSING_STOP_REASON","UNCLASSIFIED","REVIEW_HOLD","VERIFY_CURRENT_EXCLUSION","Do not deindex automatically; compare source evidence, page uniqueness, GSC value, and replacement options."
"NCT01360671","https://clinicaltrialfailures.com/trial/NCT01360671","false","false","missing_stop_reason","UNRESOLVED","UNRESOLVED_MISSING_STOP_REASON","UNCLASSIFIED","REVIEW_HOLD","VERIFY_CURRENT_EXCLUSION","Do not deindex automatically; compare source evidence, page uniqueness, GSC value, and replacement options."
"NCT01362608","https://clinicaltrialfailures.com/trial/NCT01362608","false","false","missing_stop_reason","UNRESOLVED","UNRESOLVED_MISSING_STOP_REASON","UNCLASSIFIED","REVIEW_HOLD","VERIFY_CURRENT_EXCLUSION","Do not deindex automatically; compare source evidence, page uniqueness, GSC value, and replacement options."
"NCT01369199","https://clinicaltrialfailures.com/trial/NCT01369199","false","false","missing_stop_reason","UNRESOLVED","UNRESOLVED_MISSING_STOP_REASON","UNCLASSIFIED","REVIEW_HOLD","VERIFY_CURRENT_EXCLUSION","Do not deindex automatically; compare source evidence, page uniqueness, GSC value, and replacement options."
"NCT01373086","https://clinicaltrialfailures.com/trial/NCT01373086","false","false","missing_stop_reason","UNRESOLVED","UNRESOLVED_MISSING_STOP_REASON","UNCLASSIFIED","REVIEW_HOLD","VERIFY_CURRENT_EXCLUSION","Do not deindex automatically; compare source evidence, page uniqueness, GSC value, and replacement options."
"NCT01374191","https://clinicaltrialfailures.com/trial/NCT01374191","false","false","missing_stop_reason","UNRESOLVED","UNRESOLVED_MISSING_STOP_REASON","UNCLASSIFIED","REVIEW_HOLD","VERIFY_CURRENT_EXCLUSION","Do not deindex automatically; compare source evidence, page uniqueness, GSC value, and replacement options."
"NCT01375179","https://clinicaltrialfailures.com/trial/NCT01375179","false","false","missing_stop_reason","UNRESOLVED","UNRESOLVED_MISSING_STOP_REASON","UNCLASSIFIED","REVIEW_HOLD","VERIFY_CURRENT_EXCLUSION","Do not deindex automatically; compare source evidence, page uniqueness, GSC value, and replacement options."
"NCT01375556","https://clinicaltrialfailures.com/trial/NCT01375556","false","false","missing_stop_reason","UNRESOLVED","UNRESOLVED_MISSING_STOP_REASON","UNCLASSIFIED","REVIEW_HOLD","VERIFY_CURRENT_EXCLUSION","Do not deindex automatically; compare source evidence, page uniqueness, GSC value, and replacement options."
"NCT01377103","https://clinicaltrialfailures.com/trial/NCT01377103","false","false","missing_stop_reason","UNRESOLVED","UNRESOLVED_MISSING_STOP_REASON","UNCLASSIFIED","REVIEW_HOLD","VERIFY_CURRENT_EXCLUSION","Do not deindex automatically; compare source evidence, page uniqueness, GSC value, and replacement options."
"NCT01377376","https://clinicaltrialfailures.com/trial/NCT01377376","false","false","missing_stop_reason","UNRESOLVED","UNRESOLVED_MISSING_STOP_REASON","UNCLASSIFIED","REVIEW_HOLD","VERIFY_CURRENT_EXCLUSION","Do not deindex automatically; compare source evidence, page uniqueness, GSC value, and replacement options."
"NCT01377428","https://clinicaltrialfailures.com/trial/NCT01377428","false","false","missing_stop_reason","UNRESOLVED","UNRESOLVED_MISSING_STOP_REASON","UNCLASSIFIED","REVIEW_HOLD","VERIFY_CURRENT_EXCLUSION","Do not deindex automatically; compare source evidence, page uniqueness, GSC value, and replacement options."
"NCT01377623","https://clinicaltrialfailures.com/trial/NCT01377623","false","false","missing_stop_reason","UNRESOLVED","UNRESOLVED_MISSING_STOP_REASON","UNCLASSIFIED","REVIEW_HOLD","VERIFY_CURRENT_EXCLUSION","Do not deindex automatically; compare source evidence, page uniqueness, GSC value, and replacement options."
"NCT01379469","https://clinicaltrialfailures.com/trial/NCT01379469","false","false","missing_stop_reason","UNRESOLVED","UNRESOLVED_MISSING_STOP_REASON","UNCLASSIFIED","REVIEW_HOLD","VERIFY_CURRENT_EXCLUSION","Do not deindex automatically; compare source evidence, page uniqueness, GSC value, and replacement options."
"NCT01380795","https://clinicaltrialfailures.com/trial/NCT01380795","false","false","missing_stop_reason","UNRESOLVED","UNRESOLVED_MISSING_STOP_REASON","UNCLASSIFIED","REVIEW_HOLD","VERIFY_CURRENT_EXCLUSION","Do not deindex automatically; compare source evidence, page uniqueness, GSC value, and replacement options."
"NCT01381666","https://clinicaltrialfailures.com/trial/NCT01381666","false","false","missing_stop_reason","UNRESOLVED","UNRESOLVED_MISSING_STOP_REASON","UNCLASSIFIED","REVIEW_HOLD","VERIFY_CURRENT_EXCLUSION","Do not deindex automatically; compare source evidence, page uniqueness, GSC value, and replacement options."
"NCT01381731","https://clinicaltrialfailures.com/trial/NCT01381731","false","false","missing_stop_reason","UNRESOLVED","UNRESOLVED_MISSING_STOP_REASON","UNCLASSIFIED","REVIEW_HOLD","VERIFY_CURRENT_EXCLUSION","Do not deindex automatically; compare source evidence, page uniqueness, GSC value, and replacement options."
"NCT01383148","https://clinicaltrialfailures.com/trial/NCT01383148","false","false","missing_stop_reason","UNRESOLVED","UNRESOLVED_MISSING_STOP_REASON","UNCLASSIFIED","REVIEW_HOLD","VERIFY_CURRENT_EXCLUSION","Do not deindex automatically; compare source evidence, page uniqueness, GSC value, and replacement options."
"NCT01384409","https://clinicaltrialfailures.com/trial/NCT01384409","false","false","missing_stop_reason","UNRESOLVED","UNRESOLVED_MISSING_STOP_REASON","UNCLASSIFIED","REVIEW_HOLD","VERIFY_CURRENT_EXCLUSION","Do not deindex automatically; compare source evidence, page uniqueness, GSC value, and replacement options."
"NCT01384747","https://clinicaltrialfailures.com/trial/NCT01384747","false","false","missing_stop_reason","UNRESOLVED","UNRESOLVED_MISSING_STOP_REASON","UNCLASSIFIED","REVIEW_HOLD","VERIFY_CURRENT_EXCLUSION","Do not deindex automatically; compare source evidence, page uniqueness, GSC value, and replacement options."
"NCT01385033","https://clinicaltrialfailures.com/trial/NCT01385033","false","false","missing_stop_reason","UNRESOLVED","UNRESOLVED_MISSING_STOP_REASON","UNCLASSIFIED","REVIEW_HOLD","VERIFY_CURRENT_EXCLUSION","Do not deindex automatically; compare source evidence, page uniqueness, GSC value, and replacement options."
"NCT01386502","https://clinicaltrialfailures.com/trial/NCT01386502","false","false","missing_stop_reason","UNRESOLVED","UNRESOLVED_MISSING_STOP_REASON","UNCLASSIFIED","REVIEW_HOLD","VERIFY_CURRENT_EXCLUSION","Do not deindex automatically; compare source evidence, page uniqueness, GSC value, and replacement options."
"NCT01387477","https://clinicaltrialfailures.com/trial/NCT01387477","false","false","missing_stop_reason","UNRESOLVED","UNRESOLVED_MISSING_STOP_REASON","UNCLASSIFIED","REVIEW_HOLD","VERIFY_CURRENT_EXCLUSION","Do not deindex automatically; compare source evidence, page uniqueness, GSC value, and replacement options."
"NCT01390220","https://clinicaltrialfailures.com/trial/NCT01390220","false","false","missing_stop_reason","UNRESOLVED","UNRESOLVED_MISSING_STOP_REASON","UNCLASSIFIED","REVIEW_HOLD","VERIFY_CURRENT_EXCLUSION","Do not deindex automatically; compare source evidence, page uniqueness, GSC value, and replacement options."
"NCT01390324","https://clinicaltrialfailures.com/trial/NCT01390324","false","false","missing_stop_reason","UNRESOLVED","UNRESOLVED_MISSING_STOP_REASON","UNCLASSIFIED","REVIEW_HOLD","VERIFY_CURRENT_EXCLUSION","Do not deindex automatically; compare source evidence, page uniqueness, GSC value, and replacement options."
"NCT01393145","https://clinicaltrialfailures.com/trial/NCT01393145","false","false","missing_stop_reason","UNRESOLVED","UNRESOLVED_MISSING_STOP_REASON","UNCLASSIFIED","REVIEW_HOLD","VERIFY_CURRENT_EXCLUSION","Do not deindex automatically; compare source evidence, page uniqueness, GSC value, and replacement options."
"NCT01396135","https://clinicaltrialfailures.com/trial/NCT01396135","false","false","missing_stop_reason","UNRESOLVED","UNRESOLVED_MISSING_STOP_REASON","UNCLASSIFIED","REVIEW_HOLD","VERIFY_CURRENT_EXCLUSION","Do not deindex automatically; compare source evidence, page uniqueness, GSC value, and replacement options."
"NCT01396278","https://clinicaltrialfailures.com/trial/NCT01396278","false","false","missing_stop_reason","UNRESOLVED","UNRESOLVED_MISSING_STOP_REASON","UNCLASSIFIED","REVIEW_HOLD","VERIFY_CURRENT_EXCLUSION","Do not deindex automatically; compare source evidence, page uniqueness, GSC value, and replacement options."
"NCT01396733","https://clinicaltrialfailures.com/trial/NCT01396733","false","false","missing_stop_reason","UNRESOLVED","UNRESOLVED_MISSING_STOP_REASON","UNCLASSIFIED","REVIEW_HOLD","VERIFY_CURRENT_EXCLUSION","Do not deindex automatically; compare source evidence, page uniqueness, GSC value, and replacement options."
"NCT01397162","https://clinicaltrialfailures.com/trial/NCT01397162","false","false","missing_stop_reason","UNRESOLVED","UNRESOLVED_MISSING_STOP_REASON","UNCLASSIFIED","REVIEW_HOLD","VERIFY_CURRENT_EXCLUSION","Do not deindex automatically; compare source evidence, page uniqueness, GSC value, and replacement options."
"NCT01397201","https://clinicaltrialfailures.com/trial/NCT01397201","false","false","missing_stop_reason","UNRESOLVED","UNRESOLVED_MISSING_STOP_REASON","UNCLASSIFIED","REVIEW_HOLD","VERIFY_CURRENT_EXCLUSION","Do not deindex automatically; compare source evidence, page uniqueness, GSC value, and replacement options."
"NCT01398839","https://clinicaltrialfailures.com/trial/NCT01398839","false","false","missing_stop_reason","UNRESOLVED","UNRESOLVED_MISSING_STOP_REASON","UNCLASSIFIED","REVIEW_HOLD","VERIFY_CURRENT_EXCLUSION","Do not deindex automatically; compare source evidence, page uniqueness, GSC value, and replacement options."
"NCT01398852","https://clinicaltrialfailures.com/trial/NCT01398852","false","false","missing_stop_reason","UNRESOLVED","UNRESOLVED_MISSING_STOP_REASON","UNCLASSIFIED","REVIEW_HOLD","VERIFY_CURRENT_EXCLUSION","Do not deindex automatically; compare source evidence, page uniqueness, GSC value, and replacement options."
"NCT01399424","https://clinicaltrialfailures.com/trial/NCT01399424","false","false","missing_stop_reason","UNRESOLVED","UNRESOLVED_MISSING_STOP_REASON","UNCLASSIFIED","REVIEW_HOLD","VERIFY_CURRENT_EXCLUSION","Do not deindex automatically; compare source evidence, page uniqueness, GSC value, and replacement options."
"NCT01402401","https://clinicaltrialfailures.com/trial/NCT01402401","false","false","missing_stop_reason","UNRESOLVED","UNRESOLVED_MISSING_STOP_REASON","UNCLASSIFIED","REVIEW_HOLD","VERIFY_CURRENT_EXCLUSION","Do not deindex automatically; compare source evidence, page uniqueness, GSC value, and replacement options."
"NCT01405131","https://clinicaltrialfailures.com/trial/NCT01405131","false","false","missing_stop_reason","UNRESOLVED","UNRESOLVED_MISSING_STOP_REASON","UNCLASSIFIED","REVIEW_HOLD","VERIFY_CURRENT_EXCLUSION","Do not deindex automatically; compare source evidence, page uniqueness, GSC value, and replacement options."
"NCT01405157","https://clinicaltrialfailures.com/trial/NCT01405157","false","false","missing_stop_reason","UNRESOLVED","UNRESOLVED_MISSING_STOP_REASON","UNCLASSIFIED","REVIEW_HOLD","VERIFY_CURRENT_EXCLUSION","Do not deindex automatically; compare source evidence, page uniqueness, GSC value, and replacement options."
"NCT01405170","https://clinicaltrialfailures.com/trial/NCT01405170","false","false","missing_stop_reason","UNRESOLVED","UNRESOLVED_MISSING_STOP_REASON","UNCLASSIFIED","REVIEW_HOLD","VERIFY_CURRENT_EXCLUSION","Do not deindex automatically; compare source evidence, page uniqueness, GSC value, and replacement options."
"NCT01407562","https://clinicaltrialfailures.com/trial/NCT01407562","false","false","missing_stop_reason","UNRESOLVED","UNRESOLVED_MISSING_STOP_REASON","UNCLASSIFIED","REVIEW_HOLD","VERIFY_CURRENT_EXCLUSION","Do not deindex automatically; compare source evidence, page uniqueness, GSC value, and replacement options."
"NCT01407679","https://clinicaltrialfailures.com/trial/NCT01407679","false","false","missing_stop_reason","UNRESOLVED","UNRESOLVED_MISSING_STOP_REASON","UNCLASSIFIED","REVIEW_HOLD","VERIFY_CURRENT_EXCLUSION","Do not deindex automatically; compare source evidence, page uniqueness, GSC value, and replacement options."
"NCT01408160","https://clinicaltrialfailures.com/trial/NCT01408160","false","false","missing_stop_reason","UNRESOLVED","UNRESOLVED_MISSING_STOP_REASON","UNCLASSIFIED","REVIEW_HOLD","VERIFY_CURRENT_EXCLUSION","Do not deindex automatically; compare source evidence, page uniqueness, GSC value, and replacement options."
"NCT01410708","https://clinicaltrialfailures.com/trial/NCT01410708","false","false","missing_stop_reason","UNRESOLVED","UNRESOLVED_MISSING_STOP_REASON","UNCLASSIFIED","REVIEW_HOLD","VERIFY_CURRENT_EXCLUSION","Do not deindex automatically; compare source evidence, page uniqueness, GSC value, and replacement options."
"NCT01413243","https://clinicaltrialfailures.com/trial/NCT01413243","false","false","missing_stop_reason","UNRESOLVED","UNRESOLVED_MISSING_STOP_REASON","UNCLASSIFIED","REVIEW_HOLD","VERIFY_CURRENT_EXCLUSION","Do not deindex automatically; compare source evidence, page uniqueness, GSC value, and replacement options."
"NCT01413451","https://clinicaltrialfailures.com/trial/NCT01413451","false","false","missing_stop_reason","UNRESOLVED","UNRESOLVED_MISSING_STOP_REASON","UNCLASSIFIED","REVIEW_HOLD","VERIFY_CURRENT_EXCLUSION","Do not deindex automatically; compare source evidence, page uniqueness, GSC value, and replacement options."
"NCT01413620","https://clinicaltrialfailures.com/trial/NCT01413620","false","false","missing_stop_reason","UNRESOLVED","UNRESOLVED_MISSING_STOP_REASON","UNCLASSIFIED","REVIEW_HOLD","VERIFY_CURRENT_EXCLUSION","Do not deindex automatically; compare source evidence, page uniqueness, GSC value, and replacement options."
"NCT01415765","https://clinicaltrialfailures.com/trial/NCT01415765","false","false","missing_stop_reason","UNRESOLVED","UNRESOLVED_MISSING_STOP_REASON","UNCLASSIFIED","REVIEW_HOLD","VERIFY_CURRENT_EXCLUSION","Do not deindex automatically; compare source evidence, page uniqueness, GSC value, and replacement options."
"NCT01419548","https://clinicaltrialfailures.com/trial/NCT01419548","false","false","missing_stop_reason","UNRESOLVED","UNRESOLVED_MISSING_STOP_REASON","UNCLASSIFIED","REVIEW_HOLD","VERIFY_CURRENT_EXCLUSION","Do not deindex automatically; compare source evidence, page uniqueness, GSC value, and replacement options."
"NCT01420523","https://clinicaltrialfailures.com/trial/NCT01420523","false","false","missing_stop_reason","UNRESOLVED","UNRESOLVED_MISSING_STOP_REASON","UNCLASSIFIED","REVIEW_HOLD","VERIFY_CURRENT_EXCLUSION","Do not deindex automatically; compare source evidence, page uniqueness, GSC value, and replacement options."
"NCT01420679","https://clinicaltrialfailures.com/trial/NCT01420679","false","false","missing_stop_reason","UNRESOLVED","UNRESOLVED_MISSING_STOP_REASON","UNCLASSIFIED","REVIEW_HOLD","VERIFY_CURRENT_EXCLUSION","Do not deindex automatically; compare source evidence, page uniqueness, GSC value, and replacement options."
"NCT01420952","https://clinicaltrialfailures.com/trial/NCT01420952","false","false","missing_stop_reason","UNRESOLVED","UNRESOLVED_MISSING_STOP_REASON","UNCLASSIFIED","REVIEW_HOLD","VERIFY_CURRENT_EXCLUSION","Do not deindex automatically; compare source evidence, page uniqueness, GSC value, and replacement options."
"NCT01424423","https://clinicaltrialfailures.com/trial/NCT01424423","false","false","missing_stop_reason","UNRESOLVED","UNRESOLVED_MISSING_STOP_REASON","UNCLASSIFIED","REVIEW_HOLD","VERIFY_CURRENT_EXCLUSION","Do not deindex automatically; compare source evidence, page uniqueness, GSC value, and replacement options."
"NCT01425125","https://clinicaltrialfailures.com/trial/NCT01425125","false","false","missing_stop_reason","UNRESOLVED","UNRESOLVED_MISSING_STOP_REASON","UNCLASSIFIED","REVIEW_HOLD","VERIFY_CURRENT_EXCLUSION","Do not deindex automatically; compare source evidence, page uniqueness, GSC value, and replacement options."
"NCT01425996","https://clinicaltrialfailures.com/trial/NCT01425996","false","false","missing_stop_reason","UNRESOLVED","UNRESOLVED_MISSING_STOP_REASON","UNCLASSIFIED","REVIEW_HOLD","VERIFY_CURRENT_EXCLUSION","Do not deindex automatically; compare source evidence, page uniqueness, GSC value, and replacement options."
"NCT01426074","https://clinicaltrialfailures.com/trial/NCT01426074","false","false","missing_stop_reason","UNRESOLVED","UNRESOLVED_MISSING_STOP_REASON","UNCLASSIFIED","REVIEW_HOLD","VERIFY_CURRENT_EXCLUSION","Do not deindex automatically; compare source evidence, page uniqueness, GSC value, and replacement options."
"NCT01429012","https://clinicaltrialfailures.com/trial/NCT01429012","false","false","missing_stop_reason","UNRESOLVED","UNRESOLVED_MISSING_STOP_REASON","UNCLASSIFIED","REVIEW_HOLD","VERIFY_CURRENT_EXCLUSION","Do not deindex automatically; compare source evidence, page uniqueness, GSC value, and replacement options."
"NCT01429168","https://clinicaltrialfailures.com/trial/NCT01429168","false","false","missing_stop_reason","UNRESOLVED","UNRESOLVED_MISSING_STOP_REASON","UNCLASSIFIED","REVIEW_HOLD","VERIFY_CURRENT_EXCLUSION","Do not deindex automatically; compare source evidence, page uniqueness, GSC value, and replacement options."
"NCT01431534","https://clinicaltrialfailures.com/trial/NCT01431534","false","false","missing_stop_reason","UNRESOLVED","UNRESOLVED_MISSING_STOP_REASON","UNCLASSIFIED","REVIEW_HOLD","VERIFY_CURRENT_EXCLUSION","Do not deindex automatically; compare source evidence, page uniqueness, GSC value, and replacement options."
"NCT01432171","https://clinicaltrialfailures.com/trial/NCT01432171","false","false","missing_stop_reason","UNRESOLVED","UNRESOLVED_MISSING_STOP_REASON","UNCLASSIFIED","REVIEW_HOLD","VERIFY_CURRENT_EXCLUSION","Do not deindex automatically; compare source evidence, page uniqueness, GSC value, and replacement options."
"NCT01434511","https://clinicaltrialfailures.com/trial/NCT01434511","false","false","missing_stop_reason","UNRESOLVED","UNRESOLVED_MISSING_STOP_REASON","UNCLASSIFIED","REVIEW_HOLD","VERIFY_CURRENT_EXCLUSION","Do not deindex automatically; compare source evidence, page uniqueness, GSC value, and replacement options."
"NCT01435356","https://clinicaltrialfailures.com/trial/NCT01435356","false","false","missing_stop_reason","UNRESOLVED","UNRESOLVED_MISSING_STOP_REASON","UNCLASSIFIED","REVIEW_HOLD","VERIFY_CURRENT_EXCLUSION","Do not deindex automatically; compare source evidence, page uniqueness, GSC value, and replacement options."
"NCT01435993","https://clinicaltrialfailures.com/trial/NCT01435993","false","false","missing_stop_reason","UNRESOLVED","UNRESOLVED_MISSING_STOP_REASON","UNCLASSIFIED","REVIEW_HOLD","VERIFY_CURRENT_EXCLUSION","Do not deindex automatically; compare source evidence, page uniqueness, GSC value, and replacement options."
"NCT01437787","https://clinicaltrialfailures.com/trial/NCT01437787","false","false","missing_stop_reason","UNRESOLVED","UNRESOLVED_MISSING_STOP_REASON","UNCLASSIFIED","REVIEW_HOLD","VERIFY_CURRENT_EXCLUSION","Do not deindex automatically; compare source evidence, page uniqueness, GSC value, and replacement options."
"NCT01440062","https://clinicaltrialfailures.com/trial/NCT01440062","false","false","missing_stop_reason","UNRESOLVED","UNRESOLVED_MISSING_STOP_REASON","UNCLASSIFIED","REVIEW_HOLD","VERIFY_CURRENT_EXCLUSION","Do not deindex automatically; compare source evidence, page uniqueness, GSC value, and replacement options."
"NCT01441024","https://clinicaltrialfailures.com/trial/NCT01441024","false","false","missing_stop_reason","UNRESOLVED","UNRESOLVED_MISSING_STOP_REASON","UNCLASSIFIED","REVIEW_HOLD","VERIFY_CURRENT_EXCLUSION","Do not deindex automatically; compare source evidence, page uniqueness, GSC value, and replacement options."
"NCT01441128","https://clinicaltrialfailures.com/trial/NCT01441128","false","false","missing_stop_reason","UNRESOLVED","UNRESOLVED_MISSING_STOP_REASON","UNCLASSIFIED","REVIEW_HOLD","VERIFY_CURRENT_EXCLUSION","Do not deindex automatically; compare source evidence, page uniqueness, GSC value, and replacement options."
"NCT01443117","https://clinicaltrialfailures.com/trial/NCT01443117","false","false","missing_stop_reason","UNRESOLVED","UNRESOLVED_MISSING_STOP_REASON","UNCLASSIFIED","REVIEW_HOLD","VERIFY_CURRENT_EXCLUSION","Do not deindex automatically; compare source evidence, page uniqueness, GSC value, and replacement options."
"NCT01445054","https://clinicaltrialfailures.com/trial/NCT01445054","false","false","missing_stop_reason","UNRESOLVED","UNRESOLVED_MISSING_STOP_REASON","UNCLASSIFIED","REVIEW_HOLD","VERIFY_CURRENT_EXCLUSION","Do not deindex automatically; compare source evidence, page uniqueness, GSC value, and replacement options."
"NCT01445197","https://clinicaltrialfailures.com/trial/NCT01445197","false","false","missing_stop_reason","UNRESOLVED","UNRESOLVED_MISSING_STOP_REASON","UNCLASSIFIED","REVIEW_HOLD","VERIFY_CURRENT_EXCLUSION","Do not deindex automatically; compare source evidence, page uniqueness, GSC value, and replacement options."
"NCT01445340","https://clinicaltrialfailures.com/trial/NCT01445340","false","false","missing_stop_reason","UNRESOLVED","UNRESOLVED_MISSING_STOP_REASON","UNCLASSIFIED","REVIEW_HOLD","VERIFY_CURRENT_EXCLUSION","Do not deindex automatically; compare source evidence, page uniqueness, GSC value, and replacement options."
"NCT01445392","https://clinicaltrialfailures.com/trial/NCT01445392","false","false","missing_stop_reason","UNRESOLVED","UNRESOLVED_MISSING_STOP_REASON","UNCLASSIFIED","REVIEW_HOLD","VERIFY_CURRENT_EXCLUSION","Do not deindex automatically; compare source evidence, page uniqueness, GSC value, and replacement options."
"NCT01445691","https://clinicaltrialfailures.com/trial/NCT01445691","false","false","missing_stop_reason","UNRESOLVED","UNRESOLVED_MISSING_STOP_REASON","UNCLASSIFIED","REVIEW_HOLD","VERIFY_CURRENT_EXCLUSION","Do not deindex automatically; compare source evidence, page uniqueness, GSC value, and replacement options."
"NCT01446250","https://clinicaltrialfailures.com/trial/NCT01446250","false","false","missing_stop_reason","UNRESOLVED","UNRESOLVED_MISSING_STOP_REASON","UNCLASSIFIED","REVIEW_HOLD","VERIFY_CURRENT_EXCLUSION","Do not deindex automatically; compare source evidence, page uniqueness, GSC value, and replacement options."
"NCT01447758","https://clinicaltrialfailures.com/trial/NCT01447758","false","false","missing_stop_reason","UNRESOLVED","UNRESOLVED_MISSING_STOP_REASON","UNCLASSIFIED","REVIEW_HOLD","VERIFY_CURRENT_EXCLUSION","Do not deindex automatically; compare source evidence, page uniqueness, GSC value, and replacement options."
"NCT01448499","https://clinicaltrialfailures.com/trial/NCT01448499","false","false","missing_stop_reason","UNRESOLVED","UNRESOLVED_MISSING_STOP_REASON","UNCLASSIFIED","REVIEW_HOLD","VERIFY_CURRENT_EXCLUSION","Do not deindex automatically; compare source evidence, page uniqueness, GSC value, and replacement options."
"NCT01455480","https://clinicaltrialfailures.com/trial/NCT01455480","false","false","missing_stop_reason","UNRESOLVED","UNRESOLVED_MISSING_STOP_REASON","UNCLASSIFIED","REVIEW_HOLD","VERIFY_CURRENT_EXCLUSION","Do not deindex automatically; compare source evidence, page uniqueness, GSC value, and replacement options."
"NCT01457001","https://clinicaltrialfailures.com/trial/NCT01457001","false","false","missing_stop_reason","UNRESOLVED","UNRESOLVED_MISSING_STOP_REASON","UNCLASSIFIED","REVIEW_HOLD","VERIFY_CURRENT_EXCLUSION","Do not deindex automatically; compare source evidence, page uniqueness, GSC value, and replacement options."
"NCT01457131","https://clinicaltrialfailures.com/trial/NCT01457131","false","false","missing_stop_reason","UNRESOLVED","UNRESOLVED_MISSING_STOP_REASON","UNCLASSIFIED","REVIEW_HOLD","VERIFY_CURRENT_EXCLUSION","Do not deindex automatically; compare source evidence, page uniqueness, GSC value, and replacement options."
"NCT01457846","https://clinicaltrialfailures.com/trial/NCT01457846","false","false","missing_stop_reason","UNRESOLVED","UNRESOLVED_MISSING_STOP_REASON","UNCLASSIFIED","REVIEW_HOLD","VERIFY_CURRENT_EXCLUSION","Do not deindex automatically; compare source evidence, page uniqueness, GSC value, and replacement options."
"NCT01458015","https://clinicaltrialfailures.com/trial/NCT01458015","false","false","missing_stop_reason","UNRESOLVED","UNRESOLVED_MISSING_STOP_REASON","UNCLASSIFIED","REVIEW_HOLD","VERIFY_CURRENT_EXCLUSION","Do not deindex automatically; compare source evidence, page uniqueness, GSC value, and replacement options."
"NCT01459679","https://clinicaltrialfailures.com/trial/NCT01459679","false","false","missing_stop_reason","UNRESOLVED","UNRESOLVED_MISSING_STOP_REASON","UNCLASSIFIED","REVIEW_HOLD","VERIFY_CURRENT_EXCLUSION","Do not deindex automatically; compare source evidence, page uniqueness, GSC value, and replacement options."
"NCT01459796","https://clinicaltrialfailures.com/trial/NCT01459796","false","false","missing_stop_reason","UNRESOLVED","UNRESOLVED_MISSING_STOP_REASON","UNCLASSIFIED","REVIEW_HOLD","VERIFY_CURRENT_EXCLUSION","Do not deindex automatically; compare source evidence, page uniqueness, GSC value, and replacement options."
"NCT01460251","https://clinicaltrialfailures.com/trial/NCT01460251","false","false","missing_stop_reason","UNRESOLVED","UNRESOLVED_MISSING_STOP_REASON","UNCLASSIFIED","REVIEW_HOLD","VERIFY_CURRENT_EXCLUSION","Do not deindex automatically; compare source evidence, page uniqueness, GSC value, and replacement options."
"NCT01460654","https://clinicaltrialfailures.com/trial/NCT01460654","false","false","missing_stop_reason","UNRESOLVED","UNRESOLVED_MISSING_STOP_REASON","UNCLASSIFIED","REVIEW_HOLD","VERIFY_CURRENT_EXCLUSION","Do not deindex automatically; compare source evidence, page uniqueness, GSC value, and replacement options."
"NCT01461915","https://clinicaltrialfailures.com/trial/NCT01461915","false","false","missing_stop_reason","UNRESOLVED","UNRESOLVED_MISSING_STOP_REASON","UNCLASSIFIED","REVIEW_HOLD","VERIFY_CURRENT_EXCLUSION","Do not deindex automatically; compare source evidence, page uniqueness, GSC value, and replacement options."
"NCT01463696","https://clinicaltrialfailures.com/trial/NCT01463696","false","false","missing_stop_reason","UNRESOLVED","UNRESOLVED_MISSING_STOP_REASON","UNCLASSIFIED","REVIEW_HOLD","VERIFY_CURRENT_EXCLUSION","Do not deindex automatically; compare source evidence, page uniqueness, GSC value, and replacement options."
"NCT01465464","https://clinicaltrialfailures.com/trial/NCT01465464","false","false","missing_stop_reason","UNRESOLVED","UNRESOLVED_MISSING_STOP_REASON","UNCLASSIFIED","REVIEW_HOLD","VERIFY_CURRENT_EXCLUSION","Do not deindex automatically; compare source evidence, page uniqueness, GSC value, and replacement options."
"NCT01479465","https://clinicaltrialfailures.com/trial/NCT01479465","false","false","missing_stop_reason","UNRESOLVED","UNRESOLVED_MISSING_STOP_REASON","UNCLASSIFIED","REVIEW_HOLD","VERIFY_CURRENT_EXCLUSION","Do not deindex automatically; compare source evidence, page uniqueness, GSC value, and replacement options."
"NCT01479582","https://clinicaltrialfailures.com/trial/NCT01479582","false","false","missing_stop_reason","UNRESOLVED","UNRESOLVED_MISSING_STOP_REASON","UNCLASSIFIED","REVIEW_HOLD","VERIFY_CURRENT_EXCLUSION","Do not deindex automatically; compare source evidence, page uniqueness, GSC value, and replacement options."
"NCT01484860","https://clinicaltrialfailures.com/trial/NCT01484860","false","false","missing_stop_reason","UNRESOLVED","UNRESOLVED_MISSING_STOP_REASON","UNCLASSIFIED","REVIEW_HOLD","VERIFY_CURRENT_EXCLUSION","Do not deindex automatically; compare source evidence, page uniqueness, GSC value, and replacement options."
"NCT01486784","https://clinicaltrialfailures.com/trial/NCT01486784","false","false","missing_stop_reason","UNRESOLVED","UNRESOLVED_MISSING_STOP_REASON","UNCLASSIFIED","REVIEW_HOLD","VERIFY_CURRENT_EXCLUSION","Do not deindex automatically; compare source evidence, page uniqueness, GSC value, and replacement options."
"NCT01489046","https://clinicaltrialfailures.com/trial/NCT01489046","false","false","missing_stop_reason","UNRESOLVED","UNRESOLVED_MISSING_STOP_REASON","UNCLASSIFIED","REVIEW_HOLD","VERIFY_CURRENT_EXCLUSION","Do not deindex automatically; compare source evidence, page uniqueness, GSC value, and replacement options."
"NCT01489722","https://clinicaltrialfailures.com/trial/NCT01489722","false","false","missing_stop_reason","UNRESOLVED","UNRESOLVED_MISSING_STOP_REASON","UNCLASSIFIED","REVIEW_HOLD","VERIFY_CURRENT_EXCLUSION","Do not deindex automatically; compare source evidence, page uniqueness, GSC value, and replacement options."
"NCT01490047","https://clinicaltrialfailures.com/trial/NCT01490047","false","false","missing_stop_reason","UNRESOLVED","UNRESOLVED_MISSING_STOP_REASON","UNCLASSIFIED","REVIEW_HOLD","VERIFY_CURRENT_EXCLUSION","Do not deindex automatically; compare source evidence, page uniqueness, GSC value, and replacement options."
"NCT01490671","https://clinicaltrialfailures.com/trial/NCT01490671","false","false","missing_stop_reason","UNRESOLVED","UNRESOLVED_MISSING_STOP_REASON","UNCLASSIFIED","REVIEW_HOLD","VERIFY_CURRENT_EXCLUSION","Do not deindex automatically; compare source evidence, page uniqueness, GSC value, and replacement options."
"NCT01492192","https://clinicaltrialfailures.com/trial/NCT01492192","false","false","missing_stop_reason","UNRESOLVED","UNRESOLVED_MISSING_STOP_REASON","UNCLASSIFIED","REVIEW_HOLD","VERIFY_CURRENT_EXCLUSION","Do not deindex automatically; compare source evidence, page uniqueness, GSC value, and replacement options."
"NCT01493791","https://clinicaltrialfailures.com/trial/NCT01493791","false","false","missing_stop_reason","UNRESOLVED","UNRESOLVED_MISSING_STOP_REASON","UNCLASSIFIED","REVIEW_HOLD","VERIFY_CURRENT_EXCLUSION","Do not deindex automatically; compare source evidence, page uniqueness, GSC value, and replacement options."
"NCT01494259","https://clinicaltrialfailures.com/trial/NCT01494259","false","false","missing_stop_reason","UNRESOLVED","UNRESOLVED_MISSING_STOP_REASON","UNCLASSIFIED","REVIEW_HOLD","VERIFY_CURRENT_EXCLUSION","Do not deindex automatically; compare source evidence, page uniqueness, GSC value, and replacement options."
"NCT01495065","https://clinicaltrialfailures.com/trial/NCT01495065","false","false","missing_stop_reason","UNRESOLVED","UNRESOLVED_MISSING_STOP_REASON","UNCLASSIFIED","REVIEW_HOLD","VERIFY_CURRENT_EXCLUSION","Do not deindex automatically; compare source evidence, page uniqueness, GSC value, and replacement options."
"NCT01495208","https://clinicaltrialfailures.com/trial/NCT01495208","false","false","missing_stop_reason","UNRESOLVED","UNRESOLVED_MISSING_STOP_REASON","UNCLASSIFIED","REVIEW_HOLD","VERIFY_CURRENT_EXCLUSION","Do not deindex automatically; compare source evidence, page uniqueness, GSC value, and replacement options."
"NCT01496612","https://clinicaltrialfailures.com/trial/NCT01496612","false","false","missing_stop_reason","UNRESOLVED","UNRESOLVED_MISSING_STOP_REASON","UNCLASSIFIED","REVIEW_HOLD","VERIFY_CURRENT_EXCLUSION","Do not deindex automatically; compare source evidence, page uniqueness, GSC value, and replacement options."
"NCT01497743","https://clinicaltrialfailures.com/trial/NCT01497743","false","false","missing_stop_reason","UNRESOLVED","UNRESOLVED_MISSING_STOP_REASON","UNCLASSIFIED","REVIEW_HOLD","VERIFY_CURRENT_EXCLUSION","Do not deindex automatically; compare source evidence, page uniqueness, GSC value, and replacement options."
"NCT01500707","https://clinicaltrialfailures.com/trial/NCT01500707","false","false","missing_stop_reason","UNRESOLVED","UNRESOLVED_MISSING_STOP_REASON","UNCLASSIFIED","REVIEW_HOLD","VERIFY_CURRENT_EXCLUSION","Do not deindex automatically; compare source evidence, page uniqueness, GSC value, and replacement options."
"NCT01500772","https://clinicaltrialfailures.com/trial/NCT01500772","false","false","missing_stop_reason","UNRESOLVED","UNRESOLVED_MISSING_STOP_REASON","UNCLASSIFIED","REVIEW_HOLD","VERIFY_CURRENT_EXCLUSION","Do not deindex automatically; compare source evidence, page uniqueness, GSC value, and replacement options."
"NCT01501370","https://clinicaltrialfailures.com/trial/NCT01501370","false","false","missing_stop_reason","UNRESOLVED","UNRESOLVED_MISSING_STOP_REASON","UNCLASSIFIED","REVIEW_HOLD","VERIFY_CURRENT_EXCLUSION","Do not deindex automatically; compare source evidence, page uniqueness, GSC value, and replacement options."
"NCT01509053","https://clinicaltrialfailures.com/trial/NCT01509053","false","false","missing_stop_reason","UNRESOLVED","UNRESOLVED_MISSING_STOP_REASON","UNCLASSIFIED","REVIEW_HOLD","VERIFY_CURRENT_EXCLUSION","Do not deindex automatically; compare source evidence, page uniqueness, GSC value, and replacement options."
"NCT01510184","https://clinicaltrialfailures.com/trial/NCT01510184","false","false","missing_stop_reason","UNRESOLVED","UNRESOLVED_MISSING_STOP_REASON","UNCLASSIFIED","REVIEW_HOLD","VERIFY_CURRENT_EXCLUSION","Do not deindex automatically; compare source evidence, page uniqueness, GSC value, and replacement options."
"NCT01511263","https://clinicaltrialfailures.com/trial/NCT01511263","false","false","missing_stop_reason","UNRESOLVED","UNRESOLVED_MISSING_STOP_REASON","UNCLASSIFIED","REVIEW_HOLD","VERIFY_CURRENT_EXCLUSION","Do not deindex automatically; compare source evidence, page uniqueness, GSC value, and replacement options."
"NCT01515384","https://clinicaltrialfailures.com/trial/NCT01515384","false","false","missing_stop_reason","UNRESOLVED","UNRESOLVED_MISSING_STOP_REASON","UNCLASSIFIED","REVIEW_HOLD","VERIFY_CURRENT_EXCLUSION","Do not deindex automatically; compare source evidence, page uniqueness, GSC value, and replacement options."
"NCT01515917","https://clinicaltrialfailures.com/trial/NCT01515917","false","false","missing_stop_reason","UNRESOLVED","UNRESOLVED_MISSING_STOP_REASON","UNCLASSIFIED","REVIEW_HOLD","VERIFY_CURRENT_EXCLUSION","Do not deindex automatically; compare source evidence, page uniqueness, GSC value, and replacement options."
"NCT01516476","https://clinicaltrialfailures.com/trial/NCT01516476","false","false","missing_stop_reason","UNRESOLVED","UNRESOLVED_MISSING_STOP_REASON","UNCLASSIFIED","REVIEW_HOLD","VERIFY_CURRENT_EXCLUSION","Do not deindex automatically; compare source evidence, page uniqueness, GSC value, and replacement options."
"NCT01516645","https://clinicaltrialfailures.com/trial/NCT01516645","false","false","missing_stop_reason","UNRESOLVED","UNRESOLVED_MISSING_STOP_REASON","UNCLASSIFIED","REVIEW_HOLD","VERIFY_CURRENT_EXCLUSION","Do not deindex automatically; compare source evidence, page uniqueness, GSC value, and replacement options."
"NCT01517165","https://clinicaltrialfailures.com/trial/NCT01517165","false","false","missing_stop_reason","UNRESOLVED","UNRESOLVED_MISSING_STOP_REASON","UNCLASSIFIED","REVIEW_HOLD","VERIFY_CURRENT_EXCLUSION","Do not deindex automatically; compare source evidence, page uniqueness, GSC value, and replacement options."
"NCT01518491","https://clinicaltrialfailures.com/trial/NCT01518491","false","false","missing_stop_reason","UNRESOLVED","UNRESOLVED_MISSING_STOP_REASON","UNCLASSIFIED","REVIEW_HOLD","VERIFY_CURRENT_EXCLUSION","Do not deindex automatically; compare source evidence, page uniqueness, GSC value, and replacement options."
"NCT01520441","https://clinicaltrialfailures.com/trial/NCT01520441","false","false","missing_stop_reason","UNRESOLVED","UNRESOLVED_MISSING_STOP_REASON","UNCLASSIFIED","REVIEW_HOLD","VERIFY_CURRENT_EXCLUSION","Do not deindex automatically; compare source evidence, page uniqueness, GSC value, and replacement options."
"NCT01520805","https://clinicaltrialfailures.com/trial/NCT01520805","false","false","missing_stop_reason","UNRESOLVED","UNRESOLVED_MISSING_STOP_REASON","UNCLASSIFIED","REVIEW_HOLD","VERIFY_CURRENT_EXCLUSION","Do not deindex automatically; compare source evidence, page uniqueness, GSC value, and replacement options."
"NCT01522040","https://clinicaltrialfailures.com/trial/NCT01522040","false","false","missing_stop_reason","UNRESOLVED","UNRESOLVED_MISSING_STOP_REASON","UNCLASSIFIED","REVIEW_HOLD","VERIFY_CURRENT_EXCLUSION","Do not deindex automatically; compare source evidence, page uniqueness, GSC value, and replacement options."
"NCT01523171","https://clinicaltrialfailures.com/trial/NCT01523171","false","false","missing_stop_reason","UNRESOLVED","UNRESOLVED_MISSING_STOP_REASON","UNCLASSIFIED","REVIEW_HOLD","VERIFY_CURRENT_EXCLUSION","Do not deindex automatically; compare source evidence, page uniqueness, GSC value, and replacement options."
"NCT01524068","https://clinicaltrialfailures.com/trial/NCT01524068","false","false","missing_stop_reason","UNRESOLVED","UNRESOLVED_MISSING_STOP_REASON","UNCLASSIFIED","REVIEW_HOLD","VERIFY_CURRENT_EXCLUSION","Do not deindex automatically; compare source evidence, page uniqueness, GSC value, and replacement options."
"NCT01526928","https://clinicaltrialfailures.com/trial/NCT01526928","false","false","missing_stop_reason","UNRESOLVED","UNRESOLVED_MISSING_STOP_REASON","UNCLASSIFIED","REVIEW_HOLD","VERIFY_CURRENT_EXCLUSION","Do not deindex automatically; compare source evidence, page uniqueness, GSC value, and replacement options."
"NCT01529034","https://clinicaltrialfailures.com/trial/NCT01529034","false","false","missing_stop_reason","UNRESOLVED","UNRESOLVED_MISSING_STOP_REASON","UNCLASSIFIED","REVIEW_HOLD","VERIFY_CURRENT_EXCLUSION","Do not deindex automatically; compare source evidence, page uniqueness, GSC value, and replacement options."
"NCT01529307","https://clinicaltrialfailures.com/trial/NCT01529307","false","false","missing_stop_reason","UNRESOLVED","UNRESOLVED_MISSING_STOP_REASON","UNCLASSIFIED","REVIEW_HOLD","VERIFY_CURRENT_EXCLUSION","Do not deindex automatically; compare source evidence, page uniqueness, GSC value, and replacement options."
"NCT01531751","https://clinicaltrialfailures.com/trial/NCT01531751","false","false","missing_stop_reason","UNRESOLVED","UNRESOLVED_MISSING_STOP_REASON","UNCLASSIFIED","REVIEW_HOLD","VERIFY_CURRENT_EXCLUSION","Do not deindex automatically; compare source evidence, page uniqueness, GSC value, and replacement options."
"NCT01533207","https://clinicaltrialfailures.com/trial/NCT01533207","false","false","missing_stop_reason","UNRESOLVED","UNRESOLVED_MISSING_STOP_REASON","UNCLASSIFIED","REVIEW_HOLD","VERIFY_CURRENT_EXCLUSION","Do not deindex automatically; compare source evidence, page uniqueness, GSC value, and replacement options."
"NCT01533376","https://clinicaltrialfailures.com/trial/NCT01533376","false","false","missing_stop_reason","UNRESOLVED","UNRESOLVED_MISSING_STOP_REASON","UNCLASSIFIED","REVIEW_HOLD","VERIFY_CURRENT_EXCLUSION","Do not deindex automatically; compare source evidence, page uniqueness, GSC value, and replacement options."
"NCT01536418","https://clinicaltrialfailures.com/trial/NCT01536418","false","false","missing_stop_reason","UNRESOLVED","UNRESOLVED_MISSING_STOP_REASON","UNCLASSIFIED","REVIEW_HOLD","VERIFY_CURRENT_EXCLUSION","Do not deindex automatically; compare source evidence, page uniqueness, GSC value, and replacement options."
"NCT01536717","https://clinicaltrialfailures.com/trial/NCT01536717","false","false","missing_stop_reason","UNRESOLVED","UNRESOLVED_MISSING_STOP_REASON","UNCLASSIFIED","REVIEW_HOLD","VERIFY_CURRENT_EXCLUSION","Do not deindex automatically; compare source evidence, page uniqueness, GSC value, and replacement options."
"NCT01539291","https://clinicaltrialfailures.com/trial/NCT01539291","false","false","missing_stop_reason","UNRESOLVED","UNRESOLVED_MISSING_STOP_REASON","UNCLASSIFIED","REVIEW_HOLD","VERIFY_CURRENT_EXCLUSION","Do not deindex automatically; compare source evidence, page uniqueness, GSC value, and replacement options."
"NCT01540292","https://clinicaltrialfailures.com/trial/NCT01540292","false","false","missing_stop_reason","UNRESOLVED","UNRESOLVED_MISSING_STOP_REASON","UNCLASSIFIED","REVIEW_HOLD","VERIFY_CURRENT_EXCLUSION","Do not deindex automatically; compare source evidence, page uniqueness, GSC value, and replacement options."
"NCT01540864","https://clinicaltrialfailures.com/trial/NCT01540864","false","false","missing_stop_reason","UNRESOLVED","UNRESOLVED_MISSING_STOP_REASON","UNCLASSIFIED","REVIEW_HOLD","VERIFY_CURRENT_EXCLUSION","Do not deindex automatically; compare source evidence, page uniqueness, GSC value, and replacement options."
"NCT01541098","https://clinicaltrialfailures.com/trial/NCT01541098","false","false","missing_stop_reason","UNRESOLVED","UNRESOLVED_MISSING_STOP_REASON","UNCLASSIFIED","REVIEW_HOLD","VERIFY_CURRENT_EXCLUSION","Do not deindex automatically; compare source evidence, page uniqueness, GSC value, and replacement options."
"NCT01541397","https://clinicaltrialfailures.com/trial/NCT01541397","false","false","missing_stop_reason","UNRESOLVED","UNRESOLVED_MISSING_STOP_REASON","UNCLASSIFIED","REVIEW_HOLD","VERIFY_CURRENT_EXCLUSION","Do not deindex automatically; compare source evidence, page uniqueness, GSC value, and replacement options."
"NCT01541670","https://clinicaltrialfailures.com/trial/NCT01541670","false","false","missing_stop_reason","UNRESOLVED","UNRESOLVED_MISSING_STOP_REASON","UNCLASSIFIED","REVIEW_HOLD","VERIFY_CURRENT_EXCLUSION","Do not deindex automatically; compare source evidence, page uniqueness, GSC value, and replacement options."
"NCT01543750","https://clinicaltrialfailures.com/trial/NCT01543750","false","false","missing_stop_reason","UNRESOLVED","UNRESOLVED_MISSING_STOP_REASON","UNCLASSIFIED","REVIEW_HOLD","VERIFY_CURRENT_EXCLUSION","Do not deindex automatically; compare source evidence, page uniqueness, GSC value, and replacement options."
"NCT01545141","https://clinicaltrialfailures.com/trial/NCT01545141","false","false","missing_stop_reason","UNRESOLVED","UNRESOLVED_MISSING_STOP_REASON","UNCLASSIFIED","REVIEW_HOLD","VERIFY_CURRENT_EXCLUSION","Do not deindex automatically; compare source evidence, page uniqueness, GSC value, and replacement options."
"NCT01546688","https://clinicaltrialfailures.com/trial/NCT01546688","false","false","missing_stop_reason","UNRESOLVED","UNRESOLVED_MISSING_STOP_REASON","UNCLASSIFIED","REVIEW_HOLD","VERIFY_CURRENT_EXCLUSION","Do not deindex automatically; compare source evidence, page uniqueness, GSC value, and replacement options."
"NCT01546896","https://clinicaltrialfailures.com/trial/NCT01546896","false","false","missing_stop_reason","UNRESOLVED","UNRESOLVED_MISSING_STOP_REASON","UNCLASSIFIED","REVIEW_HOLD","VERIFY_CURRENT_EXCLUSION","Do not deindex automatically; compare source evidence, page uniqueness, GSC value, and replacement options."
"NCT01547078","https://clinicaltrialfailures.com/trial/NCT01547078","false","false","missing_stop_reason","UNRESOLVED","UNRESOLVED_MISSING_STOP_REASON","UNCLASSIFIED","REVIEW_HOLD","VERIFY_CURRENT_EXCLUSION","Do not deindex automatically; compare source evidence, page uniqueness, GSC value, and replacement options."
"NCT01547312","https://clinicaltrialfailures.com/trial/NCT01547312","false","false","missing_stop_reason","UNRESOLVED","UNRESOLVED_MISSING_STOP_REASON","UNCLASSIFIED","REVIEW_HOLD","VERIFY_CURRENT_EXCLUSION","Do not deindex automatically; compare source evidence, page uniqueness, GSC value, and replacement options."
"NCT01547325","https://clinicaltrialfailures.com/trial/NCT01547325","false","false","missing_stop_reason","UNRESOLVED","UNRESOLVED_MISSING_STOP_REASON","UNCLASSIFIED","REVIEW_HOLD","VERIFY_CURRENT_EXCLUSION","Do not deindex automatically; compare source evidence, page uniqueness, GSC value, and replacement options."
"NCT01548911","https://clinicaltrialfailures.com/trial/NCT01548911","false","false","missing_stop_reason","UNRESOLVED","UNRESOLVED_MISSING_STOP_REASON","UNCLASSIFIED","REVIEW_HOLD","VERIFY_CURRENT_EXCLUSION","Do not deindex automatically; compare source evidence, page uniqueness, GSC value, and replacement options."
"NCT01551771","https://clinicaltrialfailures.com/trial/NCT01551771","false","false","missing_stop_reason","UNRESOLVED","UNRESOLVED_MISSING_STOP_REASON","UNCLASSIFIED","REVIEW_HOLD","VERIFY_CURRENT_EXCLUSION","Do not deindex automatically; compare source evidence, page uniqueness, GSC value, and replacement options."
"NCT01552122","https://clinicaltrialfailures.com/trial/NCT01552122","false","false","missing_stop_reason","UNRESOLVED","UNRESOLVED_MISSING_STOP_REASON","UNCLASSIFIED","REVIEW_HOLD","VERIFY_CURRENT_EXCLUSION","Do not deindex automatically; compare source evidence, page uniqueness, GSC value, and replacement options."
"NCT01552590","https://clinicaltrialfailures.com/trial/NCT01552590","false","false","missing_stop_reason","UNRESOLVED","UNRESOLVED_MISSING_STOP_REASON","UNCLASSIFIED","REVIEW_HOLD","VERIFY_CURRENT_EXCLUSION","Do not deindex automatically; compare source evidence, page uniqueness, GSC value, and replacement options."
"NCT01552798","https://clinicaltrialfailures.com/trial/NCT01552798","false","false","missing_stop_reason","UNRESOLVED","UNRESOLVED_MISSING_STOP_REASON","UNCLASSIFIED","REVIEW_HOLD","VERIFY_CURRENT_EXCLUSION","Do not deindex automatically; compare source evidence, page uniqueness, GSC value, and replacement options."
"NCT01554189","https://clinicaltrialfailures.com/trial/NCT01554189","false","false","missing_stop_reason","UNRESOLVED","UNRESOLVED_MISSING_STOP_REASON","UNCLASSIFIED","REVIEW_HOLD","VERIFY_CURRENT_EXCLUSION","Do not deindex automatically; compare source evidence, page uniqueness, GSC value, and replacement options."
"NCT01556659","https://clinicaltrialfailures.com/trial/NCT01556659","false","false","missing_stop_reason","UNRESOLVED","UNRESOLVED_MISSING_STOP_REASON","UNCLASSIFIED","REVIEW_HOLD","VERIFY_CURRENT_EXCLUSION","Do not deindex automatically; compare source evidence, page uniqueness, GSC value, and replacement options."
"NCT01557842","https://clinicaltrialfailures.com/trial/NCT01557842","false","false","missing_stop_reason","UNRESOLVED","UNRESOLVED_MISSING_STOP_REASON","UNCLASSIFIED","REVIEW_HOLD","VERIFY_CURRENT_EXCLUSION","Do not deindex automatically; compare source evidence, page uniqueness, GSC value, and replacement options."
"NCT01559103","https://clinicaltrialfailures.com/trial/NCT01559103","false","false","missing_stop_reason","UNRESOLVED","UNRESOLVED_MISSING_STOP_REASON","UNCLASSIFIED","REVIEW_HOLD","VERIFY_CURRENT_EXCLUSION","Do not deindex automatically; compare source evidence, page uniqueness, GSC value, and replacement options."
"NCT01561950","https://clinicaltrialfailures.com/trial/NCT01561950","false","false","missing_stop_reason","UNRESOLVED","UNRESOLVED_MISSING_STOP_REASON","UNCLASSIFIED","REVIEW_HOLD","VERIFY_CURRENT_EXCLUSION","Do not deindex automatically; compare source evidence, page uniqueness, GSC value, and replacement options."
"NCT01562041","https://clinicaltrialfailures.com/trial/NCT01562041","false","false","missing_stop_reason","UNRESOLVED","UNRESOLVED_MISSING_STOP_REASON","UNCLASSIFIED","REVIEW_HOLD","VERIFY_CURRENT_EXCLUSION","Do not deindex automatically; compare source evidence, page uniqueness, GSC value, and replacement options."
"NCT01562301","https://clinicaltrialfailures.com/trial/NCT01562301","false","false","missing_stop_reason","UNRESOLVED","UNRESOLVED_MISSING_STOP_REASON","UNCLASSIFIED","REVIEW_HOLD","VERIFY_CURRENT_EXCLUSION","Do not deindex automatically; compare source evidence, page uniqueness, GSC value, and replacement options."
"NCT01562626","https://clinicaltrialfailures.com/trial/NCT01562626","false","false","missing_stop_reason","UNRESOLVED","UNRESOLVED_MISSING_STOP_REASON","UNCLASSIFIED","REVIEW_HOLD","VERIFY_CURRENT_EXCLUSION","Do not deindex automatically; compare source evidence, page uniqueness, GSC value, and replacement options."
"NCT01567124","https://clinicaltrialfailures.com/trial/NCT01567124","false","false","missing_stop_reason","UNRESOLVED","UNRESOLVED_MISSING_STOP_REASON","UNCLASSIFIED","REVIEW_HOLD","VERIFY_CURRENT_EXCLUSION","Do not deindex automatically; compare source evidence, page uniqueness, GSC value, and replacement options."
"NCT01568645","https://clinicaltrialfailures.com/trial/NCT01568645","false","false","missing_stop_reason","UNRESOLVED","UNRESOLVED_MISSING_STOP_REASON","UNCLASSIFIED","REVIEW_HOLD","VERIFY_CURRENT_EXCLUSION","Do not deindex automatically; compare source evidence, page uniqueness, GSC value, and replacement options."
"NCT01569035","https://clinicaltrialfailures.com/trial/NCT01569035","false","false","missing_stop_reason","UNRESOLVED","UNRESOLVED_MISSING_STOP_REASON","UNCLASSIFIED","REVIEW_HOLD","VERIFY_CURRENT_EXCLUSION","Do not deindex automatically; compare source evidence, page uniqueness, GSC value, and replacement options."
"NCT01569152","https://clinicaltrialfailures.com/trial/NCT01569152","false","false","missing_stop_reason","UNRESOLVED","UNRESOLVED_MISSING_STOP_REASON","UNCLASSIFIED","REVIEW_HOLD","VERIFY_CURRENT_EXCLUSION","Do not deindex automatically; compare source evidence, page uniqueness, GSC value, and replacement options."
"NCT01569412","https://clinicaltrialfailures.com/trial/NCT01569412","false","false","missing_stop_reason","UNRESOLVED","UNRESOLVED_MISSING_STOP_REASON","UNCLASSIFIED","REVIEW_HOLD","VERIFY_CURRENT_EXCLUSION","Do not deindex automatically; compare source evidence, page uniqueness, GSC value, and replacement options."
"NCT01569438","https://clinicaltrialfailures.com/trial/NCT01569438","false","false","missing_stop_reason","UNRESOLVED","UNRESOLVED_MISSING_STOP_REASON","UNCLASSIFIED","REVIEW_HOLD","VERIFY_CURRENT_EXCLUSION","Do not deindex automatically; compare source evidence, page uniqueness, GSC value, and replacement options."
"NCT01571726","https://clinicaltrialfailures.com/trial/NCT01571726","false","false","missing_stop_reason","UNRESOLVED","UNRESOLVED_MISSING_STOP_REASON","UNCLASSIFIED","REVIEW_HOLD","VERIFY_CURRENT_EXCLUSION","Do not deindex automatically; compare source evidence, page uniqueness, GSC value, and replacement options."
"NCT01572610","https://clinicaltrialfailures.com/trial/NCT01572610","false","false","missing_stop_reason","UNRESOLVED","UNRESOLVED_MISSING_STOP_REASON","UNCLASSIFIED","REVIEW_HOLD","VERIFY_CURRENT_EXCLUSION","Do not deindex automatically; compare source evidence, page uniqueness, GSC value, and replacement options."
"NCT01573338","https://clinicaltrialfailures.com/trial/NCT01573338","false","false","missing_stop_reason","UNRESOLVED","UNRESOLVED_MISSING_STOP_REASON","UNCLASSIFIED","REVIEW_HOLD","VERIFY_CURRENT_EXCLUSION","Do not deindex automatically; compare source evidence, page uniqueness, GSC value, and replacement options."
"NCT01574365","https://clinicaltrialfailures.com/trial/NCT01574365","false","false","missing_stop_reason","UNRESOLVED","UNRESOLVED_MISSING_STOP_REASON","UNCLASSIFIED","REVIEW_HOLD","VERIFY_CURRENT_EXCLUSION","Do not deindex automatically; compare source evidence, page uniqueness, GSC value, and replacement options."
"NCT01576640","https://clinicaltrialfailures.com/trial/NCT01576640","false","false","missing_stop_reason","UNRESOLVED","UNRESOLVED_MISSING_STOP_REASON","UNCLASSIFIED","REVIEW_HOLD","VERIFY_CURRENT_EXCLUSION","Do not deindex automatically; compare source evidence, page uniqueness, GSC value, and replacement options."
"NCT01579019","https://clinicaltrialfailures.com/trial/NCT01579019","false","false","missing_stop_reason","UNRESOLVED","UNRESOLVED_MISSING_STOP_REASON","UNCLASSIFIED","REVIEW_HOLD","VERIFY_CURRENT_EXCLUSION","Do not deindex automatically; compare source evidence, page uniqueness, GSC value, and replacement options."
"NCT01584466","https://clinicaltrialfailures.com/trial/NCT01584466","false","false","missing_stop_reason","UNRESOLVED","UNRESOLVED_MISSING_STOP_REASON","UNCLASSIFIED","REVIEW_HOLD","VERIFY_CURRENT_EXCLUSION","Do not deindex automatically; compare source evidence, page uniqueness, GSC value, and replacement options."
"NCT01585415","https://clinicaltrialfailures.com/trial/NCT01585415","false","false","missing_stop_reason","UNRESOLVED","UNRESOLVED_MISSING_STOP_REASON","UNCLASSIFIED","REVIEW_HOLD","VERIFY_CURRENT_EXCLUSION","Do not deindex automatically; compare source evidence, page uniqueness, GSC value, and replacement options."
"NCT01587235","https://clinicaltrialfailures.com/trial/NCT01587235","false","false","missing_stop_reason","UNRESOLVED","UNRESOLVED_MISSING_STOP_REASON","UNCLASSIFIED","REVIEW_HOLD","VERIFY_CURRENT_EXCLUSION","Do not deindex automatically; compare source evidence, page uniqueness, GSC value, and replacement options."
"NCT01590225","https://clinicaltrialfailures.com/trial/NCT01590225","false","false","missing_stop_reason","UNRESOLVED","UNRESOLVED_MISSING_STOP_REASON","UNCLASSIFIED","REVIEW_HOLD","VERIFY_CURRENT_EXCLUSION","Do not deindex automatically; compare source evidence, page uniqueness, GSC value, and replacement options."
"NCT01591902","https://clinicaltrialfailures.com/trial/NCT01591902","false","false","missing_stop_reason","UNRESOLVED","UNRESOLVED_MISSING_STOP_REASON","UNCLASSIFIED","REVIEW_HOLD","VERIFY_CURRENT_EXCLUSION","Do not deindex automatically; compare source evidence, page uniqueness, GSC value, and replacement options."
"NCT01593319","https://clinicaltrialfailures.com/trial/NCT01593319","false","false","missing_stop_reason","UNRESOLVED","UNRESOLVED_MISSING_STOP_REASON","UNCLASSIFIED","REVIEW_HOLD","VERIFY_CURRENT_EXCLUSION","Do not deindex automatically; compare source evidence, page uniqueness, GSC value, and replacement options."
"NCT01593527","https://clinicaltrialfailures.com/trial/NCT01593527","false","false","missing_stop_reason","UNRESOLVED","UNRESOLVED_MISSING_STOP_REASON","UNCLASSIFIED","REVIEW_HOLD","VERIFY_CURRENT_EXCLUSION","Do not deindex automatically; compare source evidence, page uniqueness, GSC value, and replacement options."
"NCT01598103","https://clinicaltrialfailures.com/trial/NCT01598103","false","false","missing_stop_reason","UNRESOLVED","UNRESOLVED_MISSING_STOP_REASON","UNCLASSIFIED","REVIEW_HOLD","VERIFY_CURRENT_EXCLUSION","Do not deindex automatically; compare source evidence, page uniqueness, GSC value, and replacement options."
"NCT01598857","https://clinicaltrialfailures.com/trial/NCT01598857","false","false","missing_stop_reason","UNRESOLVED","UNRESOLVED_MISSING_STOP_REASON","UNCLASSIFIED","REVIEW_HOLD","VERIFY_CURRENT_EXCLUSION","Do not deindex automatically; compare source evidence, page uniqueness, GSC value, and replacement options."
"NCT01599494","https://clinicaltrialfailures.com/trial/NCT01599494","false","false","missing_stop_reason","UNRESOLVED","UNRESOLVED_MISSING_STOP_REASON","UNCLASSIFIED","REVIEW_HOLD","VERIFY_CURRENT_EXCLUSION","Do not deindex automatically; compare source evidence, page uniqueness, GSC value, and replacement options."
"NCT01601340","https://clinicaltrialfailures.com/trial/NCT01601340","false","false","missing_stop_reason","UNRESOLVED","UNRESOLVED_MISSING_STOP_REASON","UNCLASSIFIED","REVIEW_HOLD","VERIFY_CURRENT_EXCLUSION","Do not deindex automatically; compare source evidence, page uniqueness, GSC value, and replacement options."
"NCT01601704","https://clinicaltrialfailures.com/trial/NCT01601704","false","false","missing_stop_reason","UNRESOLVED","UNRESOLVED_MISSING_STOP_REASON","UNCLASSIFIED","REVIEW_HOLD","VERIFY_CURRENT_EXCLUSION","Do not deindex automatically; compare source evidence, page uniqueness, GSC value, and replacement options."
"NCT01602367","https://clinicaltrialfailures.com/trial/NCT01602367","false","false","missing_stop_reason","UNRESOLVED","UNRESOLVED_MISSING_STOP_REASON","UNCLASSIFIED","REVIEW_HOLD","VERIFY_CURRENT_EXCLUSION","Do not deindex automatically; compare source evidence, page uniqueness, GSC value, and replacement options."
"NCT01604031","https://clinicaltrialfailures.com/trial/NCT01604031","false","false","missing_stop_reason","UNRESOLVED","UNRESOLVED_MISSING_STOP_REASON","UNCLASSIFIED","REVIEW_HOLD","VERIFY_CURRENT_EXCLUSION","Do not deindex automatically; compare source evidence, page uniqueness, GSC value, and replacement options."
"NCT01605084","https://clinicaltrialfailures.com/trial/NCT01605084","false","false","missing_stop_reason","UNRESOLVED","UNRESOLVED_MISSING_STOP_REASON","UNCLASSIFIED","REVIEW_HOLD","VERIFY_CURRENT_EXCLUSION","Do not deindex automatically; compare source evidence, page uniqueness, GSC value, and replacement options."
"NCT01605162","https://clinicaltrialfailures.com/trial/NCT01605162","false","false","missing_stop_reason","UNRESOLVED","UNRESOLVED_MISSING_STOP_REASON","UNCLASSIFIED","REVIEW_HOLD","VERIFY_CURRENT_EXCLUSION","Do not deindex automatically; compare source evidence, page uniqueness, GSC value, and replacement options."
"NCT01605318","https://clinicaltrialfailures.com/trial/NCT01605318","false","false","missing_stop_reason","UNRESOLVED","UNRESOLVED_MISSING_STOP_REASON","UNCLASSIFIED","REVIEW_HOLD","VERIFY_CURRENT_EXCLUSION","Do not deindex automatically; compare source evidence, page uniqueness, GSC value, and replacement options."
"NCT01605981","https://clinicaltrialfailures.com/trial/NCT01605981","false","false","missing_stop_reason","UNRESOLVED","UNRESOLVED_MISSING_STOP_REASON","UNCLASSIFIED","REVIEW_HOLD","VERIFY_CURRENT_EXCLUSION","Do not deindex automatically; compare source evidence, page uniqueness, GSC value, and replacement options."
"NCT01607346","https://clinicaltrialfailures.com/trial/NCT01607346","false","false","missing_stop_reason","UNRESOLVED","UNRESOLVED_MISSING_STOP_REASON","UNCLASSIFIED","REVIEW_HOLD","VERIFY_CURRENT_EXCLUSION","Do not deindex automatically; compare source evidence, page uniqueness, GSC value, and replacement options."
"NCT01609062","https://clinicaltrialfailures.com/trial/NCT01609062","false","false","missing_stop_reason","UNRESOLVED","UNRESOLVED_MISSING_STOP_REASON","UNCLASSIFIED","REVIEW_HOLD","VERIFY_CURRENT_EXCLUSION","Do not deindex automatically; compare source evidence, page uniqueness, GSC value, and replacement options."
"NCT01609439","https://clinicaltrialfailures.com/trial/NCT01609439","false","false","missing_stop_reason","UNRESOLVED","UNRESOLVED_MISSING_STOP_REASON","UNCLASSIFIED","REVIEW_HOLD","VERIFY_CURRENT_EXCLUSION","Do not deindex automatically; compare source evidence, page uniqueness, GSC value, and replacement options."
"NCT01609452","https://clinicaltrialfailures.com/trial/NCT01609452","false","false","missing_stop_reason","UNRESOLVED","UNRESOLVED_MISSING_STOP_REASON","UNCLASSIFIED","REVIEW_HOLD","VERIFY_CURRENT_EXCLUSION","Do not deindex automatically; compare source evidence, page uniqueness, GSC value, and replacement options."
"NCT01610544","https://clinicaltrialfailures.com/trial/NCT01610544","false","false","missing_stop_reason","UNRESOLVED","UNRESOLVED_MISSING_STOP_REASON","UNCLASSIFIED","REVIEW_HOLD","VERIFY_CURRENT_EXCLUSION","Do not deindex automatically; compare source evidence, page uniqueness, GSC value, and replacement options."
"NCT01613677","https://clinicaltrialfailures.com/trial/NCT01613677","false","false","missing_stop_reason","UNRESOLVED","UNRESOLVED_MISSING_STOP_REASON","UNCLASSIFIED","REVIEW_HOLD","VERIFY_CURRENT_EXCLUSION","Do not deindex automatically; compare source evidence, page uniqueness, GSC value, and replacement options."
"NCT01614782","https://clinicaltrialfailures.com/trial/NCT01614782","false","false","missing_stop_reason","UNRESOLVED","UNRESOLVED_MISSING_STOP_REASON","UNCLASSIFIED","REVIEW_HOLD","VERIFY_CURRENT_EXCLUSION","Do not deindex automatically; compare source evidence, page uniqueness, GSC value, and replacement options."
"NCT01615185","https://clinicaltrialfailures.com/trial/NCT01615185","false","false","missing_stop_reason","UNRESOLVED","UNRESOLVED_MISSING_STOP_REASON","UNCLASSIFIED","REVIEW_HOLD","VERIFY_CURRENT_EXCLUSION","Do not deindex automatically; compare source evidence, page uniqueness, GSC value, and replacement options."
"NCT01615510","https://clinicaltrialfailures.com/trial/NCT01615510","false","false","missing_stop_reason","UNRESOLVED","UNRESOLVED_MISSING_STOP_REASON","UNCLASSIFIED","REVIEW_HOLD","VERIFY_CURRENT_EXCLUSION","Do not deindex automatically; compare source evidence, page uniqueness, GSC value, and replacement options."
"NCT01615874","https://clinicaltrialfailures.com/trial/NCT01615874","false","false","missing_stop_reason","UNRESOLVED","UNRESOLVED_MISSING_STOP_REASON","UNCLASSIFIED","REVIEW_HOLD","VERIFY_CURRENT_EXCLUSION","Do not deindex automatically; compare source evidence, page uniqueness, GSC value, and replacement options."
"NCT01616758","https://clinicaltrialfailures.com/trial/NCT01616758","false","false","missing_stop_reason","UNRESOLVED","UNRESOLVED_MISSING_STOP_REASON","UNCLASSIFIED","REVIEW_HOLD","VERIFY_CURRENT_EXCLUSION","Do not deindex automatically; compare source evidence, page uniqueness, GSC value, and replacement options."
"NCT01617941","https://clinicaltrialfailures.com/trial/NCT01617941","false","false","missing_stop_reason","UNRESOLVED","UNRESOLVED_MISSING_STOP_REASON","UNCLASSIFIED","REVIEW_HOLD","VERIFY_CURRENT_EXCLUSION","Do not deindex automatically; compare source evidence, page uniqueness, GSC value, and replacement options."
"NCT01620801","https://clinicaltrialfailures.com/trial/NCT01620801","false","false","missing_stop_reason","UNRESOLVED","UNRESOLVED_MISSING_STOP_REASON","UNCLASSIFIED","REVIEW_HOLD","VERIFY_CURRENT_EXCLUSION","Do not deindex automatically; compare source evidence, page uniqueness, GSC value, and replacement options."
"NCT01621269","https://clinicaltrialfailures.com/trial/NCT01621269","false","false","missing_stop_reason","UNRESOLVED","UNRESOLVED_MISSING_STOP_REASON","UNCLASSIFIED","REVIEW_HOLD","VERIFY_CURRENT_EXCLUSION","Do not deindex automatically; compare source evidence, page uniqueness, GSC value, and replacement options."
"NCT01623908","https://clinicaltrialfailures.com/trial/NCT01623908","false","false","missing_stop_reason","UNRESOLVED","UNRESOLVED_MISSING_STOP_REASON","UNCLASSIFIED","REVIEW_HOLD","VERIFY_CURRENT_EXCLUSION","Do not deindex automatically; compare source evidence, page uniqueness, GSC value, and replacement options."
"NCT01624636","https://clinicaltrialfailures.com/trial/NCT01624636","false","false","missing_stop_reason","UNRESOLVED","UNRESOLVED_MISSING_STOP_REASON","UNCLASSIFIED","REVIEW_HOLD","VERIFY_CURRENT_EXCLUSION","Do not deindex automatically; compare source evidence, page uniqueness, GSC value, and replacement options."
"NCT01626794","https://clinicaltrialfailures.com/trial/NCT01626794","false","false","missing_stop_reason","UNRESOLVED","UNRESOLVED_MISSING_STOP_REASON","UNCLASSIFIED","REVIEW_HOLD","VERIFY_CURRENT_EXCLUSION","Do not deindex automatically; compare source evidence, page uniqueness, GSC value, and replacement options."
"NCT01627795","https://clinicaltrialfailures.com/trial/NCT01627795","false","false","missing_stop_reason","UNRESOLVED","UNRESOLVED_MISSING_STOP_REASON","UNCLASSIFIED","REVIEW_HOLD","VERIFY_CURRENT_EXCLUSION","Do not deindex automatically; compare source evidence, page uniqueness, GSC value, and replacement options."
"NCT01629511","https://clinicaltrialfailures.com/trial/NCT01629511","false","false","missing_stop_reason","UNRESOLVED","UNRESOLVED_MISSING_STOP_REASON","UNCLASSIFIED","REVIEW_HOLD","VERIFY_CURRENT_EXCLUSION","Do not deindex automatically; compare source evidence, page uniqueness, GSC value, and replacement options."
"NCT01630564","https://clinicaltrialfailures.com/trial/NCT01630564","false","false","missing_stop_reason","UNRESOLVED","UNRESOLVED_MISSING_STOP_REASON","UNCLASSIFIED","REVIEW_HOLD","VERIFY_CURRENT_EXCLUSION","Do not deindex automatically; compare source evidence, page uniqueness, GSC value, and replacement options."
"NCT01630616","https://clinicaltrialfailures.com/trial/NCT01630616","false","false","missing_stop_reason","UNRESOLVED","UNRESOLVED_MISSING_STOP_REASON","UNCLASSIFIED","REVIEW_HOLD","VERIFY_CURRENT_EXCLUSION","Do not deindex automatically; compare source evidence, page uniqueness, GSC value, and replacement options."
"NCT01633255","https://clinicaltrialfailures.com/trial/NCT01633255","false","false","missing_stop_reason","UNRESOLVED","UNRESOLVED_MISSING_STOP_REASON","UNCLASSIFIED","REVIEW_HOLD","VERIFY_CURRENT_EXCLUSION","Do not deindex automatically; compare source evidence, page uniqueness, GSC value, and replacement options."
"NCT01636180","https://clinicaltrialfailures.com/trial/NCT01636180","false","false","missing_stop_reason","UNRESOLVED","UNRESOLVED_MISSING_STOP_REASON","UNCLASSIFIED","REVIEW_HOLD","VERIFY_CURRENT_EXCLUSION","Do not deindex automatically; compare source evidence, page uniqueness, GSC value, and replacement options."
"NCT01636700","https://clinicaltrialfailures.com/trial/NCT01636700","false","false","missing_stop_reason","UNRESOLVED","UNRESOLVED_MISSING_STOP_REASON","UNCLASSIFIED","REVIEW_HOLD","VERIFY_CURRENT_EXCLUSION","Do not deindex automatically; compare source evidence, page uniqueness, GSC value, and replacement options."
"NCT01636817","https://clinicaltrialfailures.com/trial/NCT01636817","false","false","missing_stop_reason","UNRESOLVED","UNRESOLVED_MISSING_STOP_REASON","UNCLASSIFIED","REVIEW_HOLD","VERIFY_CURRENT_EXCLUSION","Do not deindex automatically; compare source evidence, page uniqueness, GSC value, and replacement options."
"NCT01636843","https://clinicaltrialfailures.com/trial/NCT01636843","false","false","missing_stop_reason","UNRESOLVED","UNRESOLVED_MISSING_STOP_REASON","UNCLASSIFIED","REVIEW_HOLD","VERIFY_CURRENT_EXCLUSION","Do not deindex automatically; compare source evidence, page uniqueness, GSC value, and replacement options."
"NCT01636999","https://clinicaltrialfailures.com/trial/NCT01636999","false","false","missing_stop_reason","UNRESOLVED","UNRESOLVED_MISSING_STOP_REASON","UNCLASSIFIED","REVIEW_HOLD","VERIFY_CURRENT_EXCLUSION","Do not deindex automatically; compare source evidence, page uniqueness, GSC value, and replacement options."
"NCT01639131","https://clinicaltrialfailures.com/trial/NCT01639131","false","false","missing_stop_reason","UNRESOLVED","UNRESOLVED_MISSING_STOP_REASON","UNCLASSIFIED","REVIEW_HOLD","VERIFY_CURRENT_EXCLUSION","Do not deindex automatically; compare source evidence, page uniqueness, GSC value, and replacement options."
"NCT01639638","https://clinicaltrialfailures.com/trial/NCT01639638","false","false","missing_stop_reason","UNRESOLVED","UNRESOLVED_MISSING_STOP_REASON","UNCLASSIFIED","REVIEW_HOLD","VERIFY_CURRENT_EXCLUSION","Do not deindex automatically; compare source evidence, page uniqueness, GSC value, and replacement options."
"NCT01640847","https://clinicaltrialfailures.com/trial/NCT01640847","false","false","missing_stop_reason","UNRESOLVED","UNRESOLVED_MISSING_STOP_REASON","UNCLASSIFIED","REVIEW_HOLD","VERIFY_CURRENT_EXCLUSION","Do not deindex automatically; compare source evidence, page uniqueness, GSC value, and replacement options."
"NCT01641666","https://clinicaltrialfailures.com/trial/NCT01641666","false","false","missing_stop_reason","UNRESOLVED","UNRESOLVED_MISSING_STOP_REASON","UNCLASSIFIED","REVIEW_HOLD","VERIFY_CURRENT_EXCLUSION","Do not deindex automatically; compare source evidence, page uniqueness, GSC value, and replacement options."
"NCT01641939","https://clinicaltrialfailures.com/trial/NCT01641939","false","false","missing_stop_reason","UNRESOLVED","UNRESOLVED_MISSING_STOP_REASON","UNCLASSIFIED","REVIEW_HOLD","VERIFY_CURRENT_EXCLUSION","Do not deindex automatically; compare source evidence, page uniqueness, GSC value, and replacement options."
"NCT01642433","https://clinicaltrialfailures.com/trial/NCT01642433","false","false","missing_stop_reason","UNRESOLVED","UNRESOLVED_MISSING_STOP_REASON","UNCLASSIFIED","REVIEW_HOLD","VERIFY_CURRENT_EXCLUSION","Do not deindex automatically; compare source evidence, page uniqueness, GSC value, and replacement options."
"NCT01646554","https://clinicaltrialfailures.com/trial/NCT01646554","false","false","missing_stop_reason","UNRESOLVED","UNRESOLVED_MISSING_STOP_REASON","UNCLASSIFIED","REVIEW_HOLD","VERIFY_CURRENT_EXCLUSION","Do not deindex automatically; compare source evidence, page uniqueness, GSC value, and replacement options."
"NCT01647152","https://clinicaltrialfailures.com/trial/NCT01647152","false","false","missing_stop_reason","UNRESOLVED","UNRESOLVED_MISSING_STOP_REASON","UNCLASSIFIED","REVIEW_HOLD","VERIFY_CURRENT_EXCLUSION","Do not deindex automatically; compare source evidence, page uniqueness, GSC value, and replacement options."
"NCT01647165","https://clinicaltrialfailures.com/trial/NCT01647165","false","false","missing_stop_reason","UNRESOLVED","UNRESOLVED_MISSING_STOP_REASON","UNCLASSIFIED","REVIEW_HOLD","VERIFY_CURRENT_EXCLUSION","Do not deindex automatically; compare source evidence, page uniqueness, GSC value, and replacement options."
"NCT01647789","https://clinicaltrialfailures.com/trial/NCT01647789","false","false","missing_stop_reason","NON_FAILURE_TRANSITION","NOT_INITIATED","DESCRIPTION_FALLBACK","REVIEW_HOLD","VERIFY_CURRENT_EXCLUSION","Do not deindex automatically; compare source evidence, page uniqueness, GSC value, and replacement options."
"NCT01648465","https://clinicaltrialfailures.com/trial/NCT01648465","false","false","missing_stop_reason","UNRESOLVED","UNRESOLVED_MISSING_STOP_REASON","UNCLASSIFIED","REVIEW_HOLD","VERIFY_CURRENT_EXCLUSION","Do not deindex automatically; compare source evidence, page uniqueness, GSC value, and replacement options."
"NCT01649050","https://clinicaltrialfailures.com/trial/NCT01649050","false","false","missing_stop_reason","UNRESOLVED","UNRESOLVED_MISSING_STOP_REASON","UNCLASSIFIED","REVIEW_HOLD","VERIFY_CURRENT_EXCLUSION","Do not deindex automatically; compare source evidence, page uniqueness, GSC value, and replacement options."
"NCT01649791","https://clinicaltrialfailures.com/trial/NCT01649791","false","false","missing_stop_reason","UNRESOLVED","UNRESOLVED_MISSING_STOP_REASON","UNCLASSIFIED","REVIEW_HOLD","VERIFY_CURRENT_EXCLUSION","Do not deindex automatically; compare source evidence, page uniqueness, GSC value, and replacement options."
"NCT01651936","https://clinicaltrialfailures.com/trial/NCT01651936","false","false","missing_stop_reason","UNRESOLVED","UNRESOLVED_MISSING_STOP_REASON","UNCLASSIFIED","REVIEW_HOLD","VERIFY_CURRENT_EXCLUSION","Do not deindex automatically; compare source evidence, page uniqueness, GSC value, and replacement options."
"NCT01654939","https://clinicaltrialfailures.com/trial/NCT01654939","false","false","missing_stop_reason","UNRESOLVED","UNRESOLVED_MISSING_STOP_REASON","UNCLASSIFIED","REVIEW_HOLD","VERIFY_CURRENT_EXCLUSION","Do not deindex automatically; compare source evidence, page uniqueness, GSC value, and replacement options."
"NCT01656382","https://clinicaltrialfailures.com/trial/NCT01656382","false","false","missing_stop_reason","UNRESOLVED","UNRESOLVED_MISSING_STOP_REASON","UNCLASSIFIED","REVIEW_HOLD","VERIFY_CURRENT_EXCLUSION","Do not deindex automatically; compare source evidence, page uniqueness, GSC value, and replacement options."
"NCT01656395","https://clinicaltrialfailures.com/trial/NCT01656395","false","false","missing_stop_reason","UNRESOLVED","UNRESOLVED_MISSING_STOP_REASON","UNCLASSIFIED","REVIEW_HOLD","VERIFY_CURRENT_EXCLUSION","Do not deindex automatically; compare source evidence, page uniqueness, GSC value, and replacement options."
"NCT01656577","https://clinicaltrialfailures.com/trial/NCT01656577","false","false","missing_stop_reason","UNRESOLVED","UNRESOLVED_MISSING_STOP_REASON","UNCLASSIFIED","REVIEW_HOLD","VERIFY_CURRENT_EXCLUSION","Do not deindex automatically; compare source evidence, page uniqueness, GSC value, and replacement options."
"NCT01658826","https://clinicaltrialfailures.com/trial/NCT01658826","false","false","missing_stop_reason","UNRESOLVED","UNRESOLVED_MISSING_STOP_REASON","UNCLASSIFIED","REVIEW_HOLD","VERIFY_CURRENT_EXCLUSION","Do not deindex automatically; compare source evidence, page uniqueness, GSC value, and replacement options."
"NCT01658891","https://clinicaltrialfailures.com/trial/NCT01658891","false","false","missing_stop_reason","UNRESOLVED","UNRESOLVED_MISSING_STOP_REASON","UNCLASSIFIED","REVIEW_HOLD","VERIFY_CURRENT_EXCLUSION","Do not deindex automatically; compare source evidence, page uniqueness, GSC value, and replacement options."
"NCT01659021","https://clinicaltrialfailures.com/trial/NCT01659021","false","false","missing_stop_reason","UNRESOLVED","UNRESOLVED_MISSING_STOP_REASON","UNCLASSIFIED","REVIEW_HOLD","VERIFY_CURRENT_EXCLUSION","Do not deindex automatically; compare source evidence, page uniqueness, GSC value, and replacement options."
"NCT01660893","https://clinicaltrialfailures.com/trial/NCT01660893","false","false","missing_stop_reason","UNRESOLVED","UNRESOLVED_MISSING_STOP_REASON","UNCLASSIFIED","REVIEW_HOLD","VERIFY_CURRENT_EXCLUSION","Do not deindex automatically; compare source evidence, page uniqueness, GSC value, and replacement options."
"NCT01660997","https://clinicaltrialfailures.com/trial/NCT01660997","false","false","missing_stop_reason","UNRESOLVED","UNRESOLVED_MISSING_STOP_REASON","UNCLASSIFIED","REVIEW_HOLD","VERIFY_CURRENT_EXCLUSION","Do not deindex automatically; compare source evidence, page uniqueness, GSC value, and replacement options."
"NCT01661140","https://clinicaltrialfailures.com/trial/NCT01661140","false","false","missing_stop_reason","UNRESOLVED","UNRESOLVED_MISSING_STOP_REASON","UNCLASSIFIED","REVIEW_HOLD","VERIFY_CURRENT_EXCLUSION","Do not deindex automatically; compare source evidence, page uniqueness, GSC value, and replacement options."
"NCT01667120","https://clinicaltrialfailures.com/trial/NCT01667120","false","false","missing_stop_reason","UNRESOLVED","UNRESOLVED_MISSING_STOP_REASON","UNCLASSIFIED","REVIEW_HOLD","VERIFY_CURRENT_EXCLUSION","Do not deindex automatically; compare source evidence, page uniqueness, GSC value, and replacement options."
"NCT01668277","https://clinicaltrialfailures.com/trial/NCT01668277","false","false","missing_stop_reason","UNRESOLVED","UNRESOLVED_MISSING_STOP_REASON","UNCLASSIFIED","REVIEW_HOLD","VERIFY_CURRENT_EXCLUSION","Do not deindex automatically; compare source evidence, page uniqueness, GSC value, and replacement options."
"NCT01672866","https://clinicaltrialfailures.com/trial/NCT01672866","false","false","missing_stop_reason","UNRESOLVED","UNRESOLVED_MISSING_STOP_REASON","UNCLASSIFIED","REVIEW_HOLD","VERIFY_CURRENT_EXCLUSION","Do not deindex automatically; compare source evidence, page uniqueness, GSC value, and replacement options."
"NCT01672879","https://clinicaltrialfailures.com/trial/NCT01672879","false","false","missing_stop_reason","UNRESOLVED","UNRESOLVED_MISSING_STOP_REASON","UNCLASSIFIED","REVIEW_HOLD","VERIFY_CURRENT_EXCLUSION","Do not deindex automatically; compare source evidence, page uniqueness, GSC value, and replacement options."
"NCT01676948","https://clinicaltrialfailures.com/trial/NCT01676948","false","false","missing_stop_reason","UNRESOLVED","UNRESOLVED_MISSING_STOP_REASON","UNCLASSIFIED","REVIEW_HOLD","VERIFY_CURRENT_EXCLUSION","Do not deindex automatically; compare source evidence, page uniqueness, GSC value, and replacement options."
"NCT01678924","https://clinicaltrialfailures.com/trial/NCT01678924","false","false","missing_stop_reason","UNRESOLVED","UNRESOLVED_MISSING_STOP_REASON","UNCLASSIFIED","REVIEW_HOLD","VERIFY_CURRENT_EXCLUSION","Do not deindex automatically; compare source evidence, page uniqueness, GSC value, and replacement options."
"NCT01679561","https://clinicaltrialfailures.com/trial/NCT01679561","false","false","missing_stop_reason","UNRESOLVED","UNRESOLVED_MISSING_STOP_REASON","UNCLASSIFIED","REVIEW_HOLD","VERIFY_CURRENT_EXCLUSION","Do not deindex automatically; compare source evidence, page uniqueness, GSC value, and replacement options."
"NCT01679743","https://clinicaltrialfailures.com/trial/NCT01679743","false","false","missing_stop_reason","UNRESOLVED","UNRESOLVED_MISSING_STOP_REASON","UNCLASSIFIED","REVIEW_HOLD","VERIFY_CURRENT_EXCLUSION","Do not deindex automatically; compare source evidence, page uniqueness, GSC value, and replacement options."
"NCT01680107","https://clinicaltrialfailures.com/trial/NCT01680107","false","false","missing_stop_reason","UNRESOLVED","UNRESOLVED_MISSING_STOP_REASON","UNCLASSIFIED","REVIEW_HOLD","VERIFY_CURRENT_EXCLUSION","Do not deindex automatically; compare source evidence, page uniqueness, GSC value, and replacement options."
"NCT01684345","https://clinicaltrialfailures.com/trial/NCT01684345","false","false","missing_stop_reason","UNRESOLVED","UNRESOLVED_MISSING_STOP_REASON","UNCLASSIFIED","REVIEW_HOLD","VERIFY_CURRENT_EXCLUSION","Do not deindex automatically; compare source evidence, page uniqueness, GSC value, and replacement options."
"NCT01685021","https://clinicaltrialfailures.com/trial/NCT01685021","false","false","missing_stop_reason","UNRESOLVED","UNRESOLVED_MISSING_STOP_REASON","UNCLASSIFIED","REVIEW_HOLD","VERIFY_CURRENT_EXCLUSION","Do not deindex automatically; compare source evidence, page uniqueness, GSC value, and replacement options."
"NCT01685411","https://clinicaltrialfailures.com/trial/NCT01685411","false","false","missing_stop_reason","UNRESOLVED","UNRESOLVED_MISSING_STOP_REASON","UNCLASSIFIED","REVIEW_HOLD","VERIFY_CURRENT_EXCLUSION","Do not deindex automatically; compare source evidence, page uniqueness, GSC value, and replacement options."
"NCT01688791","https://clinicaltrialfailures.com/trial/NCT01688791","false","false","missing_stop_reason","UNRESOLVED","UNRESOLVED_MISSING_STOP_REASON","UNCLASSIFIED","REVIEW_HOLD","VERIFY_CURRENT_EXCLUSION","Do not deindex automatically; compare source evidence, page uniqueness, GSC value, and replacement options."
"NCT01694381","https://clinicaltrialfailures.com/trial/NCT01694381","false","false","missing_stop_reason","UNRESOLVED","UNRESOLVED_MISSING_STOP_REASON","UNCLASSIFIED","REVIEW_HOLD","VERIFY_CURRENT_EXCLUSION","Do not deindex automatically; compare source evidence, page uniqueness, GSC value, and replacement options."
"NCT01695616","https://clinicaltrialfailures.com/trial/NCT01695616","false","false","missing_stop_reason","UNRESOLVED","UNRESOLVED_MISSING_STOP_REASON","UNCLASSIFIED","REVIEW_HOLD","VERIFY_CURRENT_EXCLUSION","Do not deindex automatically; compare source evidence, page uniqueness, GSC value, and replacement options."
"NCT01695759","https://clinicaltrialfailures.com/trial/NCT01695759","false","false","missing_stop_reason","UNRESOLVED","UNRESOLVED_MISSING_STOP_REASON","UNCLASSIFIED","REVIEW_HOLD","VERIFY_CURRENT_EXCLUSION","Do not deindex automatically; compare source evidence, page uniqueness, GSC value, and replacement options."
"NCT01697319","https://clinicaltrialfailures.com/trial/NCT01697319","false","false","missing_stop_reason","UNRESOLVED","UNRESOLVED_MISSING_STOP_REASON","UNCLASSIFIED","REVIEW_HOLD","VERIFY_CURRENT_EXCLUSION","Do not deindex automatically; compare source evidence, page uniqueness, GSC value, and replacement options."
"NCT01701063","https://clinicaltrialfailures.com/trial/NCT01701063","false","false","missing_stop_reason","UNRESOLVED","UNRESOLVED_MISSING_STOP_REASON","UNCLASSIFIED","REVIEW_HOLD","VERIFY_CURRENT_EXCLUSION","Do not deindex automatically; compare source evidence, page uniqueness, GSC value, and replacement options."
"NCT01701323","https://clinicaltrialfailures.com/trial/NCT01701323","false","false","missing_stop_reason","UNRESOLVED","UNRESOLVED_MISSING_STOP_REASON","UNCLASSIFIED","REVIEW_HOLD","VERIFY_CURRENT_EXCLUSION","Do not deindex automatically; compare source evidence, page uniqueness, GSC value, and replacement options."
"NCT01702285","https://clinicaltrialfailures.com/trial/NCT01702285","false","false","missing_stop_reason","UNRESOLVED","UNRESOLVED_MISSING_STOP_REASON","UNCLASSIFIED","REVIEW_HOLD","VERIFY_CURRENT_EXCLUSION","Do not deindex automatically; compare source evidence, page uniqueness, GSC value, and replacement options."
"NCT01702675","https://clinicaltrialfailures.com/trial/NCT01702675","false","false","missing_stop_reason","UNRESOLVED","UNRESOLVED_MISSING_STOP_REASON","UNCLASSIFIED","REVIEW_HOLD","VERIFY_CURRENT_EXCLUSION","Do not deindex automatically; compare source evidence, page uniqueness, GSC value, and replacement options."
"NCT01702688","https://clinicaltrialfailures.com/trial/NCT01702688","false","false","missing_stop_reason","UNRESOLVED","UNRESOLVED_MISSING_STOP_REASON","UNCLASSIFIED","REVIEW_HOLD","VERIFY_CURRENT_EXCLUSION","Do not deindex automatically; compare source evidence, page uniqueness, GSC value, and replacement options."
"NCT01702701","https://clinicaltrialfailures.com/trial/NCT01702701","false","false","missing_stop_reason","UNRESOLVED","UNRESOLVED_MISSING_STOP_REASON","UNCLASSIFIED","REVIEW_HOLD","VERIFY_CURRENT_EXCLUSION","Do not deindex automatically; compare source evidence, page uniqueness, GSC value, and replacement options."
"NCT01705808","https://clinicaltrialfailures.com/trial/NCT01705808","false","false","missing_stop_reason","UNRESOLVED","UNRESOLVED_MISSING_STOP_REASON","UNCLASSIFIED","REVIEW_HOLD","VERIFY_CURRENT_EXCLUSION","Do not deindex automatically; compare source evidence, page uniqueness, GSC value, and replacement options."
"NCT01708161","https://clinicaltrialfailures.com/trial/NCT01708161","false","false","missing_stop_reason","UNRESOLVED","UNRESOLVED_MISSING_STOP_REASON","UNCLASSIFIED","REVIEW_HOLD","VERIFY_CURRENT_EXCLUSION","Do not deindex automatically; compare source evidence, page uniqueness, GSC value, and replacement options."
"NCT01710566","https://clinicaltrialfailures.com/trial/NCT01710566","false","false","missing_stop_reason","UNRESOLVED","UNRESOLVED_MISSING_STOP_REASON","UNCLASSIFIED","REVIEW_HOLD","VERIFY_CURRENT_EXCLUSION","Do not deindex automatically; compare source evidence, page uniqueness, GSC value, and replacement options."
"NCT01712646","https://clinicaltrialfailures.com/trial/NCT01712646","false","false","missing_stop_reason","UNRESOLVED","UNRESOLVED_MISSING_STOP_REASON","UNCLASSIFIED","REVIEW_HOLD","VERIFY_CURRENT_EXCLUSION","Do not deindex automatically; compare source evidence, page uniqueness, GSC value, and replacement options."
"NCT01714037","https://clinicaltrialfailures.com/trial/NCT01714037","false","false","missing_stop_reason","UNRESOLVED","UNRESOLVED_MISSING_STOP_REASON","UNCLASSIFIED","REVIEW_HOLD","VERIFY_CURRENT_EXCLUSION","Do not deindex automatically; compare source evidence, page uniqueness, GSC value, and replacement options."
"NCT01714089","https://clinicaltrialfailures.com/trial/NCT01714089","false","false","missing_stop_reason","UNRESOLVED","UNRESOLVED_MISSING_STOP_REASON","UNCLASSIFIED","REVIEW_HOLD","VERIFY_CURRENT_EXCLUSION","Do not deindex automatically; compare source evidence, page uniqueness, GSC value, and replacement options."
"NCT01718340","https://clinicaltrialfailures.com/trial/NCT01718340","false","false","missing_stop_reason","UNRESOLVED","UNRESOLVED_MISSING_STOP_REASON","UNCLASSIFIED","REVIEW_HOLD","VERIFY_CURRENT_EXCLUSION","Do not deindex automatically; compare source evidence, page uniqueness, GSC value, and replacement options."
"NCT01719419","https://clinicaltrialfailures.com/trial/NCT01719419","false","false","missing_stop_reason","UNRESOLVED","UNRESOLVED_MISSING_STOP_REASON","UNCLASSIFIED","REVIEW_HOLD","VERIFY_CURRENT_EXCLUSION","Do not deindex automatically; compare source evidence, page uniqueness, GSC value, and replacement options."
"NCT01723579","https://clinicaltrialfailures.com/trial/NCT01723579","false","false","missing_stop_reason","UNRESOLVED","UNRESOLVED_MISSING_STOP_REASON","UNCLASSIFIED","REVIEW_HOLD","VERIFY_CURRENT_EXCLUSION","Do not deindex automatically; compare source evidence, page uniqueness, GSC value, and replacement options."
"NCT01723670","https://clinicaltrialfailures.com/trial/NCT01723670","false","false","missing_stop_reason","UNRESOLVED","UNRESOLVED_MISSING_STOP_REASON","UNCLASSIFIED","REVIEW_HOLD","VERIFY_CURRENT_EXCLUSION","Do not deindex automatically; compare source evidence, page uniqueness, GSC value, and replacement options."
"NCT01724138","https://clinicaltrialfailures.com/trial/NCT01724138","false","false","missing_stop_reason","UNRESOLVED","UNRESOLVED_MISSING_STOP_REASON","UNCLASSIFIED","REVIEW_HOLD","VERIFY_CURRENT_EXCLUSION","Do not deindex automatically; compare source evidence, page uniqueness, GSC value, and replacement options."
"NCT01727206","https://clinicaltrialfailures.com/trial/NCT01727206","false","false","missing_stop_reason","UNRESOLVED","UNRESOLVED_MISSING_STOP_REASON","UNCLASSIFIED","REVIEW_HOLD","VERIFY_CURRENT_EXCLUSION","Do not deindex automatically; compare source evidence, page uniqueness, GSC value, and replacement options."
"NCT01727843","https://clinicaltrialfailures.com/trial/NCT01727843","false","false","missing_stop_reason","UNRESOLVED","UNRESOLVED_MISSING_STOP_REASON","UNCLASSIFIED","REVIEW_HOLD","VERIFY_CURRENT_EXCLUSION","Do not deindex automatically; compare source evidence, page uniqueness, GSC value, and replacement options."
"NCT01729338","https://clinicaltrialfailures.com/trial/NCT01729338","false","false","missing_stop_reason","UNRESOLVED","UNRESOLVED_MISSING_STOP_REASON","UNCLASSIFIED","REVIEW_HOLD","VERIFY_CURRENT_EXCLUSION","Do not deindex automatically; compare source evidence, page uniqueness, GSC value, and replacement options."
"NCT01732913","https://clinicaltrialfailures.com/trial/NCT01732913","false","false","missing_stop_reason","UNRESOLVED","UNRESOLVED_MISSING_STOP_REASON","UNCLASSIFIED","REVIEW_HOLD","VERIFY_CURRENT_EXCLUSION","Do not deindex automatically; compare source evidence, page uniqueness, GSC value, and replacement options."
"NCT01732926","https://clinicaltrialfailures.com/trial/NCT01732926","false","false","missing_stop_reason","UNRESOLVED","UNRESOLVED_MISSING_STOP_REASON","UNCLASSIFIED","REVIEW_HOLD","VERIFY_CURRENT_EXCLUSION","Do not deindex automatically; compare source evidence, page uniqueness, GSC value, and replacement options."
"NCT01735942","https://clinicaltrialfailures.com/trial/NCT01735942","false","false","missing_stop_reason","UNRESOLVED","UNRESOLVED_MISSING_STOP_REASON","UNCLASSIFIED","REVIEW_HOLD","VERIFY_CURRENT_EXCLUSION","Do not deindex automatically; compare source evidence, page uniqueness, GSC value, and replacement options."
"NCT01738672","https://clinicaltrialfailures.com/trial/NCT01738672","false","false","missing_stop_reason","UNRESOLVED","UNRESOLVED_MISSING_STOP_REASON","UNCLASSIFIED","REVIEW_HOLD","VERIFY_CURRENT_EXCLUSION","Do not deindex automatically; compare source evidence, page uniqueness, GSC value, and replacement options."
"NCT01739348","https://clinicaltrialfailures.com/trial/NCT01739348","false","false","missing_stop_reason","UNRESOLVED","UNRESOLVED_MISSING_STOP_REASON","UNCLASSIFIED","REVIEW_HOLD","VERIFY_CURRENT_EXCLUSION","Do not deindex automatically; compare source evidence, page uniqueness, GSC value, and replacement options."
"NCT01740570","https://clinicaltrialfailures.com/trial/NCT01740570","false","false","missing_stop_reason","UNRESOLVED","UNRESOLVED_MISSING_STOP_REASON","UNCLASSIFIED","REVIEW_HOLD","VERIFY_CURRENT_EXCLUSION","Do not deindex automatically; compare source evidence, page uniqueness, GSC value, and replacement options."
"NCT01743755","https://clinicaltrialfailures.com/trial/NCT01743755","false","false","missing_stop_reason","UNRESOLVED","UNRESOLVED_MISSING_STOP_REASON","UNCLASSIFIED","REVIEW_HOLD","VERIFY_CURRENT_EXCLUSION","Do not deindex automatically; compare source evidence, page uniqueness, GSC value, and replacement options."
"NCT01743885","https://clinicaltrialfailures.com/trial/NCT01743885","false","false","missing_stop_reason","UNRESOLVED","UNRESOLVED_MISSING_STOP_REASON","UNCLASSIFIED","REVIEW_HOLD","VERIFY_CURRENT_EXCLUSION","Do not deindex automatically; compare source evidence, page uniqueness, GSC value, and replacement options."
"NCT01746602","https://clinicaltrialfailures.com/trial/NCT01746602","false","false","missing_stop_reason","UNRESOLVED","UNRESOLVED_MISSING_STOP_REASON","UNCLASSIFIED","REVIEW_HOLD","VERIFY_CURRENT_EXCLUSION","Do not deindex automatically; compare source evidence, page uniqueness, GSC value, and replacement options."
"NCT01747538","https://clinicaltrialfailures.com/trial/NCT01747538","false","false","missing_stop_reason","UNRESOLVED","UNRESOLVED_MISSING_STOP_REASON","UNCLASSIFIED","REVIEW_HOLD","VERIFY_CURRENT_EXCLUSION","Do not deindex automatically; compare source evidence, page uniqueness, GSC value, and replacement options."
"NCT01748162","https://clinicaltrialfailures.com/trial/NCT01748162","false","false","missing_stop_reason","UNRESOLVED","UNRESOLVED_MISSING_STOP_REASON","UNCLASSIFIED","REVIEW_HOLD","VERIFY_CURRENT_EXCLUSION","Do not deindex automatically; compare source evidence, page uniqueness, GSC value, and replacement options."
"NCT01748812","https://clinicaltrialfailures.com/trial/NCT01748812","false","false","missing_stop_reason","UNRESOLVED","UNRESOLVED_MISSING_STOP_REASON","UNCLASSIFIED","REVIEW_HOLD","VERIFY_CURRENT_EXCLUSION","Do not deindex automatically; compare source evidence, page uniqueness, GSC value, and replacement options."
"NCT01750346","https://clinicaltrialfailures.com/trial/NCT01750346","false","false","missing_stop_reason","UNRESOLVED","UNRESOLVED_MISSING_STOP_REASON","UNCLASSIFIED","REVIEW_HOLD","VERIFY_CURRENT_EXCLUSION","Do not deindex automatically; compare source evidence, page uniqueness, GSC value, and replacement options."
"NCT01750762","https://clinicaltrialfailures.com/trial/NCT01750762","false","false","missing_stop_reason","UNRESOLVED","UNRESOLVED_MISSING_STOP_REASON","UNCLASSIFIED","REVIEW_HOLD","VERIFY_CURRENT_EXCLUSION","Do not deindex automatically; compare source evidence, page uniqueness, GSC value, and replacement options."
"NCT01754883","https://clinicaltrialfailures.com/trial/NCT01754883","false","false","missing_stop_reason","UNRESOLVED","UNRESOLVED_MISSING_STOP_REASON","UNCLASSIFIED","REVIEW_HOLD","VERIFY_CURRENT_EXCLUSION","Do not deindex automatically; compare source evidence, page uniqueness, GSC value, and replacement options."
"NCT01755858","https://clinicaltrialfailures.com/trial/NCT01755858","false","false","missing_stop_reason","UNRESOLVED","UNRESOLVED_MISSING_STOP_REASON","UNCLASSIFIED","REVIEW_HOLD","VERIFY_CURRENT_EXCLUSION","Do not deindex automatically; compare source evidence, page uniqueness, GSC value, and replacement options."
"NCT01756105","https://clinicaltrialfailures.com/trial/NCT01756105","false","false","missing_stop_reason","UNRESOLVED","UNRESOLVED_MISSING_STOP_REASON","UNCLASSIFIED","REVIEW_HOLD","VERIFY_CURRENT_EXCLUSION","Do not deindex automatically; compare source evidence, page uniqueness, GSC value, and replacement options."
"NCT01757015","https://clinicaltrialfailures.com/trial/NCT01757015","false","false","missing_stop_reason","UNRESOLVED","UNRESOLVED_MISSING_STOP_REASON","UNCLASSIFIED","REVIEW_HOLD","VERIFY_CURRENT_EXCLUSION","Do not deindex automatically; compare source evidence, page uniqueness, GSC value, and replacement options."
"NCT01760252","https://clinicaltrialfailures.com/trial/NCT01760252","false","false","missing_stop_reason","UNRESOLVED","UNRESOLVED_MISSING_STOP_REASON","UNCLASSIFIED","REVIEW_HOLD","VERIFY_CURRENT_EXCLUSION","Do not deindex automatically; compare source evidence, page uniqueness, GSC value, and replacement options."
"NCT01762033","https://clinicaltrialfailures.com/trial/NCT01762033","false","false","missing_stop_reason","UNRESOLVED","UNRESOLVED_MISSING_STOP_REASON","UNCLASSIFIED","REVIEW_HOLD","VERIFY_CURRENT_EXCLUSION","Do not deindex automatically; compare source evidence, page uniqueness, GSC value, and replacement options."
"NCT01763541","https://clinicaltrialfailures.com/trial/NCT01763541","false","false","missing_stop_reason","UNRESOLVED","UNRESOLVED_MISSING_STOP_REASON","UNCLASSIFIED","REVIEW_HOLD","VERIFY_CURRENT_EXCLUSION","Do not deindex automatically; compare source evidence, page uniqueness, GSC value, and replacement options."
"NCT01765556","https://clinicaltrialfailures.com/trial/NCT01765556","false","false","missing_stop_reason","UNRESOLVED","UNRESOLVED_MISSING_STOP_REASON","UNCLASSIFIED","REVIEW_HOLD","VERIFY_CURRENT_EXCLUSION","Do not deindex automatically; compare source evidence, page uniqueness, GSC value, and replacement options."
"NCT01765582","https://clinicaltrialfailures.com/trial/NCT01765582","false","false","missing_stop_reason","UNRESOLVED","UNRESOLVED_MISSING_STOP_REASON","UNCLASSIFIED","REVIEW_HOLD","VERIFY_CURRENT_EXCLUSION","Do not deindex automatically; compare source evidence, page uniqueness, GSC value, and replacement options."
"NCT01766336","https://clinicaltrialfailures.com/trial/NCT01766336","false","false","missing_stop_reason","UNRESOLVED","UNRESOLVED_MISSING_STOP_REASON","UNCLASSIFIED","REVIEW_HOLD","VERIFY_CURRENT_EXCLUSION","Do not deindex automatically; compare source evidence, page uniqueness, GSC value, and replacement options."
"NCT01766622","https://clinicaltrialfailures.com/trial/NCT01766622","false","false","missing_stop_reason","UNRESOLVED","UNRESOLVED_MISSING_STOP_REASON","UNCLASSIFIED","REVIEW_HOLD","VERIFY_CURRENT_EXCLUSION","Do not deindex automatically; compare source evidence, page uniqueness, GSC value, and replacement options."
"NCT01769885","https://clinicaltrialfailures.com/trial/NCT01769885","false","false","missing_stop_reason","UNRESOLVED","UNRESOLVED_MISSING_STOP_REASON","UNCLASSIFIED","REVIEW_HOLD","VERIFY_CURRENT_EXCLUSION","Do not deindex automatically; compare source evidence, page uniqueness, GSC value, and replacement options."
"NCT01769911","https://clinicaltrialfailures.com/trial/NCT01769911","false","false","missing_stop_reason","UNRESOLVED","UNRESOLVED_MISSING_STOP_REASON","UNCLASSIFIED","REVIEW_HOLD","VERIFY_CURRENT_EXCLUSION","Do not deindex automatically; compare source evidence, page uniqueness, GSC value, and replacement options."
"NCT01770223","https://clinicaltrialfailures.com/trial/NCT01770223","false","false","missing_stop_reason","UNRESOLVED","UNRESOLVED_MISSING_STOP_REASON","UNCLASSIFIED","REVIEW_HOLD","VERIFY_CURRENT_EXCLUSION","Do not deindex automatically; compare source evidence, page uniqueness, GSC value, and replacement options."
"NCT01770379","https://clinicaltrialfailures.com/trial/NCT01770379","false","false","missing_stop_reason","UNRESOLVED","UNRESOLVED_MISSING_STOP_REASON","UNCLASSIFIED","REVIEW_HOLD","VERIFY_CURRENT_EXCLUSION","Do not deindex automatically; compare source evidence, page uniqueness, GSC value, and replacement options."
"NCT01773174","https://clinicaltrialfailures.com/trial/NCT01773174","false","false","missing_stop_reason","UNRESOLVED","UNRESOLVED_MISSING_STOP_REASON","UNCLASSIFIED","REVIEW_HOLD","VERIFY_CURRENT_EXCLUSION","Do not deindex automatically; compare source evidence, page uniqueness, GSC value, and replacement options."
"NCT01773187","https://clinicaltrialfailures.com/trial/NCT01773187","false","false","missing_stop_reason","UNRESOLVED","UNRESOLVED_MISSING_STOP_REASON","UNCLASSIFIED","REVIEW_HOLD","VERIFY_CURRENT_EXCLUSION","Do not deindex automatically; compare source evidence, page uniqueness, GSC value, and replacement options."
"NCT01774578","https://clinicaltrialfailures.com/trial/NCT01774578","false","false","missing_stop_reason","UNRESOLVED","UNRESOLVED_MISSING_STOP_REASON","UNCLASSIFIED","REVIEW_HOLD","VERIFY_CURRENT_EXCLUSION","Do not deindex automatically; compare source evidence, page uniqueness, GSC value, and replacement options."
"NCT01782976","https://clinicaltrialfailures.com/trial/NCT01782976","false","false","missing_stop_reason","UNRESOLVED","UNRESOLVED_MISSING_STOP_REASON","UNCLASSIFIED","REVIEW_HOLD","VERIFY_CURRENT_EXCLUSION","Do not deindex automatically; compare source evidence, page uniqueness, GSC value, and replacement options."
"NCT01784900","https://clinicaltrialfailures.com/trial/NCT01784900","false","false","missing_stop_reason","UNRESOLVED","UNRESOLVED_MISSING_STOP_REASON","UNCLASSIFIED","REVIEW_HOLD","VERIFY_CURRENT_EXCLUSION","Do not deindex automatically; compare source evidence, page uniqueness, GSC value, and replacement options."
"NCT01786395","https://clinicaltrialfailures.com/trial/NCT01786395","false","false","missing_stop_reason","UNRESOLVED","UNRESOLVED_MISSING_STOP_REASON","UNCLASSIFIED","REVIEW_HOLD","VERIFY_CURRENT_EXCLUSION","Do not deindex automatically; compare source evidence, page uniqueness, GSC value, and replacement options."
"NCT01789333","https://clinicaltrialfailures.com/trial/NCT01789333","false","false","missing_stop_reason","UNRESOLVED","UNRESOLVED_MISSING_STOP_REASON","UNCLASSIFIED","REVIEW_HOLD","VERIFY_CURRENT_EXCLUSION","Do not deindex automatically; compare source evidence, page uniqueness, GSC value, and replacement options."
"NCT01789723","https://clinicaltrialfailures.com/trial/NCT01789723","false","false","missing_stop_reason","UNRESOLVED","UNRESOLVED_MISSING_STOP_REASON","UNCLASSIFIED","REVIEW_HOLD","VERIFY_CURRENT_EXCLUSION","Do not deindex automatically; compare source evidence, page uniqueness, GSC value, and replacement options."
"NCT01790295","https://clinicaltrialfailures.com/trial/NCT01790295","false","false","missing_stop_reason","UNRESOLVED","UNRESOLVED_MISSING_STOP_REASON","UNCLASSIFIED","REVIEW_HOLD","VERIFY_CURRENT_EXCLUSION","Do not deindex automatically; compare source evidence, page uniqueness, GSC value, and replacement options."
"NCT01791192","https://clinicaltrialfailures.com/trial/NCT01791192","false","false","missing_stop_reason","UNRESOLVED","UNRESOLVED_MISSING_STOP_REASON","UNCLASSIFIED","REVIEW_HOLD","VERIFY_CURRENT_EXCLUSION","Do not deindex automatically; compare source evidence, page uniqueness, GSC value, and replacement options."
"NCT01793350","https://clinicaltrialfailures.com/trial/NCT01793350","false","false","missing_stop_reason","UNRESOLVED","UNRESOLVED_MISSING_STOP_REASON","UNCLASSIFIED","REVIEW_HOLD","VERIFY_CURRENT_EXCLUSION","Do not deindex automatically; compare source evidence, page uniqueness, GSC value, and replacement options."
"NCT01795729","https://clinicaltrialfailures.com/trial/NCT01795729","false","false","missing_stop_reason","UNRESOLVED","UNRESOLVED_MISSING_STOP_REASON","UNCLASSIFIED","REVIEW_HOLD","VERIFY_CURRENT_EXCLUSION","Do not deindex automatically; compare source evidence, page uniqueness, GSC value, and replacement options."
"NCT01795950","https://clinicaltrialfailures.com/trial/NCT01795950","false","false","missing_stop_reason","UNRESOLVED","UNRESOLVED_MISSING_STOP_REASON","UNCLASSIFIED","REVIEW_HOLD","VERIFY_CURRENT_EXCLUSION","Do not deindex automatically; compare source evidence, page uniqueness, GSC value, and replacement options."
"NCT01796405","https://clinicaltrialfailures.com/trial/NCT01796405","false","false","missing_stop_reason","UNRESOLVED","UNRESOLVED_MISSING_STOP_REASON","UNCLASSIFIED","REVIEW_HOLD","VERIFY_CURRENT_EXCLUSION","Do not deindex automatically; compare source evidence, page uniqueness, GSC value, and replacement options."
"NCT01796444","https://clinicaltrialfailures.com/trial/NCT01796444","false","false","missing_stop_reason","UNRESOLVED","UNRESOLVED_MISSING_STOP_REASON","UNCLASSIFIED","REVIEW_HOLD","VERIFY_CURRENT_EXCLUSION","Do not deindex automatically; compare source evidence, page uniqueness, GSC value, and replacement options."
"NCT01801917","https://clinicaltrialfailures.com/trial/NCT01801917","false","false","missing_stop_reason","MIXED_CAUSES","MULTIPLE","DESCRIPTION_FALLBACK","REVIEW_HOLD","VERIFY_CURRENT_EXCLUSION","Do not deindex automatically; compare source evidence, page uniqueness, GSC value, and replacement options."
"NCT01803412","https://clinicaltrialfailures.com/trial/NCT01803412","false","false","missing_stop_reason","UNRESOLVED","UNRESOLVED_MISSING_STOP_REASON","UNCLASSIFIED","REVIEW_HOLD","VERIFY_CURRENT_EXCLUSION","Do not deindex automatically; compare source evidence, page uniqueness, GSC value, and replacement options."
"NCT01805817","https://clinicaltrialfailures.com/trial/NCT01805817","false","false","missing_stop_reason","UNRESOLVED","UNRESOLVED_MISSING_STOP_REASON","UNCLASSIFIED","REVIEW_HOLD","VERIFY_CURRENT_EXCLUSION","Do not deindex automatically; compare source evidence, page uniqueness, GSC value, and replacement options."
"NCT01805960","https://clinicaltrialfailures.com/trial/NCT01805960","false","false","missing_stop_reason","UNRESOLVED","UNRESOLVED_MISSING_STOP_REASON","UNCLASSIFIED","REVIEW_HOLD","VERIFY_CURRENT_EXCLUSION","Do not deindex automatically; compare source evidence, page uniqueness, GSC value, and replacement options."
"NCT01806610","https://clinicaltrialfailures.com/trial/NCT01806610","false","false","missing_stop_reason","UNRESOLVED","UNRESOLVED_MISSING_STOP_REASON","UNCLASSIFIED","REVIEW_HOLD","VERIFY_CURRENT_EXCLUSION","Do not deindex automatically; compare source evidence, page uniqueness, GSC value, and replacement options."
"NCT01809912","https://clinicaltrialfailures.com/trial/NCT01809912","false","false","missing_stop_reason","UNRESOLVED","UNRESOLVED_MISSING_STOP_REASON","UNCLASSIFIED","REVIEW_HOLD","VERIFY_CURRENT_EXCLUSION","Do not deindex automatically; compare source evidence, page uniqueness, GSC value, and replacement options."
"NCT01812213","https://clinicaltrialfailures.com/trial/NCT01812213","false","false","missing_stop_reason","UNRESOLVED","UNRESOLVED_MISSING_STOP_REASON","UNCLASSIFIED","REVIEW_HOLD","VERIFY_CURRENT_EXCLUSION","Do not deindex automatically; compare source evidence, page uniqueness, GSC value, and replacement options."
"NCT01812720","https://clinicaltrialfailures.com/trial/NCT01812720","false","false","missing_stop_reason","UNRESOLVED","UNRESOLVED_MISSING_STOP_REASON","UNCLASSIFIED","REVIEW_HOLD","VERIFY_CURRENT_EXCLUSION","Do not deindex automatically; compare source evidence, page uniqueness, GSC value, and replacement options."
"NCT01812759","https://clinicaltrialfailures.com/trial/NCT01812759","false","false","missing_stop_reason","UNRESOLVED","UNRESOLVED_MISSING_STOP_REASON","UNCLASSIFIED","REVIEW_HOLD","VERIFY_CURRENT_EXCLUSION","Do not deindex automatically; compare source evidence, page uniqueness, GSC value, and replacement options."
"NCT01813253","https://clinicaltrialfailures.com/trial/NCT01813253","false","false","missing_stop_reason","UNRESOLVED","UNRESOLVED_MISSING_STOP_REASON","UNCLASSIFIED","REVIEW_HOLD","VERIFY_CURRENT_EXCLUSION","Do not deindex automatically; compare source evidence, page uniqueness, GSC value, and replacement options."
"NCT01814059","https://clinicaltrialfailures.com/trial/NCT01814059","false","false","missing_stop_reason","UNRESOLVED","UNRESOLVED_MISSING_STOP_REASON","UNCLASSIFIED","REVIEW_HOLD","VERIFY_CURRENT_EXCLUSION","Do not deindex automatically; compare source evidence, page uniqueness, GSC value, and replacement options."
"NCT01815723","https://clinicaltrialfailures.com/trial/NCT01815723","false","false","missing_stop_reason","UNRESOLVED","UNRESOLVED_MISSING_STOP_REASON","UNCLASSIFIED","REVIEW_HOLD","VERIFY_CURRENT_EXCLUSION","Do not deindex automatically; compare source evidence, page uniqueness, GSC value, and replacement options."
"NCT01820091","https://clinicaltrialfailures.com/trial/NCT01820091","false","false","missing_stop_reason","UNRESOLVED","UNRESOLVED_MISSING_STOP_REASON","UNCLASSIFIED","REVIEW_HOLD","VERIFY_CURRENT_EXCLUSION","Do not deindex automatically; compare source evidence, page uniqueness, GSC value, and replacement options."
"NCT01821040","https://clinicaltrialfailures.com/trial/NCT01821040","false","false","missing_stop_reason","UNRESOLVED","UNRESOLVED_MISSING_STOP_REASON","UNCLASSIFIED","REVIEW_HOLD","VERIFY_CURRENT_EXCLUSION","Do not deindex automatically; compare source evidence, page uniqueness, GSC value, and replacement options."
"NCT01822496","https://clinicaltrialfailures.com/trial/NCT01822496","false","false","missing_stop_reason","UNRESOLVED","UNRESOLVED_MISSING_STOP_REASON","UNCLASSIFIED","REVIEW_HOLD","VERIFY_CURRENT_EXCLUSION","Do not deindex automatically; compare source evidence, page uniqueness, GSC value, and replacement options."
"NCT01822951","https://clinicaltrialfailures.com/trial/NCT01822951","false","false","missing_stop_reason","UNRESOLVED","UNRESOLVED_MISSING_STOP_REASON","UNCLASSIFIED","REVIEW_HOLD","VERIFY_CURRENT_EXCLUSION","Do not deindex automatically; compare source evidence, page uniqueness, GSC value, and replacement options."
"NCT01823848","https://clinicaltrialfailures.com/trial/NCT01823848","false","false","missing_stop_reason","UNRESOLVED","UNRESOLVED_MISSING_STOP_REASON","UNCLASSIFIED","REVIEW_HOLD","VERIFY_CURRENT_EXCLUSION","Do not deindex automatically; compare source evidence, page uniqueness, GSC value, and replacement options."
"NCT01826474","https://clinicaltrialfailures.com/trial/NCT01826474","false","false","missing_stop_reason","UNRESOLVED","UNRESOLVED_MISSING_STOP_REASON","UNCLASSIFIED","REVIEW_HOLD","VERIFY_CURRENT_EXCLUSION","Do not deindex automatically; compare source evidence, page uniqueness, GSC value, and replacement options."
"NCT01830270","https://clinicaltrialfailures.com/trial/NCT01830270","false","false","missing_stop_reason","UNRESOLVED","UNRESOLVED_MISSING_STOP_REASON","UNCLASSIFIED","REVIEW_HOLD","VERIFY_CURRENT_EXCLUSION","Do not deindex automatically; compare source evidence, page uniqueness, GSC value, and replacement options."
"NCT01830348","https://clinicaltrialfailures.com/trial/NCT01830348","false","false","missing_stop_reason","UNRESOLVED","UNRESOLVED_MISSING_STOP_REASON","UNCLASSIFIED","REVIEW_HOLD","VERIFY_CURRENT_EXCLUSION","Do not deindex automatically; compare source evidence, page uniqueness, GSC value, and replacement options."
"NCT01832857","https://clinicaltrialfailures.com/trial/NCT01832857","false","false","missing_stop_reason","NON_BIOLOGICAL","PROTOCOL_FEASIBILITY","DESCRIPTION_FALLBACK","REVIEW_HOLD","VERIFY_CURRENT_EXCLUSION","Do not deindex automatically; compare source evidence, page uniqueness, GSC value, and replacement options."
"NCT01835288","https://clinicaltrialfailures.com/trial/NCT01835288","false","false","missing_stop_reason","UNRESOLVED","UNRESOLVED_MISSING_STOP_REASON","UNCLASSIFIED","REVIEW_HOLD","VERIFY_CURRENT_EXCLUSION","Do not deindex automatically; compare source evidence, page uniqueness, GSC value, and replacement options."
"NCT01837927","https://clinicaltrialfailures.com/trial/NCT01837927","false","false","missing_stop_reason","UNRESOLVED","UNRESOLVED_MISSING_STOP_REASON","UNCLASSIFIED","REVIEW_HOLD","VERIFY_CURRENT_EXCLUSION","Do not deindex automatically; compare source evidence, page uniqueness, GSC value, and replacement options."
"NCT01840046","https://clinicaltrialfailures.com/trial/NCT01840046","false","false","missing_stop_reason","UNRESOLVED","UNRESOLVED_MISSING_STOP_REASON","UNCLASSIFIED","REVIEW_HOLD","VERIFY_CURRENT_EXCLUSION","Do not deindex automatically; compare source evidence, page uniqueness, GSC value, and replacement options."
"NCT01840085","https://clinicaltrialfailures.com/trial/NCT01840085","false","false","missing_stop_reason","UNRESOLVED","UNRESOLVED_MISSING_STOP_REASON","UNCLASSIFIED","REVIEW_HOLD","VERIFY_CURRENT_EXCLUSION","Do not deindex automatically; compare source evidence, page uniqueness, GSC value, and replacement options."
"NCT01841632","https://clinicaltrialfailures.com/trial/NCT01841632","false","false","missing_stop_reason","UNRESOLVED","UNRESOLVED_MISSING_STOP_REASON","UNCLASSIFIED","REVIEW_HOLD","VERIFY_CURRENT_EXCLUSION","Do not deindex automatically; compare source evidence, page uniqueness, GSC value, and replacement options."
"NCT01841684","https://clinicaltrialfailures.com/trial/NCT01841684","false","false","missing_stop_reason","UNRESOLVED","UNRESOLVED_MISSING_STOP_REASON","UNCLASSIFIED","REVIEW_HOLD","VERIFY_CURRENT_EXCLUSION","Do not deindex automatically; compare source evidence, page uniqueness, GSC value, and replacement options."
"NCT01842633","https://clinicaltrialfailures.com/trial/NCT01842633","false","false","missing_stop_reason","UNRESOLVED","UNRESOLVED_MISSING_STOP_REASON","UNCLASSIFIED","REVIEW_HOLD","VERIFY_CURRENT_EXCLUSION","Do not deindex automatically; compare source evidence, page uniqueness, GSC value, and replacement options."
"NCT01843998","https://clinicaltrialfailures.com/trial/NCT01843998","false","false","missing_stop_reason","UNRESOLVED","UNRESOLVED_MISSING_STOP_REASON","UNCLASSIFIED","REVIEW_HOLD","VERIFY_CURRENT_EXCLUSION","Do not deindex automatically; compare source evidence, page uniqueness, GSC value, and replacement options."
"NCT01845623","https://clinicaltrialfailures.com/trial/NCT01845623","false","false","missing_stop_reason","UNRESOLVED","UNRESOLVED_MISSING_STOP_REASON","UNCLASSIFIED","REVIEW_HOLD","VERIFY_CURRENT_EXCLUSION","Do not deindex automatically; compare source evidence, page uniqueness, GSC value, and replacement options."
"NCT01847339","https://clinicaltrialfailures.com/trial/NCT01847339","false","false","missing_stop_reason","UNRESOLVED","UNRESOLVED_MISSING_STOP_REASON","UNCLASSIFIED","REVIEW_HOLD","VERIFY_CURRENT_EXCLUSION","Do not deindex automatically; compare source evidence, page uniqueness, GSC value, and replacement options."
"NCT01847677","https://clinicaltrialfailures.com/trial/NCT01847677","false","false","missing_stop_reason","UNRESOLVED","UNRESOLVED_MISSING_STOP_REASON","UNCLASSIFIED","REVIEW_HOLD","VERIFY_CURRENT_EXCLUSION","Do not deindex automatically; compare source evidence, page uniqueness, GSC value, and replacement options."
"NCT01849159","https://clinicaltrialfailures.com/trial/NCT01849159","false","false","missing_stop_reason","UNRESOLVED","UNRESOLVED_MISSING_STOP_REASON","UNCLASSIFIED","REVIEW_HOLD","VERIFY_CURRENT_EXCLUSION","Do not deindex automatically; compare source evidence, page uniqueness, GSC value, and replacement options."
"NCT01849965","https://clinicaltrialfailures.com/trial/NCT01849965","false","false","missing_stop_reason","UNRESOLVED","UNRESOLVED_MISSING_STOP_REASON","UNCLASSIFIED","REVIEW_HOLD","VERIFY_CURRENT_EXCLUSION","Do not deindex automatically; compare source evidence, page uniqueness, GSC value, and replacement options."
"NCT01852292","https://clinicaltrialfailures.com/trial/NCT01852292","false","false","missing_stop_reason","UNRESOLVED","UNRESOLVED_MISSING_STOP_REASON","UNCLASSIFIED","REVIEW_HOLD","VERIFY_CURRENT_EXCLUSION","Do not deindex automatically; compare source evidence, page uniqueness, GSC value, and replacement options."
"NCT01854723","https://clinicaltrialfailures.com/trial/NCT01854723","false","false","missing_stop_reason","UNRESOLVED","UNRESOLVED_MISSING_STOP_REASON","UNCLASSIFIED","REVIEW_HOLD","VERIFY_CURRENT_EXCLUSION","Do not deindex automatically; compare source evidence, page uniqueness, GSC value, and replacement options."
"NCT01855724","https://clinicaltrialfailures.com/trial/NCT01855724","false","false","missing_stop_reason","UNRESOLVED","UNRESOLVED_MISSING_STOP_REASON","UNCLASSIFIED","REVIEW_HOLD","VERIFY_CURRENT_EXCLUSION","Do not deindex automatically; compare source evidence, page uniqueness, GSC value, and replacement options."
"NCT01856517","https://clinicaltrialfailures.com/trial/NCT01856517","false","false","missing_stop_reason","UNRESOLVED","UNRESOLVED_MISSING_STOP_REASON","UNCLASSIFIED","REVIEW_HOLD","VERIFY_CURRENT_EXCLUSION","Do not deindex automatically; compare source evidence, page uniqueness, GSC value, and replacement options."
"NCT01860742","https://clinicaltrialfailures.com/trial/NCT01860742","false","false","missing_stop_reason","UNRESOLVED","UNRESOLVED_MISSING_STOP_REASON","UNCLASSIFIED","REVIEW_HOLD","VERIFY_CURRENT_EXCLUSION","Do not deindex automatically; compare source evidence, page uniqueness, GSC value, and replacement options."
"NCT01861301","https://clinicaltrialfailures.com/trial/NCT01861301","false","false","missing_stop_reason","UNRESOLVED","UNRESOLVED_MISSING_STOP_REASON","UNCLASSIFIED","REVIEW_HOLD","VERIFY_CURRENT_EXCLUSION","Do not deindex automatically; compare source evidence, page uniqueness, GSC value, and replacement options."
"NCT01862263","https://clinicaltrialfailures.com/trial/NCT01862263","false","false","missing_stop_reason","UNRESOLVED","UNRESOLVED_MISSING_STOP_REASON","UNCLASSIFIED","REVIEW_HOLD","VERIFY_CURRENT_EXCLUSION","Do not deindex automatically; compare source evidence, page uniqueness, GSC value, and replacement options."
"NCT01863225","https://clinicaltrialfailures.com/trial/NCT01863225","false","false","missing_stop_reason","UNRESOLVED","UNRESOLVED_MISSING_STOP_REASON","UNCLASSIFIED","REVIEW_HOLD","VERIFY_CURRENT_EXCLUSION","Do not deindex automatically; compare source evidence, page uniqueness, GSC value, and replacement options."
"NCT01863667","https://clinicaltrialfailures.com/trial/NCT01863667","false","false","missing_stop_reason","UNRESOLVED","UNRESOLVED_MISSING_STOP_REASON","UNCLASSIFIED","REVIEW_HOLD","VERIFY_CURRENT_EXCLUSION","Do not deindex automatically; compare source evidence, page uniqueness, GSC value, and replacement options."
"NCT01866943","https://clinicaltrialfailures.com/trial/NCT01866943","false","false","missing_stop_reason","UNRESOLVED","UNRESOLVED_MISSING_STOP_REASON","UNCLASSIFIED","REVIEW_HOLD","VERIFY_CURRENT_EXCLUSION","Do not deindex automatically; compare source evidence, page uniqueness, GSC value, and replacement options."
"NCT01868048","https://clinicaltrialfailures.com/trial/NCT01868048","false","false","missing_stop_reason","UNRESOLVED","UNRESOLVED_MISSING_STOP_REASON","UNCLASSIFIED","REVIEW_HOLD","VERIFY_CURRENT_EXCLUSION","Do not deindex automatically; compare source evidence, page uniqueness, GSC value, and replacement options."
"NCT01868685","https://clinicaltrialfailures.com/trial/NCT01868685","false","false","missing_stop_reason","UNRESOLVED","UNRESOLVED_MISSING_STOP_REASON","UNCLASSIFIED","REVIEW_HOLD","VERIFY_CURRENT_EXCLUSION","Do not deindex automatically; compare source evidence, page uniqueness, GSC value, and replacement options."
"NCT01870687","https://clinicaltrialfailures.com/trial/NCT01870687","false","false","missing_stop_reason","UNRESOLVED","UNRESOLVED_MISSING_STOP_REASON","UNCLASSIFIED","REVIEW_HOLD","VERIFY_CURRENT_EXCLUSION","Do not deindex automatically; compare source evidence, page uniqueness, GSC value, and replacement options."
"NCT01870726","https://clinicaltrialfailures.com/trial/NCT01870726","false","false","missing_stop_reason","UNRESOLVED","UNRESOLVED_MISSING_STOP_REASON","UNCLASSIFIED","REVIEW_HOLD","VERIFY_CURRENT_EXCLUSION","Do not deindex automatically; compare source evidence, page uniqueness, GSC value, and replacement options."
"NCT01871662","https://clinicaltrialfailures.com/trial/NCT01871662","false","false","missing_stop_reason","UNRESOLVED","UNRESOLVED_MISSING_STOP_REASON","UNCLASSIFIED","REVIEW_HOLD","VERIFY_CURRENT_EXCLUSION","Do not deindex automatically; compare source evidence, page uniqueness, GSC value, and replacement options."
"NCT01872182","https://clinicaltrialfailures.com/trial/NCT01872182","false","false","missing_stop_reason","UNRESOLVED","UNRESOLVED_MISSING_STOP_REASON","UNCLASSIFIED","REVIEW_HOLD","VERIFY_CURRENT_EXCLUSION","Do not deindex automatically; compare source evidence, page uniqueness, GSC value, and replacement options."
"NCT01873495","https://clinicaltrialfailures.com/trial/NCT01873495","false","false","missing_stop_reason","UNRESOLVED","UNRESOLVED_MISSING_STOP_REASON","UNCLASSIFIED","REVIEW_HOLD","VERIFY_CURRENT_EXCLUSION","Do not deindex automatically; compare source evidence, page uniqueness, GSC value, and replacement options."
"NCT01875237","https://clinicaltrialfailures.com/trial/NCT01875237","false","false","missing_stop_reason","UNRESOLVED","UNRESOLVED_MISSING_STOP_REASON","UNCLASSIFIED","REVIEW_HOLD","VERIFY_CURRENT_EXCLUSION","Do not deindex automatically; compare source evidence, page uniqueness, GSC value, and replacement options."
"NCT01875653","https://clinicaltrialfailures.com/trial/NCT01875653","false","false","missing_stop_reason","UNRESOLVED","UNRESOLVED_MISSING_STOP_REASON","UNCLASSIFIED","REVIEW_HOLD","VERIFY_CURRENT_EXCLUSION","Do not deindex automatically; compare source evidence, page uniqueness, GSC value, and replacement options."
"NCT01876043","https://clinicaltrialfailures.com/trial/NCT01876043","false","false","missing_stop_reason","UNRESOLVED","UNRESOLVED_MISSING_STOP_REASON","UNCLASSIFIED","REVIEW_HOLD","VERIFY_CURRENT_EXCLUSION","Do not deindex automatically; compare source evidence, page uniqueness, GSC value, and replacement options."
"NCT01878318","https://clinicaltrialfailures.com/trial/NCT01878318","false","false","missing_stop_reason","UNRESOLVED","UNRESOLVED_MISSING_STOP_REASON","UNCLASSIFIED","REVIEW_HOLD","VERIFY_CURRENT_EXCLUSION","Do not deindex automatically; compare source evidence, page uniqueness, GSC value, and replacement options."
"NCT01880437","https://clinicaltrialfailures.com/trial/NCT01880437","false","false","missing_stop_reason","UNRESOLVED","UNRESOLVED_MISSING_STOP_REASON","UNCLASSIFIED","REVIEW_HOLD","VERIFY_CURRENT_EXCLUSION","Do not deindex automatically; compare source evidence, page uniqueness, GSC value, and replacement options."
"NCT01884038","https://clinicaltrialfailures.com/trial/NCT01884038","false","false","missing_stop_reason","UNRESOLVED","UNRESOLVED_MISSING_STOP_REASON","UNCLASSIFIED","REVIEW_HOLD","VERIFY_CURRENT_EXCLUSION","Do not deindex automatically; compare source evidence, page uniqueness, GSC value, and replacement options."
"NCT01884675","https://clinicaltrialfailures.com/trial/NCT01884675","false","false","missing_stop_reason","UNRESOLVED","UNRESOLVED_MISSING_STOP_REASON","UNCLASSIFIED","REVIEW_HOLD","VERIFY_CURRENT_EXCLUSION","Do not deindex automatically; compare source evidence, page uniqueness, GSC value, and replacement options."
"NCT01886313","https://clinicaltrialfailures.com/trial/NCT01886313","false","false","missing_stop_reason","UNRESOLVED","UNRESOLVED_MISSING_STOP_REASON","UNCLASSIFIED","REVIEW_HOLD","VERIFY_CURRENT_EXCLUSION","Do not deindex automatically; compare source evidence, page uniqueness, GSC value, and replacement options."
"NCT01886573","https://clinicaltrialfailures.com/trial/NCT01886573","false","false","missing_stop_reason","UNRESOLVED","UNRESOLVED_MISSING_STOP_REASON","UNCLASSIFIED","REVIEW_HOLD","VERIFY_CURRENT_EXCLUSION","Do not deindex automatically; compare source evidence, page uniqueness, GSC value, and replacement options."
"NCT01887132","https://clinicaltrialfailures.com/trial/NCT01887132","false","false","missing_stop_reason","UNRESOLVED","UNRESOLVED_MISSING_STOP_REASON","UNCLASSIFIED","REVIEW_HOLD","VERIFY_CURRENT_EXCLUSION","Do not deindex automatically; compare source evidence, page uniqueness, GSC value, and replacement options."
"NCT01887691","https://clinicaltrialfailures.com/trial/NCT01887691","false","false","missing_stop_reason","UNRESOLVED","UNRESOLVED_MISSING_STOP_REASON","UNCLASSIFIED","REVIEW_HOLD","VERIFY_CURRENT_EXCLUSION","Do not deindex automatically; compare source evidence, page uniqueness, GSC value, and replacement options."
"NCT01888003","https://clinicaltrialfailures.com/trial/NCT01888003","false","false","missing_stop_reason","UNRESOLVED","UNRESOLVED_MISSING_STOP_REASON","UNCLASSIFIED","REVIEW_HOLD","VERIFY_CURRENT_EXCLUSION","Do not deindex automatically; compare source evidence, page uniqueness, GSC value, and replacement options."
"NCT01888042","https://clinicaltrialfailures.com/trial/NCT01888042","false","false","missing_stop_reason","UNRESOLVED","UNRESOLVED_MISSING_STOP_REASON","UNCLASSIFIED","REVIEW_HOLD","VERIFY_CURRENT_EXCLUSION","Do not deindex automatically; compare source evidence, page uniqueness, GSC value, and replacement options."
"NCT01888822","https://clinicaltrialfailures.com/trial/NCT01888822","false","false","missing_stop_reason","UNRESOLVED","UNRESOLVED_MISSING_STOP_REASON","UNCLASSIFIED","REVIEW_HOLD","VERIFY_CURRENT_EXCLUSION","Do not deindex automatically; compare source evidence, page uniqueness, GSC value, and replacement options."
"NCT01890200","https://clinicaltrialfailures.com/trial/NCT01890200","false","false","missing_stop_reason","UNRESOLVED","UNRESOLVED_MISSING_STOP_REASON","UNCLASSIFIED","REVIEW_HOLD","VERIFY_CURRENT_EXCLUSION","Do not deindex automatically; compare source evidence, page uniqueness, GSC value, and replacement options."
"NCT01890694","https://clinicaltrialfailures.com/trial/NCT01890694","false","false","missing_stop_reason","UNRESOLVED","UNRESOLVED_MISSING_STOP_REASON","UNCLASSIFIED","REVIEW_HOLD","VERIFY_CURRENT_EXCLUSION","Do not deindex automatically; compare source evidence, page uniqueness, GSC value, and replacement options."
"NCT01892345","https://clinicaltrialfailures.com/trial/NCT01892345","false","false","missing_stop_reason","UNRESOLVED","UNRESOLVED_MISSING_STOP_REASON","UNCLASSIFIED","REVIEW_HOLD","VERIFY_CURRENT_EXCLUSION","Do not deindex automatically; compare source evidence, page uniqueness, GSC value, and replacement options."
"NCT01893242","https://clinicaltrialfailures.com/trial/NCT01893242","false","false","missing_stop_reason","UNRESOLVED","UNRESOLVED_MISSING_STOP_REASON","UNCLASSIFIED","REVIEW_HOLD","VERIFY_CURRENT_EXCLUSION","Do not deindex automatically; compare source evidence, page uniqueness, GSC value, and replacement options."
"NCT01893359","https://clinicaltrialfailures.com/trial/NCT01893359","false","false","missing_stop_reason","UNRESOLVED","UNRESOLVED_MISSING_STOP_REASON","UNCLASSIFIED","REVIEW_HOLD","VERIFY_CURRENT_EXCLUSION","Do not deindex automatically; compare source evidence, page uniqueness, GSC value, and replacement options."
"NCT01893385","https://clinicaltrialfailures.com/trial/NCT01893385","false","false","missing_stop_reason","UNRESOLVED","UNRESOLVED_MISSING_STOP_REASON","UNCLASSIFIED","REVIEW_HOLD","VERIFY_CURRENT_EXCLUSION","Do not deindex automatically; compare source evidence, page uniqueness, GSC value, and replacement options."
"NCT01894022","https://clinicaltrialfailures.com/trial/NCT01894022","false","false","missing_stop_reason","UNRESOLVED","UNRESOLVED_MISSING_STOP_REASON","UNCLASSIFIED","REVIEW_HOLD","VERIFY_CURRENT_EXCLUSION","Do not deindex automatically; compare source evidence, page uniqueness, GSC value, and replacement options."
"NCT01898273","https://clinicaltrialfailures.com/trial/NCT01898273","false","false","missing_stop_reason","UNRESOLVED","UNRESOLVED_MISSING_STOP_REASON","UNCLASSIFIED","REVIEW_HOLD","VERIFY_CURRENT_EXCLUSION","Do not deindex automatically; compare source evidence, page uniqueness, GSC value, and replacement options."
"NCT01898598","https://clinicaltrialfailures.com/trial/NCT01898598","false","false","missing_stop_reason","UNRESOLVED","UNRESOLVED_MISSING_STOP_REASON","UNCLASSIFIED","REVIEW_HOLD","VERIFY_CURRENT_EXCLUSION","Do not deindex automatically; compare source evidence, page uniqueness, GSC value, and replacement options."
"NCT01901471","https://clinicaltrialfailures.com/trial/NCT01901471","false","false","missing_stop_reason","UNRESOLVED","UNRESOLVED_MISSING_STOP_REASON","UNCLASSIFIED","REVIEW_HOLD","VERIFY_CURRENT_EXCLUSION","Do not deindex automatically; compare source evidence, page uniqueness, GSC value, and replacement options."
"NCT01906073","https://clinicaltrialfailures.com/trial/NCT01906073","false","false","missing_stop_reason","UNRESOLVED","UNRESOLVED_MISSING_STOP_REASON","UNCLASSIFIED","REVIEW_HOLD","VERIFY_CURRENT_EXCLUSION","Do not deindex automatically; compare source evidence, page uniqueness, GSC value, and replacement options."
"NCT01907100","https://clinicaltrialfailures.com/trial/NCT01907100","false","false","missing_stop_reason","UNRESOLVED","UNRESOLVED_MISSING_STOP_REASON","UNCLASSIFIED","REVIEW_HOLD","VERIFY_CURRENT_EXCLUSION","Do not deindex automatically; compare source evidence, page uniqueness, GSC value, and replacement options."
"NCT01907191","https://clinicaltrialfailures.com/trial/NCT01907191","false","false","missing_stop_reason","UNRESOLVED","UNRESOLVED_MISSING_STOP_REASON","UNCLASSIFIED","REVIEW_HOLD","VERIFY_CURRENT_EXCLUSION","Do not deindex automatically; compare source evidence, page uniqueness, GSC value, and replacement options."
"NCT01907763","https://clinicaltrialfailures.com/trial/NCT01907763","false","false","missing_stop_reason","UNRESOLVED","UNRESOLVED_MISSING_STOP_REASON","UNCLASSIFIED","REVIEW_HOLD","VERIFY_CURRENT_EXCLUSION","Do not deindex automatically; compare source evidence, page uniqueness, GSC value, and replacement options."
"NCT01907802","https://clinicaltrialfailures.com/trial/NCT01907802","false","false","missing_stop_reason","UNRESOLVED","UNRESOLVED_MISSING_STOP_REASON","UNCLASSIFIED","REVIEW_HOLD","VERIFY_CURRENT_EXCLUSION","Do not deindex automatically; compare source evidence, page uniqueness, GSC value, and replacement options."
"NCT01908192","https://clinicaltrialfailures.com/trial/NCT01908192","false","false","missing_stop_reason","UNRESOLVED","UNRESOLVED_MISSING_STOP_REASON","UNCLASSIFIED","REVIEW_HOLD","VERIFY_CURRENT_EXCLUSION","Do not deindex automatically; compare source evidence, page uniqueness, GSC value, and replacement options."
"NCT01908413","https://clinicaltrialfailures.com/trial/NCT01908413","false","false","missing_stop_reason","UNRESOLVED","UNRESOLVED_MISSING_STOP_REASON","UNCLASSIFIED","REVIEW_HOLD","VERIFY_CURRENT_EXCLUSION","Do not deindex automatically; compare source evidence, page uniqueness, GSC value, and replacement options."
"NCT01909414","https://clinicaltrialfailures.com/trial/NCT01909414","false","false","missing_stop_reason","UNRESOLVED","UNRESOLVED_MISSING_STOP_REASON","UNCLASSIFIED","REVIEW_HOLD","VERIFY_CURRENT_EXCLUSION","Do not deindex automatically; compare source evidence, page uniqueness, GSC value, and replacement options."
"NCT01913483","https://clinicaltrialfailures.com/trial/NCT01913483","false","false","missing_stop_reason","UNRESOLVED","UNRESOLVED_MISSING_STOP_REASON","UNCLASSIFIED","REVIEW_HOLD","VERIFY_CURRENT_EXCLUSION","Do not deindex automatically; compare source evidence, page uniqueness, GSC value, and replacement options."
"NCT01913691","https://clinicaltrialfailures.com/trial/NCT01913691","false","false","missing_stop_reason","UNRESOLVED","UNRESOLVED_MISSING_STOP_REASON","UNCLASSIFIED","REVIEW_HOLD","VERIFY_CURRENT_EXCLUSION","Do not deindex automatically; compare source evidence, page uniqueness, GSC value, and replacement options."
"NCT01913912","https://clinicaltrialfailures.com/trial/NCT01913912","false","false","missing_stop_reason","UNRESOLVED","UNRESOLVED_MISSING_STOP_REASON","UNCLASSIFIED","REVIEW_HOLD","VERIFY_CURRENT_EXCLUSION","Do not deindex automatically; compare source evidence, page uniqueness, GSC value, and replacement options."
"NCT01915303","https://clinicaltrialfailures.com/trial/NCT01915303","false","false","missing_stop_reason","UNRESOLVED","UNRESOLVED_MISSING_STOP_REASON","UNCLASSIFIED","REVIEW_HOLD","VERIFY_CURRENT_EXCLUSION","Do not deindex automatically; compare source evidence, page uniqueness, GSC value, and replacement options."
"NCT01922141","https://clinicaltrialfailures.com/trial/NCT01922141","false","false","missing_stop_reason","UNRESOLVED","UNRESOLVED_MISSING_STOP_REASON","UNCLASSIFIED","REVIEW_HOLD","VERIFY_CURRENT_EXCLUSION","Do not deindex automatically; compare source evidence, page uniqueness, GSC value, and replacement options."
"NCT01922427","https://clinicaltrialfailures.com/trial/NCT01922427","false","false","missing_stop_reason","UNRESOLVED","UNRESOLVED_MISSING_STOP_REASON","UNCLASSIFIED","REVIEW_HOLD","VERIFY_CURRENT_EXCLUSION","Do not deindex automatically; compare source evidence, page uniqueness, GSC value, and replacement options."
"NCT01923142","https://clinicaltrialfailures.com/trial/NCT01923142","false","false","missing_stop_reason","UNRESOLVED","UNRESOLVED_MISSING_STOP_REASON","UNCLASSIFIED","REVIEW_HOLD","VERIFY_CURRENT_EXCLUSION","Do not deindex automatically; compare source evidence, page uniqueness, GSC value, and replacement options."
"NCT01923311","https://clinicaltrialfailures.com/trial/NCT01923311","false","false","missing_stop_reason","UNRESOLVED","UNRESOLVED_MISSING_STOP_REASON","UNCLASSIFIED","REVIEW_HOLD","VERIFY_CURRENT_EXCLUSION","Do not deindex automatically; compare source evidence, page uniqueness, GSC value, and replacement options."
"NCT01923480","https://clinicaltrialfailures.com/trial/NCT01923480","false","false","missing_stop_reason","UNRESOLVED","UNRESOLVED_MISSING_STOP_REASON","UNCLASSIFIED","REVIEW_HOLD","VERIFY_CURRENT_EXCLUSION","Do not deindex automatically; compare source evidence, page uniqueness, GSC value, and replacement options."
"NCT01925300","https://clinicaltrialfailures.com/trial/NCT01925300","false","false","missing_stop_reason","UNRESOLVED","UNRESOLVED_MISSING_STOP_REASON","UNCLASSIFIED","REVIEW_HOLD","VERIFY_CURRENT_EXCLUSION","Do not deindex automatically; compare source evidence, page uniqueness, GSC value, and replacement options."
"NCT01926002","https://clinicaltrialfailures.com/trial/NCT01926002","false","false","missing_stop_reason","UNRESOLVED","UNRESOLVED_MISSING_STOP_REASON","UNCLASSIFIED","REVIEW_HOLD","VERIFY_CURRENT_EXCLUSION","Do not deindex automatically; compare source evidence, page uniqueness, GSC value, and replacement options."
"NCT01927835","https://clinicaltrialfailures.com/trial/NCT01927835","false","false","missing_stop_reason","UNRESOLVED","UNRESOLVED_MISSING_STOP_REASON","UNCLASSIFIED","REVIEW_HOLD","VERIFY_CURRENT_EXCLUSION","Do not deindex automatically; compare source evidence, page uniqueness, GSC value, and replacement options."
"NCT01929317","https://clinicaltrialfailures.com/trial/NCT01929317","false","false","missing_stop_reason","UNRESOLVED","UNRESOLVED_MISSING_STOP_REASON","UNCLASSIFIED","REVIEW_HOLD","VERIFY_CURRENT_EXCLUSION","Do not deindex automatically; compare source evidence, page uniqueness, GSC value, and replacement options."
"NCT01934192","https://clinicaltrialfailures.com/trial/NCT01934192","false","false","missing_stop_reason","UNRESOLVED","UNRESOLVED_MISSING_STOP_REASON","UNCLASSIFIED","REVIEW_HOLD","VERIFY_CURRENT_EXCLUSION","Do not deindex automatically; compare source evidence, page uniqueness, GSC value, and replacement options."
"NCT01934647","https://clinicaltrialfailures.com/trial/NCT01934647","false","false","missing_stop_reason","UNRESOLVED","UNRESOLVED_MISSING_STOP_REASON","UNCLASSIFIED","REVIEW_HOLD","VERIFY_CURRENT_EXCLUSION","Do not deindex automatically; compare source evidence, page uniqueness, GSC value, and replacement options."
"NCT01935947","https://clinicaltrialfailures.com/trial/NCT01935947","false","false","missing_stop_reason","UNRESOLVED","UNRESOLVED_MISSING_STOP_REASON","UNCLASSIFIED","REVIEW_HOLD","VERIFY_CURRENT_EXCLUSION","Do not deindex automatically; compare source evidence, page uniqueness, GSC value, and replacement options."
"NCT01936688","https://clinicaltrialfailures.com/trial/NCT01936688","false","false","missing_stop_reason","UNRESOLVED","UNRESOLVED_MISSING_STOP_REASON","UNCLASSIFIED","REVIEW_HOLD","VERIFY_CURRENT_EXCLUSION","Do not deindex automatically; compare source evidence, page uniqueness, GSC value, and replacement options."
"NCT01938144","https://clinicaltrialfailures.com/trial/NCT01938144","false","false","missing_stop_reason","UNRESOLVED","UNRESOLVED_MISSING_STOP_REASON","UNCLASSIFIED","REVIEW_HOLD","VERIFY_CURRENT_EXCLUSION","Do not deindex automatically; compare source evidence, page uniqueness, GSC value, and replacement options."
"NCT01939223","https://clinicaltrialfailures.com/trial/NCT01939223","false","false","missing_stop_reason","UNRESOLVED","UNRESOLVED_MISSING_STOP_REASON","UNCLASSIFIED","REVIEW_HOLD","VERIFY_CURRENT_EXCLUSION","Do not deindex automatically; compare source evidence, page uniqueness, GSC value, and replacement options."
"NCT01940601","https://clinicaltrialfailures.com/trial/NCT01940601","false","false","missing_stop_reason","UNRESOLVED","UNRESOLVED_MISSING_STOP_REASON","UNCLASSIFIED","REVIEW_HOLD","VERIFY_CURRENT_EXCLUSION","Do not deindex automatically; compare source evidence, page uniqueness, GSC value, and replacement options."
"NCT01940887","https://clinicaltrialfailures.com/trial/NCT01940887","false","false","missing_stop_reason","UNRESOLVED","UNRESOLVED_MISSING_STOP_REASON","UNCLASSIFIED","REVIEW_HOLD","VERIFY_CURRENT_EXCLUSION","Do not deindex automatically; compare source evidence, page uniqueness, GSC value, and replacement options."
"NCT01940900","https://clinicaltrialfailures.com/trial/NCT01940900","false","false","missing_stop_reason","UNRESOLVED","UNRESOLVED_MISSING_STOP_REASON","UNCLASSIFIED","REVIEW_HOLD","VERIFY_CURRENT_EXCLUSION","Do not deindex automatically; compare source evidence, page uniqueness, GSC value, and replacement options."
"NCT01941004","https://clinicaltrialfailures.com/trial/NCT01941004","false","false","missing_stop_reason","UNRESOLVED","UNRESOLVED_MISSING_STOP_REASON","UNCLASSIFIED","REVIEW_HOLD","VERIFY_CURRENT_EXCLUSION","Do not deindex automatically; compare source evidence, page uniqueness, GSC value, and replacement options."
"NCT01941615","https://clinicaltrialfailures.com/trial/NCT01941615","false","false","missing_stop_reason","UNRESOLVED","UNRESOLVED_MISSING_STOP_REASON","UNCLASSIFIED","REVIEW_HOLD","VERIFY_CURRENT_EXCLUSION","Do not deindex automatically; compare source evidence, page uniqueness, GSC value, and replacement options."
"NCT01943188","https://clinicaltrialfailures.com/trial/NCT01943188","false","false","missing_stop_reason","UNRESOLVED","UNRESOLVED_MISSING_STOP_REASON","UNCLASSIFIED","REVIEW_HOLD","VERIFY_CURRENT_EXCLUSION","Do not deindex automatically; compare source evidence, page uniqueness, GSC value, and replacement options."
"NCT01944839","https://clinicaltrialfailures.com/trial/NCT01944839","false","false","missing_stop_reason","UNRESOLVED","UNRESOLVED_MISSING_STOP_REASON","UNCLASSIFIED","REVIEW_HOLD","VERIFY_CURRENT_EXCLUSION","Do not deindex automatically; compare source evidence, page uniqueness, GSC value, and replacement options."
"NCT01948297","https://clinicaltrialfailures.com/trial/NCT01948297","false","false","missing_stop_reason","UNRESOLVED","UNRESOLVED_MISSING_STOP_REASON","UNCLASSIFIED","REVIEW_HOLD","VERIFY_CURRENT_EXCLUSION","Do not deindex automatically; compare source evidence, page uniqueness, GSC value, and replacement options."
"NCT01948817","https://clinicaltrialfailures.com/trial/NCT01948817","false","false","missing_stop_reason","UNRESOLVED","UNRESOLVED_MISSING_STOP_REASON","UNCLASSIFIED","REVIEW_HOLD","VERIFY_CURRENT_EXCLUSION","Do not deindex automatically; compare source evidence, page uniqueness, GSC value, and replacement options."
"NCT01950585","https://clinicaltrialfailures.com/trial/NCT01950585","false","false","missing_stop_reason","UNRESOLVED","UNRESOLVED_MISSING_STOP_REASON","UNCLASSIFIED","REVIEW_HOLD","VERIFY_CURRENT_EXCLUSION","Do not deindex automatically; compare source evidence, page uniqueness, GSC value, and replacement options."
"NCT01951716","https://clinicaltrialfailures.com/trial/NCT01951716","false","false","missing_stop_reason","UNRESOLVED","UNRESOLVED_MISSING_STOP_REASON","UNCLASSIFIED","REVIEW_HOLD","VERIFY_CURRENT_EXCLUSION","Do not deindex automatically; compare source evidence, page uniqueness, GSC value, and replacement options."
"NCT01952054","https://clinicaltrialfailures.com/trial/NCT01952054","false","false","missing_stop_reason","UNRESOLVED","UNRESOLVED_MISSING_STOP_REASON","UNCLASSIFIED","REVIEW_HOLD","VERIFY_CURRENT_EXCLUSION","Do not deindex automatically; compare source evidence, page uniqueness, GSC value, and replacement options."
"NCT01953601","https://clinicaltrialfailures.com/trial/NCT01953601","false","false","missing_stop_reason","UNRESOLVED","UNRESOLVED_MISSING_STOP_REASON","UNCLASSIFIED","REVIEW_HOLD","VERIFY_CURRENT_EXCLUSION","Do not deindex automatically; compare source evidence, page uniqueness, GSC value, and replacement options."
"NCT01955616","https://clinicaltrialfailures.com/trial/NCT01955616","false","false","missing_stop_reason","UNRESOLVED","UNRESOLVED_MISSING_STOP_REASON","UNCLASSIFIED","REVIEW_HOLD","VERIFY_CURRENT_EXCLUSION","Do not deindex automatically; compare source evidence, page uniqueness, GSC value, and replacement options."
"NCT01957059","https://clinicaltrialfailures.com/trial/NCT01957059","false","false","missing_stop_reason","UNRESOLVED","UNRESOLVED_MISSING_STOP_REASON","UNCLASSIFIED","REVIEW_HOLD","VERIFY_CURRENT_EXCLUSION","Do not deindex automatically; compare source evidence, page uniqueness, GSC value, and replacement options."
"NCT01957644","https://clinicaltrialfailures.com/trial/NCT01957644","false","false","missing_stop_reason","UNRESOLVED","UNRESOLVED_MISSING_STOP_REASON","UNCLASSIFIED","REVIEW_HOLD","VERIFY_CURRENT_EXCLUSION","Do not deindex automatically; compare source evidence, page uniqueness, GSC value, and replacement options."
"NCT01957657","https://clinicaltrialfailures.com/trial/NCT01957657","false","false","missing_stop_reason","UNRESOLVED","UNRESOLVED_MISSING_STOP_REASON","UNCLASSIFIED","REVIEW_HOLD","VERIFY_CURRENT_EXCLUSION","Do not deindex automatically; compare source evidence, page uniqueness, GSC value, and replacement options."
"NCT01958060","https://clinicaltrialfailures.com/trial/NCT01958060","false","false","missing_stop_reason","UNRESOLVED","UNRESOLVED_MISSING_STOP_REASON","UNCLASSIFIED","REVIEW_HOLD","VERIFY_CURRENT_EXCLUSION","Do not deindex automatically; compare source evidence, page uniqueness, GSC value, and replacement options."
"NCT01961804","https://clinicaltrialfailures.com/trial/NCT01961804","false","false","missing_stop_reason","UNRESOLVED","UNRESOLVED_MISSING_STOP_REASON","UNCLASSIFIED","REVIEW_HOLD","VERIFY_CURRENT_EXCLUSION","Do not deindex automatically; compare source evidence, page uniqueness, GSC value, and replacement options."
"NCT01963715","https://clinicaltrialfailures.com/trial/NCT01963715","false","false","missing_stop_reason","UNRESOLVED","UNRESOLVED_MISSING_STOP_REASON","UNCLASSIFIED","REVIEW_HOLD","VERIFY_CURRENT_EXCLUSION","Do not deindex automatically; compare source evidence, page uniqueness, GSC value, and replacement options."
"NCT01964937","https://clinicaltrialfailures.com/trial/NCT01964937","false","false","missing_stop_reason","UNRESOLVED","UNRESOLVED_MISSING_STOP_REASON","UNCLASSIFIED","REVIEW_HOLD","VERIFY_CURRENT_EXCLUSION","Do not deindex automatically; compare source evidence, page uniqueness, GSC value, and replacement options."
"NCT01965145","https://clinicaltrialfailures.com/trial/NCT01965145","false","false","missing_stop_reason","UNRESOLVED","UNRESOLVED_MISSING_STOP_REASON","UNCLASSIFIED","REVIEW_HOLD","VERIFY_CURRENT_EXCLUSION","Do not deindex automatically; compare source evidence, page uniqueness, GSC value, and replacement options."
"NCT01965301","https://clinicaltrialfailures.com/trial/NCT01965301","false","false","missing_stop_reason","UNRESOLVED","UNRESOLVED_MISSING_STOP_REASON","UNCLASSIFIED","REVIEW_HOLD","VERIFY_CURRENT_EXCLUSION","Do not deindex automatically; compare source evidence, page uniqueness, GSC value, and replacement options."
"NCT01967251","https://clinicaltrialfailures.com/trial/NCT01967251","false","false","missing_stop_reason","UNRESOLVED","UNRESOLVED_MISSING_STOP_REASON","UNCLASSIFIED","REVIEW_HOLD","VERIFY_CURRENT_EXCLUSION","Do not deindex automatically; compare source evidence, page uniqueness, GSC value, and replacement options."
"NCT01969474","https://clinicaltrialfailures.com/trial/NCT01969474","false","false","missing_stop_reason","UNRESOLVED","UNRESOLVED_MISSING_STOP_REASON","UNCLASSIFIED","REVIEW_HOLD","VERIFY_CURRENT_EXCLUSION","Do not deindex automatically; compare source evidence, page uniqueness, GSC value, and replacement options."
"NCT01969539","https://clinicaltrialfailures.com/trial/NCT01969539","false","false","missing_stop_reason","UNRESOLVED","UNRESOLVED_MISSING_STOP_REASON","UNCLASSIFIED","REVIEW_HOLD","VERIFY_CURRENT_EXCLUSION","Do not deindex automatically; compare source evidence, page uniqueness, GSC value, and replacement options."
"NCT01969903","https://clinicaltrialfailures.com/trial/NCT01969903","false","false","missing_stop_reason","UNRESOLVED","UNRESOLVED_MISSING_STOP_REASON","UNCLASSIFIED","REVIEW_HOLD","VERIFY_CURRENT_EXCLUSION","Do not deindex automatically; compare source evidence, page uniqueness, GSC value, and replacement options."
"NCT01970449","https://clinicaltrialfailures.com/trial/NCT01970449","false","false","missing_stop_reason","UNRESOLVED","UNRESOLVED_MISSING_STOP_REASON","UNCLASSIFIED","REVIEW_HOLD","VERIFY_CURRENT_EXCLUSION","Do not deindex automatically; compare source evidence, page uniqueness, GSC value, and replacement options."
"NCT01971047","https://clinicaltrialfailures.com/trial/NCT01971047","false","false","missing_stop_reason","UNRESOLVED","UNRESOLVED_MISSING_STOP_REASON","UNCLASSIFIED","REVIEW_HOLD","VERIFY_CURRENT_EXCLUSION","Do not deindex automatically; compare source evidence, page uniqueness, GSC value, and replacement options."
"NCT01971489","https://clinicaltrialfailures.com/trial/NCT01971489","false","false","missing_stop_reason","UNRESOLVED","UNRESOLVED_MISSING_STOP_REASON","UNCLASSIFIED","REVIEW_HOLD","VERIFY_CURRENT_EXCLUSION","Do not deindex automatically; compare source evidence, page uniqueness, GSC value, and replacement options."
"NCT01972178","https://clinicaltrialfailures.com/trial/NCT01972178","false","false","missing_stop_reason","UNRESOLVED","UNRESOLVED_MISSING_STOP_REASON","UNCLASSIFIED","REVIEW_HOLD","VERIFY_CURRENT_EXCLUSION","Do not deindex automatically; compare source evidence, page uniqueness, GSC value, and replacement options."
"NCT01972477","https://clinicaltrialfailures.com/trial/NCT01972477","false","false","missing_stop_reason","UNRESOLVED","UNRESOLVED_MISSING_STOP_REASON","UNCLASSIFIED","REVIEW_HOLD","VERIFY_CURRENT_EXCLUSION","Do not deindex automatically; compare source evidence, page uniqueness, GSC value, and replacement options."
"NCT01972854","https://clinicaltrialfailures.com/trial/NCT01972854","false","false","missing_stop_reason","UNRESOLVED","UNRESOLVED_MISSING_STOP_REASON","UNCLASSIFIED","REVIEW_HOLD","VERIFY_CURRENT_EXCLUSION","Do not deindex automatically; compare source evidence, page uniqueness, GSC value, and replacement options."
"NCT01974258","https://clinicaltrialfailures.com/trial/NCT01974258","false","false","missing_stop_reason","UNRESOLVED","UNRESOLVED_MISSING_STOP_REASON","UNCLASSIFIED","REVIEW_HOLD","VERIFY_CURRENT_EXCLUSION","Do not deindex automatically; compare source evidence, page uniqueness, GSC value, and replacement options."
"NCT01975012","https://clinicaltrialfailures.com/trial/NCT01975012","false","false","missing_stop_reason","UNRESOLVED","UNRESOLVED_MISSING_STOP_REASON","UNCLASSIFIED","REVIEW_HOLD","VERIFY_CURRENT_EXCLUSION","Do not deindex automatically; compare source evidence, page uniqueness, GSC value, and replacement options."
"NCT01979510","https://clinicaltrialfailures.com/trial/NCT01979510","false","false","missing_stop_reason","UNRESOLVED","UNRESOLVED_MISSING_STOP_REASON","UNCLASSIFIED","REVIEW_HOLD","VERIFY_CURRENT_EXCLUSION","Do not deindex automatically; compare source evidence, page uniqueness, GSC value, and replacement options."
"NCT01979653","https://clinicaltrialfailures.com/trial/NCT01979653","false","false","missing_stop_reason","UNRESOLVED","UNRESOLVED_MISSING_STOP_REASON","UNCLASSIFIED","REVIEW_HOLD","VERIFY_CURRENT_EXCLUSION","Do not deindex automatically; compare source evidence, page uniqueness, GSC value, and replacement options."
"NCT01980498","https://clinicaltrialfailures.com/trial/NCT01980498","false","false","missing_stop_reason","UNRESOLVED","UNRESOLVED_MISSING_STOP_REASON","UNCLASSIFIED","REVIEW_HOLD","VERIFY_CURRENT_EXCLUSION","Do not deindex automatically; compare source evidence, page uniqueness, GSC value, and replacement options."
"NCT01980875","https://clinicaltrialfailures.com/trial/NCT01980875","false","false","missing_stop_reason","UNRESOLVED","UNRESOLVED_MISSING_STOP_REASON","UNCLASSIFIED","REVIEW_HOLD","VERIFY_CURRENT_EXCLUSION","Do not deindex automatically; compare source evidence, page uniqueness, GSC value, and replacement options."
"NCT01980888","https://clinicaltrialfailures.com/trial/NCT01980888","false","false","missing_stop_reason","UNRESOLVED","UNRESOLVED_MISSING_STOP_REASON","UNCLASSIFIED","REVIEW_HOLD","VERIFY_CURRENT_EXCLUSION","Do not deindex automatically; compare source evidence, page uniqueness, GSC value, and replacement options."
"NCT01982760","https://clinicaltrialfailures.com/trial/NCT01982760","false","false","missing_stop_reason","UNRESOLVED","UNRESOLVED_MISSING_STOP_REASON","UNCLASSIFIED","REVIEW_HOLD","VERIFY_CURRENT_EXCLUSION","Do not deindex automatically; compare source evidence, page uniqueness, GSC value, and replacement options."
"NCT01983371","https://clinicaltrialfailures.com/trial/NCT01983371","false","false","missing_stop_reason","UNRESOLVED","UNRESOLVED_MISSING_STOP_REASON","UNCLASSIFIED","REVIEW_HOLD","VERIFY_CURRENT_EXCLUSION","Do not deindex automatically; compare source evidence, page uniqueness, GSC value, and replacement options."
"NCT01983566","https://clinicaltrialfailures.com/trial/NCT01983566","false","false","missing_stop_reason","UNRESOLVED","UNRESOLVED_MISSING_STOP_REASON","UNCLASSIFIED","REVIEW_HOLD","VERIFY_CURRENT_EXCLUSION","Do not deindex automatically; compare source evidence, page uniqueness, GSC value, and replacement options."
"NCT01984268","https://clinicaltrialfailures.com/trial/NCT01984268","false","false","missing_stop_reason","UNRESOLVED","UNRESOLVED_MISSING_STOP_REASON","UNCLASSIFIED","REVIEW_HOLD","VERIFY_CURRENT_EXCLUSION","Do not deindex automatically; compare source evidence, page uniqueness, GSC value, and replacement options."
"NCT01984814","https://clinicaltrialfailures.com/trial/NCT01984814","false","false","missing_stop_reason","UNRESOLVED","UNRESOLVED_MISSING_STOP_REASON","UNCLASSIFIED","REVIEW_HOLD","VERIFY_CURRENT_EXCLUSION","Do not deindex automatically; compare source evidence, page uniqueness, GSC value, and replacement options."
"NCT01987596","https://clinicaltrialfailures.com/trial/NCT01987596","false","false","missing_stop_reason","UNRESOLVED","UNRESOLVED_MISSING_STOP_REASON","UNCLASSIFIED","REVIEW_HOLD","VERIFY_CURRENT_EXCLUSION","Do not deindex automatically; compare source evidence, page uniqueness, GSC value, and replacement options."
"NCT01994291","https://clinicaltrialfailures.com/trial/NCT01994291","false","false","missing_stop_reason","UNRESOLVED","UNRESOLVED_MISSING_STOP_REASON","UNCLASSIFIED","REVIEW_HOLD","VERIFY_CURRENT_EXCLUSION","Do not deindex automatically; compare source evidence, page uniqueness, GSC value, and replacement options."
"NCT01996358","https://clinicaltrialfailures.com/trial/NCT01996358","false","false","missing_stop_reason","UNRESOLVED","UNRESOLVED_MISSING_STOP_REASON","UNCLASSIFIED","REVIEW_HOLD","VERIFY_CURRENT_EXCLUSION","Do not deindex automatically; compare source evidence, page uniqueness, GSC value, and replacement options."
"NCT01998828","https://clinicaltrialfailures.com/trial/NCT01998828","false","false","missing_stop_reason","UNRESOLVED","UNRESOLVED_MISSING_STOP_REASON","UNCLASSIFIED","REVIEW_HOLD","VERIFY_CURRENT_EXCLUSION","Do not deindex automatically; compare source evidence, page uniqueness, GSC value, and replacement options."
"NCT02003092","https://clinicaltrialfailures.com/trial/NCT02003092","false","false","missing_stop_reason","UNRESOLVED","UNRESOLVED_MISSING_STOP_REASON","UNCLASSIFIED","REVIEW_HOLD","VERIFY_CURRENT_EXCLUSION","Do not deindex automatically; compare source evidence, page uniqueness, GSC value, and replacement options."
"NCT02003573","https://clinicaltrialfailures.com/trial/NCT02003573","false","false","missing_stop_reason","UNRESOLVED","UNRESOLVED_MISSING_STOP_REASON","UNCLASSIFIED","REVIEW_HOLD","VERIFY_CURRENT_EXCLUSION","Do not deindex automatically; compare source evidence, page uniqueness, GSC value, and replacement options."
"NCT02004015","https://clinicaltrialfailures.com/trial/NCT02004015","false","false","missing_stop_reason","UNRESOLVED","UNRESOLVED_MISSING_STOP_REASON","UNCLASSIFIED","REVIEW_HOLD","VERIFY_CURRENT_EXCLUSION","Do not deindex automatically; compare source evidence, page uniqueness, GSC value, and replacement options."
"NCT02004626","https://clinicaltrialfailures.com/trial/NCT02004626","false","false","missing_stop_reason","UNRESOLVED","UNRESOLVED_MISSING_STOP_REASON","UNCLASSIFIED","REVIEW_HOLD","VERIFY_CURRENT_EXCLUSION","Do not deindex automatically; compare source evidence, page uniqueness, GSC value, and replacement options."
"NCT02005523","https://clinicaltrialfailures.com/trial/NCT02005523","false","false","missing_stop_reason","UNRESOLVED","UNRESOLVED_MISSING_STOP_REASON","UNCLASSIFIED","REVIEW_HOLD","VERIFY_CURRENT_EXCLUSION","Do not deindex automatically; compare source evidence, page uniqueness, GSC value, and replacement options."
"NCT02006173","https://clinicaltrialfailures.com/trial/NCT02006173","false","false","missing_stop_reason","UNRESOLVED","UNRESOLVED_MISSING_STOP_REASON","UNCLASSIFIED","REVIEW_HOLD","VERIFY_CURRENT_EXCLUSION","Do not deindex automatically; compare source evidence, page uniqueness, GSC value, and replacement options."
"NCT02009098","https://clinicaltrialfailures.com/trial/NCT02009098","false","false","missing_stop_reason","UNRESOLVED","UNRESOLVED_MISSING_STOP_REASON","UNCLASSIFIED","REVIEW_HOLD","VERIFY_CURRENT_EXCLUSION","Do not deindex automatically; compare source evidence, page uniqueness, GSC value, and replacement options."
"NCT02009124","https://clinicaltrialfailures.com/trial/NCT02009124","false","false","missing_stop_reason","UNRESOLVED","UNRESOLVED_MISSING_STOP_REASON","UNCLASSIFIED","REVIEW_HOLD","VERIFY_CURRENT_EXCLUSION","Do not deindex automatically; compare source evidence, page uniqueness, GSC value, and replacement options."
"NCT02009761","https://clinicaltrialfailures.com/trial/NCT02009761","false","false","missing_stop_reason","UNRESOLVED","UNRESOLVED_MISSING_STOP_REASON","UNCLASSIFIED","REVIEW_HOLD","VERIFY_CURRENT_EXCLUSION","Do not deindex automatically; compare source evidence, page uniqueness, GSC value, and replacement options."
"NCT02011321","https://clinicaltrialfailures.com/trial/NCT02011321","false","false","missing_stop_reason","UNRESOLVED","UNRESOLVED_MISSING_STOP_REASON","UNCLASSIFIED","REVIEW_HOLD","VERIFY_CURRENT_EXCLUSION","Do not deindex automatically; compare source evidence, page uniqueness, GSC value, and replacement options."
"NCT02011347","https://clinicaltrialfailures.com/trial/NCT02011347","false","false","missing_stop_reason","UNRESOLVED","UNRESOLVED_MISSING_STOP_REASON","UNCLASSIFIED","REVIEW_HOLD","VERIFY_CURRENT_EXCLUSION","Do not deindex automatically; compare source evidence, page uniqueness, GSC value, and replacement options."
"NCT02012231","https://clinicaltrialfailures.com/trial/NCT02012231","false","false","missing_stop_reason","UNRESOLVED","UNRESOLVED_MISSING_STOP_REASON","UNCLASSIFIED","REVIEW_HOLD","VERIFY_CURRENT_EXCLUSION","Do not deindex automatically; compare source evidence, page uniqueness, GSC value, and replacement options."
"NCT02013167","https://clinicaltrialfailures.com/trial/NCT02013167","false","false","missing_stop_reason","UNRESOLVED","UNRESOLVED_MISSING_STOP_REASON","UNCLASSIFIED","REVIEW_HOLD","VERIFY_CURRENT_EXCLUSION","Do not deindex automatically; compare source evidence, page uniqueness, GSC value, and replacement options."
"NCT02013375","https://clinicaltrialfailures.com/trial/NCT02013375","false","false","missing_stop_reason","UNRESOLVED","UNRESOLVED_MISSING_STOP_REASON","UNCLASSIFIED","REVIEW_HOLD","VERIFY_CURRENT_EXCLUSION","Do not deindex automatically; compare source evidence, page uniqueness, GSC value, and replacement options."
"NCT02013791","https://clinicaltrialfailures.com/trial/NCT02013791","false","false","missing_stop_reason","UNRESOLVED","UNRESOLVED_MISSING_STOP_REASON","UNCLASSIFIED","REVIEW_HOLD","VERIFY_CURRENT_EXCLUSION","Do not deindex automatically; compare source evidence, page uniqueness, GSC value, and replacement options."
"NCT02015637","https://clinicaltrialfailures.com/trial/NCT02015637","false","false","missing_stop_reason","UNRESOLVED","UNRESOLVED_MISSING_STOP_REASON","UNCLASSIFIED","REVIEW_HOLD","VERIFY_CURRENT_EXCLUSION","Do not deindex automatically; compare source evidence, page uniqueness, GSC value, and replacement options."
"NCT02015663","https://clinicaltrialfailures.com/trial/NCT02015663","false","false","missing_stop_reason","UNRESOLVED","UNRESOLVED_MISSING_STOP_REASON","UNCLASSIFIED","REVIEW_HOLD","VERIFY_CURRENT_EXCLUSION","Do not deindex automatically; compare source evidence, page uniqueness, GSC value, and replacement options."
"NCT02017600","https://clinicaltrialfailures.com/trial/NCT02017600","false","false","missing_stop_reason","UNRESOLVED","UNRESOLVED_MISSING_STOP_REASON","UNCLASSIFIED","REVIEW_HOLD","VERIFY_CURRENT_EXCLUSION","Do not deindex automatically; compare source evidence, page uniqueness, GSC value, and replacement options."
"NCT02019290","https://clinicaltrialfailures.com/trial/NCT02019290","false","false","missing_stop_reason","UNRESOLVED","UNRESOLVED_MISSING_STOP_REASON","UNCLASSIFIED","REVIEW_HOLD","VERIFY_CURRENT_EXCLUSION","Do not deindex automatically; compare source evidence, page uniqueness, GSC value, and replacement options."
"NCT02019589","https://clinicaltrialfailures.com/trial/NCT02019589","false","false","missing_stop_reason","UNRESOLVED","UNRESOLVED_MISSING_STOP_REASON","UNCLASSIFIED","REVIEW_HOLD","VERIFY_CURRENT_EXCLUSION","Do not deindex automatically; compare source evidence, page uniqueness, GSC value, and replacement options."
"NCT02021929","https://clinicaltrialfailures.com/trial/NCT02021929","false","false","missing_stop_reason","UNRESOLVED","UNRESOLVED_MISSING_STOP_REASON","UNCLASSIFIED","REVIEW_HOLD","VERIFY_CURRENT_EXCLUSION","Do not deindex automatically; compare source evidence, page uniqueness, GSC value, and replacement options."
"NCT02024269","https://clinicaltrialfailures.com/trial/NCT02024269","false","false","missing_stop_reason","UNRESOLVED","UNRESOLVED_MISSING_STOP_REASON","UNCLASSIFIED","REVIEW_HOLD","VERIFY_CURRENT_EXCLUSION","Do not deindex automatically; compare source evidence, page uniqueness, GSC value, and replacement options."
"NCT02025218","https://clinicaltrialfailures.com/trial/NCT02025218","false","false","missing_stop_reason","UNRESOLVED","UNRESOLVED_MISSING_STOP_REASON","UNCLASSIFIED","REVIEW_HOLD","VERIFY_CURRENT_EXCLUSION","Do not deindex automatically; compare source evidence, page uniqueness, GSC value, and replacement options."
"NCT02025881","https://clinicaltrialfailures.com/trial/NCT02025881","false","false","missing_stop_reason","UNRESOLVED","UNRESOLVED_MISSING_STOP_REASON","UNCLASSIFIED","REVIEW_HOLD","VERIFY_CURRENT_EXCLUSION","Do not deindex automatically; compare source evidence, page uniqueness, GSC value, and replacement options."
"NCT02027246","https://clinicaltrialfailures.com/trial/NCT02027246","false","false","missing_stop_reason","UNRESOLVED","UNRESOLVED_MISSING_STOP_REASON","UNCLASSIFIED","REVIEW_HOLD","VERIFY_CURRENT_EXCLUSION","Do not deindex automatically; compare source evidence, page uniqueness, GSC value, and replacement options."
"NCT02028104","https://clinicaltrialfailures.com/trial/NCT02028104","false","false","missing_stop_reason","UNRESOLVED","UNRESOLVED_MISSING_STOP_REASON","UNCLASSIFIED","REVIEW_HOLD","VERIFY_CURRENT_EXCLUSION","Do not deindex automatically; compare source evidence, page uniqueness, GSC value, and replacement options."
"NCT02029690","https://clinicaltrialfailures.com/trial/NCT02029690","false","false","missing_stop_reason","UNRESOLVED","UNRESOLVED_MISSING_STOP_REASON","UNCLASSIFIED","REVIEW_HOLD","VERIFY_CURRENT_EXCLUSION","Do not deindex automatically; compare source evidence, page uniqueness, GSC value, and replacement options."
"NCT02031965","https://clinicaltrialfailures.com/trial/NCT02031965","false","false","missing_stop_reason","UNRESOLVED","UNRESOLVED_MISSING_STOP_REASON","UNCLASSIFIED","REVIEW_HOLD","VERIFY_CURRENT_EXCLUSION","Do not deindex automatically; compare source evidence, page uniqueness, GSC value, and replacement options."
"NCT02032927","https://clinicaltrialfailures.com/trial/NCT02032927","false","false","missing_stop_reason","UNRESOLVED","UNRESOLVED_MISSING_STOP_REASON","UNCLASSIFIED","REVIEW_HOLD","VERIFY_CURRENT_EXCLUSION","Do not deindex automatically; compare source evidence, page uniqueness, GSC value, and replacement options."
"NCT02034227","https://clinicaltrialfailures.com/trial/NCT02034227","false","false","missing_stop_reason","UNRESOLVED","UNRESOLVED_MISSING_STOP_REASON","UNCLASSIFIED","REVIEW_HOLD","VERIFY_CURRENT_EXCLUSION","Do not deindex automatically; compare source evidence, page uniqueness, GSC value, and replacement options."
"NCT02036528","https://clinicaltrialfailures.com/trial/NCT02036528","false","false","missing_stop_reason","UNRESOLVED","UNRESOLVED_MISSING_STOP_REASON","UNCLASSIFIED","REVIEW_HOLD","VERIFY_CURRENT_EXCLUSION","Do not deindex automatically; compare source evidence, page uniqueness, GSC value, and replacement options."
"NCT02036723","https://clinicaltrialfailures.com/trial/NCT02036723","false","false","missing_stop_reason","UNRESOLVED","UNRESOLVED_MISSING_STOP_REASON","UNCLASSIFIED","REVIEW_HOLD","VERIFY_CURRENT_EXCLUSION","Do not deindex automatically; compare source evidence, page uniqueness, GSC value, and replacement options."
"NCT02037282","https://clinicaltrialfailures.com/trial/NCT02037282","false","false","missing_stop_reason","UNRESOLVED","UNRESOLVED_MISSING_STOP_REASON","UNCLASSIFIED","REVIEW_HOLD","VERIFY_CURRENT_EXCLUSION","Do not deindex automatically; compare source evidence, page uniqueness, GSC value, and replacement options."
"NCT02038478","https://clinicaltrialfailures.com/trial/NCT02038478","false","false","missing_stop_reason","UNRESOLVED","UNRESOLVED_MISSING_STOP_REASON","UNCLASSIFIED","REVIEW_HOLD","VERIFY_CURRENT_EXCLUSION","Do not deindex automatically; compare source evidence, page uniqueness, GSC value, and replacement options."
"NCT02040558","https://clinicaltrialfailures.com/trial/NCT02040558","false","false","missing_stop_reason","UNRESOLVED","UNRESOLVED_MISSING_STOP_REASON","UNCLASSIFIED","REVIEW_HOLD","VERIFY_CURRENT_EXCLUSION","Do not deindex automatically; compare source evidence, page uniqueness, GSC value, and replacement options."
"NCT02041715","https://clinicaltrialfailures.com/trial/NCT02041715","false","false","missing_stop_reason","UNRESOLVED","UNRESOLVED_MISSING_STOP_REASON","UNCLASSIFIED","REVIEW_HOLD","VERIFY_CURRENT_EXCLUSION","Do not deindex automatically; compare source evidence, page uniqueness, GSC value, and replacement options."
"NCT02042885","https://clinicaltrialfailures.com/trial/NCT02042885","false","false","missing_stop_reason","UNRESOLVED","UNRESOLVED_MISSING_STOP_REASON","UNCLASSIFIED","REVIEW_HOLD","VERIFY_CURRENT_EXCLUSION","Do not deindex automatically; compare source evidence, page uniqueness, GSC value, and replacement options."
"NCT02044302","https://clinicaltrialfailures.com/trial/NCT02044302","false","false","missing_stop_reason","UNRESOLVED","UNRESOLVED_MISSING_STOP_REASON","UNCLASSIFIED","REVIEW_HOLD","VERIFY_CURRENT_EXCLUSION","Do not deindex automatically; compare source evidence, page uniqueness, GSC value, and replacement options."
"NCT02044822","https://clinicaltrialfailures.com/trial/NCT02044822","false","false","missing_stop_reason","UNRESOLVED","UNRESOLVED_MISSING_STOP_REASON","UNCLASSIFIED","REVIEW_HOLD","VERIFY_CURRENT_EXCLUSION","Do not deindex automatically; compare source evidence, page uniqueness, GSC value, and replacement options."
"NCT02045095","https://clinicaltrialfailures.com/trial/NCT02045095","false","false","missing_stop_reason","UNRESOLVED","UNRESOLVED_MISSING_STOP_REASON","UNCLASSIFIED","REVIEW_HOLD","VERIFY_CURRENT_EXCLUSION","Do not deindex automatically; compare source evidence, page uniqueness, GSC value, and replacement options."
"NCT02045901","https://clinicaltrialfailures.com/trial/NCT02045901","false","false","missing_stop_reason","UNRESOLVED","UNRESOLVED_MISSING_STOP_REASON","UNCLASSIFIED","REVIEW_HOLD","VERIFY_CURRENT_EXCLUSION","Do not deindex automatically; compare source evidence, page uniqueness, GSC value, and replacement options."
"NCT02047539","https://clinicaltrialfailures.com/trial/NCT02047539","false","false","missing_stop_reason","UNRESOLVED","UNRESOLVED_MISSING_STOP_REASON","UNCLASSIFIED","REVIEW_HOLD","VERIFY_CURRENT_EXCLUSION","Do not deindex automatically; compare source evidence, page uniqueness, GSC value, and replacement options."
"NCT02047656","https://clinicaltrialfailures.com/trial/NCT02047656","false","false","missing_stop_reason","UNRESOLVED","UNRESOLVED_MISSING_STOP_REASON","UNCLASSIFIED","REVIEW_HOLD","VERIFY_CURRENT_EXCLUSION","Do not deindex automatically; compare source evidence, page uniqueness, GSC value, and replacement options."
"NCT02048358","https://clinicaltrialfailures.com/trial/NCT02048358","false","false","missing_stop_reason","UNRESOLVED","UNRESOLVED_MISSING_STOP_REASON","UNCLASSIFIED","REVIEW_HOLD","VERIFY_CURRENT_EXCLUSION","Do not deindex automatically; compare source evidence, page uniqueness, GSC value, and replacement options."
"NCT02049281","https://clinicaltrialfailures.com/trial/NCT02049281","false","false","missing_stop_reason","UNRESOLVED","UNRESOLVED_MISSING_STOP_REASON","UNCLASSIFIED","REVIEW_HOLD","VERIFY_CURRENT_EXCLUSION","Do not deindex automatically; compare source evidence, page uniqueness, GSC value, and replacement options."
"NCT02050776","https://clinicaltrialfailures.com/trial/NCT02050776","false","false","missing_stop_reason","UNRESOLVED","UNRESOLVED_MISSING_STOP_REASON","UNCLASSIFIED","REVIEW_HOLD","VERIFY_CURRENT_EXCLUSION","Do not deindex automatically; compare source evidence, page uniqueness, GSC value, and replacement options."
"NCT02052219","https://clinicaltrialfailures.com/trial/NCT02052219","false","false","missing_stop_reason","UNRESOLVED","UNRESOLVED_MISSING_STOP_REASON","UNCLASSIFIED","REVIEW_HOLD","VERIFY_CURRENT_EXCLUSION","Do not deindex automatically; compare source evidence, page uniqueness, GSC value, and replacement options."
"NCT02055625","https://clinicaltrialfailures.com/trial/NCT02055625","false","false","missing_stop_reason","UNRESOLVED","UNRESOLVED_MISSING_STOP_REASON","UNCLASSIFIED","REVIEW_HOLD","VERIFY_CURRENT_EXCLUSION","Do not deindex automatically; compare source evidence, page uniqueness, GSC value, and replacement options."
"NCT02055781","https://clinicaltrialfailures.com/trial/NCT02055781","false","false","missing_stop_reason","UNRESOLVED","UNRESOLVED_MISSING_STOP_REASON","UNCLASSIFIED","REVIEW_HOLD","VERIFY_CURRENT_EXCLUSION","Do not deindex automatically; compare source evidence, page uniqueness, GSC value, and replacement options."
"NCT02055911","https://clinicaltrialfailures.com/trial/NCT02055911","false","false","missing_stop_reason","UNRESOLVED","UNRESOLVED_MISSING_STOP_REASON","UNCLASSIFIED","REVIEW_HOLD","VERIFY_CURRENT_EXCLUSION","Do not deindex automatically; compare source evidence, page uniqueness, GSC value, and replacement options."
"NCT02056574","https://clinicaltrialfailures.com/trial/NCT02056574","false","false","missing_stop_reason","UNRESOLVED","UNRESOLVED_MISSING_STOP_REASON","UNCLASSIFIED","REVIEW_HOLD","VERIFY_CURRENT_EXCLUSION","Do not deindex automatically; compare source evidence, page uniqueness, GSC value, and replacement options."
"NCT02057289","https://clinicaltrialfailures.com/trial/NCT02057289","false","false","missing_stop_reason","UNRESOLVED","UNRESOLVED_MISSING_STOP_REASON","UNCLASSIFIED","REVIEW_HOLD","VERIFY_CURRENT_EXCLUSION","Do not deindex automatically; compare source evidence, page uniqueness, GSC value, and replacement options."
"NCT02059785","https://clinicaltrialfailures.com/trial/NCT02059785","false","false","missing_stop_reason","UNRESOLVED","UNRESOLVED_MISSING_STOP_REASON","UNCLASSIFIED","REVIEW_HOLD","VERIFY_CURRENT_EXCLUSION","Do not deindex automatically; compare source evidence, page uniqueness, GSC value, and replacement options."
"NCT02059850","https://clinicaltrialfailures.com/trial/NCT02059850","false","false","missing_stop_reason","UNRESOLVED","UNRESOLVED_MISSING_STOP_REASON","UNCLASSIFIED","REVIEW_HOLD","VERIFY_CURRENT_EXCLUSION","Do not deindex automatically; compare source evidence, page uniqueness, GSC value, and replacement options."
"NCT02063568","https://clinicaltrialfailures.com/trial/NCT02063568","false","false","missing_stop_reason","UNRESOLVED","UNRESOLVED_MISSING_STOP_REASON","UNCLASSIFIED","REVIEW_HOLD","VERIFY_CURRENT_EXCLUSION","Do not deindex automatically; compare source evidence, page uniqueness, GSC value, and replacement options."
"NCT02065778","https://clinicaltrialfailures.com/trial/NCT02065778","false","false","missing_stop_reason","UNRESOLVED","UNRESOLVED_MISSING_STOP_REASON","UNCLASSIFIED","REVIEW_HOLD","VERIFY_CURRENT_EXCLUSION","Do not deindex automatically; compare source evidence, page uniqueness, GSC value, and replacement options."
"NCT02068079","https://clinicaltrialfailures.com/trial/NCT02068079","false","false","missing_stop_reason","UNRESOLVED","UNRESOLVED_MISSING_STOP_REASON","UNCLASSIFIED","REVIEW_HOLD","VERIFY_CURRENT_EXCLUSION","Do not deindex automatically; compare source evidence, page uniqueness, GSC value, and replacement options."
"NCT02069080","https://clinicaltrialfailures.com/trial/NCT02069080","false","false","missing_stop_reason","UNRESOLVED","UNRESOLVED_MISSING_STOP_REASON","UNCLASSIFIED","REVIEW_HOLD","VERIFY_CURRENT_EXCLUSION","Do not deindex automatically; compare source evidence, page uniqueness, GSC value, and replacement options."
"NCT02069340","https://clinicaltrialfailures.com/trial/NCT02069340","false","false","missing_stop_reason","UNRESOLVED","UNRESOLVED_MISSING_STOP_REASON","UNCLASSIFIED","REVIEW_HOLD","VERIFY_CURRENT_EXCLUSION","Do not deindex automatically; compare source evidence, page uniqueness, GSC value, and replacement options."
"NCT02069886","https://clinicaltrialfailures.com/trial/NCT02069886","false","false","missing_stop_reason","UNRESOLVED","UNRESOLVED_MISSING_STOP_REASON","UNCLASSIFIED","REVIEW_HOLD","VERIFY_CURRENT_EXCLUSION","Do not deindex automatically; compare source evidence, page uniqueness, GSC value, and replacement options."
"NCT02071641","https://clinicaltrialfailures.com/trial/NCT02071641","false","false","missing_stop_reason","UNRESOLVED","UNRESOLVED_MISSING_STOP_REASON","UNCLASSIFIED","REVIEW_HOLD","VERIFY_CURRENT_EXCLUSION","Do not deindex automatically; compare source evidence, page uniqueness, GSC value, and replacement options."
"NCT02074020","https://clinicaltrialfailures.com/trial/NCT02074020","false","false","missing_stop_reason","UNRESOLVED","UNRESOLVED_MISSING_STOP_REASON","UNCLASSIFIED","REVIEW_HOLD","VERIFY_CURRENT_EXCLUSION","Do not deindex automatically; compare source evidence, page uniqueness, GSC value, and replacement options."
"NCT02075034","https://clinicaltrialfailures.com/trial/NCT02075034","false","false","missing_stop_reason","UNRESOLVED","UNRESOLVED_MISSING_STOP_REASON","UNCLASSIFIED","REVIEW_HOLD","VERIFY_CURRENT_EXCLUSION","Do not deindex automatically; compare source evidence, page uniqueness, GSC value, and replacement options."
"NCT02075463","https://clinicaltrialfailures.com/trial/NCT02075463","false","false","missing_stop_reason","UNRESOLVED","UNRESOLVED_MISSING_STOP_REASON","UNCLASSIFIED","REVIEW_HOLD","VERIFY_CURRENT_EXCLUSION","Do not deindex automatically; compare source evidence, page uniqueness, GSC value, and replacement options."
"NCT02078557","https://clinicaltrialfailures.com/trial/NCT02078557","false","false","missing_stop_reason","UNRESOLVED","UNRESOLVED_MISSING_STOP_REASON","UNCLASSIFIED","REVIEW_HOLD","VERIFY_CURRENT_EXCLUSION","Do not deindex automatically; compare source evidence, page uniqueness, GSC value, and replacement options."
"NCT02079480","https://clinicaltrialfailures.com/trial/NCT02079480","false","false","missing_stop_reason","UNRESOLVED","UNRESOLVED_MISSING_STOP_REASON","UNCLASSIFIED","REVIEW_HOLD","VERIFY_CURRENT_EXCLUSION","Do not deindex automatically; compare source evidence, page uniqueness, GSC value, and replacement options."
"NCT02079974","https://clinicaltrialfailures.com/trial/NCT02079974","false","false","missing_stop_reason","UNRESOLVED","UNRESOLVED_MISSING_STOP_REASON","UNCLASSIFIED","REVIEW_HOLD","VERIFY_CURRENT_EXCLUSION","Do not deindex automatically; compare source evidence, page uniqueness, GSC value, and replacement options."
"NCT02082067","https://clinicaltrialfailures.com/trial/NCT02082067","false","false","missing_stop_reason","UNRESOLVED","UNRESOLVED_MISSING_STOP_REASON","UNCLASSIFIED","REVIEW_HOLD","VERIFY_CURRENT_EXCLUSION","Do not deindex automatically; compare source evidence, page uniqueness, GSC value, and replacement options."
"NCT02086513","https://clinicaltrialfailures.com/trial/NCT02086513","false","false","missing_stop_reason","UNRESOLVED","UNRESOLVED_MISSING_STOP_REASON","UNCLASSIFIED","REVIEW_HOLD","VERIFY_CURRENT_EXCLUSION","Do not deindex automatically; compare source evidence, page uniqueness, GSC value, and replacement options."
"NCT02086825","https://clinicaltrialfailures.com/trial/NCT02086825","false","false","missing_stop_reason","UNRESOLVED","UNRESOLVED_MISSING_STOP_REASON","UNCLASSIFIED","REVIEW_HOLD","VERIFY_CURRENT_EXCLUSION","Do not deindex automatically; compare source evidence, page uniqueness, GSC value, and replacement options."
"NCT02087085","https://clinicaltrialfailures.com/trial/NCT02087085","false","false","missing_stop_reason","UNRESOLVED","UNRESOLVED_MISSING_STOP_REASON","UNCLASSIFIED","REVIEW_HOLD","VERIFY_CURRENT_EXCLUSION","Do not deindex automatically; compare source evidence, page uniqueness, GSC value, and replacement options."
"NCT02087813","https://clinicaltrialfailures.com/trial/NCT02087813","false","false","missing_stop_reason","UNRESOLVED","UNRESOLVED_MISSING_STOP_REASON","UNCLASSIFIED","REVIEW_HOLD","VERIFY_CURRENT_EXCLUSION","Do not deindex automatically; compare source evidence, page uniqueness, GSC value, and replacement options."
"NCT02088450","https://clinicaltrialfailures.com/trial/NCT02088450","false","false","missing_stop_reason","UNRESOLVED","UNRESOLVED_MISSING_STOP_REASON","UNCLASSIFIED","REVIEW_HOLD","VERIFY_CURRENT_EXCLUSION","Do not deindex automatically; compare source evidence, page uniqueness, GSC value, and replacement options."
"NCT02089334","https://clinicaltrialfailures.com/trial/NCT02089334","false","false","missing_stop_reason","UNRESOLVED","UNRESOLVED_MISSING_STOP_REASON","UNCLASSIFIED","REVIEW_HOLD","VERIFY_CURRENT_EXCLUSION","Do not deindex automatically; compare source evidence, page uniqueness, GSC value, and replacement options."
"NCT02092142","https://clinicaltrialfailures.com/trial/NCT02092142","false","false","missing_stop_reason","UNRESOLVED","UNRESOLVED_MISSING_STOP_REASON","UNCLASSIFIED","REVIEW_HOLD","VERIFY_CURRENT_EXCLUSION","Do not deindex automatically; compare source evidence, page uniqueness, GSC value, and replacement options."
"NCT02095847","https://clinicaltrialfailures.com/trial/NCT02095847","false","false","missing_stop_reason","UNRESOLVED","UNRESOLVED_MISSING_STOP_REASON","UNCLASSIFIED","REVIEW_HOLD","VERIFY_CURRENT_EXCLUSION","Do not deindex automatically; compare source evidence, page uniqueness, GSC value, and replacement options."
"NCT02096315","https://clinicaltrialfailures.com/trial/NCT02096315","false","false","missing_stop_reason","UNRESOLVED","UNRESOLVED_MISSING_STOP_REASON","UNCLASSIFIED","REVIEW_HOLD","VERIFY_CURRENT_EXCLUSION","Do not deindex automatically; compare source evidence, page uniqueness, GSC value, and replacement options."
"NCT02097121","https://clinicaltrialfailures.com/trial/NCT02097121","false","false","missing_stop_reason","UNRESOLVED","UNRESOLVED_MISSING_STOP_REASON","UNCLASSIFIED","REVIEW_HOLD","VERIFY_CURRENT_EXCLUSION","Do not deindex automatically; compare source evidence, page uniqueness, GSC value, and replacement options."
"NCT02100150","https://clinicaltrialfailures.com/trial/NCT02100150","false","false","missing_stop_reason","UNRESOLVED","UNRESOLVED_MISSING_STOP_REASON","UNCLASSIFIED","REVIEW_HOLD","VERIFY_CURRENT_EXCLUSION","Do not deindex automatically; compare source evidence, page uniqueness, GSC value, and replacement options."
"NCT02101021","https://clinicaltrialfailures.com/trial/NCT02101021","false","false","missing_stop_reason","UNRESOLVED","UNRESOLVED_MISSING_STOP_REASON","UNCLASSIFIED","REVIEW_HOLD","VERIFY_CURRENT_EXCLUSION","Do not deindex automatically; compare source evidence, page uniqueness, GSC value, and replacement options."
"NCT02101164","https://clinicaltrialfailures.com/trial/NCT02101164","false","false","missing_stop_reason","UNRESOLVED","UNRESOLVED_MISSING_STOP_REASON","UNCLASSIFIED","REVIEW_HOLD","VERIFY_CURRENT_EXCLUSION","Do not deindex automatically; compare source evidence, page uniqueness, GSC value, and replacement options."
"NCT02102022","https://clinicaltrialfailures.com/trial/NCT02102022","false","false","missing_stop_reason","UNRESOLVED","UNRESOLVED_MISSING_STOP_REASON","UNCLASSIFIED","REVIEW_HOLD","VERIFY_CURRENT_EXCLUSION","Do not deindex automatically; compare source evidence, page uniqueness, GSC value, and replacement options."
"NCT02103881","https://clinicaltrialfailures.com/trial/NCT02103881","false","false","missing_stop_reason","UNRESOLVED","UNRESOLVED_MISSING_STOP_REASON","UNCLASSIFIED","REVIEW_HOLD","VERIFY_CURRENT_EXCLUSION","Do not deindex automatically; compare source evidence, page uniqueness, GSC value, and replacement options."
"NCT02106559","https://clinicaltrialfailures.com/trial/NCT02106559","false","false","missing_stop_reason","UNRESOLVED","UNRESOLVED_MISSING_STOP_REASON","UNCLASSIFIED","REVIEW_HOLD","VERIFY_CURRENT_EXCLUSION","Do not deindex automatically; compare source evidence, page uniqueness, GSC value, and replacement options."
"NCT02108782","https://clinicaltrialfailures.com/trial/NCT02108782","false","false","missing_stop_reason","UNRESOLVED","UNRESOLVED_MISSING_STOP_REASON","UNCLASSIFIED","REVIEW_HOLD","VERIFY_CURRENT_EXCLUSION","Do not deindex automatically; compare source evidence, page uniqueness, GSC value, and replacement options."
"NCT02109016","https://clinicaltrialfailures.com/trial/NCT02109016","false","false","missing_stop_reason","UNRESOLVED","UNRESOLVED_MISSING_STOP_REASON","UNCLASSIFIED","REVIEW_HOLD","VERIFY_CURRENT_EXCLUSION","Do not deindex automatically; compare source evidence, page uniqueness, GSC value, and replacement options."
"NCT02109315","https://clinicaltrialfailures.com/trial/NCT02109315","false","false","missing_stop_reason","UNRESOLVED","UNRESOLVED_MISSING_STOP_REASON","UNCLASSIFIED","REVIEW_HOLD","VERIFY_CURRENT_EXCLUSION","Do not deindex automatically; compare source evidence, page uniqueness, GSC value, and replacement options."
"NCT02109614","https://clinicaltrialfailures.com/trial/NCT02109614","false","false","missing_stop_reason","UNRESOLVED","UNRESOLVED_MISSING_STOP_REASON","UNCLASSIFIED","REVIEW_HOLD","VERIFY_CURRENT_EXCLUSION","Do not deindex automatically; compare source evidence, page uniqueness, GSC value, and replacement options."
"NCT02109965","https://clinicaltrialfailures.com/trial/NCT02109965","false","false","missing_stop_reason","UNRESOLVED","UNRESOLVED_MISSING_STOP_REASON","UNCLASSIFIED","REVIEW_HOLD","VERIFY_CURRENT_EXCLUSION","Do not deindex automatically; compare source evidence, page uniqueness, GSC value, and replacement options."
"NCT02115126","https://clinicaltrialfailures.com/trial/NCT02115126","false","false","missing_stop_reason","UNRESOLVED","UNRESOLVED_MISSING_STOP_REASON","UNCLASSIFIED","REVIEW_HOLD","VERIFY_CURRENT_EXCLUSION","Do not deindex automatically; compare source evidence, page uniqueness, GSC value, and replacement options."
"NCT02119728","https://clinicaltrialfailures.com/trial/NCT02119728","false","false","missing_stop_reason","UNRESOLVED","UNRESOLVED_MISSING_STOP_REASON","UNCLASSIFIED","REVIEW_HOLD","VERIFY_CURRENT_EXCLUSION","Do not deindex automatically; compare source evidence, page uniqueness, GSC value, and replacement options."
"NCT02120976","https://clinicaltrialfailures.com/trial/NCT02120976","false","false","missing_stop_reason","UNRESOLVED","UNRESOLVED_MISSING_STOP_REASON","UNCLASSIFIED","REVIEW_HOLD","VERIFY_CURRENT_EXCLUSION","Do not deindex automatically; compare source evidence, page uniqueness, GSC value, and replacement options."
"NCT02121951","https://clinicaltrialfailures.com/trial/NCT02121951","false","false","missing_stop_reason","UNRESOLVED","UNRESOLVED_MISSING_STOP_REASON","UNCLASSIFIED","REVIEW_HOLD","VERIFY_CURRENT_EXCLUSION","Do not deindex automatically; compare source evidence, page uniqueness, GSC value, and replacement options."
"NCT02122679","https://clinicaltrialfailures.com/trial/NCT02122679","false","false","missing_stop_reason","UNRESOLVED","UNRESOLVED_MISSING_STOP_REASON","UNCLASSIFIED","REVIEW_HOLD","VERIFY_CURRENT_EXCLUSION","Do not deindex automatically; compare source evidence, page uniqueness, GSC value, and replacement options."
"NCT02123264","https://clinicaltrialfailures.com/trial/NCT02123264","false","false","missing_stop_reason","UNRESOLVED","UNRESOLVED_MISSING_STOP_REASON","UNCLASSIFIED","REVIEW_HOLD","VERIFY_CURRENT_EXCLUSION","Do not deindex automatically; compare source evidence, page uniqueness, GSC value, and replacement options."
"NCT02124070","https://clinicaltrialfailures.com/trial/NCT02124070","false","false","missing_stop_reason","UNRESOLVED","UNRESOLVED_MISSING_STOP_REASON","UNCLASSIFIED","REVIEW_HOLD","VERIFY_CURRENT_EXCLUSION","Do not deindex automatically; compare source evidence, page uniqueness, GSC value, and replacement options."
"NCT02124850","https://clinicaltrialfailures.com/trial/NCT02124850","false","false","missing_stop_reason","UNRESOLVED","UNRESOLVED_MISSING_STOP_REASON","UNCLASSIFIED","REVIEW_HOLD","VERIFY_CURRENT_EXCLUSION","Do not deindex automatically; compare source evidence, page uniqueness, GSC value, and replacement options."
"NCT02127697","https://clinicaltrialfailures.com/trial/NCT02127697","false","false","missing_stop_reason","UNRESOLVED","UNRESOLVED_MISSING_STOP_REASON","UNCLASSIFIED","REVIEW_HOLD","VERIFY_CURRENT_EXCLUSION","Do not deindex automatically; compare source evidence, page uniqueness, GSC value, and replacement options."
"NCT02129816","https://clinicaltrialfailures.com/trial/NCT02129816","false","false","missing_stop_reason","UNRESOLVED","UNRESOLVED_MISSING_STOP_REASON","UNCLASSIFIED","REVIEW_HOLD","VERIFY_CURRENT_EXCLUSION","Do not deindex automatically; compare source evidence, page uniqueness, GSC value, and replacement options."
"NCT02130661","https://clinicaltrialfailures.com/trial/NCT02130661","false","false","missing_stop_reason","UNRESOLVED","UNRESOLVED_MISSING_STOP_REASON","UNCLASSIFIED","REVIEW_HOLD","VERIFY_CURRENT_EXCLUSION","Do not deindex automatically; compare source evidence, page uniqueness, GSC value, and replacement options."
"NCT02131155","https://clinicaltrialfailures.com/trial/NCT02131155","false","false","missing_stop_reason","UNRESOLVED","UNRESOLVED_MISSING_STOP_REASON","UNCLASSIFIED","REVIEW_HOLD","VERIFY_CURRENT_EXCLUSION","Do not deindex automatically; compare source evidence, page uniqueness, GSC value, and replacement options."
"NCT02131272","https://clinicaltrialfailures.com/trial/NCT02131272","false","false","missing_stop_reason","UNRESOLVED","UNRESOLVED_MISSING_STOP_REASON","UNCLASSIFIED","REVIEW_HOLD","VERIFY_CURRENT_EXCLUSION","Do not deindex automatically; compare source evidence, page uniqueness, GSC value, and replacement options."
"NCT02134067","https://clinicaltrialfailures.com/trial/NCT02134067","false","false","missing_stop_reason","UNRESOLVED","UNRESOLVED_MISSING_STOP_REASON","UNCLASSIFIED","REVIEW_HOLD","VERIFY_CURRENT_EXCLUSION","Do not deindex automatically; compare source evidence, page uniqueness, GSC value, and replacement options."
"NCT02134197","https://clinicaltrialfailures.com/trial/NCT02134197","false","false","missing_stop_reason","UNRESOLVED","UNRESOLVED_MISSING_STOP_REASON","UNCLASSIFIED","REVIEW_HOLD","VERIFY_CURRENT_EXCLUSION","Do not deindex automatically; compare source evidence, page uniqueness, GSC value, and replacement options."
"NCT02136927","https://clinicaltrialfailures.com/trial/NCT02136927","false","false","missing_stop_reason","UNRESOLVED","UNRESOLVED_MISSING_STOP_REASON","UNCLASSIFIED","REVIEW_HOLD","VERIFY_CURRENT_EXCLUSION","Do not deindex automatically; compare source evidence, page uniqueness, GSC value, and replacement options."
"NCT02141100","https://clinicaltrialfailures.com/trial/NCT02141100","false","false","missing_stop_reason","UNRESOLVED","UNRESOLVED_MISSING_STOP_REASON","UNCLASSIFIED","REVIEW_HOLD","VERIFY_CURRENT_EXCLUSION","Do not deindex automatically; compare source evidence, page uniqueness, GSC value, and replacement options."
"NCT02141230","https://clinicaltrialfailures.com/trial/NCT02141230","false","false","missing_stop_reason","UNRESOLVED","UNRESOLVED_MISSING_STOP_REASON","UNCLASSIFIED","REVIEW_HOLD","VERIFY_CURRENT_EXCLUSION","Do not deindex automatically; compare source evidence, page uniqueness, GSC value, and replacement options."
"NCT02141295","https://clinicaltrialfailures.com/trial/NCT02141295","false","false","missing_stop_reason","UNRESOLVED","UNRESOLVED_MISSING_STOP_REASON","UNCLASSIFIED","REVIEW_HOLD","VERIFY_CURRENT_EXCLUSION","Do not deindex automatically; compare source evidence, page uniqueness, GSC value, and replacement options."
"NCT02143622","https://clinicaltrialfailures.com/trial/NCT02143622","false","false","missing_stop_reason","UNRESOLVED","UNRESOLVED_MISSING_STOP_REASON","UNCLASSIFIED","REVIEW_HOLD","VERIFY_CURRENT_EXCLUSION","Do not deindex automatically; compare source evidence, page uniqueness, GSC value, and replacement options."
"NCT02144012","https://clinicaltrialfailures.com/trial/NCT02144012","false","false","missing_stop_reason","UNRESOLVED","UNRESOLVED_MISSING_STOP_REASON","UNCLASSIFIED","REVIEW_HOLD","VERIFY_CURRENT_EXCLUSION","Do not deindex automatically; compare source evidence, page uniqueness, GSC value, and replacement options."
"NCT02144246","https://clinicaltrialfailures.com/trial/NCT02144246","false","false","missing_stop_reason","UNRESOLVED","UNRESOLVED_MISSING_STOP_REASON","UNCLASSIFIED","REVIEW_HOLD","VERIFY_CURRENT_EXCLUSION","Do not deindex automatically; compare source evidence, page uniqueness, GSC value, and replacement options."
"NCT02144610","https://clinicaltrialfailures.com/trial/NCT02144610","false","false","missing_stop_reason","UNRESOLVED","UNRESOLVED_MISSING_STOP_REASON","UNCLASSIFIED","REVIEW_HOLD","VERIFY_CURRENT_EXCLUSION","Do not deindex automatically; compare source evidence, page uniqueness, GSC value, and replacement options."
"NCT02145676","https://clinicaltrialfailures.com/trial/NCT02145676","false","false","missing_stop_reason","UNRESOLVED","UNRESOLVED_MISSING_STOP_REASON","UNCLASSIFIED","REVIEW_HOLD","VERIFY_CURRENT_EXCLUSION","Do not deindex automatically; compare source evidence, page uniqueness, GSC value, and replacement options."
"NCT02148107","https://clinicaltrialfailures.com/trial/NCT02148107","false","false","missing_stop_reason","UNRESOLVED","UNRESOLVED_MISSING_STOP_REASON","UNCLASSIFIED","REVIEW_HOLD","VERIFY_CURRENT_EXCLUSION","Do not deindex automatically; compare source evidence, page uniqueness, GSC value, and replacement options."
"NCT02150473","https://clinicaltrialfailures.com/trial/NCT02150473","false","false","missing_stop_reason","UNRESOLVED","UNRESOLVED_MISSING_STOP_REASON","UNCLASSIFIED","REVIEW_HOLD","VERIFY_CURRENT_EXCLUSION","Do not deindex automatically; compare source evidence, page uniqueness, GSC value, and replacement options."
"NCT02150499","https://clinicaltrialfailures.com/trial/NCT02150499","false","false","missing_stop_reason","UNRESOLVED","UNRESOLVED_MISSING_STOP_REASON","UNCLASSIFIED","REVIEW_HOLD","VERIFY_CURRENT_EXCLUSION","Do not deindex automatically; compare source evidence, page uniqueness, GSC value, and replacement options."
"NCT02150928","https://clinicaltrialfailures.com/trial/NCT02150928","false","false","missing_stop_reason","UNRESOLVED","UNRESOLVED_MISSING_STOP_REASON","UNCLASSIFIED","REVIEW_HOLD","VERIFY_CURRENT_EXCLUSION","Do not deindex automatically; compare source evidence, page uniqueness, GSC value, and replacement options."
"NCT02151136","https://clinicaltrialfailures.com/trial/NCT02151136","false","false","missing_stop_reason","UNRESOLVED","UNRESOLVED_MISSING_STOP_REASON","UNCLASSIFIED","REVIEW_HOLD","VERIFY_CURRENT_EXCLUSION","Do not deindex automatically; compare source evidence, page uniqueness, GSC value, and replacement options."
"NCT02153437","https://clinicaltrialfailures.com/trial/NCT02153437","false","false","missing_stop_reason","UNRESOLVED","UNRESOLVED_MISSING_STOP_REASON","UNCLASSIFIED","REVIEW_HOLD","VERIFY_CURRENT_EXCLUSION","Do not deindex automatically; compare source evidence, page uniqueness, GSC value, and replacement options."
"NCT02153632","https://clinicaltrialfailures.com/trial/NCT02153632","false","false","missing_stop_reason","NON_BIOLOGICAL","RECRUITMENT","DESCRIPTION_FALLBACK","REVIEW_HOLD","VERIFY_CURRENT_EXCLUSION","Do not deindex automatically; compare source evidence, page uniqueness, GSC value, and replacement options."
"NCT02153645","https://clinicaltrialfailures.com/trial/NCT02153645","false","false","missing_stop_reason","NON_BIOLOGICAL","RECRUITMENT","DESCRIPTION_FALLBACK","REVIEW_HOLD","VERIFY_CURRENT_EXCLUSION","Do not deindex automatically; compare source evidence, page uniqueness, GSC value, and replacement options."
"NCT02154243","https://clinicaltrialfailures.com/trial/NCT02154243","false","false","missing_stop_reason","UNRESOLVED","UNRESOLVED_MISSING_STOP_REASON","UNCLASSIFIED","REVIEW_HOLD","VERIFY_CURRENT_EXCLUSION","Do not deindex automatically; compare source evidence, page uniqueness, GSC value, and replacement options."
"NCT02154789","https://clinicaltrialfailures.com/trial/NCT02154789","false","false","missing_stop_reason","UNRESOLVED","UNRESOLVED_MISSING_STOP_REASON","UNCLASSIFIED","REVIEW_HOLD","VERIFY_CURRENT_EXCLUSION","Do not deindex automatically; compare source evidence, page uniqueness, GSC value, and replacement options."
"NCT02156843","https://clinicaltrialfailures.com/trial/NCT02156843","false","false","missing_stop_reason","UNRESOLVED","UNRESOLVED_MISSING_STOP_REASON","UNCLASSIFIED","REVIEW_HOLD","VERIFY_CURRENT_EXCLUSION","Do not deindex automatically; compare source evidence, page uniqueness, GSC value, and replacement options."
"NCT02158936","https://clinicaltrialfailures.com/trial/NCT02158936","false","false","missing_stop_reason","UNRESOLVED","UNRESOLVED_MISSING_STOP_REASON","UNCLASSIFIED","REVIEW_HOLD","VERIFY_CURRENT_EXCLUSION","Do not deindex automatically; compare source evidence, page uniqueness, GSC value, and replacement options."
"NCT02159040","https://clinicaltrialfailures.com/trial/NCT02159040","false","false","missing_stop_reason","UNRESOLVED","UNRESOLVED_MISSING_STOP_REASON","UNCLASSIFIED","REVIEW_HOLD","VERIFY_CURRENT_EXCLUSION","Do not deindex automatically; compare source evidence, page uniqueness, GSC value, and replacement options."
"NCT02160041","https://clinicaltrialfailures.com/trial/NCT02160041","false","false","missing_stop_reason","UNRESOLVED","UNRESOLVED_MISSING_STOP_REASON","UNCLASSIFIED","REVIEW_HOLD","VERIFY_CURRENT_EXCLUSION","Do not deindex automatically; compare source evidence, page uniqueness, GSC value, and replacement options."
"NCT02161419","https://clinicaltrialfailures.com/trial/NCT02161419","false","false","missing_stop_reason","UNRESOLVED","UNRESOLVED_MISSING_STOP_REASON","UNCLASSIFIED","REVIEW_HOLD","VERIFY_CURRENT_EXCLUSION","Do not deindex automatically; compare source evidence, page uniqueness, GSC value, and replacement options."
"NCT02168270","https://clinicaltrialfailures.com/trial/NCT02168270","false","false","missing_stop_reason","UNRESOLVED","UNRESOLVED_MISSING_STOP_REASON","UNCLASSIFIED","REVIEW_HOLD","VERIFY_CURRENT_EXCLUSION","Do not deindex automatically; compare source evidence, page uniqueness, GSC value, and replacement options."
"NCT02168530","https://clinicaltrialfailures.com/trial/NCT02168530","false","false","missing_stop_reason","UNRESOLVED","UNRESOLVED_MISSING_STOP_REASON","UNCLASSIFIED","REVIEW_HOLD","VERIFY_CURRENT_EXCLUSION","Do not deindex automatically; compare source evidence, page uniqueness, GSC value, and replacement options."
"NCT02168777","https://clinicaltrialfailures.com/trial/NCT02168777","false","false","missing_stop_reason","UNRESOLVED","UNRESOLVED_MISSING_STOP_REASON","UNCLASSIFIED","REVIEW_HOLD","VERIFY_CURRENT_EXCLUSION","Do not deindex automatically; compare source evidence, page uniqueness, GSC value, and replacement options."
"NCT02169284","https://clinicaltrialfailures.com/trial/NCT02169284","false","false","missing_stop_reason","UNRESOLVED","UNRESOLVED_MISSING_STOP_REASON","UNCLASSIFIED","REVIEW_HOLD","VERIFY_CURRENT_EXCLUSION","Do not deindex automatically; compare source evidence, page uniqueness, GSC value, and replacement options."
"NCT02176135","https://clinicaltrialfailures.com/trial/NCT02176135","false","false","missing_stop_reason","UNRESOLVED","UNRESOLVED_MISSING_STOP_REASON","UNCLASSIFIED","REVIEW_HOLD","VERIFY_CURRENT_EXCLUSION","Do not deindex automatically; compare source evidence, page uniqueness, GSC value, and replacement options."
"NCT02176642","https://clinicaltrialfailures.com/trial/NCT02176642","false","false","missing_stop_reason","UNRESOLVED","UNRESOLVED_MISSING_STOP_REASON","UNCLASSIFIED","REVIEW_HOLD","VERIFY_CURRENT_EXCLUSION","Do not deindex automatically; compare source evidence, page uniqueness, GSC value, and replacement options."
"NCT02176837","https://clinicaltrialfailures.com/trial/NCT02176837","false","false","missing_stop_reason","UNRESOLVED","UNRESOLVED_MISSING_STOP_REASON","UNCLASSIFIED","REVIEW_HOLD","VERIFY_CURRENT_EXCLUSION","Do not deindex automatically; compare source evidence, page uniqueness, GSC value, and replacement options."
"NCT02180204","https://clinicaltrialfailures.com/trial/NCT02180204","false","false","missing_stop_reason","UNRESOLVED","UNRESOLVED_MISSING_STOP_REASON","UNCLASSIFIED","REVIEW_HOLD","VERIFY_CURRENT_EXCLUSION","Do not deindex automatically; compare source evidence, page uniqueness, GSC value, and replacement options."
"NCT02180295","https://clinicaltrialfailures.com/trial/NCT02180295","false","false","missing_stop_reason","UNRESOLVED","UNRESOLVED_MISSING_STOP_REASON","UNCLASSIFIED","REVIEW_HOLD","VERIFY_CURRENT_EXCLUSION","Do not deindex automatically; compare source evidence, page uniqueness, GSC value, and replacement options."
"NCT02182622","https://clinicaltrialfailures.com/trial/NCT02182622","false","false","missing_stop_reason","UNRESOLVED","UNRESOLVED_MISSING_STOP_REASON","UNCLASSIFIED","REVIEW_HOLD","VERIFY_CURRENT_EXCLUSION","Do not deindex automatically; compare source evidence, page uniqueness, GSC value, and replacement options."
"NCT02182869","https://clinicaltrialfailures.com/trial/NCT02182869","false","false","missing_stop_reason","UNRESOLVED","UNRESOLVED_MISSING_STOP_REASON","UNCLASSIFIED","REVIEW_HOLD","VERIFY_CURRENT_EXCLUSION","Do not deindex automatically; compare source evidence, page uniqueness, GSC value, and replacement options."
"NCT02190604","https://clinicaltrialfailures.com/trial/NCT02190604","false","false","missing_stop_reason","UNRESOLVED","UNRESOLVED_MISSING_STOP_REASON","UNCLASSIFIED","REVIEW_HOLD","VERIFY_CURRENT_EXCLUSION","Do not deindex automatically; compare source evidence, page uniqueness, GSC value, and replacement options."
"NCT02190799","https://clinicaltrialfailures.com/trial/NCT02190799","false","false","missing_stop_reason","UNRESOLVED","UNRESOLVED_MISSING_STOP_REASON","UNCLASSIFIED","REVIEW_HOLD","VERIFY_CURRENT_EXCLUSION","Do not deindex automatically; compare source evidence, page uniqueness, GSC value, and replacement options."
"NCT02193321","https://clinicaltrialfailures.com/trial/NCT02193321","false","false","missing_stop_reason","UNRESOLVED","UNRESOLVED_MISSING_STOP_REASON","UNCLASSIFIED","REVIEW_HOLD","VERIFY_CURRENT_EXCLUSION","Do not deindex automatically; compare source evidence, page uniqueness, GSC value, and replacement options."
"NCT02193867","https://clinicaltrialfailures.com/trial/NCT02193867","false","false","missing_stop_reason","UNRESOLVED","UNRESOLVED_MISSING_STOP_REASON","UNCLASSIFIED","REVIEW_HOLD","VERIFY_CURRENT_EXCLUSION","Do not deindex automatically; compare source evidence, page uniqueness, GSC value, and replacement options."
"NCT02198313","https://clinicaltrialfailures.com/trial/NCT02198313","false","false","missing_stop_reason","UNRESOLVED","UNRESOLVED_MISSING_STOP_REASON","UNCLASSIFIED","REVIEW_HOLD","VERIFY_CURRENT_EXCLUSION","Do not deindex automatically; compare source evidence, page uniqueness, GSC value, and replacement options."
"NCT02200380","https://clinicaltrialfailures.com/trial/NCT02200380","false","false","missing_stop_reason","UNRESOLVED","UNRESOLVED_MISSING_STOP_REASON","UNCLASSIFIED","REVIEW_HOLD","VERIFY_CURRENT_EXCLUSION","Do not deindex automatically; compare source evidence, page uniqueness, GSC value, and replacement options."
"NCT02203474","https://clinicaltrialfailures.com/trial/NCT02203474","false","false","missing_stop_reason","UNRESOLVED","UNRESOLVED_MISSING_STOP_REASON","UNCLASSIFIED","REVIEW_HOLD","VERIFY_CURRENT_EXCLUSION","Do not deindex automatically; compare source evidence, page uniqueness, GSC value, and replacement options."
"NCT02204345","https://clinicaltrialfailures.com/trial/NCT02204345","false","false","missing_stop_reason","UNRESOLVED","UNRESOLVED_MISSING_STOP_REASON","UNCLASSIFIED","REVIEW_HOLD","VERIFY_CURRENT_EXCLUSION","Do not deindex automatically; compare source evidence, page uniqueness, GSC value, and replacement options."
"NCT02204475","https://clinicaltrialfailures.com/trial/NCT02204475","false","false","missing_stop_reason","UNRESOLVED","UNRESOLVED_MISSING_STOP_REASON","UNCLASSIFIED","REVIEW_HOLD","VERIFY_CURRENT_EXCLUSION","Do not deindex automatically; compare source evidence, page uniqueness, GSC value, and replacement options."
"NCT02205398","https://clinicaltrialfailures.com/trial/NCT02205398","false","false","missing_stop_reason","NON_BIOLOGICAL","RECRUITMENT","DESCRIPTION_FALLBACK","REVIEW_HOLD","VERIFY_CURRENT_EXCLUSION","Do not deindex automatically; compare source evidence, page uniqueness, GSC value, and replacement options."
"NCT02206568","https://clinicaltrialfailures.com/trial/NCT02206568","false","false","missing_stop_reason","UNRESOLVED","UNRESOLVED_MISSING_STOP_REASON","UNCLASSIFIED","REVIEW_HOLD","VERIFY_CURRENT_EXCLUSION","Do not deindex automatically; compare source evidence, page uniqueness, GSC value, and replacement options."
"NCT02206763","https://clinicaltrialfailures.com/trial/NCT02206763","false","false","missing_stop_reason","UNRESOLVED","UNRESOLVED_MISSING_STOP_REASON","UNCLASSIFIED","REVIEW_HOLD","VERIFY_CURRENT_EXCLUSION","Do not deindex automatically; compare source evidence, page uniqueness, GSC value, and replacement options."
"NCT02209155","https://clinicaltrialfailures.com/trial/NCT02209155","false","false","missing_stop_reason","UNRESOLVED","UNRESOLVED_MISSING_STOP_REASON","UNCLASSIFIED","REVIEW_HOLD","VERIFY_CURRENT_EXCLUSION","Do not deindex automatically; compare source evidence, page uniqueness, GSC value, and replacement options."
"NCT02211027","https://clinicaltrialfailures.com/trial/NCT02211027","false","false","missing_stop_reason","UNRESOLVED","UNRESOLVED_MISSING_STOP_REASON","UNCLASSIFIED","REVIEW_HOLD","VERIFY_CURRENT_EXCLUSION","Do not deindex automatically; compare source evidence, page uniqueness, GSC value, and replacement options."
"NCT02213029","https://clinicaltrialfailures.com/trial/NCT02213029","false","false","missing_stop_reason","UNRESOLVED","UNRESOLVED_MISSING_STOP_REASON","UNCLASSIFIED","REVIEW_HOLD","VERIFY_CURRENT_EXCLUSION","Do not deindex automatically; compare source evidence, page uniqueness, GSC value, and replacement options."
"NCT02213653","https://clinicaltrialfailures.com/trial/NCT02213653","false","false","missing_stop_reason","UNRESOLVED","UNRESOLVED_MISSING_STOP_REASON","UNCLASSIFIED","REVIEW_HOLD","VERIFY_CURRENT_EXCLUSION","Do not deindex automatically; compare source evidence, page uniqueness, GSC value, and replacement options."
"NCT02214628","https://clinicaltrialfailures.com/trial/NCT02214628","false","false","missing_stop_reason","UNRESOLVED","UNRESOLVED_MISSING_STOP_REASON","UNCLASSIFIED","REVIEW_HOLD","VERIFY_CURRENT_EXCLUSION","Do not deindex automatically; compare source evidence, page uniqueness, GSC value, and replacement options."
"NCT02214810","https://clinicaltrialfailures.com/trial/NCT02214810","false","false","missing_stop_reason","UNRESOLVED","UNRESOLVED_MISSING_STOP_REASON","UNCLASSIFIED","REVIEW_HOLD","VERIFY_CURRENT_EXCLUSION","Do not deindex automatically; compare source evidence, page uniqueness, GSC value, and replacement options."
"NCT02215629","https://clinicaltrialfailures.com/trial/NCT02215629","false","false","missing_stop_reason","UNRESOLVED","UNRESOLVED_MISSING_STOP_REASON","UNCLASSIFIED","REVIEW_HOLD","VERIFY_CURRENT_EXCLUSION","Do not deindex automatically; compare source evidence, page uniqueness, GSC value, and replacement options."
"NCT02220972","https://clinicaltrialfailures.com/trial/NCT02220972","false","false","missing_stop_reason","UNRESOLVED","UNRESOLVED_MISSING_STOP_REASON","UNCLASSIFIED","REVIEW_HOLD","VERIFY_CURRENT_EXCLUSION","Do not deindex automatically; compare source evidence, page uniqueness, GSC value, and replacement options."
"NCT02221505","https://clinicaltrialfailures.com/trial/NCT02221505","false","false","missing_stop_reason","UNRESOLVED","UNRESOLVED_MISSING_STOP_REASON","UNCLASSIFIED","REVIEW_HOLD","VERIFY_CURRENT_EXCLUSION","Do not deindex automatically; compare source evidence, page uniqueness, GSC value, and replacement options."
"NCT02221674","https://clinicaltrialfailures.com/trial/NCT02221674","false","false","missing_stop_reason","UNRESOLVED","UNRESOLVED_MISSING_STOP_REASON","UNCLASSIFIED","REVIEW_HOLD","VERIFY_CURRENT_EXCLUSION","Do not deindex automatically; compare source evidence, page uniqueness, GSC value, and replacement options."
"NCT02222207","https://clinicaltrialfailures.com/trial/NCT02222207","false","false","missing_stop_reason","UNRESOLVED","UNRESOLVED_MISSING_STOP_REASON","UNCLASSIFIED","REVIEW_HOLD","VERIFY_CURRENT_EXCLUSION","Do not deindex automatically; compare source evidence, page uniqueness, GSC value, and replacement options."
"NCT02226172","https://clinicaltrialfailures.com/trial/NCT02226172","false","false","missing_stop_reason","UNRESOLVED","UNRESOLVED_MISSING_STOP_REASON","UNCLASSIFIED","REVIEW_HOLD","VERIFY_CURRENT_EXCLUSION","Do not deindex automatically; compare source evidence, page uniqueness, GSC value, and replacement options."
"NCT02226848","https://clinicaltrialfailures.com/trial/NCT02226848","false","false","missing_stop_reason","UNRESOLVED","UNRESOLVED_MISSING_STOP_REASON","UNCLASSIFIED","REVIEW_HOLD","VERIFY_CURRENT_EXCLUSION","Do not deindex automatically; compare source evidence, page uniqueness, GSC value, and replacement options."
"NCT02227368","https://clinicaltrialfailures.com/trial/NCT02227368","false","false","missing_stop_reason","UNRESOLVED","UNRESOLVED_MISSING_STOP_REASON","UNCLASSIFIED","REVIEW_HOLD","VERIFY_CURRENT_EXCLUSION","Do not deindex automatically; compare source evidence, page uniqueness, GSC value, and replacement options."
"NCT02228382","https://clinicaltrialfailures.com/trial/NCT02228382","false","false","missing_stop_reason","UNRESOLVED","UNRESOLVED_MISSING_STOP_REASON","UNCLASSIFIED","REVIEW_HOLD","VERIFY_CURRENT_EXCLUSION","Do not deindex automatically; compare source evidence, page uniqueness, GSC value, and replacement options."
"NCT02228512","https://clinicaltrialfailures.com/trial/NCT02228512","false","false","missing_stop_reason","UNRESOLVED","UNRESOLVED_MISSING_STOP_REASON","UNCLASSIFIED","REVIEW_HOLD","VERIFY_CURRENT_EXCLUSION","Do not deindex automatically; compare source evidence, page uniqueness, GSC value, and replacement options."
"NCT02228811","https://clinicaltrialfailures.com/trial/NCT02228811","false","false","missing_stop_reason","UNRESOLVED","UNRESOLVED_MISSING_STOP_REASON","UNCLASSIFIED","REVIEW_HOLD","VERIFY_CURRENT_EXCLUSION","Do not deindex automatically; compare source evidence, page uniqueness, GSC value, and replacement options."
"NCT02230917","https://clinicaltrialfailures.com/trial/NCT02230917","false","false","missing_stop_reason","UNRESOLVED","UNRESOLVED_MISSING_STOP_REASON","UNCLASSIFIED","REVIEW_HOLD","VERIFY_CURRENT_EXCLUSION","Do not deindex automatically; compare source evidence, page uniqueness, GSC value, and replacement options."
"NCT02231164","https://clinicaltrialfailures.com/trial/NCT02231164","false","false","missing_stop_reason","UNRESOLVED","UNRESOLVED_MISSING_STOP_REASON","UNCLASSIFIED","REVIEW_HOLD","VERIFY_CURRENT_EXCLUSION","Do not deindex automatically; compare source evidence, page uniqueness, GSC value, and replacement options."
"NCT02231853","https://clinicaltrialfailures.com/trial/NCT02231853","false","false","missing_stop_reason","UNRESOLVED","UNRESOLVED_MISSING_STOP_REASON","UNCLASSIFIED","REVIEW_HOLD","VERIFY_CURRENT_EXCLUSION","Do not deindex automatically; compare source evidence, page uniqueness, GSC value, and replacement options."
"NCT02234180","https://clinicaltrialfailures.com/trial/NCT02234180","false","false","missing_stop_reason","UNRESOLVED","UNRESOLVED_MISSING_STOP_REASON","UNCLASSIFIED","REVIEW_HOLD","VERIFY_CURRENT_EXCLUSION","Do not deindex automatically; compare source evidence, page uniqueness, GSC value, and replacement options."
"NCT02235740","https://clinicaltrialfailures.com/trial/NCT02235740","false","false","missing_stop_reason","CAUSE_NOT_STATED","PROGRAM_ACTION_WITHOUT_STATED_CAUSE","DESCRIPTION_FALLBACK","REVIEW_HOLD","VERIFY_CURRENT_EXCLUSION","Do not deindex automatically; compare source evidence, page uniqueness, GSC value, and replacement options."
"NCT02240160","https://clinicaltrialfailures.com/trial/NCT02240160","false","false","missing_stop_reason","UNRESOLVED","UNRESOLVED_MISSING_STOP_REASON","UNCLASSIFIED","REVIEW_HOLD","VERIFY_CURRENT_EXCLUSION","Do not deindex automatically; compare source evidence, page uniqueness, GSC value, and replacement options."
"NCT02240706","https://clinicaltrialfailures.com/trial/NCT02240706","false","false","missing_stop_reason","UNRESOLVED","UNRESOLVED_MISSING_STOP_REASON","UNCLASSIFIED","REVIEW_HOLD","VERIFY_CURRENT_EXCLUSION","Do not deindex automatically; compare source evidence, page uniqueness, GSC value, and replacement options."
"NCT02241395","https://clinicaltrialfailures.com/trial/NCT02241395","false","false","missing_stop_reason","UNRESOLVED","UNRESOLVED_MISSING_STOP_REASON","UNCLASSIFIED","REVIEW_HOLD","VERIFY_CURRENT_EXCLUSION","Do not deindex automatically; compare source evidence, page uniqueness, GSC value, and replacement options."
"NCT02241434","https://clinicaltrialfailures.com/trial/NCT02241434","false","false","missing_stop_reason","UNRESOLVED","UNRESOLVED_MISSING_STOP_REASON","UNCLASSIFIED","REVIEW_HOLD","VERIFY_CURRENT_EXCLUSION","Do not deindex automatically; compare source evidence, page uniqueness, GSC value, and replacement options."
"NCT02241928","https://clinicaltrialfailures.com/trial/NCT02241928","false","false","missing_stop_reason","UNRESOLVED","UNRESOLVED_MISSING_STOP_REASON","UNCLASSIFIED","REVIEW_HOLD","VERIFY_CURRENT_EXCLUSION","Do not deindex automatically; compare source evidence, page uniqueness, GSC value, and replacement options."
"NCT02242071","https://clinicaltrialfailures.com/trial/NCT02242071","false","false","missing_stop_reason","UNRESOLVED","UNRESOLVED_MISSING_STOP_REASON","UNCLASSIFIED","REVIEW_HOLD","VERIFY_CURRENT_EXCLUSION","Do not deindex automatically; compare source evidence, page uniqueness, GSC value, and replacement options."
"NCT02242084","https://clinicaltrialfailures.com/trial/NCT02242084","false","false","missing_stop_reason","UNRESOLVED","UNRESOLVED_MISSING_STOP_REASON","UNCLASSIFIED","REVIEW_HOLD","VERIFY_CURRENT_EXCLUSION","Do not deindex automatically; compare source evidence, page uniqueness, GSC value, and replacement options."
"NCT02244489","https://clinicaltrialfailures.com/trial/NCT02244489","false","false","missing_stop_reason","UNRESOLVED","UNRESOLVED_MISSING_STOP_REASON","UNCLASSIFIED","REVIEW_HOLD","VERIFY_CURRENT_EXCLUSION","Do not deindex automatically; compare source evidence, page uniqueness, GSC value, and replacement options."
"NCT02245698","https://clinicaltrialfailures.com/trial/NCT02245698","false","false","missing_stop_reason","UNRESOLVED","UNRESOLVED_MISSING_STOP_REASON","UNCLASSIFIED","REVIEW_HOLD","VERIFY_CURRENT_EXCLUSION","Do not deindex automatically; compare source evidence, page uniqueness, GSC value, and replacement options."
"NCT02245711","https://clinicaltrialfailures.com/trial/NCT02245711","false","false","missing_stop_reason","UNRESOLVED","UNRESOLVED_MISSING_STOP_REASON","UNCLASSIFIED","REVIEW_HOLD","VERIFY_CURRENT_EXCLUSION","Do not deindex automatically; compare source evidence, page uniqueness, GSC value, and replacement options."
"NCT02245724","https://clinicaltrialfailures.com/trial/NCT02245724","false","false","missing_stop_reason","UNRESOLVED","UNRESOLVED_MISSING_STOP_REASON","UNCLASSIFIED","REVIEW_HOLD","VERIFY_CURRENT_EXCLUSION","Do not deindex automatically; compare source evidence, page uniqueness, GSC value, and replacement options."
"NCT02245776","https://clinicaltrialfailures.com/trial/NCT02245776","false","false","missing_stop_reason","UNRESOLVED","UNRESOLVED_MISSING_STOP_REASON","UNCLASSIFIED","REVIEW_HOLD","VERIFY_CURRENT_EXCLUSION","Do not deindex automatically; compare source evidence, page uniqueness, GSC value, and replacement options."
"NCT02245945","https://clinicaltrialfailures.com/trial/NCT02245945","false","false","missing_stop_reason","UNRESOLVED","UNRESOLVED_MISSING_STOP_REASON","UNCLASSIFIED","REVIEW_HOLD","VERIFY_CURRENT_EXCLUSION","Do not deindex automatically; compare source evidence, page uniqueness, GSC value, and replacement options."
"NCT02246686","https://clinicaltrialfailures.com/trial/NCT02246686","false","false","missing_stop_reason","UNRESOLVED","UNRESOLVED_MISSING_STOP_REASON","UNCLASSIFIED","REVIEW_HOLD","VERIFY_CURRENT_EXCLUSION","Do not deindex automatically; compare source evidence, page uniqueness, GSC value, and replacement options."
"NCT02247479","https://clinicaltrialfailures.com/trial/NCT02247479","false","false","missing_stop_reason","UNRESOLVED","UNRESOLVED_MISSING_STOP_REASON","UNCLASSIFIED","REVIEW_HOLD","VERIFY_CURRENT_EXCLUSION","Do not deindex automatically; compare source evidence, page uniqueness, GSC value, and replacement options."
"NCT02247531","https://clinicaltrialfailures.com/trial/NCT02247531","false","false","missing_stop_reason","UNRESOLVED","UNRESOLVED_MISSING_STOP_REASON","UNCLASSIFIED","REVIEW_HOLD","VERIFY_CURRENT_EXCLUSION","Do not deindex automatically; compare source evidence, page uniqueness, GSC value, and replacement options."
"NCT02247648","https://clinicaltrialfailures.com/trial/NCT02247648","false","false","missing_stop_reason","UNRESOLVED","UNRESOLVED_MISSING_STOP_REASON","UNCLASSIFIED","REVIEW_HOLD","VERIFY_CURRENT_EXCLUSION","Do not deindex automatically; compare source evidence, page uniqueness, GSC value, and replacement options."
"NCT02247986","https://clinicaltrialfailures.com/trial/NCT02247986","false","false","missing_stop_reason","UNRESOLVED","UNRESOLVED_MISSING_STOP_REASON","UNCLASSIFIED","REVIEW_HOLD","VERIFY_CURRENT_EXCLUSION","Do not deindex automatically; compare source evidence, page uniqueness, GSC value, and replacement options."
"NCT02249078","https://clinicaltrialfailures.com/trial/NCT02249078","false","false","missing_stop_reason","UNRESOLVED","UNRESOLVED_MISSING_STOP_REASON","UNCLASSIFIED","REVIEW_HOLD","VERIFY_CURRENT_EXCLUSION","Do not deindex automatically; compare source evidence, page uniqueness, GSC value, and replacement options."
"NCT02253992","https://clinicaltrialfailures.com/trial/NCT02253992","false","false","missing_stop_reason","UNRESOLVED","UNRESOLVED_MISSING_STOP_REASON","UNCLASSIFIED","REVIEW_HOLD","VERIFY_CURRENT_EXCLUSION","Do not deindex automatically; compare source evidence, page uniqueness, GSC value, and replacement options."
"NCT02254031","https://clinicaltrialfailures.com/trial/NCT02254031","false","false","missing_stop_reason","UNRESOLVED","UNRESOLVED_MISSING_STOP_REASON","UNCLASSIFIED","REVIEW_HOLD","VERIFY_CURRENT_EXCLUSION","Do not deindex automatically; compare source evidence, page uniqueness, GSC value, and replacement options."
"NCT02254161","https://clinicaltrialfailures.com/trial/NCT02254161","false","false","missing_stop_reason","UNRESOLVED","UNRESOLVED_MISSING_STOP_REASON","UNCLASSIFIED","REVIEW_HOLD","VERIFY_CURRENT_EXCLUSION","Do not deindex automatically; compare source evidence, page uniqueness, GSC value, and replacement options."
"NCT02255968","https://clinicaltrialfailures.com/trial/NCT02255968","false","false","missing_stop_reason","UNRESOLVED","UNRESOLVED_MISSING_STOP_REASON","UNCLASSIFIED","REVIEW_HOLD","VERIFY_CURRENT_EXCLUSION","Do not deindex automatically; compare source evidence, page uniqueness, GSC value, and replacement options."
"NCT02258009","https://clinicaltrialfailures.com/trial/NCT02258009","false","false","missing_stop_reason","UNRESOLVED","UNRESOLVED_MISSING_STOP_REASON","UNCLASSIFIED","REVIEW_HOLD","VERIFY_CURRENT_EXCLUSION","Do not deindex automatically; compare source evidence, page uniqueness, GSC value, and replacement options."
"NCT02258529","https://clinicaltrialfailures.com/trial/NCT02258529","false","false","missing_stop_reason","UNRESOLVED","UNRESOLVED_MISSING_STOP_REASON","UNCLASSIFIED","REVIEW_HOLD","VERIFY_CURRENT_EXCLUSION","Do not deindex automatically; compare source evidence, page uniqueness, GSC value, and replacement options."
"NCT02258555","https://clinicaltrialfailures.com/trial/NCT02258555","false","false","missing_stop_reason","UNRESOLVED","UNRESOLVED_MISSING_STOP_REASON","UNCLASSIFIED","REVIEW_HOLD","VERIFY_CURRENT_EXCLUSION","Do not deindex automatically; compare source evidence, page uniqueness, GSC value, and replacement options."
"NCT02258607","https://clinicaltrialfailures.com/trial/NCT02258607","false","false","missing_stop_reason","UNRESOLVED","UNRESOLVED_MISSING_STOP_REASON","UNCLASSIFIED","REVIEW_HOLD","VERIFY_CURRENT_EXCLUSION","Do not deindex automatically; compare source evidence, page uniqueness, GSC value, and replacement options."
"NCT02258854","https://clinicaltrialfailures.com/trial/NCT02258854","false","false","missing_stop_reason","UNRESOLVED","UNRESOLVED_MISSING_STOP_REASON","UNCLASSIFIED","REVIEW_HOLD","VERIFY_CURRENT_EXCLUSION","Do not deindex automatically; compare source evidence, page uniqueness, GSC value, and replacement options."
"NCT02258867","https://clinicaltrialfailures.com/trial/NCT02258867","false","false","missing_stop_reason","UNRESOLVED","UNRESOLVED_MISSING_STOP_REASON","UNCLASSIFIED","REVIEW_HOLD","VERIFY_CURRENT_EXCLUSION","Do not deindex automatically; compare source evidence, page uniqueness, GSC value, and replacement options."
"NCT02262923","https://clinicaltrialfailures.com/trial/NCT02262923","false","false","missing_stop_reason","UNRESOLVED","UNRESOLVED_MISSING_STOP_REASON","UNCLASSIFIED","REVIEW_HOLD","VERIFY_CURRENT_EXCLUSION","Do not deindex automatically; compare source evidence, page uniqueness, GSC value, and replacement options."
"NCT02263222","https://clinicaltrialfailures.com/trial/NCT02263222","false","false","missing_stop_reason","UNRESOLVED","UNRESOLVED_MISSING_STOP_REASON","UNCLASSIFIED","REVIEW_HOLD","VERIFY_CURRENT_EXCLUSION","Do not deindex automatically; compare source evidence, page uniqueness, GSC value, and replacement options."
"NCT02263508","https://clinicaltrialfailures.com/trial/NCT02263508","false","false","missing_stop_reason","UNRESOLVED","UNRESOLVED_MISSING_STOP_REASON","UNCLASSIFIED","REVIEW_HOLD","VERIFY_CURRENT_EXCLUSION","Do not deindex automatically; compare source evidence, page uniqueness, GSC value, and replacement options."
"NCT02265510","https://clinicaltrialfailures.com/trial/NCT02265510","false","false","missing_stop_reason","UNRESOLVED","UNRESOLVED_MISSING_STOP_REASON","UNCLASSIFIED","REVIEW_HOLD","VERIFY_CURRENT_EXCLUSION","Do not deindex automatically; compare source evidence, page uniqueness, GSC value, and replacement options."
"NCT02266797","https://clinicaltrialfailures.com/trial/NCT02266797","false","false","missing_stop_reason","UNRESOLVED","UNRESOLVED_MISSING_STOP_REASON","UNCLASSIFIED","REVIEW_HOLD","VERIFY_CURRENT_EXCLUSION","Do not deindex automatically; compare source evidence, page uniqueness, GSC value, and replacement options."
"NCT02269579","https://clinicaltrialfailures.com/trial/NCT02269579","false","false","missing_stop_reason","UNRESOLVED","UNRESOLVED_MISSING_STOP_REASON","UNCLASSIFIED","REVIEW_HOLD","VERIFY_CURRENT_EXCLUSION","Do not deindex automatically; compare source evidence, page uniqueness, GSC value, and replacement options."
"NCT02269644","https://clinicaltrialfailures.com/trial/NCT02269644","false","false","missing_stop_reason","UNRESOLVED","UNRESOLVED_MISSING_STOP_REASON","UNCLASSIFIED","REVIEW_HOLD","VERIFY_CURRENT_EXCLUSION","Do not deindex automatically; compare source evidence, page uniqueness, GSC value, and replacement options."
"NCT02270463","https://clinicaltrialfailures.com/trial/NCT02270463","false","false","missing_stop_reason","UNRESOLVED","UNRESOLVED_MISSING_STOP_REASON","UNCLASSIFIED","REVIEW_HOLD","VERIFY_CURRENT_EXCLUSION","Do not deindex automatically; compare source evidence, page uniqueness, GSC value, and replacement options."
"NCT02272868","https://clinicaltrialfailures.com/trial/NCT02272868","false","false","missing_stop_reason","UNRESOLVED","UNRESOLVED_MISSING_STOP_REASON","UNCLASSIFIED","REVIEW_HOLD","VERIFY_CURRENT_EXCLUSION","Do not deindex automatically; compare source evidence, page uniqueness, GSC value, and replacement options."
"NCT02277392","https://clinicaltrialfailures.com/trial/NCT02277392","false","false","missing_stop_reason","UNRESOLVED","UNRESOLVED_MISSING_STOP_REASON","UNCLASSIFIED","REVIEW_HOLD","VERIFY_CURRENT_EXCLUSION","Do not deindex automatically; compare source evidence, page uniqueness, GSC value, and replacement options."
"NCT02277457","https://clinicaltrialfailures.com/trial/NCT02277457","false","false","missing_stop_reason","UNRESOLVED","UNRESOLVED_MISSING_STOP_REASON","UNCLASSIFIED","REVIEW_HOLD","VERIFY_CURRENT_EXCLUSION","Do not deindex automatically; compare source evidence, page uniqueness, GSC value, and replacement options."
"NCT02277613","https://clinicaltrialfailures.com/trial/NCT02277613","false","false","missing_stop_reason","UNRESOLVED","UNRESOLVED_MISSING_STOP_REASON","UNCLASSIFIED","REVIEW_HOLD","VERIFY_CURRENT_EXCLUSION","Do not deindex automatically; compare source evidence, page uniqueness, GSC value, and replacement options."
"NCT02281279","https://clinicaltrialfailures.com/trial/NCT02281279","false","false","missing_stop_reason","UNRESOLVED","UNRESOLVED_MISSING_STOP_REASON","UNCLASSIFIED","REVIEW_HOLD","VERIFY_CURRENT_EXCLUSION","Do not deindex automatically; compare source evidence, page uniqueness, GSC value, and replacement options."
"NCT02281968","https://clinicaltrialfailures.com/trial/NCT02281968","false","false","missing_stop_reason","UNRESOLVED","UNRESOLVED_MISSING_STOP_REASON","UNCLASSIFIED","REVIEW_HOLD","VERIFY_CURRENT_EXCLUSION","Do not deindex automatically; compare source evidence, page uniqueness, GSC value, and replacement options."
"NCT02282176","https://clinicaltrialfailures.com/trial/NCT02282176","false","false","missing_stop_reason","UNRESOLVED","UNRESOLVED_MISSING_STOP_REASON","UNCLASSIFIED","REVIEW_HOLD","VERIFY_CURRENT_EXCLUSION","Do not deindex automatically; compare source evidence, page uniqueness, GSC value, and replacement options."
"NCT02282904","https://clinicaltrialfailures.com/trial/NCT02282904","false","false","missing_stop_reason","UNRESOLVED","UNRESOLVED_MISSING_STOP_REASON","UNCLASSIFIED","REVIEW_HOLD","VERIFY_CURRENT_EXCLUSION","Do not deindex automatically; compare source evidence, page uniqueness, GSC value, and replacement options."
"NCT02284425","https://clinicaltrialfailures.com/trial/NCT02284425","false","false","missing_stop_reason","UNRESOLVED","UNRESOLVED_MISSING_STOP_REASON","UNCLASSIFIED","REVIEW_HOLD","VERIFY_CURRENT_EXCLUSION","Do not deindex automatically; compare source evidence, page uniqueness, GSC value, and replacement options."
"NCT02286206","https://clinicaltrialfailures.com/trial/NCT02286206","false","false","missing_stop_reason","UNRESOLVED","UNRESOLVED_MISSING_STOP_REASON","UNCLASSIFIED","REVIEW_HOLD","VERIFY_CURRENT_EXCLUSION","Do not deindex automatically; compare source evidence, page uniqueness, GSC value, and replacement options."
"NCT02287025","https://clinicaltrialfailures.com/trial/NCT02287025","false","false","missing_stop_reason","UNRESOLVED","UNRESOLVED_MISSING_STOP_REASON","UNCLASSIFIED","REVIEW_HOLD","VERIFY_CURRENT_EXCLUSION","Do not deindex automatically; compare source evidence, page uniqueness, GSC value, and replacement options."
"NCT02287727","https://clinicaltrialfailures.com/trial/NCT02287727","false","false","missing_stop_reason","UNRESOLVED","UNRESOLVED_MISSING_STOP_REASON","UNCLASSIFIED","REVIEW_HOLD","VERIFY_CURRENT_EXCLUSION","Do not deindex automatically; compare source evidence, page uniqueness, GSC value, and replacement options."
"NCT02289495","https://clinicaltrialfailures.com/trial/NCT02289495","false","false","missing_stop_reason","UNRESOLVED","UNRESOLVED_MISSING_STOP_REASON","UNCLASSIFIED","REVIEW_HOLD","VERIFY_CURRENT_EXCLUSION","Do not deindex automatically; compare source evidence, page uniqueness, GSC value, and replacement options."
"NCT02289807","https://clinicaltrialfailures.com/trial/NCT02289807","false","false","missing_stop_reason","UNRESOLVED","UNRESOLVED_MISSING_STOP_REASON","UNCLASSIFIED","REVIEW_HOLD","VERIFY_CURRENT_EXCLUSION","Do not deindex automatically; compare source evidence, page uniqueness, GSC value, and replacement options."
"NCT02291055","https://clinicaltrialfailures.com/trial/NCT02291055","false","false","missing_stop_reason","UNRESOLVED","UNRESOLVED_MISSING_STOP_REASON","UNCLASSIFIED","REVIEW_HOLD","VERIFY_CURRENT_EXCLUSION","Do not deindex automatically; compare source evidence, page uniqueness, GSC value, and replacement options."
"NCT02291237","https://clinicaltrialfailures.com/trial/NCT02291237","false","false","missing_stop_reason","UNRESOLVED","UNRESOLVED_MISSING_STOP_REASON","UNCLASSIFIED","REVIEW_HOLD","VERIFY_CURRENT_EXCLUSION","Do not deindex automatically; compare source evidence, page uniqueness, GSC value, and replacement options."
"NCT02292459","https://clinicaltrialfailures.com/trial/NCT02292459","false","false","missing_stop_reason","UNRESOLVED","UNRESOLVED_MISSING_STOP_REASON","UNCLASSIFIED","REVIEW_HOLD","VERIFY_CURRENT_EXCLUSION","Do not deindex automatically; compare source evidence, page uniqueness, GSC value, and replacement options."
"NCT02292732","https://clinicaltrialfailures.com/trial/NCT02292732","false","false","missing_stop_reason","UNRESOLVED","UNRESOLVED_MISSING_STOP_REASON","UNCLASSIFIED","REVIEW_HOLD","VERIFY_CURRENT_EXCLUSION","Do not deindex automatically; compare source evidence, page uniqueness, GSC value, and replacement options."
"NCT02292966","https://clinicaltrialfailures.com/trial/NCT02292966","false","false","missing_stop_reason","UNRESOLVED","UNRESOLVED_MISSING_STOP_REASON","UNCLASSIFIED","REVIEW_HOLD","VERIFY_CURRENT_EXCLUSION","Do not deindex automatically; compare source evidence, page uniqueness, GSC value, and replacement options."
"NCT02294786","https://clinicaltrialfailures.com/trial/NCT02294786","false","false","missing_stop_reason","UNRESOLVED","UNRESOLVED_MISSING_STOP_REASON","UNCLASSIFIED","REVIEW_HOLD","VERIFY_CURRENT_EXCLUSION","Do not deindex automatically; compare source evidence, page uniqueness, GSC value, and replacement options."
"NCT02296840","https://clinicaltrialfailures.com/trial/NCT02296840","false","false","missing_stop_reason","UNRESOLVED","UNRESOLVED_MISSING_STOP_REASON","UNCLASSIFIED","REVIEW_HOLD","VERIFY_CURRENT_EXCLUSION","Do not deindex automatically; compare source evidence, page uniqueness, GSC value, and replacement options."
"NCT02297425","https://clinicaltrialfailures.com/trial/NCT02297425","false","false","missing_stop_reason","UNRESOLVED","UNRESOLVED_MISSING_STOP_REASON","UNCLASSIFIED","REVIEW_HOLD","VERIFY_CURRENT_EXCLUSION","Do not deindex automatically; compare source evidence, page uniqueness, GSC value, and replacement options."
"NCT02298595","https://clinicaltrialfailures.com/trial/NCT02298595","false","false","missing_stop_reason","UNRESOLVED","UNRESOLVED_MISSING_STOP_REASON","UNCLASSIFIED","REVIEW_HOLD","VERIFY_CURRENT_EXCLUSION","Do not deindex automatically; compare source evidence, page uniqueness, GSC value, and replacement options."
"NCT02300558","https://clinicaltrialfailures.com/trial/NCT02300558","false","false","missing_stop_reason","UNRESOLVED","UNRESOLVED_MISSING_STOP_REASON","UNCLASSIFIED","REVIEW_HOLD","VERIFY_CURRENT_EXCLUSION","Do not deindex automatically; compare source evidence, page uniqueness, GSC value, and replacement options."
"NCT02301949","https://clinicaltrialfailures.com/trial/NCT02301949","false","false","missing_stop_reason","UNRESOLVED","UNRESOLVED_MISSING_STOP_REASON","UNCLASSIFIED","REVIEW_HOLD","VERIFY_CURRENT_EXCLUSION","Do not deindex automatically; compare source evidence, page uniqueness, GSC value, and replacement options."
"NCT02303782","https://clinicaltrialfailures.com/trial/NCT02303782","false","false","missing_stop_reason","UNRESOLVED","UNRESOLVED_MISSING_STOP_REASON","UNCLASSIFIED","REVIEW_HOLD","VERIFY_CURRENT_EXCLUSION","Do not deindex automatically; compare source evidence, page uniqueness, GSC value, and replacement options."
"NCT02305056","https://clinicaltrialfailures.com/trial/NCT02305056","false","false","missing_stop_reason","UNRESOLVED","UNRESOLVED_MISSING_STOP_REASON","UNCLASSIFIED","REVIEW_HOLD","VERIFY_CURRENT_EXCLUSION","Do not deindex automatically; compare source evidence, page uniqueness, GSC value, and replacement options."
"NCT02309086","https://clinicaltrialfailures.com/trial/NCT02309086","false","false","missing_stop_reason","UNRESOLVED","UNRESOLVED_MISSING_STOP_REASON","UNCLASSIFIED","REVIEW_HOLD","VERIFY_CURRENT_EXCLUSION","Do not deindex automatically; compare source evidence, page uniqueness, GSC value, and replacement options."
"NCT02311764","https://clinicaltrialfailures.com/trial/NCT02311764","false","false","missing_stop_reason","UNRESOLVED","UNRESOLVED_MISSING_STOP_REASON","UNCLASSIFIED","REVIEW_HOLD","VERIFY_CURRENT_EXCLUSION","Do not deindex automatically; compare source evidence, page uniqueness, GSC value, and replacement options."
"NCT02313012","https://clinicaltrialfailures.com/trial/NCT02313012","false","false","missing_stop_reason","UNRESOLVED","UNRESOLVED_MISSING_STOP_REASON","UNCLASSIFIED","REVIEW_HOLD","VERIFY_CURRENT_EXCLUSION","Do not deindex automatically; compare source evidence, page uniqueness, GSC value, and replacement options."
"NCT02314416","https://clinicaltrialfailures.com/trial/NCT02314416","false","false","missing_stop_reason","UNRESOLVED","UNRESOLVED_MISSING_STOP_REASON","UNCLASSIFIED","REVIEW_HOLD","VERIFY_CURRENT_EXCLUSION","Do not deindex automatically; compare source evidence, page uniqueness, GSC value, and replacement options."
"NCT02315417","https://clinicaltrialfailures.com/trial/NCT02315417","false","false","missing_stop_reason","UNRESOLVED","UNRESOLVED_MISSING_STOP_REASON","UNCLASSIFIED","REVIEW_HOLD","VERIFY_CURRENT_EXCLUSION","Do not deindex automatically; compare source evidence, page uniqueness, GSC value, and replacement options."
"NCT02316496","https://clinicaltrialfailures.com/trial/NCT02316496","false","false","missing_stop_reason","UNRESOLVED","UNRESOLVED_MISSING_STOP_REASON","UNCLASSIFIED","REVIEW_HOLD","VERIFY_CURRENT_EXCLUSION","Do not deindex automatically; compare source evidence, page uniqueness, GSC value, and replacement options."
"NCT02316847","https://clinicaltrialfailures.com/trial/NCT02316847","false","false","missing_stop_reason","UNRESOLVED","UNRESOLVED_MISSING_STOP_REASON","UNCLASSIFIED","REVIEW_HOLD","VERIFY_CURRENT_EXCLUSION","Do not deindex automatically; compare source evidence, page uniqueness, GSC value, and replacement options."
"NCT02317341","https://clinicaltrialfailures.com/trial/NCT02317341","false","false","missing_stop_reason","UNRESOLVED","UNRESOLVED_MISSING_STOP_REASON","UNCLASSIFIED","REVIEW_HOLD","VERIFY_CURRENT_EXCLUSION","Do not deindex automatically; compare source evidence, page uniqueness, GSC value, and replacement options."
"NCT02318914","https://clinicaltrialfailures.com/trial/NCT02318914","false","false","missing_stop_reason","UNRESOLVED","UNRESOLVED_MISSING_STOP_REASON","UNCLASSIFIED","REVIEW_HOLD","VERIFY_CURRENT_EXCLUSION","Do not deindex automatically; compare source evidence, page uniqueness, GSC value, and replacement options."
"NCT02320318","https://clinicaltrialfailures.com/trial/NCT02320318","false","false","missing_stop_reason","UNRESOLVED","UNRESOLVED_MISSING_STOP_REASON","UNCLASSIFIED","REVIEW_HOLD","VERIFY_CURRENT_EXCLUSION","Do not deindex automatically; compare source evidence, page uniqueness, GSC value, and replacement options."
"NCT02321384","https://clinicaltrialfailures.com/trial/NCT02321384","false","false","missing_stop_reason","UNRESOLVED","UNRESOLVED_MISSING_STOP_REASON","UNCLASSIFIED","REVIEW_HOLD","VERIFY_CURRENT_EXCLUSION","Do not deindex automatically; compare source evidence, page uniqueness, GSC value, and replacement options."
"NCT02322606","https://clinicaltrialfailures.com/trial/NCT02322606","false","false","missing_stop_reason","UNRESOLVED","UNRESOLVED_MISSING_STOP_REASON","UNCLASSIFIED","REVIEW_HOLD","VERIFY_CURRENT_EXCLUSION","Do not deindex automatically; compare source evidence, page uniqueness, GSC value, and replacement options."
"NCT02323516","https://clinicaltrialfailures.com/trial/NCT02323516","false","false","missing_stop_reason","UNRESOLVED","UNRESOLVED_MISSING_STOP_REASON","UNCLASSIFIED","REVIEW_HOLD","VERIFY_CURRENT_EXCLUSION","Do not deindex automatically; compare source evidence, page uniqueness, GSC value, and replacement options."
"NCT02325024","https://clinicaltrialfailures.com/trial/NCT02325024","false","false","missing_stop_reason","UNRESOLVED","UNRESOLVED_MISSING_STOP_REASON","UNCLASSIFIED","REVIEW_HOLD","VERIFY_CURRENT_EXCLUSION","Do not deindex automatically; compare source evidence, page uniqueness, GSC value, and replacement options."
"NCT02326740","https://clinicaltrialfailures.com/trial/NCT02326740","false","false","missing_stop_reason","UNRESOLVED","UNRESOLVED_MISSING_STOP_REASON","UNCLASSIFIED","REVIEW_HOLD","VERIFY_CURRENT_EXCLUSION","Do not deindex automatically; compare source evidence, page uniqueness, GSC value, and replacement options."
"NCT02326935","https://clinicaltrialfailures.com/trial/NCT02326935","false","false","missing_stop_reason","UNRESOLVED","UNRESOLVED_MISSING_STOP_REASON","UNCLASSIFIED","REVIEW_HOLD","VERIFY_CURRENT_EXCLUSION","Do not deindex automatically; compare source evidence, page uniqueness, GSC value, and replacement options."
"NCT02327221","https://clinicaltrialfailures.com/trial/NCT02327221","false","false","missing_stop_reason","UNRESOLVED","UNRESOLVED_MISSING_STOP_REASON","UNCLASSIFIED","REVIEW_HOLD","VERIFY_CURRENT_EXCLUSION","Do not deindex automatically; compare source evidence, page uniqueness, GSC value, and replacement options."
"NCT02328287","https://clinicaltrialfailures.com/trial/NCT02328287","false","false","missing_stop_reason","UNRESOLVED","UNRESOLVED_MISSING_STOP_REASON","UNCLASSIFIED","REVIEW_HOLD","VERIFY_CURRENT_EXCLUSION","Do not deindex automatically; compare source evidence, page uniqueness, GSC value, and replacement options."
"NCT02329769","https://clinicaltrialfailures.com/trial/NCT02329769","false","false","missing_stop_reason","UNRESOLVED","UNRESOLVED_MISSING_STOP_REASON","UNCLASSIFIED","REVIEW_HOLD","VERIFY_CURRENT_EXCLUSION","Do not deindex automatically; compare source evidence, page uniqueness, GSC value, and replacement options."
"NCT02331810","https://clinicaltrialfailures.com/trial/NCT02331810","false","false","missing_stop_reason","UNRESOLVED","UNRESOLVED_MISSING_STOP_REASON","UNCLASSIFIED","REVIEW_HOLD","VERIFY_CURRENT_EXCLUSION","Do not deindex automatically; compare source evidence, page uniqueness, GSC value, and replacement options."
"NCT02337517","https://clinicaltrialfailures.com/trial/NCT02337517","false","false","missing_stop_reason","UNRESOLVED","UNRESOLVED_MISSING_STOP_REASON","UNCLASSIFIED","REVIEW_HOLD","VERIFY_CURRENT_EXCLUSION","Do not deindex automatically; compare source evidence, page uniqueness, GSC value, and replacement options."
"NCT02337842","https://clinicaltrialfailures.com/trial/NCT02337842","false","false","missing_stop_reason","UNRESOLVED","UNRESOLVED_MISSING_STOP_REASON","UNCLASSIFIED","REVIEW_HOLD","VERIFY_CURRENT_EXCLUSION","Do not deindex automatically; compare source evidence, page uniqueness, GSC value, and replacement options."
"NCT02338050","https://clinicaltrialfailures.com/trial/NCT02338050","false","false","missing_stop_reason","UNRESOLVED","UNRESOLVED_MISSING_STOP_REASON","UNCLASSIFIED","REVIEW_HOLD","VERIFY_CURRENT_EXCLUSION","Do not deindex automatically; compare source evidence, page uniqueness, GSC value, and replacement options."
"NCT02338973","https://clinicaltrialfailures.com/trial/NCT02338973","false","false","missing_stop_reason","UNRESOLVED","UNRESOLVED_MISSING_STOP_REASON","UNCLASSIFIED","REVIEW_HOLD","VERIFY_CURRENT_EXCLUSION","Do not deindex automatically; compare source evidence, page uniqueness, GSC value, and replacement options."
"NCT02340156","https://clinicaltrialfailures.com/trial/NCT02340156","false","false","missing_stop_reason","UNRESOLVED","UNRESOLVED_MISSING_STOP_REASON","UNCLASSIFIED","REVIEW_HOLD","VERIFY_CURRENT_EXCLUSION","Do not deindex automatically; compare source evidence, page uniqueness, GSC value, and replacement options."
"NCT02343939","https://clinicaltrialfailures.com/trial/NCT02343939","false","false","missing_stop_reason","UNRESOLVED","UNRESOLVED_MISSING_STOP_REASON","UNCLASSIFIED","REVIEW_HOLD","VERIFY_CURRENT_EXCLUSION","Do not deindex automatically; compare source evidence, page uniqueness, GSC value, and replacement options."
"NCT02344511","https://clinicaltrialfailures.com/trial/NCT02344511","false","false","missing_stop_reason","UNRESOLVED","UNRESOLVED_MISSING_STOP_REASON","UNCLASSIFIED","REVIEW_HOLD","VERIFY_CURRENT_EXCLUSION","Do not deindex automatically; compare source evidence, page uniqueness, GSC value, and replacement options."
"NCT02345304","https://clinicaltrialfailures.com/trial/NCT02345304","false","false","missing_stop_reason","UNRESOLVED","UNRESOLVED_MISSING_STOP_REASON","UNCLASSIFIED","REVIEW_HOLD","VERIFY_CURRENT_EXCLUSION","Do not deindex automatically; compare source evidence, page uniqueness, GSC value, and replacement options."
"NCT02346955","https://clinicaltrialfailures.com/trial/NCT02346955","false","false","missing_stop_reason","UNRESOLVED","UNRESOLVED_MISSING_STOP_REASON","UNCLASSIFIED","REVIEW_HOLD","VERIFY_CURRENT_EXCLUSION","Do not deindex automatically; compare source evidence, page uniqueness, GSC value, and replacement options."
"NCT02348398","https://clinicaltrialfailures.com/trial/NCT02348398","false","false","missing_stop_reason","UNRESOLVED","UNRESOLVED_MISSING_STOP_REASON","UNCLASSIFIED","REVIEW_HOLD","VERIFY_CURRENT_EXCLUSION","Do not deindex automatically; compare source evidence, page uniqueness, GSC value, and replacement options."
"NCT02349503","https://clinicaltrialfailures.com/trial/NCT02349503","false","false","missing_stop_reason","UNRESOLVED","UNRESOLVED_MISSING_STOP_REASON","UNCLASSIFIED","REVIEW_HOLD","VERIFY_CURRENT_EXCLUSION","Do not deindex automatically; compare source evidence, page uniqueness, GSC value, and replacement options."
"NCT02351440","https://clinicaltrialfailures.com/trial/NCT02351440","false","false","missing_stop_reason","UNRESOLVED","UNRESOLVED_MISSING_STOP_REASON","UNCLASSIFIED","REVIEW_HOLD","VERIFY_CURRENT_EXCLUSION","Do not deindex automatically; compare source evidence, page uniqueness, GSC value, and replacement options."
"NCT02352285","https://clinicaltrialfailures.com/trial/NCT02352285","false","false","missing_stop_reason","UNRESOLVED","UNRESOLVED_MISSING_STOP_REASON","UNCLASSIFIED","REVIEW_HOLD","VERIFY_CURRENT_EXCLUSION","Do not deindex automatically; compare source evidence, page uniqueness, GSC value, and replacement options."
"NCT02354092","https://clinicaltrialfailures.com/trial/NCT02354092","false","false","missing_stop_reason","UNRESOLVED","UNRESOLVED_MISSING_STOP_REASON","UNCLASSIFIED","REVIEW_HOLD","VERIFY_CURRENT_EXCLUSION","Do not deindex automatically; compare source evidence, page uniqueness, GSC value, and replacement options."
"NCT02354417","https://clinicaltrialfailures.com/trial/NCT02354417","false","false","missing_stop_reason","UNRESOLVED","UNRESOLVED_MISSING_STOP_REASON","UNCLASSIFIED","REVIEW_HOLD","VERIFY_CURRENT_EXCLUSION","Do not deindex automatically; compare source evidence, page uniqueness, GSC value, and replacement options."
"NCT02354768","https://clinicaltrialfailures.com/trial/NCT02354768","false","false","missing_stop_reason","UNRESOLVED","UNRESOLVED_MISSING_STOP_REASON","UNCLASSIFIED","REVIEW_HOLD","VERIFY_CURRENT_EXCLUSION","Do not deindex automatically; compare source evidence, page uniqueness, GSC value, and replacement options."
"NCT02357849","https://clinicaltrialfailures.com/trial/NCT02357849","false","false","missing_stop_reason","UNRESOLVED","UNRESOLVED_MISSING_STOP_REASON","UNCLASSIFIED","REVIEW_HOLD","VERIFY_CURRENT_EXCLUSION","Do not deindex automatically; compare source evidence, page uniqueness, GSC value, and replacement options."
"NCT02359331","https://clinicaltrialfailures.com/trial/NCT02359331","false","false","missing_stop_reason","UNRESOLVED","UNRESOLVED_MISSING_STOP_REASON","UNCLASSIFIED","REVIEW_HOLD","VERIFY_CURRENT_EXCLUSION","Do not deindex automatically; compare source evidence, page uniqueness, GSC value, and replacement options."
"NCT02360046","https://clinicaltrialfailures.com/trial/NCT02360046","false","false","missing_stop_reason","UNRESOLVED","UNRESOLVED_MISSING_STOP_REASON","UNCLASSIFIED","REVIEW_HOLD","VERIFY_CURRENT_EXCLUSION","Do not deindex automatically; compare source evidence, page uniqueness, GSC value, and replacement options."
"NCT02366299","https://clinicaltrialfailures.com/trial/NCT02366299","false","false","missing_stop_reason","UNRESOLVED","UNRESOLVED_MISSING_STOP_REASON","UNCLASSIFIED","REVIEW_HOLD","VERIFY_CURRENT_EXCLUSION","Do not deindex automatically; compare source evidence, page uniqueness, GSC value, and replacement options."
"NCT02368197","https://clinicaltrialfailures.com/trial/NCT02368197","false","false","missing_stop_reason","UNRESOLVED","UNRESOLVED_MISSING_STOP_REASON","UNCLASSIFIED","REVIEW_HOLD","VERIFY_CURRENT_EXCLUSION","Do not deindex automatically; compare source evidence, page uniqueness, GSC value, and replacement options."
"NCT02368951","https://clinicaltrialfailures.com/trial/NCT02368951","false","false","missing_stop_reason","UNRESOLVED","UNRESOLVED_MISSING_STOP_REASON","UNCLASSIFIED","REVIEW_HOLD","VERIFY_CURRENT_EXCLUSION","Do not deindex automatically; compare source evidence, page uniqueness, GSC value, and replacement options."
"NCT02369029","https://clinicaltrialfailures.com/trial/NCT02369029","false","false","missing_stop_reason","UNRESOLVED","UNRESOLVED_MISSING_STOP_REASON","UNCLASSIFIED","REVIEW_HOLD","VERIFY_CURRENT_EXCLUSION","Do not deindex automatically; compare source evidence, page uniqueness, GSC value, and replacement options."
"NCT02370095","https://clinicaltrialfailures.com/trial/NCT02370095","false","false","missing_stop_reason","UNRESOLVED","UNRESOLVED_MISSING_STOP_REASON","UNCLASSIFIED","REVIEW_HOLD","VERIFY_CURRENT_EXCLUSION","Do not deindex automatically; compare source evidence, page uniqueness, GSC value, and replacement options."
"NCT02371798","https://clinicaltrialfailures.com/trial/NCT02371798","false","false","missing_stop_reason","UNRESOLVED","UNRESOLVED_MISSING_STOP_REASON","UNCLASSIFIED","REVIEW_HOLD","VERIFY_CURRENT_EXCLUSION","Do not deindex automatically; compare source evidence, page uniqueness, GSC value, and replacement options."
"NCT02372227","https://clinicaltrialfailures.com/trial/NCT02372227","false","false","missing_stop_reason","UNRESOLVED","UNRESOLVED_MISSING_STOP_REASON","UNCLASSIFIED","REVIEW_HOLD","VERIFY_CURRENT_EXCLUSION","Do not deindex automatically; compare source evidence, page uniqueness, GSC value, and replacement options."
"NCT02374099","https://clinicaltrialfailures.com/trial/NCT02374099","false","false","missing_stop_reason","UNRESOLVED","UNRESOLVED_MISSING_STOP_REASON","UNCLASSIFIED","REVIEW_HOLD","VERIFY_CURRENT_EXCLUSION","Do not deindex automatically; compare source evidence, page uniqueness, GSC value, and replacement options."
"NCT02374567","https://clinicaltrialfailures.com/trial/NCT02374567","false","false","missing_stop_reason","UNRESOLVED","UNRESOLVED_MISSING_STOP_REASON","UNCLASSIFIED","REVIEW_HOLD","VERIFY_CURRENT_EXCLUSION","Do not deindex automatically; compare source evidence, page uniqueness, GSC value, and replacement options."
"NCT02375685","https://clinicaltrialfailures.com/trial/NCT02375685","false","false","missing_stop_reason","UNRESOLVED","UNRESOLVED_MISSING_STOP_REASON","UNCLASSIFIED","REVIEW_HOLD","VERIFY_CURRENT_EXCLUSION","Do not deindex automatically; compare source evidence, page uniqueness, GSC value, and replacement options."
"NCT02378038","https://clinicaltrialfailures.com/trial/NCT02378038","false","false","missing_stop_reason","UNRESOLVED","UNRESOLVED_MISSING_STOP_REASON","UNCLASSIFIED","REVIEW_HOLD","VERIFY_CURRENT_EXCLUSION","Do not deindex automatically; compare source evidence, page uniqueness, GSC value, and replacement options."
"NCT02378142","https://clinicaltrialfailures.com/trial/NCT02378142","false","false","missing_stop_reason","UNRESOLVED","UNRESOLVED_MISSING_STOP_REASON","UNCLASSIFIED","REVIEW_HOLD","VERIFY_CURRENT_EXCLUSION","Do not deindex automatically; compare source evidence, page uniqueness, GSC value, and replacement options."
"NCT02379442","https://clinicaltrialfailures.com/trial/NCT02379442","false","false","missing_stop_reason","UNRESOLVED","UNRESOLVED_MISSING_STOP_REASON","UNCLASSIFIED","REVIEW_HOLD","VERIFY_CURRENT_EXCLUSION","Do not deindex automatically; compare source evidence, page uniqueness, GSC value, and replacement options."
"NCT02379754","https://clinicaltrialfailures.com/trial/NCT02379754","false","false","missing_stop_reason","UNRESOLVED","UNRESOLVED_MISSING_STOP_REASON","UNCLASSIFIED","REVIEW_HOLD","VERIFY_CURRENT_EXCLUSION","Do not deindex automatically; compare source evidence, page uniqueness, GSC value, and replacement options."
"NCT02381132","https://clinicaltrialfailures.com/trial/NCT02381132","false","false","missing_stop_reason","UNRESOLVED","UNRESOLVED_MISSING_STOP_REASON","UNCLASSIFIED","REVIEW_HOLD","VERIFY_CURRENT_EXCLUSION","Do not deindex automatically; compare source evidence, page uniqueness, GSC value, and replacement options."
"NCT02384850","https://clinicaltrialfailures.com/trial/NCT02384850","false","false","missing_stop_reason","UNRESOLVED","UNRESOLVED_MISSING_STOP_REASON","UNCLASSIFIED","REVIEW_HOLD","VERIFY_CURRENT_EXCLUSION","Do not deindex automatically; compare source evidence, page uniqueness, GSC value, and replacement options."
"NCT02387957","https://clinicaltrialfailures.com/trial/NCT02387957","false","false","missing_stop_reason","UNRESOLVED","UNRESOLVED_MISSING_STOP_REASON","UNCLASSIFIED","REVIEW_HOLD","VERIFY_CURRENT_EXCLUSION","Do not deindex automatically; compare source evidence, page uniqueness, GSC value, and replacement options."
"NCT02388529","https://clinicaltrialfailures.com/trial/NCT02388529","false","false","missing_stop_reason","UNRESOLVED","UNRESOLVED_MISSING_STOP_REASON","UNCLASSIFIED","REVIEW_HOLD","VERIFY_CURRENT_EXCLUSION","Do not deindex automatically; compare source evidence, page uniqueness, GSC value, and replacement options."
"NCT02389192","https://clinicaltrialfailures.com/trial/NCT02389192","false","false","missing_stop_reason","UNRESOLVED","UNRESOLVED_MISSING_STOP_REASON","UNCLASSIFIED","REVIEW_HOLD","VERIFY_CURRENT_EXCLUSION","Do not deindex automatically; compare source evidence, page uniqueness, GSC value, and replacement options."
"NCT02390739","https://clinicaltrialfailures.com/trial/NCT02390739","false","false","missing_stop_reason","UNRESOLVED","UNRESOLVED_MISSING_STOP_REASON","UNCLASSIFIED","REVIEW_HOLD","VERIFY_CURRENT_EXCLUSION","Do not deindex automatically; compare source evidence, page uniqueness, GSC value, and replacement options."
"NCT02393248","https://clinicaltrialfailures.com/trial/NCT02393248","false","false","missing_stop_reason","UNRESOLVED","UNRESOLVED_MISSING_STOP_REASON","UNCLASSIFIED","REVIEW_HOLD","VERIFY_CURRENT_EXCLUSION","Do not deindex automatically; compare source evidence, page uniqueness, GSC value, and replacement options."
"NCT02393807","https://clinicaltrialfailures.com/trial/NCT02393807","false","false","missing_stop_reason","UNRESOLVED","UNRESOLVED_MISSING_STOP_REASON","UNCLASSIFIED","REVIEW_HOLD","VERIFY_CURRENT_EXCLUSION","Do not deindex automatically; compare source evidence, page uniqueness, GSC value, and replacement options."
"NCT02394106","https://clinicaltrialfailures.com/trial/NCT02394106","false","false","missing_stop_reason","UNRESOLVED","UNRESOLVED_MISSING_STOP_REASON","UNCLASSIFIED","REVIEW_HOLD","VERIFY_CURRENT_EXCLUSION","Do not deindex automatically; compare source evidence, page uniqueness, GSC value, and replacement options."
"NCT02395237","https://clinicaltrialfailures.com/trial/NCT02395237","false","false","missing_stop_reason","UNRESOLVED","UNRESOLVED_MISSING_STOP_REASON","UNCLASSIFIED","REVIEW_HOLD","VERIFY_CURRENT_EXCLUSION","Do not deindex automatically; compare source evidence, page uniqueness, GSC value, and replacement options."
"NCT02395783","https://clinicaltrialfailures.com/trial/NCT02395783","false","false","missing_stop_reason","UNRESOLVED","UNRESOLVED_MISSING_STOP_REASON","UNCLASSIFIED","REVIEW_HOLD","VERIFY_CURRENT_EXCLUSION","Do not deindex automatically; compare source evidence, page uniqueness, GSC value, and replacement options."
"NCT02397291","https://clinicaltrialfailures.com/trial/NCT02397291","false","false","missing_stop_reason","UNRESOLVED","UNRESOLVED_MISSING_STOP_REASON","UNCLASSIFIED","REVIEW_HOLD","VERIFY_CURRENT_EXCLUSION","Do not deindex automatically; compare source evidence, page uniqueness, GSC value, and replacement options."
"NCT02400320","https://clinicaltrialfailures.com/trial/NCT02400320","false","false","missing_stop_reason","UNRESOLVED","UNRESOLVED_MISSING_STOP_REASON","UNCLASSIFIED","REVIEW_HOLD","VERIFY_CURRENT_EXCLUSION","Do not deindex automatically; compare source evidence, page uniqueness, GSC value, and replacement options."
"NCT02400775","https://clinicaltrialfailures.com/trial/NCT02400775","false","false","missing_stop_reason","UNRESOLVED","UNRESOLVED_MISSING_STOP_REASON","UNCLASSIFIED","REVIEW_HOLD","VERIFY_CURRENT_EXCLUSION","Do not deindex automatically; compare source evidence, page uniqueness, GSC value, and replacement options."
"NCT02402036","https://clinicaltrialfailures.com/trial/NCT02402036","false","false","missing_stop_reason","UNRESOLVED","UNRESOLVED_MISSING_STOP_REASON","UNCLASSIFIED","REVIEW_HOLD","VERIFY_CURRENT_EXCLUSION","Do not deindex automatically; compare source evidence, page uniqueness, GSC value, and replacement options."
"NCT02402192","https://clinicaltrialfailures.com/trial/NCT02402192","false","false","missing_stop_reason","UNRESOLVED","UNRESOLVED_MISSING_STOP_REASON","UNCLASSIFIED","REVIEW_HOLD","VERIFY_CURRENT_EXCLUSION","Do not deindex automatically; compare source evidence, page uniqueness, GSC value, and replacement options."
"NCT02403895","https://clinicaltrialfailures.com/trial/NCT02403895","false","false","missing_stop_reason","UNRESOLVED","UNRESOLVED_MISSING_STOP_REASON","UNCLASSIFIED","REVIEW_HOLD","VERIFY_CURRENT_EXCLUSION","Do not deindex automatically; compare source evidence, page uniqueness, GSC value, and replacement options."
"NCT02404220","https://clinicaltrialfailures.com/trial/NCT02404220","false","false","missing_stop_reason","UNRESOLVED","UNRESOLVED_MISSING_STOP_REASON","UNCLASSIFIED","REVIEW_HOLD","VERIFY_CURRENT_EXCLUSION","Do not deindex automatically; compare source evidence, page uniqueness, GSC value, and replacement options."
"NCT02405442","https://clinicaltrialfailures.com/trial/NCT02405442","false","false","missing_stop_reason","UNRESOLVED","UNRESOLVED_MISSING_STOP_REASON","UNCLASSIFIED","REVIEW_HOLD","VERIFY_CURRENT_EXCLUSION","Do not deindex automatically; compare source evidence, page uniqueness, GSC value, and replacement options."
"NCT02405585","https://clinicaltrialfailures.com/trial/NCT02405585","false","false","missing_stop_reason","UNRESOLVED","UNRESOLVED_MISSING_STOP_REASON","UNCLASSIFIED","REVIEW_HOLD","VERIFY_CURRENT_EXCLUSION","Do not deindex automatically; compare source evidence, page uniqueness, GSC value, and replacement options."
"NCT02406027","https://clinicaltrialfailures.com/trial/NCT02406027","false","false","missing_stop_reason","UNRESOLVED","UNRESOLVED_MISSING_STOP_REASON","UNCLASSIFIED","REVIEW_HOLD","VERIFY_CURRENT_EXCLUSION","Do not deindex automatically; compare source evidence, page uniqueness, GSC value, and replacement options."
"NCT02408042","https://clinicaltrialfailures.com/trial/NCT02408042","false","false","missing_stop_reason","UNRESOLVED","UNRESOLVED_MISSING_STOP_REASON","UNCLASSIFIED","REVIEW_HOLD","VERIFY_CURRENT_EXCLUSION","Do not deindex automatically; compare source evidence, page uniqueness, GSC value, and replacement options."
"NCT02409316","https://clinicaltrialfailures.com/trial/NCT02409316","false","false","missing_stop_reason","UNRESOLVED","UNRESOLVED_MISSING_STOP_REASON","UNCLASSIFIED","REVIEW_HOLD","VERIFY_CURRENT_EXCLUSION","Do not deindex automatically; compare source evidence, page uniqueness, GSC value, and replacement options."
"NCT02409498","https://clinicaltrialfailures.com/trial/NCT02409498","false","false","missing_stop_reason","UNRESOLVED","UNRESOLVED_MISSING_STOP_REASON","UNCLASSIFIED","REVIEW_HOLD","VERIFY_CURRENT_EXCLUSION","Do not deindex automatically; compare source evidence, page uniqueness, GSC value, and replacement options."
"NCT02410499","https://clinicaltrialfailures.com/trial/NCT02410499","false","false","missing_stop_reason","UNRESOLVED","UNRESOLVED_MISSING_STOP_REASON","UNCLASSIFIED","REVIEW_HOLD","VERIFY_CURRENT_EXCLUSION","Do not deindex automatically; compare source evidence, page uniqueness, GSC value, and replacement options."
"NCT02410551","https://clinicaltrialfailures.com/trial/NCT02410551","false","false","missing_stop_reason","UNRESOLVED","UNRESOLVED_MISSING_STOP_REASON","UNCLASSIFIED","REVIEW_HOLD","VERIFY_CURRENT_EXCLUSION","Do not deindex automatically; compare source evidence, page uniqueness, GSC value, and replacement options."
"NCT02410590","https://clinicaltrialfailures.com/trial/NCT02410590","false","false","missing_stop_reason","UNRESOLVED","UNRESOLVED_MISSING_STOP_REASON","UNCLASSIFIED","REVIEW_HOLD","VERIFY_CURRENT_EXCLUSION","Do not deindex automatically; compare source evidence, page uniqueness, GSC value, and replacement options."
"NCT02412917","https://clinicaltrialfailures.com/trial/NCT02412917","false","false","missing_stop_reason","UNRESOLVED","UNRESOLVED_MISSING_STOP_REASON","UNCLASSIFIED","REVIEW_HOLD","VERIFY_CURRENT_EXCLUSION","Do not deindex automatically; compare source evidence, page uniqueness, GSC value, and replacement options."
"NCT02415166","https://clinicaltrialfailures.com/trial/NCT02415166","false","false","missing_stop_reason","UNRESOLVED","UNRESOLVED_MISSING_STOP_REASON","UNCLASSIFIED","REVIEW_HOLD","VERIFY_CURRENT_EXCLUSION","Do not deindex automatically; compare source evidence, page uniqueness, GSC value, and replacement options."
"NCT02415257","https://clinicaltrialfailures.com/trial/NCT02415257","false","false","missing_stop_reason","UNRESOLVED","UNRESOLVED_MISSING_STOP_REASON","UNCLASSIFIED","REVIEW_HOLD","VERIFY_CURRENT_EXCLUSION","Do not deindex automatically; compare source evidence, page uniqueness, GSC value, and replacement options."
"NCT02417129","https://clinicaltrialfailures.com/trial/NCT02417129","false","false","missing_stop_reason","UNRESOLVED","UNRESOLVED_MISSING_STOP_REASON","UNCLASSIFIED","REVIEW_HOLD","VERIFY_CURRENT_EXCLUSION","Do not deindex automatically; compare source evidence, page uniqueness, GSC value, and replacement options."
"NCT02420496","https://clinicaltrialfailures.com/trial/NCT02420496","false","false","missing_stop_reason","UNRESOLVED","UNRESOLVED_MISSING_STOP_REASON","UNCLASSIFIED","REVIEW_HOLD","VERIFY_CURRENT_EXCLUSION","Do not deindex automatically; compare source evidence, page uniqueness, GSC value, and replacement options."
"NCT02420587","https://clinicaltrialfailures.com/trial/NCT02420587","false","false","missing_stop_reason","UNRESOLVED","UNRESOLVED_MISSING_STOP_REASON","UNCLASSIFIED","REVIEW_HOLD","VERIFY_CURRENT_EXCLUSION","Do not deindex automatically; compare source evidence, page uniqueness, GSC value, and replacement options."
"NCT02420938","https://clinicaltrialfailures.com/trial/NCT02420938","false","false","missing_stop_reason","UNRESOLVED","UNRESOLVED_MISSING_STOP_REASON","UNCLASSIFIED","REVIEW_HOLD","VERIFY_CURRENT_EXCLUSION","Do not deindex automatically; compare source evidence, page uniqueness, GSC value, and replacement options."
"NCT02421354","https://clinicaltrialfailures.com/trial/NCT02421354","false","false","missing_stop_reason","UNRESOLVED","UNRESOLVED_MISSING_STOP_REASON","UNCLASSIFIED","REVIEW_HOLD","VERIFY_CURRENT_EXCLUSION","Do not deindex automatically; compare source evidence, page uniqueness, GSC value, and replacement options."
"NCT02422303","https://clinicaltrialfailures.com/trial/NCT02422303","false","false","missing_stop_reason","UNRESOLVED","UNRESOLVED_MISSING_STOP_REASON","UNCLASSIFIED","REVIEW_HOLD","VERIFY_CURRENT_EXCLUSION","Do not deindex automatically; compare source evidence, page uniqueness, GSC value, and replacement options."
"NCT02422940","https://clinicaltrialfailures.com/trial/NCT02422940","false","false","missing_stop_reason","UNRESOLVED","UNRESOLVED_MISSING_STOP_REASON","UNCLASSIFIED","REVIEW_HOLD","VERIFY_CURRENT_EXCLUSION","Do not deindex automatically; compare source evidence, page uniqueness, GSC value, and replacement options."
"NCT02423083","https://clinicaltrialfailures.com/trial/NCT02423083","false","false","missing_stop_reason","UNRESOLVED","UNRESOLVED_MISSING_STOP_REASON","UNCLASSIFIED","REVIEW_HOLD","VERIFY_CURRENT_EXCLUSION","Do not deindex automatically; compare source evidence, page uniqueness, GSC value, and replacement options."
"NCT02426411","https://clinicaltrialfailures.com/trial/NCT02426411","false","false","missing_stop_reason","UNRESOLVED","UNRESOLVED_MISSING_STOP_REASON","UNCLASSIFIED","REVIEW_HOLD","VERIFY_CURRENT_EXCLUSION","Do not deindex automatically; compare source evidence, page uniqueness, GSC value, and replacement options."
"NCT02428959","https://clinicaltrialfailures.com/trial/NCT02428959","false","false","missing_stop_reason","UNRESOLVED","UNRESOLVED_MISSING_STOP_REASON","UNCLASSIFIED","REVIEW_HOLD","VERIFY_CURRENT_EXCLUSION","Do not deindex automatically; compare source evidence, page uniqueness, GSC value, and replacement options."
"NCT02432612","https://clinicaltrialfailures.com/trial/NCT02432612","false","false","missing_stop_reason","UNRESOLVED","UNRESOLVED_MISSING_STOP_REASON","UNCLASSIFIED","REVIEW_HOLD","VERIFY_CURRENT_EXCLUSION","Do not deindex automatically; compare source evidence, page uniqueness, GSC value, and replacement options."
"NCT02432690","https://clinicaltrialfailures.com/trial/NCT02432690","false","false","missing_stop_reason","UNRESOLVED","UNRESOLVED_MISSING_STOP_REASON","UNCLASSIFIED","REVIEW_HOLD","VERIFY_CURRENT_EXCLUSION","Do not deindex automatically; compare source evidence, page uniqueness, GSC value, and replacement options."
"NCT02433535","https://clinicaltrialfailures.com/trial/NCT02433535","false","false","missing_stop_reason","UNRESOLVED","UNRESOLVED_MISSING_STOP_REASON","UNCLASSIFIED","REVIEW_HOLD","VERIFY_CURRENT_EXCLUSION","Do not deindex automatically; compare source evidence, page uniqueness, GSC value, and replacement options."
"NCT02435199","https://clinicaltrialfailures.com/trial/NCT02435199","false","false","missing_stop_reason","UNRESOLVED","UNRESOLVED_MISSING_STOP_REASON","UNCLASSIFIED","REVIEW_HOLD","VERIFY_CURRENT_EXCLUSION","Do not deindex automatically; compare source evidence, page uniqueness, GSC value, and replacement options."
"NCT02436135","https://clinicaltrialfailures.com/trial/NCT02436135","false","false","missing_stop_reason","UNRESOLVED","UNRESOLVED_MISSING_STOP_REASON","UNCLASSIFIED","REVIEW_HOLD","VERIFY_CURRENT_EXCLUSION","Do not deindex automatically; compare source evidence, page uniqueness, GSC value, and replacement options."
"NCT02437916","https://clinicaltrialfailures.com/trial/NCT02437916","false","false","missing_stop_reason","UNRESOLVED","UNRESOLVED_MISSING_STOP_REASON","UNCLASSIFIED","REVIEW_HOLD","VERIFY_CURRENT_EXCLUSION","Do not deindex automatically; compare source evidence, page uniqueness, GSC value, and replacement options."
"NCT02438007","https://clinicaltrialfailures.com/trial/NCT02438007","false","false","missing_stop_reason","UNRESOLVED","UNRESOLVED_MISSING_STOP_REASON","UNCLASSIFIED","REVIEW_HOLD","VERIFY_CURRENT_EXCLUSION","Do not deindex automatically; compare source evidence, page uniqueness, GSC value, and replacement options."
"NCT02438345","https://clinicaltrialfailures.com/trial/NCT02438345","false","false","missing_stop_reason","UNRESOLVED","UNRESOLVED_MISSING_STOP_REASON","UNCLASSIFIED","REVIEW_HOLD","VERIFY_CURRENT_EXCLUSION","Do not deindex automatically; compare source evidence, page uniqueness, GSC value, and replacement options."
"NCT02440568","https://clinicaltrialfailures.com/trial/NCT02440568","false","false","missing_stop_reason","UNRESOLVED","UNRESOLVED_MISSING_STOP_REASON","UNCLASSIFIED","REVIEW_HOLD","VERIFY_CURRENT_EXCLUSION","Do not deindex automatically; compare source evidence, page uniqueness, GSC value, and replacement options."
"NCT02447055","https://clinicaltrialfailures.com/trial/NCT02447055","false","false","missing_stop_reason","UNRESOLVED","UNRESOLVED_MISSING_STOP_REASON","UNCLASSIFIED","REVIEW_HOLD","VERIFY_CURRENT_EXCLUSION","Do not deindex automatically; compare source evidence, page uniqueness, GSC value, and replacement options."
"NCT02448251","https://clinicaltrialfailures.com/trial/NCT02448251","false","false","missing_stop_reason","UNRESOLVED","UNRESOLVED_MISSING_STOP_REASON","UNCLASSIFIED","REVIEW_HOLD","VERIFY_CURRENT_EXCLUSION","Do not deindex automatically; compare source evidence, page uniqueness, GSC value, and replacement options."
"NCT02448550","https://clinicaltrialfailures.com/trial/NCT02448550","false","false","missing_stop_reason","UNRESOLVED","UNRESOLVED_MISSING_STOP_REASON","UNCLASSIFIED","REVIEW_HOLD","VERIFY_CURRENT_EXCLUSION","Do not deindex automatically; compare source evidence, page uniqueness, GSC value, and replacement options."
"NCT02448589","https://clinicaltrialfailures.com/trial/NCT02448589","false","false","missing_stop_reason","UNRESOLVED","UNRESOLVED_MISSING_STOP_REASON","UNCLASSIFIED","REVIEW_HOLD","VERIFY_CURRENT_EXCLUSION","Do not deindex automatically; compare source evidence, page uniqueness, GSC value, and replacement options."
"NCT02450682","https://clinicaltrialfailures.com/trial/NCT02450682","false","false","missing_stop_reason","UNRESOLVED","UNRESOLVED_MISSING_STOP_REASON","UNCLASSIFIED","REVIEW_HOLD","VERIFY_CURRENT_EXCLUSION","Do not deindex automatically; compare source evidence, page uniqueness, GSC value, and replacement options."
"NCT02450773","https://clinicaltrialfailures.com/trial/NCT02450773","false","false","missing_stop_reason","UNRESOLVED","UNRESOLVED_MISSING_STOP_REASON","UNCLASSIFIED","REVIEW_HOLD","VERIFY_CURRENT_EXCLUSION","Do not deindex automatically; compare source evidence, page uniqueness, GSC value, and replacement options."
"NCT02450981","https://clinicaltrialfailures.com/trial/NCT02450981","false","false","missing_stop_reason","UNRESOLVED","UNRESOLVED_MISSING_STOP_REASON","UNCLASSIFIED","REVIEW_HOLD","VERIFY_CURRENT_EXCLUSION","Do not deindex automatically; compare source evidence, page uniqueness, GSC value, and replacement options."
"NCT02451865","https://clinicaltrialfailures.com/trial/NCT02451865","false","false","missing_stop_reason","UNRESOLVED","UNRESOLVED_MISSING_STOP_REASON","UNCLASSIFIED","REVIEW_HOLD","VERIFY_CURRENT_EXCLUSION","Do not deindex automatically; compare source evidence, page uniqueness, GSC value, and replacement options."
"NCT02452775","https://clinicaltrialfailures.com/trial/NCT02452775","false","false","missing_stop_reason","UNRESOLVED","UNRESOLVED_MISSING_STOP_REASON","UNCLASSIFIED","REVIEW_HOLD","VERIFY_CURRENT_EXCLUSION","Do not deindex automatically; compare source evidence, page uniqueness, GSC value, and replacement options."
"NCT02455297","https://clinicaltrialfailures.com/trial/NCT02455297","false","false","missing_stop_reason","UNRESOLVED","UNRESOLVED_MISSING_STOP_REASON","UNCLASSIFIED","REVIEW_HOLD","VERIFY_CURRENT_EXCLUSION","Do not deindex automatically; compare source evidence, page uniqueness, GSC value, and replacement options."
"NCT02457026","https://clinicaltrialfailures.com/trial/NCT02457026","false","false","missing_stop_reason","UNRESOLVED","UNRESOLVED_MISSING_STOP_REASON","UNCLASSIFIED","REVIEW_HOLD","VERIFY_CURRENT_EXCLUSION","Do not deindex automatically; compare source evidence, page uniqueness, GSC value, and replacement options."
"NCT02458963","https://clinicaltrialfailures.com/trial/NCT02458963","false","false","missing_stop_reason","UNRESOLVED","UNRESOLVED_MISSING_STOP_REASON","UNCLASSIFIED","REVIEW_HOLD","VERIFY_CURRENT_EXCLUSION","Do not deindex automatically; compare source evidence, page uniqueness, GSC value, and replacement options."
"NCT02459067","https://clinicaltrialfailures.com/trial/NCT02459067","false","false","missing_stop_reason","UNRESOLVED","UNRESOLVED_MISSING_STOP_REASON","UNCLASSIFIED","REVIEW_HOLD","VERIFY_CURRENT_EXCLUSION","Do not deindex automatically; compare source evidence, page uniqueness, GSC value, and replacement options."
"NCT02459613","https://clinicaltrialfailures.com/trial/NCT02459613","false","false","missing_stop_reason","UNRESOLVED","UNRESOLVED_MISSING_STOP_REASON","UNCLASSIFIED","REVIEW_HOLD","VERIFY_CURRENT_EXCLUSION","Do not deindex automatically; compare source evidence, page uniqueness, GSC value, and replacement options."
"NCT02460770","https://clinicaltrialfailures.com/trial/NCT02460770","false","false","missing_stop_reason","UNRESOLVED","UNRESOLVED_MISSING_STOP_REASON","UNCLASSIFIED","REVIEW_HOLD","VERIFY_CURRENT_EXCLUSION","Do not deindex automatically; compare source evidence, page uniqueness, GSC value, and replacement options."
"NCT02462265","https://clinicaltrialfailures.com/trial/NCT02462265","false","false","missing_stop_reason","UNRESOLVED","UNRESOLVED_MISSING_STOP_REASON","UNCLASSIFIED","REVIEW_HOLD","VERIFY_CURRENT_EXCLUSION","Do not deindex automatically; compare source evidence, page uniqueness, GSC value, and replacement options."
"NCT02462707","https://clinicaltrialfailures.com/trial/NCT02462707","false","false","missing_stop_reason","UNRESOLVED","UNRESOLVED_MISSING_STOP_REASON","UNCLASSIFIED","REVIEW_HOLD","VERIFY_CURRENT_EXCLUSION","Do not deindex automatically; compare source evidence, page uniqueness, GSC value, and replacement options."
"NCT02462772","https://clinicaltrialfailures.com/trial/NCT02462772","false","false","missing_stop_reason","UNRESOLVED","UNRESOLVED_MISSING_STOP_REASON","UNCLASSIFIED","REVIEW_HOLD","VERIFY_CURRENT_EXCLUSION","Do not deindex automatically; compare source evidence, page uniqueness, GSC value, and replacement options."
"NCT02465528","https://clinicaltrialfailures.com/trial/NCT02465528","false","false","missing_stop_reason","UNRESOLVED","UNRESOLVED_MISSING_STOP_REASON","UNCLASSIFIED","REVIEW_HOLD","VERIFY_CURRENT_EXCLUSION","Do not deindex automatically; compare source evidence, page uniqueness, GSC value, and replacement options."
"NCT02465593","https://clinicaltrialfailures.com/trial/NCT02465593","false","false","missing_stop_reason","UNRESOLVED","UNRESOLVED_MISSING_STOP_REASON","UNCLASSIFIED","REVIEW_HOLD","VERIFY_CURRENT_EXCLUSION","Do not deindex automatically; compare source evidence, page uniqueness, GSC value, and replacement options."
"NCT02465957","https://clinicaltrialfailures.com/trial/NCT02465957","false","false","missing_stop_reason","UNRESOLVED","UNRESOLVED_MISSING_STOP_REASON","UNCLASSIFIED","REVIEW_HOLD","VERIFY_CURRENT_EXCLUSION","Do not deindex automatically; compare source evidence, page uniqueness, GSC value, and replacement options."
"NCT02467569","https://clinicaltrialfailures.com/trial/NCT02467569","false","false","missing_stop_reason","UNRESOLVED","UNRESOLVED_MISSING_STOP_REASON","UNCLASSIFIED","REVIEW_HOLD","VERIFY_CURRENT_EXCLUSION","Do not deindex automatically; compare source evidence, page uniqueness, GSC value, and replacement options."
"NCT02468557","https://clinicaltrialfailures.com/trial/NCT02468557","false","false","missing_stop_reason","UNRESOLVED","UNRESOLVED_MISSING_STOP_REASON","UNCLASSIFIED","REVIEW_HOLD","VERIFY_CURRENT_EXCLUSION","Do not deindex automatically; compare source evidence, page uniqueness, GSC value, and replacement options."
"NCT02468583","https://clinicaltrialfailures.com/trial/NCT02468583","false","false","missing_stop_reason","UNRESOLVED","UNRESOLVED_MISSING_STOP_REASON","UNCLASSIFIED","REVIEW_HOLD","VERIFY_CURRENT_EXCLUSION","Do not deindex automatically; compare source evidence, page uniqueness, GSC value, and replacement options."
"NCT02472717","https://clinicaltrialfailures.com/trial/NCT02472717","false","false","missing_stop_reason","UNRESOLVED","UNRESOLVED_MISSING_STOP_REASON","UNCLASSIFIED","REVIEW_HOLD","VERIFY_CURRENT_EXCLUSION","Do not deindex automatically; compare source evidence, page uniqueness, GSC value, and replacement options."
"NCT02474407","https://clinicaltrialfailures.com/trial/NCT02474407","false","false","missing_stop_reason","UNRESOLVED","UNRESOLVED_MISSING_STOP_REASON","UNCLASSIFIED","REVIEW_HOLD","VERIFY_CURRENT_EXCLUSION","Do not deindex automatically; compare source evidence, page uniqueness, GSC value, and replacement options."
"NCT02475616","https://clinicaltrialfailures.com/trial/NCT02475616","false","false","missing_stop_reason","UNRESOLVED","UNRESOLVED_MISSING_STOP_REASON","UNCLASSIFIED","REVIEW_HOLD","VERIFY_CURRENT_EXCLUSION","Do not deindex automatically; compare source evidence, page uniqueness, GSC value, and replacement options."
"NCT02475746","https://clinicaltrialfailures.com/trial/NCT02475746","false","false","missing_stop_reason","UNRESOLVED","UNRESOLVED_MISSING_STOP_REASON","UNCLASSIFIED","REVIEW_HOLD","VERIFY_CURRENT_EXCLUSION","Do not deindex automatically; compare source evidence, page uniqueness, GSC value, and replacement options."
"NCT02476955","https://clinicaltrialfailures.com/trial/NCT02476955","false","false","missing_stop_reason","UNRESOLVED","UNRESOLVED_MISSING_STOP_REASON","UNCLASSIFIED","REVIEW_HOLD","VERIFY_CURRENT_EXCLUSION","Do not deindex automatically; compare source evidence, page uniqueness, GSC value, and replacement options."
"NCT02478710","https://clinicaltrialfailures.com/trial/NCT02478710","false","false","missing_stop_reason","UNRESOLVED","UNRESOLVED_MISSING_STOP_REASON","UNCLASSIFIED","REVIEW_HOLD","VERIFY_CURRENT_EXCLUSION","Do not deindex automatically; compare source evidence, page uniqueness, GSC value, and replacement options."
"NCT02479178","https://clinicaltrialfailures.com/trial/NCT02479178","false","false","missing_stop_reason","UNRESOLVED","UNRESOLVED_MISSING_STOP_REASON","UNCLASSIFIED","REVIEW_HOLD","VERIFY_CURRENT_EXCLUSION","Do not deindex automatically; compare source evidence, page uniqueness, GSC value, and replacement options."
"NCT02479490","https://clinicaltrialfailures.com/trial/NCT02479490","false","false","missing_stop_reason","UNRESOLVED","UNRESOLVED_MISSING_STOP_REASON","UNCLASSIFIED","REVIEW_HOLD","VERIFY_CURRENT_EXCLUSION","Do not deindex automatically; compare source evidence, page uniqueness, GSC value, and replacement options."
"NCT02479880","https://clinicaltrialfailures.com/trial/NCT02479880","false","false","missing_stop_reason","UNRESOLVED","UNRESOLVED_MISSING_STOP_REASON","UNCLASSIFIED","REVIEW_HOLD","VERIFY_CURRENT_EXCLUSION","Do not deindex automatically; compare source evidence, page uniqueness, GSC value, and replacement options."
"NCT02481180","https://clinicaltrialfailures.com/trial/NCT02481180","false","false","missing_stop_reason","UNRESOLVED","UNRESOLVED_MISSING_STOP_REASON","UNCLASSIFIED","REVIEW_HOLD","VERIFY_CURRENT_EXCLUSION","Do not deindex automatically; compare source evidence, page uniqueness, GSC value, and replacement options."
"NCT02483533","https://clinicaltrialfailures.com/trial/NCT02483533","false","false","missing_stop_reason","UNRESOLVED","UNRESOLVED_MISSING_STOP_REASON","UNCLASSIFIED","REVIEW_HOLD","VERIFY_CURRENT_EXCLUSION","Do not deindex automatically; compare source evidence, page uniqueness, GSC value, and replacement options."
"NCT02483624","https://clinicaltrialfailures.com/trial/NCT02483624","false","false","missing_stop_reason","UNRESOLVED","UNRESOLVED_MISSING_STOP_REASON","UNCLASSIFIED","REVIEW_HOLD","VERIFY_CURRENT_EXCLUSION","Do not deindex automatically; compare source evidence, page uniqueness, GSC value, and replacement options."
"NCT02486848","https://clinicaltrialfailures.com/trial/NCT02486848","false","false","missing_stop_reason","UNRESOLVED","UNRESOLVED_MISSING_STOP_REASON","UNCLASSIFIED","REVIEW_HOLD","VERIFY_CURRENT_EXCLUSION","Do not deindex automatically; compare source evidence, page uniqueness, GSC value, and replacement options."
"NCT02487316","https://clinicaltrialfailures.com/trial/NCT02487316","false","false","missing_stop_reason","UNRESOLVED","UNRESOLVED_MISSING_STOP_REASON","UNCLASSIFIED","REVIEW_HOLD","VERIFY_CURRENT_EXCLUSION","Do not deindex automatically; compare source evidence, page uniqueness, GSC value, and replacement options."
"NCT02487459","https://clinicaltrialfailures.com/trial/NCT02487459","false","false","missing_stop_reason","UNRESOLVED","UNRESOLVED_MISSING_STOP_REASON","UNCLASSIFIED","REVIEW_HOLD","VERIFY_CURRENT_EXCLUSION","Do not deindex automatically; compare source evidence, page uniqueness, GSC value, and replacement options."
"NCT02488629","https://clinicaltrialfailures.com/trial/NCT02488629","false","false","missing_stop_reason","UNRESOLVED","UNRESOLVED_MISSING_STOP_REASON","UNCLASSIFIED","REVIEW_HOLD","VERIFY_CURRENT_EXCLUSION","Do not deindex automatically; compare source evidence, page uniqueness, GSC value, and replacement options."
"NCT02489266","https://clinicaltrialfailures.com/trial/NCT02489266","false","false","missing_stop_reason","UNRESOLVED","UNRESOLVED_MISSING_STOP_REASON","UNCLASSIFIED","REVIEW_HOLD","VERIFY_CURRENT_EXCLUSION","Do not deindex automatically; compare source evidence, page uniqueness, GSC value, and replacement options."
"NCT02490774","https://clinicaltrialfailures.com/trial/NCT02490774","false","false","missing_stop_reason","UNRESOLVED","UNRESOLVED_MISSING_STOP_REASON","UNCLASSIFIED","REVIEW_HOLD","VERIFY_CURRENT_EXCLUSION","Do not deindex automatically; compare source evidence, page uniqueness, GSC value, and replacement options."
"NCT02492763","https://clinicaltrialfailures.com/trial/NCT02492763","false","false","missing_stop_reason","UNRESOLVED","UNRESOLVED_MISSING_STOP_REASON","UNCLASSIFIED","REVIEW_HOLD","VERIFY_CURRENT_EXCLUSION","Do not deindex automatically; compare source evidence, page uniqueness, GSC value, and replacement options."
"NCT02494102","https://clinicaltrialfailures.com/trial/NCT02494102","false","false","missing_stop_reason","UNRESOLVED","UNRESOLVED_MISSING_STOP_REASON","UNCLASSIFIED","REVIEW_HOLD","VERIFY_CURRENT_EXCLUSION","Do not deindex automatically; compare source evidence, page uniqueness, GSC value, and replacement options."
"NCT02495129","https://clinicaltrialfailures.com/trial/NCT02495129","false","false","missing_stop_reason","UNRESOLVED","UNRESOLVED_MISSING_STOP_REASON","UNCLASSIFIED","REVIEW_HOLD","VERIFY_CURRENT_EXCLUSION","Do not deindex automatically; compare source evidence, page uniqueness, GSC value, and replacement options."
"NCT02496780","https://clinicaltrialfailures.com/trial/NCT02496780","false","false","missing_stop_reason","UNRESOLVED","UNRESOLVED_MISSING_STOP_REASON","UNCLASSIFIED","REVIEW_HOLD","VERIFY_CURRENT_EXCLUSION","Do not deindex automatically; compare source evidence, page uniqueness, GSC value, and replacement options."
"NCT02497222","https://clinicaltrialfailures.com/trial/NCT02497222","false","false","missing_stop_reason","UNRESOLVED","UNRESOLVED_MISSING_STOP_REASON","UNCLASSIFIED","REVIEW_HOLD","VERIFY_CURRENT_EXCLUSION","Do not deindex automatically; compare source evidence, page uniqueness, GSC value, and replacement options."
"NCT02499978","https://clinicaltrialfailures.com/trial/NCT02499978","false","false","missing_stop_reason","UNRESOLVED","UNRESOLVED_MISSING_STOP_REASON","UNCLASSIFIED","REVIEW_HOLD","VERIFY_CURRENT_EXCLUSION","Do not deindex automatically; compare source evidence, page uniqueness, GSC value, and replacement options."
"NCT02501434","https://clinicaltrialfailures.com/trial/NCT02501434","false","false","missing_stop_reason","UNRESOLVED","UNRESOLVED_MISSING_STOP_REASON","UNCLASSIFIED","REVIEW_HOLD","VERIFY_CURRENT_EXCLUSION","Do not deindex automatically; compare source evidence, page uniqueness, GSC value, and replacement options."
"NCT02502188","https://clinicaltrialfailures.com/trial/NCT02502188","false","false","missing_stop_reason","UNRESOLVED","UNRESOLVED_MISSING_STOP_REASON","UNCLASSIFIED","REVIEW_HOLD","VERIFY_CURRENT_EXCLUSION","Do not deindex automatically; compare source evidence, page uniqueness, GSC value, and replacement options."
"NCT02502799","https://clinicaltrialfailures.com/trial/NCT02502799","false","false","missing_stop_reason","UNRESOLVED","UNRESOLVED_MISSING_STOP_REASON","UNCLASSIFIED","REVIEW_HOLD","VERIFY_CURRENT_EXCLUSION","Do not deindex automatically; compare source evidence, page uniqueness, GSC value, and replacement options."
"NCT02505087","https://clinicaltrialfailures.com/trial/NCT02505087","false","false","missing_stop_reason","UNRESOLVED","UNRESOLVED_MISSING_STOP_REASON","UNCLASSIFIED","REVIEW_HOLD","VERIFY_CURRENT_EXCLUSION","Do not deindex automatically; compare source evidence, page uniqueness, GSC value, and replacement options."
"NCT02506985","https://clinicaltrialfailures.com/trial/NCT02506985","false","false","missing_stop_reason","UNRESOLVED","UNRESOLVED_MISSING_STOP_REASON","UNCLASSIFIED","REVIEW_HOLD","VERIFY_CURRENT_EXCLUSION","Do not deindex automatically; compare source evidence, page uniqueness, GSC value, and replacement options."
"NCT02510248","https://clinicaltrialfailures.com/trial/NCT02510248","false","false","missing_stop_reason","UNRESOLVED","UNRESOLVED_MISSING_STOP_REASON","UNCLASSIFIED","REVIEW_HOLD","VERIFY_CURRENT_EXCLUSION","Do not deindex automatically; compare source evidence, page uniqueness, GSC value, and replacement options."
"NCT02511041","https://clinicaltrialfailures.com/trial/NCT02511041","false","false","missing_stop_reason","UNRESOLVED","UNRESOLVED_MISSING_STOP_REASON","UNCLASSIFIED","REVIEW_HOLD","VERIFY_CURRENT_EXCLUSION","Do not deindex automatically; compare source evidence, page uniqueness, GSC value, and replacement options."
"NCT02512029","https://clinicaltrialfailures.com/trial/NCT02512029","false","false","missing_stop_reason","UNRESOLVED","UNRESOLVED_MISSING_STOP_REASON","UNCLASSIFIED","REVIEW_HOLD","VERIFY_CURRENT_EXCLUSION","Do not deindex automatically; compare source evidence, page uniqueness, GSC value, and replacement options."
"NCT02514252","https://clinicaltrialfailures.com/trial/NCT02514252","false","false","missing_stop_reason","UNRESOLVED","UNRESOLVED_MISSING_STOP_REASON","UNCLASSIFIED","REVIEW_HOLD","VERIFY_CURRENT_EXCLUSION","Do not deindex automatically; compare source evidence, page uniqueness, GSC value, and replacement options."
"NCT02516020","https://clinicaltrialfailures.com/trial/NCT02516020","false","false","missing_stop_reason","UNRESOLVED","UNRESOLVED_MISSING_STOP_REASON","UNCLASSIFIED","REVIEW_HOLD","VERIFY_CURRENT_EXCLUSION","Do not deindex automatically; compare source evidence, page uniqueness, GSC value, and replacement options."
"NCT02518568","https://clinicaltrialfailures.com/trial/NCT02518568","false","false","missing_stop_reason","UNRESOLVED","UNRESOLVED_MISSING_STOP_REASON","UNCLASSIFIED","REVIEW_HOLD","VERIFY_CURRENT_EXCLUSION","Do not deindex automatically; compare source evidence, page uniqueness, GSC value, and replacement options."
"NCT02519140","https://clinicaltrialfailures.com/trial/NCT02519140","false","false","missing_stop_reason","UNRESOLVED","UNRESOLVED_MISSING_STOP_REASON","UNCLASSIFIED","REVIEW_HOLD","VERIFY_CURRENT_EXCLUSION","Do not deindex automatically; compare source evidence, page uniqueness, GSC value, and replacement options."
"NCT02520245","https://clinicaltrialfailures.com/trial/NCT02520245","false","false","missing_stop_reason","UNRESOLVED","UNRESOLVED_MISSING_STOP_REASON","UNCLASSIFIED","REVIEW_HOLD","VERIFY_CURRENT_EXCLUSION","Do not deindex automatically; compare source evidence, page uniqueness, GSC value, and replacement options."
"NCT02520284","https://clinicaltrialfailures.com/trial/NCT02520284","false","false","missing_stop_reason","UNRESOLVED","UNRESOLVED_MISSING_STOP_REASON","UNCLASSIFIED","REVIEW_HOLD","VERIFY_CURRENT_EXCLUSION","Do not deindex automatically; compare source evidence, page uniqueness, GSC value, and replacement options."
"NCT02520297","https://clinicaltrialfailures.com/trial/NCT02520297","false","false","missing_stop_reason","UNRESOLVED","UNRESOLVED_MISSING_STOP_REASON","UNCLASSIFIED","REVIEW_HOLD","VERIFY_CURRENT_EXCLUSION","Do not deindex automatically; compare source evidence, page uniqueness, GSC value, and replacement options."
"NCT02520479","https://clinicaltrialfailures.com/trial/NCT02520479","false","false","missing_stop_reason","UNRESOLVED","UNRESOLVED_MISSING_STOP_REASON","UNCLASSIFIED","REVIEW_HOLD","VERIFY_CURRENT_EXCLUSION","Do not deindex automatically; compare source evidence, page uniqueness, GSC value, and replacement options."
"NCT02521831","https://clinicaltrialfailures.com/trial/NCT02521831","false","false","missing_stop_reason","UNRESOLVED","UNRESOLVED_MISSING_STOP_REASON","UNCLASSIFIED","REVIEW_HOLD","VERIFY_CURRENT_EXCLUSION","Do not deindex automatically; compare source evidence, page uniqueness, GSC value, and replacement options."
"NCT02522910","https://clinicaltrialfailures.com/trial/NCT02522910","false","false","missing_stop_reason","UNRESOLVED","UNRESOLVED_MISSING_STOP_REASON","UNCLASSIFIED","REVIEW_HOLD","VERIFY_CURRENT_EXCLUSION","Do not deindex automatically; compare source evidence, page uniqueness, GSC value, and replacement options."
"NCT02522975","https://clinicaltrialfailures.com/trial/NCT02522975","false","false","missing_stop_reason","UNRESOLVED","UNRESOLVED_MISSING_STOP_REASON","UNCLASSIFIED","REVIEW_HOLD","VERIFY_CURRENT_EXCLUSION","Do not deindex automatically; compare source evidence, page uniqueness, GSC value, and replacement options."
"NCT02526303","https://clinicaltrialfailures.com/trial/NCT02526303","false","false","missing_stop_reason","UNRESOLVED","UNRESOLVED_MISSING_STOP_REASON","UNCLASSIFIED","REVIEW_HOLD","VERIFY_CURRENT_EXCLUSION","Do not deindex automatically; compare source evidence, page uniqueness, GSC value, and replacement options."
"NCT02527460","https://clinicaltrialfailures.com/trial/NCT02527460","false","false","missing_stop_reason","UNRESOLVED","UNRESOLVED_MISSING_STOP_REASON","UNCLASSIFIED","REVIEW_HOLD","VERIFY_CURRENT_EXCLUSION","Do not deindex automatically; compare source evidence, page uniqueness, GSC value, and replacement options."
"NCT02528097","https://clinicaltrialfailures.com/trial/NCT02528097","false","false","missing_stop_reason","UNRESOLVED","UNRESOLVED_MISSING_STOP_REASON","UNCLASSIFIED","REVIEW_HOLD","VERIFY_CURRENT_EXCLUSION","Do not deindex automatically; compare source evidence, page uniqueness, GSC value, and replacement options."
"NCT02529241","https://clinicaltrialfailures.com/trial/NCT02529241","false","false","missing_stop_reason","UNRESOLVED","UNRESOLVED_MISSING_STOP_REASON","UNCLASSIFIED","REVIEW_HOLD","VERIFY_CURRENT_EXCLUSION","Do not deindex automatically; compare source evidence, page uniqueness, GSC value, and replacement options."
"NCT02529514","https://clinicaltrialfailures.com/trial/NCT02529514","false","false","missing_stop_reason","UNRESOLVED","UNRESOLVED_MISSING_STOP_REASON","UNCLASSIFIED","REVIEW_HOLD","VERIFY_CURRENT_EXCLUSION","Do not deindex automatically; compare source evidence, page uniqueness, GSC value, and replacement options."
"NCT02532868","https://clinicaltrialfailures.com/trial/NCT02532868","false","false","missing_stop_reason","UNRESOLVED","UNRESOLVED_MISSING_STOP_REASON","UNCLASSIFIED","REVIEW_HOLD","VERIFY_CURRENT_EXCLUSION","Do not deindex automatically; compare source evidence, page uniqueness, GSC value, and replacement options."
"NCT02533323","https://clinicaltrialfailures.com/trial/NCT02533323","false","false","missing_stop_reason","UNRESOLVED","UNRESOLVED_MISSING_STOP_REASON","UNCLASSIFIED","REVIEW_HOLD","VERIFY_CURRENT_EXCLUSION","Do not deindex automatically; compare source evidence, page uniqueness, GSC value, and replacement options."
"NCT02533362","https://clinicaltrialfailures.com/trial/NCT02533362","false","false","missing_stop_reason","UNRESOLVED","UNRESOLVED_MISSING_STOP_REASON","UNCLASSIFIED","REVIEW_HOLD","VERIFY_CURRENT_EXCLUSION","Do not deindex automatically; compare source evidence, page uniqueness, GSC value, and replacement options."
"NCT02534896","https://clinicaltrialfailures.com/trial/NCT02534896","false","false","missing_stop_reason","UNRESOLVED","UNRESOLVED_MISSING_STOP_REASON","UNCLASSIFIED","REVIEW_HOLD","VERIFY_CURRENT_EXCLUSION","Do not deindex automatically; compare source evidence, page uniqueness, GSC value, and replacement options."
"NCT02535078","https://clinicaltrialfailures.com/trial/NCT02535078","false","false","missing_stop_reason","UNRESOLVED","UNRESOLVED_MISSING_STOP_REASON","UNCLASSIFIED","REVIEW_HOLD","VERIFY_CURRENT_EXCLUSION","Do not deindex automatically; compare source evidence, page uniqueness, GSC value, and replacement options."
"NCT02538614","https://clinicaltrialfailures.com/trial/NCT02538614","false","false","missing_stop_reason","UNRESOLVED","UNRESOLVED_MISSING_STOP_REASON","UNCLASSIFIED","REVIEW_HOLD","VERIFY_CURRENT_EXCLUSION","Do not deindex automatically; compare source evidence, page uniqueness, GSC value, and replacement options."
"NCT02539810","https://clinicaltrialfailures.com/trial/NCT02539810","false","false","missing_stop_reason","UNRESOLVED","UNRESOLVED_MISSING_STOP_REASON","UNCLASSIFIED","REVIEW_HOLD","VERIFY_CURRENT_EXCLUSION","Do not deindex automatically; compare source evidence, page uniqueness, GSC value, and replacement options."
"NCT02540356","https://clinicaltrialfailures.com/trial/NCT02540356","false","false","missing_stop_reason","UNRESOLVED","UNRESOLVED_MISSING_STOP_REASON","UNCLASSIFIED","REVIEW_HOLD","VERIFY_CURRENT_EXCLUSION","Do not deindex automatically; compare source evidence, page uniqueness, GSC value, and replacement options."
"NCT02542215","https://clinicaltrialfailures.com/trial/NCT02542215","false","false","missing_stop_reason","UNRESOLVED","UNRESOLVED_MISSING_STOP_REASON","UNCLASSIFIED","REVIEW_HOLD","VERIFY_CURRENT_EXCLUSION","Do not deindex automatically; compare source evidence, page uniqueness, GSC value, and replacement options."
"NCT02542956","https://clinicaltrialfailures.com/trial/NCT02542956","false","false","missing_stop_reason","UNRESOLVED","UNRESOLVED_MISSING_STOP_REASON","UNCLASSIFIED","REVIEW_HOLD","VERIFY_CURRENT_EXCLUSION","Do not deindex automatically; compare source evidence, page uniqueness, GSC value, and replacement options."
"NCT02543086","https://clinicaltrialfailures.com/trial/NCT02543086","false","false","missing_stop_reason","UNRESOLVED","UNRESOLVED_MISSING_STOP_REASON","UNCLASSIFIED","REVIEW_HOLD","VERIFY_CURRENT_EXCLUSION","Do not deindex automatically; compare source evidence, page uniqueness, GSC value, and replacement options."
"NCT02543749","https://clinicaltrialfailures.com/trial/NCT02543749","false","false","missing_stop_reason","UNRESOLVED","UNRESOLVED_MISSING_STOP_REASON","UNCLASSIFIED","REVIEW_HOLD","VERIFY_CURRENT_EXCLUSION","Do not deindex automatically; compare source evidence, page uniqueness, GSC value, and replacement options."
"NCT02544152","https://clinicaltrialfailures.com/trial/NCT02544152","false","false","missing_stop_reason","UNRESOLVED","UNRESOLVED_MISSING_STOP_REASON","UNCLASSIFIED","REVIEW_HOLD","VERIFY_CURRENT_EXCLUSION","Do not deindex automatically; compare source evidence, page uniqueness, GSC value, and replacement options."
"NCT02546986","https://clinicaltrialfailures.com/trial/NCT02546986","false","false","missing_stop_reason","UNRESOLVED","UNRESOLVED_MISSING_STOP_REASON","UNCLASSIFIED","REVIEW_HOLD","VERIFY_CURRENT_EXCLUSION","Do not deindex automatically; compare source evidence, page uniqueness, GSC value, and replacement options."
"NCT02547909","https://clinicaltrialfailures.com/trial/NCT02547909","false","false","missing_stop_reason","UNRESOLVED","UNRESOLVED_MISSING_STOP_REASON","UNCLASSIFIED","REVIEW_HOLD","VERIFY_CURRENT_EXCLUSION","Do not deindex automatically; compare source evidence, page uniqueness, GSC value, and replacement options."
"NCT02547948","https://clinicaltrialfailures.com/trial/NCT02547948","false","false","missing_stop_reason","UNRESOLVED","UNRESOLVED_MISSING_STOP_REASON","UNCLASSIFIED","REVIEW_HOLD","VERIFY_CURRENT_EXCLUSION","Do not deindex automatically; compare source evidence, page uniqueness, GSC value, and replacement options."
"NCT02548715","https://clinicaltrialfailures.com/trial/NCT02548715","false","false","missing_stop_reason","UNRESOLVED","UNRESOLVED_MISSING_STOP_REASON","UNCLASSIFIED","REVIEW_HOLD","VERIFY_CURRENT_EXCLUSION","Do not deindex automatically; compare source evidence, page uniqueness, GSC value, and replacement options."
"NCT02549690","https://clinicaltrialfailures.com/trial/NCT02549690","false","false","missing_stop_reason","UNRESOLVED","UNRESOLVED_MISSING_STOP_REASON","UNCLASSIFIED","REVIEW_HOLD","VERIFY_CURRENT_EXCLUSION","Do not deindex automatically; compare source evidence, page uniqueness, GSC value, and replacement options."
"NCT02550145","https://clinicaltrialfailures.com/trial/NCT02550145","false","false","missing_stop_reason","UNRESOLVED","UNRESOLVED_MISSING_STOP_REASON","UNCLASSIFIED","REVIEW_HOLD","VERIFY_CURRENT_EXCLUSION","Do not deindex automatically; compare source evidence, page uniqueness, GSC value, and replacement options."
"NCT02551861","https://clinicaltrialfailures.com/trial/NCT02551861","false","false","missing_stop_reason","UNRESOLVED","UNRESOLVED_MISSING_STOP_REASON","UNCLASSIFIED","REVIEW_HOLD","VERIFY_CURRENT_EXCLUSION","Do not deindex automatically; compare source evidence, page uniqueness, GSC value, and replacement options."
"NCT02552641","https://clinicaltrialfailures.com/trial/NCT02552641","false","false","missing_stop_reason","UNRESOLVED","UNRESOLVED_MISSING_STOP_REASON","UNCLASSIFIED","REVIEW_HOLD","VERIFY_CURRENT_EXCLUSION","Do not deindex automatically; compare source evidence, page uniqueness, GSC value, and replacement options."
"NCT02552901","https://clinicaltrialfailures.com/trial/NCT02552901","false","false","missing_stop_reason","UNRESOLVED","UNRESOLVED_MISSING_STOP_REASON","UNCLASSIFIED","REVIEW_HOLD","VERIFY_CURRENT_EXCLUSION","Do not deindex automatically; compare source evidence, page uniqueness, GSC value, and replacement options."
"NCT02556086","https://clinicaltrialfailures.com/trial/NCT02556086","false","false","missing_stop_reason","UNRESOLVED","UNRESOLVED_MISSING_STOP_REASON","UNCLASSIFIED","REVIEW_HOLD","VERIFY_CURRENT_EXCLUSION","Do not deindex automatically; compare source evidence, page uniqueness, GSC value, and replacement options."
"NCT02556333","https://clinicaltrialfailures.com/trial/NCT02556333","false","false","missing_stop_reason","UNRESOLVED","UNRESOLVED_MISSING_STOP_REASON","UNCLASSIFIED","REVIEW_HOLD","VERIFY_CURRENT_EXCLUSION","Do not deindex automatically; compare source evidence, page uniqueness, GSC value, and replacement options."
"NCT02556593","https://clinicaltrialfailures.com/trial/NCT02556593","false","false","missing_stop_reason","UNRESOLVED","UNRESOLVED_MISSING_STOP_REASON","UNCLASSIFIED","REVIEW_HOLD","VERIFY_CURRENT_EXCLUSION","Do not deindex automatically; compare source evidence, page uniqueness, GSC value, and replacement options."
"NCT02558543","https://clinicaltrialfailures.com/trial/NCT02558543","false","false","missing_stop_reason","UNRESOLVED","UNRESOLVED_MISSING_STOP_REASON","UNCLASSIFIED","REVIEW_HOLD","VERIFY_CURRENT_EXCLUSION","Do not deindex automatically; compare source evidence, page uniqueness, GSC value, and replacement options."
"NCT02559492","https://clinicaltrialfailures.com/trial/NCT02559492","false","false","missing_stop_reason","UNRESOLVED","UNRESOLVED_MISSING_STOP_REASON","UNCLASSIFIED","REVIEW_HOLD","VERIFY_CURRENT_EXCLUSION","Do not deindex automatically; compare source evidence, page uniqueness, GSC value, and replacement options."
"NCT02559817","https://clinicaltrialfailures.com/trial/NCT02559817","false","false","missing_stop_reason","UNRESOLVED","UNRESOLVED_MISSING_STOP_REASON","UNCLASSIFIED","REVIEW_HOLD","VERIFY_CURRENT_EXCLUSION","Do not deindex automatically; compare source evidence, page uniqueness, GSC value, and replacement options."
"NCT02561169","https://clinicaltrialfailures.com/trial/NCT02561169","false","false","missing_stop_reason","UNRESOLVED","UNRESOLVED_MISSING_STOP_REASON","UNCLASSIFIED","REVIEW_HOLD","VERIFY_CURRENT_EXCLUSION","Do not deindex automatically; compare source evidence, page uniqueness, GSC value, and replacement options."
"NCT02563561","https://clinicaltrialfailures.com/trial/NCT02563561","false","false","missing_stop_reason","UNRESOLVED","UNRESOLVED_MISSING_STOP_REASON","UNCLASSIFIED","REVIEW_HOLD","VERIFY_CURRENT_EXCLUSION","Do not deindex automatically; compare source evidence, page uniqueness, GSC value, and replacement options."
"NCT02565511","https://clinicaltrialfailures.com/trial/NCT02565511","false","false","missing_stop_reason","UNRESOLVED","UNRESOLVED_MISSING_STOP_REASON","UNCLASSIFIED","REVIEW_HOLD","VERIFY_CURRENT_EXCLUSION","Do not deindex automatically; compare source evidence, page uniqueness, GSC value, and replacement options."
"NCT02568111","https://clinicaltrialfailures.com/trial/NCT02568111","false","false","missing_stop_reason","UNRESOLVED","UNRESOLVED_MISSING_STOP_REASON","UNCLASSIFIED","REVIEW_HOLD","VERIFY_CURRENT_EXCLUSION","Do not deindex automatically; compare source evidence, page uniqueness, GSC value, and replacement options."
"NCT02568683","https://clinicaltrialfailures.com/trial/NCT02568683","false","false","missing_stop_reason","UNRESOLVED","UNRESOLVED_MISSING_STOP_REASON","UNCLASSIFIED","REVIEW_HOLD","VERIFY_CURRENT_EXCLUSION","Do not deindex automatically; compare source evidence, page uniqueness, GSC value, and replacement options."
"NCT02572505","https://clinicaltrialfailures.com/trial/NCT02572505","false","false","missing_stop_reason","UNRESOLVED","UNRESOLVED_MISSING_STOP_REASON","UNCLASSIFIED","REVIEW_HOLD","VERIFY_CURRENT_EXCLUSION","Do not deindex automatically; compare source evidence, page uniqueness, GSC value, and replacement options."
"NCT02573038","https://clinicaltrialfailures.com/trial/NCT02573038","false","false","missing_stop_reason","UNRESOLVED","UNRESOLVED_MISSING_STOP_REASON","UNCLASSIFIED","REVIEW_HOLD","VERIFY_CURRENT_EXCLUSION","Do not deindex automatically; compare source evidence, page uniqueness, GSC value, and replacement options."
"NCT02573857","https://clinicaltrialfailures.com/trial/NCT02573857","false","false","missing_stop_reason","UNRESOLVED","UNRESOLVED_MISSING_STOP_REASON","UNCLASSIFIED","REVIEW_HOLD","VERIFY_CURRENT_EXCLUSION","Do not deindex automatically; compare source evidence, page uniqueness, GSC value, and replacement options."
"NCT02574962","https://clinicaltrialfailures.com/trial/NCT02574962","false","false","missing_stop_reason","UNRESOLVED","UNRESOLVED_MISSING_STOP_REASON","UNCLASSIFIED","REVIEW_HOLD","VERIFY_CURRENT_EXCLUSION","Do not deindex automatically; compare source evidence, page uniqueness, GSC value, and replacement options."
"NCT02575261","https://clinicaltrialfailures.com/trial/NCT02575261","false","false","missing_stop_reason","UNRESOLVED","UNRESOLVED_MISSING_STOP_REASON","UNCLASSIFIED","REVIEW_HOLD","VERIFY_CURRENT_EXCLUSION","Do not deindex automatically; compare source evidence, page uniqueness, GSC value, and replacement options."
"NCT02577094","https://clinicaltrialfailures.com/trial/NCT02577094","false","false","missing_stop_reason","UNRESOLVED","UNRESOLVED_MISSING_STOP_REASON","UNCLASSIFIED","REVIEW_HOLD","VERIFY_CURRENT_EXCLUSION","Do not deindex automatically; compare source evidence, page uniqueness, GSC value, and replacement options."
"NCT02579148","https://clinicaltrialfailures.com/trial/NCT02579148","false","false","missing_stop_reason","UNRESOLVED","UNRESOLVED_MISSING_STOP_REASON","UNCLASSIFIED","REVIEW_HOLD","VERIFY_CURRENT_EXCLUSION","Do not deindex automatically; compare source evidence, page uniqueness, GSC value, and replacement options."
"NCT02583425","https://clinicaltrialfailures.com/trial/NCT02583425","false","false","missing_stop_reason","UNRESOLVED","UNRESOLVED_MISSING_STOP_REASON","UNCLASSIFIED","REVIEW_HOLD","VERIFY_CURRENT_EXCLUSION","Do not deindex automatically; compare source evidence, page uniqueness, GSC value, and replacement options."
"NCT02584556","https://clinicaltrialfailures.com/trial/NCT02584556","false","false","missing_stop_reason","UNRESOLVED","UNRESOLVED_MISSING_STOP_REASON","UNCLASSIFIED","REVIEW_HOLD","VERIFY_CURRENT_EXCLUSION","Do not deindex automatically; compare source evidence, page uniqueness, GSC value, and replacement options."
"NCT02584777","https://clinicaltrialfailures.com/trial/NCT02584777","false","false","missing_stop_reason","UNRESOLVED","UNRESOLVED_MISSING_STOP_REASON","UNCLASSIFIED","REVIEW_HOLD","VERIFY_CURRENT_EXCLUSION","Do not deindex automatically; compare source evidence, page uniqueness, GSC value, and replacement options."
"NCT02585024","https://clinicaltrialfailures.com/trial/NCT02585024","false","false","missing_stop_reason","UNRESOLVED","UNRESOLVED_MISSING_STOP_REASON","UNCLASSIFIED","REVIEW_HOLD","VERIFY_CURRENT_EXCLUSION","Do not deindex automatically; compare source evidence, page uniqueness, GSC value, and replacement options."
"NCT02587598","https://clinicaltrialfailures.com/trial/NCT02587598","false","false","missing_stop_reason","UNRESOLVED","UNRESOLVED_MISSING_STOP_REASON","UNCLASSIFIED","REVIEW_HOLD","VERIFY_CURRENT_EXCLUSION","Do not deindex automatically; compare source evidence, page uniqueness, GSC value, and replacement options."
"NCT02588625","https://clinicaltrialfailures.com/trial/NCT02588625","false","false","missing_stop_reason","UNRESOLVED","UNRESOLVED_MISSING_STOP_REASON","UNCLASSIFIED","REVIEW_HOLD","VERIFY_CURRENT_EXCLUSION","Do not deindex automatically; compare source evidence, page uniqueness, GSC value, and replacement options."
"NCT02589366","https://clinicaltrialfailures.com/trial/NCT02589366","false","false","missing_stop_reason","UNRESOLVED","UNRESOLVED_MISSING_STOP_REASON","UNCLASSIFIED","REVIEW_HOLD","VERIFY_CURRENT_EXCLUSION","Do not deindex automatically; compare source evidence, page uniqueness, GSC value, and replacement options."
"NCT02593526","https://clinicaltrialfailures.com/trial/NCT02593526","false","false","missing_stop_reason","UNRESOLVED","UNRESOLVED_MISSING_STOP_REASON","UNCLASSIFIED","REVIEW_HOLD","VERIFY_CURRENT_EXCLUSION","Do not deindex automatically; compare source evidence, page uniqueness, GSC value, and replacement options."
"NCT02593929","https://clinicaltrialfailures.com/trial/NCT02593929","false","false","missing_stop_reason","UNRESOLVED","UNRESOLVED_MISSING_STOP_REASON","UNCLASSIFIED","REVIEW_HOLD","VERIFY_CURRENT_EXCLUSION","Do not deindex automatically; compare source evidence, page uniqueness, GSC value, and replacement options."
"NCT02594566","https://clinicaltrialfailures.com/trial/NCT02594566","false","false","missing_stop_reason","UNRESOLVED","UNRESOLVED_MISSING_STOP_REASON","UNCLASSIFIED","REVIEW_HOLD","VERIFY_CURRENT_EXCLUSION","Do not deindex automatically; compare source evidence, page uniqueness, GSC value, and replacement options."
"NCT02595242","https://clinicaltrialfailures.com/trial/NCT02595242","false","false","missing_stop_reason","UNRESOLVED","UNRESOLVED_MISSING_STOP_REASON","UNCLASSIFIED","REVIEW_HOLD","VERIFY_CURRENT_EXCLUSION","Do not deindex automatically; compare source evidence, page uniqueness, GSC value, and replacement options."
"NCT02596893","https://clinicaltrialfailures.com/trial/NCT02596893","false","false","missing_stop_reason","UNRESOLVED","UNRESOLVED_MISSING_STOP_REASON","UNCLASSIFIED","REVIEW_HOLD","VERIFY_CURRENT_EXCLUSION","Do not deindex automatically; compare source evidence, page uniqueness, GSC value, and replacement options."
"NCT02597036","https://clinicaltrialfailures.com/trial/NCT02597036","false","false","missing_stop_reason","UNRESOLVED","UNRESOLVED_MISSING_STOP_REASON","UNCLASSIFIED","REVIEW_HOLD","VERIFY_CURRENT_EXCLUSION","Do not deindex automatically; compare source evidence, page uniqueness, GSC value, and replacement options."
"NCT02597309","https://clinicaltrialfailures.com/trial/NCT02597309","false","false","missing_stop_reason","UNRESOLVED","UNRESOLVED_MISSING_STOP_REASON","UNCLASSIFIED","REVIEW_HOLD","VERIFY_CURRENT_EXCLUSION","Do not deindex automatically; compare source evidence, page uniqueness, GSC value, and replacement options."
"NCT02598310","https://clinicaltrialfailures.com/trial/NCT02598310","false","false","missing_stop_reason","UNRESOLVED","UNRESOLVED_MISSING_STOP_REASON","UNCLASSIFIED","REVIEW_HOLD","VERIFY_CURRENT_EXCLUSION","Do not deindex automatically; compare source evidence, page uniqueness, GSC value, and replacement options."
"NCT02598869","https://clinicaltrialfailures.com/trial/NCT02598869","false","false","missing_stop_reason","UNRESOLVED","UNRESOLVED_MISSING_STOP_REASON","UNCLASSIFIED","REVIEW_HOLD","VERIFY_CURRENT_EXCLUSION","Do not deindex automatically; compare source evidence, page uniqueness, GSC value, and replacement options."
"NCT02599077","https://clinicaltrialfailures.com/trial/NCT02599077","false","false","missing_stop_reason","UNRESOLVED","UNRESOLVED_MISSING_STOP_REASON","UNCLASSIFIED","REVIEW_HOLD","VERIFY_CURRENT_EXCLUSION","Do not deindex automatically; compare source evidence, page uniqueness, GSC value, and replacement options."
"NCT02600286","https://clinicaltrialfailures.com/trial/NCT02600286","false","false","missing_stop_reason","UNRESOLVED","UNRESOLVED_MISSING_STOP_REASON","UNCLASSIFIED","REVIEW_HOLD","VERIFY_CURRENT_EXCLUSION","Do not deindex automatically; compare source evidence, page uniqueness, GSC value, and replacement options."
"NCT02603900","https://clinicaltrialfailures.com/trial/NCT02603900","false","false","missing_stop_reason","UNRESOLVED","UNRESOLVED_MISSING_STOP_REASON","UNCLASSIFIED","REVIEW_HOLD","VERIFY_CURRENT_EXCLUSION","Do not deindex automatically; compare source evidence, page uniqueness, GSC value, and replacement options."
"NCT02604238","https://clinicaltrialfailures.com/trial/NCT02604238","false","false","missing_stop_reason","UNRESOLVED","UNRESOLVED_MISSING_STOP_REASON","UNCLASSIFIED","REVIEW_HOLD","VERIFY_CURRENT_EXCLUSION","Do not deindex automatically; compare source evidence, page uniqueness, GSC value, and replacement options."
"NCT02605525","https://clinicaltrialfailures.com/trial/NCT02605525","false","false","missing_stop_reason","UNRESOLVED","UNRESOLVED_MISSING_STOP_REASON","UNCLASSIFIED","REVIEW_HOLD","VERIFY_CURRENT_EXCLUSION","Do not deindex automatically; compare source evidence, page uniqueness, GSC value, and replacement options."
"NCT02606383","https://clinicaltrialfailures.com/trial/NCT02606383","false","false","missing_stop_reason","UNRESOLVED","UNRESOLVED_MISSING_STOP_REASON","UNCLASSIFIED","REVIEW_HOLD","VERIFY_CURRENT_EXCLUSION","Do not deindex automatically; compare source evidence, page uniqueness, GSC value, and replacement options."
"NCT02607228","https://clinicaltrialfailures.com/trial/NCT02607228","false","false","missing_stop_reason","UNRESOLVED","UNRESOLVED_MISSING_STOP_REASON","UNCLASSIFIED","REVIEW_HOLD","VERIFY_CURRENT_EXCLUSION","Do not deindex automatically; compare source evidence, page uniqueness, GSC value, and replacement options."
"NCT02607657","https://clinicaltrialfailures.com/trial/NCT02607657","false","false","missing_stop_reason","UNRESOLVED","UNRESOLVED_MISSING_STOP_REASON","UNCLASSIFIED","REVIEW_HOLD","VERIFY_CURRENT_EXCLUSION","Do not deindex automatically; compare source evidence, page uniqueness, GSC value, and replacement options."
"NCT02607696","https://clinicaltrialfailures.com/trial/NCT02607696","false","false","missing_stop_reason","UNRESOLVED","UNRESOLVED_MISSING_STOP_REASON","UNCLASSIFIED","REVIEW_HOLD","VERIFY_CURRENT_EXCLUSION","Do not deindex automatically; compare source evidence, page uniqueness, GSC value, and replacement options."
"NCT02607813","https://clinicaltrialfailures.com/trial/NCT02607813","false","false","missing_stop_reason","UNRESOLVED","UNRESOLVED_MISSING_STOP_REASON","UNCLASSIFIED","REVIEW_HOLD","VERIFY_CURRENT_EXCLUSION","Do not deindex automatically; compare source evidence, page uniqueness, GSC value, and replacement options."
"NCT02611596","https://clinicaltrialfailures.com/trial/NCT02611596","false","false","missing_stop_reason","UNRESOLVED","UNRESOLVED_MISSING_STOP_REASON","UNCLASSIFIED","REVIEW_HOLD","VERIFY_CURRENT_EXCLUSION","Do not deindex automatically; compare source evidence, page uniqueness, GSC value, and replacement options."
"NCT02613403","https://clinicaltrialfailures.com/trial/NCT02613403","false","false","missing_stop_reason","UNRESOLVED","UNRESOLVED_MISSING_STOP_REASON","UNCLASSIFIED","REVIEW_HOLD","VERIFY_CURRENT_EXCLUSION","Do not deindex automatically; compare source evidence, page uniqueness, GSC value, and replacement options."
"NCT02614508","https://clinicaltrialfailures.com/trial/NCT02614508","false","false","missing_stop_reason","UNRESOLVED","UNRESOLVED_MISSING_STOP_REASON","UNCLASSIFIED","REVIEW_HOLD","VERIFY_CURRENT_EXCLUSION","Do not deindex automatically; compare source evidence, page uniqueness, GSC value, and replacement options."
"NCT02614560","https://clinicaltrialfailures.com/trial/NCT02614560","false","false","missing_stop_reason","UNRESOLVED","UNRESOLVED_MISSING_STOP_REASON","UNCLASSIFIED","REVIEW_HOLD","VERIFY_CURRENT_EXCLUSION","Do not deindex automatically; compare source evidence, page uniqueness, GSC value, and replacement options."
"NCT02614586","https://clinicaltrialfailures.com/trial/NCT02614586","false","false","missing_stop_reason","UNRESOLVED","UNRESOLVED_MISSING_STOP_REASON","UNCLASSIFIED","REVIEW_HOLD","VERIFY_CURRENT_EXCLUSION","Do not deindex automatically; compare source evidence, page uniqueness, GSC value, and replacement options."
"NCT02616315","https://clinicaltrialfailures.com/trial/NCT02616315","false","false","missing_stop_reason","UNRESOLVED","UNRESOLVED_MISSING_STOP_REASON","UNCLASSIFIED","REVIEW_HOLD","VERIFY_CURRENT_EXCLUSION","Do not deindex automatically; compare source evidence, page uniqueness, GSC value, and replacement options."
"NCT02617537","https://clinicaltrialfailures.com/trial/NCT02617537","false","false","missing_stop_reason","UNRESOLVED","UNRESOLVED_MISSING_STOP_REASON","UNCLASSIFIED","REVIEW_HOLD","VERIFY_CURRENT_EXCLUSION","Do not deindex automatically; compare source evidence, page uniqueness, GSC value, and replacement options."
"NCT02618668","https://clinicaltrialfailures.com/trial/NCT02618668","false","false","missing_stop_reason","UNRESOLVED","UNRESOLVED_MISSING_STOP_REASON","UNCLASSIFIED","REVIEW_HOLD","VERIFY_CURRENT_EXCLUSION","Do not deindex automatically; compare source evidence, page uniqueness, GSC value, and replacement options."
"NCT02624310","https://clinicaltrialfailures.com/trial/NCT02624310","false","false","missing_stop_reason","UNRESOLVED","UNRESOLVED_MISSING_STOP_REASON","UNCLASSIFIED","REVIEW_HOLD","VERIFY_CURRENT_EXCLUSION","Do not deindex automatically; compare source evidence, page uniqueness, GSC value, and replacement options."
"NCT02624700","https://clinicaltrialfailures.com/trial/NCT02624700","false","false","missing_stop_reason","UNRESOLVED","UNRESOLVED_MISSING_STOP_REASON","UNCLASSIFIED","REVIEW_HOLD","VERIFY_CURRENT_EXCLUSION","Do not deindex automatically; compare source evidence, page uniqueness, GSC value, and replacement options."
"NCT02627820","https://clinicaltrialfailures.com/trial/NCT02627820","false","false","missing_stop_reason","UNRESOLVED","UNRESOLVED_MISSING_STOP_REASON","UNCLASSIFIED","REVIEW_HOLD","VERIFY_CURRENT_EXCLUSION","Do not deindex automatically; compare source evidence, page uniqueness, GSC value, and replacement options."
"NCT02628704","https://clinicaltrialfailures.com/trial/NCT02628704","false","false","missing_stop_reason","UNRESOLVED","UNRESOLVED_MISSING_STOP_REASON","UNCLASSIFIED","REVIEW_HOLD","VERIFY_CURRENT_EXCLUSION","Do not deindex automatically; compare source evidence, page uniqueness, GSC value, and replacement options."
"NCT02628769","https://clinicaltrialfailures.com/trial/NCT02628769","false","false","missing_stop_reason","UNRESOLVED","UNRESOLVED_MISSING_STOP_REASON","UNCLASSIFIED","REVIEW_HOLD","VERIFY_CURRENT_EXCLUSION","Do not deindex automatically; compare source evidence, page uniqueness, GSC value, and replacement options."
"NCT02629094","https://clinicaltrialfailures.com/trial/NCT02629094","false","false","missing_stop_reason","UNRESOLVED","UNRESOLVED_MISSING_STOP_REASON","UNCLASSIFIED","REVIEW_HOLD","VERIFY_CURRENT_EXCLUSION","Do not deindex automatically; compare source evidence, page uniqueness, GSC value, and replacement options."
"NCT02630836","https://clinicaltrialfailures.com/trial/NCT02630836","false","false","missing_stop_reason","UNRESOLVED","UNRESOLVED_MISSING_STOP_REASON","UNCLASSIFIED","REVIEW_HOLD","VERIFY_CURRENT_EXCLUSION","Do not deindex automatically; compare source evidence, page uniqueness, GSC value, and replacement options."
"NCT02634827","https://clinicaltrialfailures.com/trial/NCT02634827","false","false","missing_stop_reason","UNRESOLVED","UNRESOLVED_MISSING_STOP_REASON","UNCLASSIFIED","REVIEW_HOLD","VERIFY_CURRENT_EXCLUSION","Do not deindex automatically; compare source evidence, page uniqueness, GSC value, and replacement options."
"NCT02634970","https://clinicaltrialfailures.com/trial/NCT02634970","false","false","missing_stop_reason","UNRESOLVED","UNRESOLVED_MISSING_STOP_REASON","UNCLASSIFIED","REVIEW_HOLD","VERIFY_CURRENT_EXCLUSION","Do not deindex automatically; compare source evidence, page uniqueness, GSC value, and replacement options."
"NCT02635243","https://clinicaltrialfailures.com/trial/NCT02635243","false","false","missing_stop_reason","UNRESOLVED","UNRESOLVED_MISSING_STOP_REASON","UNCLASSIFIED","REVIEW_HOLD","VERIFY_CURRENT_EXCLUSION","Do not deindex automatically; compare source evidence, page uniqueness, GSC value, and replacement options."
"NCT02638129","https://clinicaltrialfailures.com/trial/NCT02638129","false","false","missing_stop_reason","UNRESOLVED","UNRESOLVED_MISSING_STOP_REASON","UNCLASSIFIED","REVIEW_HOLD","VERIFY_CURRENT_EXCLUSION","Do not deindex automatically; compare source evidence, page uniqueness, GSC value, and replacement options."
"NCT02639234","https://clinicaltrialfailures.com/trial/NCT02639234","false","false","missing_stop_reason","UNRESOLVED","UNRESOLVED_MISSING_STOP_REASON","UNCLASSIFIED","REVIEW_HOLD","VERIFY_CURRENT_EXCLUSION","Do not deindex automatically; compare source evidence, page uniqueness, GSC value, and replacement options."
"NCT02645591","https://clinicaltrialfailures.com/trial/NCT02645591","false","false","missing_stop_reason","UNRESOLVED","UNRESOLVED_MISSING_STOP_REASON","UNCLASSIFIED","REVIEW_HOLD","VERIFY_CURRENT_EXCLUSION","Do not deindex automatically; compare source evidence, page uniqueness, GSC value, and replacement options."
"NCT02647190","https://clinicaltrialfailures.com/trial/NCT02647190","false","false","missing_stop_reason","UNRESOLVED","UNRESOLVED_MISSING_STOP_REASON","UNCLASSIFIED","REVIEW_HOLD","VERIFY_CURRENT_EXCLUSION","Do not deindex automatically; compare source evidence, page uniqueness, GSC value, and replacement options."
"NCT02649504","https://clinicaltrialfailures.com/trial/NCT02649504","false","false","missing_stop_reason","UNRESOLVED","UNRESOLVED_MISSING_STOP_REASON","UNCLASSIFIED","REVIEW_HOLD","VERIFY_CURRENT_EXCLUSION","Do not deindex automatically; compare source evidence, page uniqueness, GSC value, and replacement options."
"NCT02651610","https://clinicaltrialfailures.com/trial/NCT02651610","false","false","missing_stop_reason","UNRESOLVED","UNRESOLVED_MISSING_STOP_REASON","UNCLASSIFIED","REVIEW_HOLD","VERIFY_CURRENT_EXCLUSION","Do not deindex automatically; compare source evidence, page uniqueness, GSC value, and replacement options."
"NCT02653443","https://clinicaltrialfailures.com/trial/NCT02653443","false","false","missing_stop_reason","UNRESOLVED","UNRESOLVED_MISSING_STOP_REASON","UNCLASSIFIED","REVIEW_HOLD","VERIFY_CURRENT_EXCLUSION","Do not deindex automatically; compare source evidence, page uniqueness, GSC value, and replacement options."
"NCT02653989","https://clinicaltrialfailures.com/trial/NCT02653989","false","false","missing_stop_reason","UNRESOLVED","UNRESOLVED_MISSING_STOP_REASON","UNCLASSIFIED","REVIEW_HOLD","VERIFY_CURRENT_EXCLUSION","Do not deindex automatically; compare source evidence, page uniqueness, GSC value, and replacement options."
"NCT02658162","https://clinicaltrialfailures.com/trial/NCT02658162","false","false","missing_stop_reason","UNRESOLVED","UNRESOLVED_MISSING_STOP_REASON","UNCLASSIFIED","REVIEW_HOLD","VERIFY_CURRENT_EXCLUSION","Do not deindex automatically; compare source evidence, page uniqueness, GSC value, and replacement options."
"NCT02658292","https://clinicaltrialfailures.com/trial/NCT02658292","false","false","missing_stop_reason","UNRESOLVED","UNRESOLVED_MISSING_STOP_REASON","UNCLASSIFIED","REVIEW_HOLD","VERIFY_CURRENT_EXCLUSION","Do not deindex automatically; compare source evidence, page uniqueness, GSC value, and replacement options."
"NCT02659501","https://clinicaltrialfailures.com/trial/NCT02659501","false","false","missing_stop_reason","UNRESOLVED","UNRESOLVED_MISSING_STOP_REASON","UNCLASSIFIED","REVIEW_HOLD","VERIFY_CURRENT_EXCLUSION","Do not deindex automatically; compare source evidence, page uniqueness, GSC value, and replacement options."
"NCT02659631","https://clinicaltrialfailures.com/trial/NCT02659631","false","false","missing_stop_reason","UNRESOLVED","UNRESOLVED_MISSING_STOP_REASON","UNCLASSIFIED","REVIEW_HOLD","VERIFY_CURRENT_EXCLUSION","Do not deindex automatically; compare source evidence, page uniqueness, GSC value, and replacement options."
"NCT02661022","https://clinicaltrialfailures.com/trial/NCT02661022","false","false","missing_stop_reason","UNRESOLVED","UNRESOLVED_MISSING_STOP_REASON","UNCLASSIFIED","REVIEW_HOLD","VERIFY_CURRENT_EXCLUSION","Do not deindex automatically; compare source evidence, page uniqueness, GSC value, and replacement options."
"NCT02662634","https://clinicaltrialfailures.com/trial/NCT02662634","false","false","missing_stop_reason","UNRESOLVED","UNRESOLVED_MISSING_STOP_REASON","UNCLASSIFIED","REVIEW_HOLD","VERIFY_CURRENT_EXCLUSION","Do not deindex automatically; compare source evidence, page uniqueness, GSC value, and replacement options."
"NCT02663258","https://clinicaltrialfailures.com/trial/NCT02663258","false","false","missing_stop_reason","UNRESOLVED","UNRESOLVED_MISSING_STOP_REASON","UNCLASSIFIED","REVIEW_HOLD","VERIFY_CURRENT_EXCLUSION","Do not deindex automatically; compare source evidence, page uniqueness, GSC value, and replacement options."
"NCT02663752","https://clinicaltrialfailures.com/trial/NCT02663752","false","false","missing_stop_reason","NON_BIOLOGICAL","RECRUITMENT","DESCRIPTION_FALLBACK","REVIEW_HOLD","VERIFY_CURRENT_EXCLUSION","Do not deindex automatically; compare source evidence, page uniqueness, GSC value, and replacement options."
"NCT02669849","https://clinicaltrialfailures.com/trial/NCT02669849","false","false","missing_stop_reason","UNRESOLVED","UNRESOLVED_MISSING_STOP_REASON","UNCLASSIFIED","REVIEW_HOLD","VERIFY_CURRENT_EXCLUSION","Do not deindex automatically; compare source evidence, page uniqueness, GSC value, and replacement options."
"NCT02670096","https://clinicaltrialfailures.com/trial/NCT02670096","false","false","missing_stop_reason","UNRESOLVED","UNRESOLVED_MISSING_STOP_REASON","UNCLASSIFIED","REVIEW_HOLD","VERIFY_CURRENT_EXCLUSION","Do not deindex automatically; compare source evidence, page uniqueness, GSC value, and replacement options."
"NCT02670434","https://clinicaltrialfailures.com/trial/NCT02670434","false","false","missing_stop_reason","UNRESOLVED","UNRESOLVED_MISSING_STOP_REASON","UNCLASSIFIED","REVIEW_HOLD","VERIFY_CURRENT_EXCLUSION","Do not deindex automatically; compare source evidence, page uniqueness, GSC value, and replacement options."
"NCT02671942","https://clinicaltrialfailures.com/trial/NCT02671942","false","false","missing_stop_reason","UNRESOLVED","UNRESOLVED_MISSING_STOP_REASON","UNCLASSIFIED","REVIEW_HOLD","VERIFY_CURRENT_EXCLUSION","Do not deindex automatically; compare source evidence, page uniqueness, GSC value, and replacement options."
"NCT02673814","https://clinicaltrialfailures.com/trial/NCT02673814","false","false","missing_stop_reason","UNRESOLVED","UNRESOLVED_MISSING_STOP_REASON","UNCLASSIFIED","REVIEW_HOLD","VERIFY_CURRENT_EXCLUSION","Do not deindex automatically; compare source evidence, page uniqueness, GSC value, and replacement options."
"NCT02675335","https://clinicaltrialfailures.com/trial/NCT02675335","false","false","missing_stop_reason","UNRESOLVED","UNRESOLVED_MISSING_STOP_REASON","UNCLASSIFIED","REVIEW_HOLD","VERIFY_CURRENT_EXCLUSION","Do not deindex automatically; compare source evidence, page uniqueness, GSC value, and replacement options."
"NCT02676310","https://clinicaltrialfailures.com/trial/NCT02676310","false","false","missing_stop_reason","UNRESOLVED","UNRESOLVED_MISSING_STOP_REASON","UNCLASSIFIED","REVIEW_HOLD","VERIFY_CURRENT_EXCLUSION","Do not deindex automatically; compare source evidence, page uniqueness, GSC value, and replacement options."
"NCT02677610","https://clinicaltrialfailures.com/trial/NCT02677610","false","false","missing_stop_reason","UNRESOLVED","UNRESOLVED_MISSING_STOP_REASON","UNCLASSIFIED","REVIEW_HOLD","VERIFY_CURRENT_EXCLUSION","Do not deindex automatically; compare source evidence, page uniqueness, GSC value, and replacement options."
"NCT02677636","https://clinicaltrialfailures.com/trial/NCT02677636","false","false","missing_stop_reason","UNRESOLVED","UNRESOLVED_MISSING_STOP_REASON","UNCLASSIFIED","REVIEW_HOLD","VERIFY_CURRENT_EXCLUSION","Do not deindex automatically; compare source evidence, page uniqueness, GSC value, and replacement options."
"NCT02678936","https://clinicaltrialfailures.com/trial/NCT02678936","false","false","missing_stop_reason","UNRESOLVED","UNRESOLVED_MISSING_STOP_REASON","UNCLASSIFIED","REVIEW_HOLD","VERIFY_CURRENT_EXCLUSION","Do not deindex automatically; compare source evidence, page uniqueness, GSC value, and replacement options."
"NCT02680782","https://clinicaltrialfailures.com/trial/NCT02680782","false","false","missing_stop_reason","UNRESOLVED","UNRESOLVED_MISSING_STOP_REASON","UNCLASSIFIED","REVIEW_HOLD","VERIFY_CURRENT_EXCLUSION","Do not deindex automatically; compare source evidence, page uniqueness, GSC value, and replacement options."
"NCT02685111","https://clinicaltrialfailures.com/trial/NCT02685111","false","false","missing_stop_reason","UNRESOLVED","UNRESOLVED_MISSING_STOP_REASON","UNCLASSIFIED","REVIEW_HOLD","VERIFY_CURRENT_EXCLUSION","Do not deindex automatically; compare source evidence, page uniqueness, GSC value, and replacement options."
"NCT02685267","https://clinicaltrialfailures.com/trial/NCT02685267","false","false","missing_stop_reason","UNRESOLVED","UNRESOLVED_MISSING_STOP_REASON","UNCLASSIFIED","REVIEW_HOLD","VERIFY_CURRENT_EXCLUSION","Do not deindex automatically; compare source evidence, page uniqueness, GSC value, and replacement options."
"NCT02685306","https://clinicaltrialfailures.com/trial/NCT02685306","false","false","missing_stop_reason","UNRESOLVED","UNRESOLVED_MISSING_STOP_REASON","UNCLASSIFIED","REVIEW_HOLD","VERIFY_CURRENT_EXCLUSION","Do not deindex automatically; compare source evidence, page uniqueness, GSC value, and replacement options."
"NCT02686710","https://clinicaltrialfailures.com/trial/NCT02686710","false","false","missing_stop_reason","UNRESOLVED","UNRESOLVED_MISSING_STOP_REASON","UNCLASSIFIED","REVIEW_HOLD","VERIFY_CURRENT_EXCLUSION","Do not deindex automatically; compare source evidence, page uniqueness, GSC value, and replacement options."
"NCT02688465","https://clinicaltrialfailures.com/trial/NCT02688465","false","false","missing_stop_reason","UNRESOLVED","UNRESOLVED_MISSING_STOP_REASON","UNCLASSIFIED","REVIEW_HOLD","VERIFY_CURRENT_EXCLUSION","Do not deindex automatically; compare source evidence, page uniqueness, GSC value, and replacement options."
"NCT02688790","https://clinicaltrialfailures.com/trial/NCT02688790","false","false","missing_stop_reason","UNRESOLVED","UNRESOLVED_MISSING_STOP_REASON","UNCLASSIFIED","REVIEW_HOLD","VERIFY_CURRENT_EXCLUSION","Do not deindex automatically; compare source evidence, page uniqueness, GSC value, and replacement options."
"NCT02690844","https://clinicaltrialfailures.com/trial/NCT02690844","false","false","missing_stop_reason","UNRESOLVED","UNRESOLVED_MISSING_STOP_REASON","UNCLASSIFIED","REVIEW_HOLD","VERIFY_CURRENT_EXCLUSION","Do not deindex automatically; compare source evidence, page uniqueness, GSC value, and replacement options."
"NCT02695160","https://clinicaltrialfailures.com/trial/NCT02695160","false","false","missing_stop_reason","UNRESOLVED","UNRESOLVED_MISSING_STOP_REASON","UNCLASSIFIED","REVIEW_HOLD","VERIFY_CURRENT_EXCLUSION","Do not deindex automatically; compare source evidence, page uniqueness, GSC value, and replacement options."
"NCT02695290","https://clinicaltrialfailures.com/trial/NCT02695290","false","false","missing_stop_reason","UNRESOLVED","UNRESOLVED_MISSING_STOP_REASON","UNCLASSIFIED","REVIEW_HOLD","VERIFY_CURRENT_EXCLUSION","Do not deindex automatically; compare source evidence, page uniqueness, GSC value, and replacement options."
"NCT02696954","https://clinicaltrialfailures.com/trial/NCT02696954","false","false","missing_stop_reason","UNRESOLVED","UNRESOLVED_MISSING_STOP_REASON","UNCLASSIFIED","REVIEW_HOLD","VERIFY_CURRENT_EXCLUSION","Do not deindex automatically; compare source evidence, page uniqueness, GSC value, and replacement options."
"NCT02697253","https://clinicaltrialfailures.com/trial/NCT02697253","false","false","missing_stop_reason","UNRESOLVED","UNRESOLVED_MISSING_STOP_REASON","UNCLASSIFIED","REVIEW_HOLD","VERIFY_CURRENT_EXCLUSION","Do not deindex automatically; compare source evidence, page uniqueness, GSC value, and replacement options."
"NCT02697292","https://clinicaltrialfailures.com/trial/NCT02697292","false","false","missing_stop_reason","UNRESOLVED","UNRESOLVED_MISSING_STOP_REASON","UNCLASSIFIED","REVIEW_HOLD","VERIFY_CURRENT_EXCLUSION","Do not deindex automatically; compare source evidence, page uniqueness, GSC value, and replacement options."
"NCT02700087","https://clinicaltrialfailures.com/trial/NCT02700087","false","false","missing_stop_reason","UNRESOLVED","UNRESOLVED_MISSING_STOP_REASON","UNCLASSIFIED","REVIEW_HOLD","VERIFY_CURRENT_EXCLUSION","Do not deindex automatically; compare source evidence, page uniqueness, GSC value, and replacement options."
"NCT02701634","https://clinicaltrialfailures.com/trial/NCT02701634","false","false","missing_stop_reason","UNRESOLVED","UNRESOLVED_MISSING_STOP_REASON","UNCLASSIFIED","REVIEW_HOLD","VERIFY_CURRENT_EXCLUSION","Do not deindex automatically; compare source evidence, page uniqueness, GSC value, and replacement options."
"NCT02701673","https://clinicaltrialfailures.com/trial/NCT02701673","false","false","missing_stop_reason","UNRESOLVED","UNRESOLVED_MISSING_STOP_REASON","UNCLASSIFIED","REVIEW_HOLD","VERIFY_CURRENT_EXCLUSION","Do not deindex automatically; compare source evidence, page uniqueness, GSC value, and replacement options."
"NCT02702141","https://clinicaltrialfailures.com/trial/NCT02702141","false","false","missing_stop_reason","UNRESOLVED","UNRESOLVED_MISSING_STOP_REASON","UNCLASSIFIED","REVIEW_HOLD","VERIFY_CURRENT_EXCLUSION","Do not deindex automatically; compare source evidence, page uniqueness, GSC value, and replacement options."
"NCT02704325","https://clinicaltrialfailures.com/trial/NCT02704325","false","false","missing_stop_reason","UNRESOLVED","UNRESOLVED_MISSING_STOP_REASON","UNCLASSIFIED","REVIEW_HOLD","VERIFY_CURRENT_EXCLUSION","Do not deindex automatically; compare source evidence, page uniqueness, GSC value, and replacement options."
"NCT02707263","https://clinicaltrialfailures.com/trial/NCT02707263","false","false","missing_stop_reason","UNRESOLVED","UNRESOLVED_MISSING_STOP_REASON","UNCLASSIFIED","REVIEW_HOLD","VERIFY_CURRENT_EXCLUSION","Do not deindex automatically; compare source evidence, page uniqueness, GSC value, and replacement options."
"NCT02708511","https://clinicaltrialfailures.com/trial/NCT02708511","false","false","missing_stop_reason","UNRESOLVED","UNRESOLVED_MISSING_STOP_REASON","UNCLASSIFIED","REVIEW_HOLD","VERIFY_CURRENT_EXCLUSION","Do not deindex automatically; compare source evidence, page uniqueness, GSC value, and replacement options."
"NCT02708849","https://clinicaltrialfailures.com/trial/NCT02708849","false","false","missing_stop_reason","UNRESOLVED","UNRESOLVED_MISSING_STOP_REASON","UNCLASSIFIED","REVIEW_HOLD","VERIFY_CURRENT_EXCLUSION","Do not deindex automatically; compare source evidence, page uniqueness, GSC value, and replacement options."
"NCT02711189","https://clinicaltrialfailures.com/trial/NCT02711189","false","false","missing_stop_reason","UNRESOLVED","UNRESOLVED_MISSING_STOP_REASON","UNCLASSIFIED","REVIEW_HOLD","VERIFY_CURRENT_EXCLUSION","Do not deindex automatically; compare source evidence, page uniqueness, GSC value, and replacement options."
"NCT02712372","https://clinicaltrialfailures.com/trial/NCT02712372","false","false","missing_stop_reason","UNRESOLVED","UNRESOLVED_MISSING_STOP_REASON","UNCLASSIFIED","REVIEW_HOLD","VERIFY_CURRENT_EXCLUSION","Do not deindex automatically; compare source evidence, page uniqueness, GSC value, and replacement options."
"NCT02713061","https://clinicaltrialfailures.com/trial/NCT02713061","false","false","missing_stop_reason","UNRESOLVED","UNRESOLVED_MISSING_STOP_REASON","UNCLASSIFIED","REVIEW_HOLD","VERIFY_CURRENT_EXCLUSION","Do not deindex automatically; compare source evidence, page uniqueness, GSC value, and replacement options."
"NCT02718742","https://clinicaltrialfailures.com/trial/NCT02718742","false","false","missing_stop_reason","UNRESOLVED","UNRESOLVED_MISSING_STOP_REASON","UNCLASSIFIED","REVIEW_HOLD","VERIFY_CURRENT_EXCLUSION","Do not deindex automatically; compare source evidence, page uniqueness, GSC value, and replacement options."
"NCT02719132","https://clinicaltrialfailures.com/trial/NCT02719132","false","false","missing_stop_reason","UNRESOLVED","UNRESOLVED_MISSING_STOP_REASON","UNCLASSIFIED","REVIEW_HOLD","VERIFY_CURRENT_EXCLUSION","Do not deindex automatically; compare source evidence, page uniqueness, GSC value, and replacement options."
"NCT02721277","https://clinicaltrialfailures.com/trial/NCT02721277","false","false","missing_stop_reason","UNRESOLVED","UNRESOLVED_MISSING_STOP_REASON","UNCLASSIFIED","REVIEW_HOLD","VERIFY_CURRENT_EXCLUSION","Do not deindex automatically; compare source evidence, page uniqueness, GSC value, and replacement options."
"NCT02721875","https://clinicaltrialfailures.com/trial/NCT02721875","false","false","missing_stop_reason","UNRESOLVED","UNRESOLVED_MISSING_STOP_REASON","UNCLASSIFIED","REVIEW_HOLD","VERIFY_CURRENT_EXCLUSION","Do not deindex automatically; compare source evidence, page uniqueness, GSC value, and replacement options."
"NCT02722083","https://clinicaltrialfailures.com/trial/NCT02722083","false","false","missing_stop_reason","UNRESOLVED","UNRESOLVED_MISSING_STOP_REASON","UNCLASSIFIED","REVIEW_HOLD","VERIFY_CURRENT_EXCLUSION","Do not deindex automatically; compare source evidence, page uniqueness, GSC value, and replacement options."
"NCT02722135","https://clinicaltrialfailures.com/trial/NCT02722135","false","false","missing_stop_reason","UNRESOLVED","UNRESOLVED_MISSING_STOP_REASON","UNCLASSIFIED","REVIEW_HOLD","VERIFY_CURRENT_EXCLUSION","Do not deindex automatically; compare source evidence, page uniqueness, GSC value, and replacement options."
"NCT02722304","https://clinicaltrialfailures.com/trial/NCT02722304","false","false","missing_stop_reason","UNRESOLVED","UNRESOLVED_MISSING_STOP_REASON","UNCLASSIFIED","REVIEW_HOLD","VERIFY_CURRENT_EXCLUSION","Do not deindex automatically; compare source evidence, page uniqueness, GSC value, and replacement options."
"NCT02730091","https://clinicaltrialfailures.com/trial/NCT02730091","false","false","missing_stop_reason","UNRESOLVED","UNRESOLVED_MISSING_STOP_REASON","UNCLASSIFIED","REVIEW_HOLD","VERIFY_CURRENT_EXCLUSION","Do not deindex automatically; compare source evidence, page uniqueness, GSC value, and replacement options."
"NCT02730195","https://clinicaltrialfailures.com/trial/NCT02730195","false","false","missing_stop_reason","UNRESOLVED","UNRESOLVED_MISSING_STOP_REASON","UNCLASSIFIED","REVIEW_HOLD","VERIFY_CURRENT_EXCLUSION","Do not deindex automatically; compare source evidence, page uniqueness, GSC value, and replacement options."
"NCT02731690","https://clinicaltrialfailures.com/trial/NCT02731690","false","false","missing_stop_reason","UNRESOLVED","UNRESOLVED_MISSING_STOP_REASON","UNCLASSIFIED","REVIEW_HOLD","VERIFY_CURRENT_EXCLUSION","Do not deindex automatically; compare source evidence, page uniqueness, GSC value, and replacement options."
"NCT02734186","https://clinicaltrialfailures.com/trial/NCT02734186","false","false","missing_stop_reason","UNRESOLVED","UNRESOLVED_MISSING_STOP_REASON","UNCLASSIFIED","REVIEW_HOLD","VERIFY_CURRENT_EXCLUSION","Do not deindex automatically; compare source evidence, page uniqueness, GSC value, and replacement options."
"NCT02735369","https://clinicaltrialfailures.com/trial/NCT02735369","false","false","missing_stop_reason","UNRESOLVED","UNRESOLVED_MISSING_STOP_REASON","UNCLASSIFIED","REVIEW_HOLD","VERIFY_CURRENT_EXCLUSION","Do not deindex automatically; compare source evidence, page uniqueness, GSC value, and replacement options."
"NCT02735876","https://clinicaltrialfailures.com/trial/NCT02735876","false","false","missing_stop_reason","UNRESOLVED","UNRESOLVED_MISSING_STOP_REASON","UNCLASSIFIED","REVIEW_HOLD","VERIFY_CURRENT_EXCLUSION","Do not deindex automatically; compare source evidence, page uniqueness, GSC value, and replacement options."
"NCT02736188","https://clinicaltrialfailures.com/trial/NCT02736188","false","false","missing_stop_reason","UNRESOLVED","UNRESOLVED_MISSING_STOP_REASON","UNCLASSIFIED","REVIEW_HOLD","VERIFY_CURRENT_EXCLUSION","Do not deindex automatically; compare source evidence, page uniqueness, GSC value, and replacement options."
"NCT02736552","https://clinicaltrialfailures.com/trial/NCT02736552","false","false","missing_stop_reason","UNRESOLVED","UNRESOLVED_MISSING_STOP_REASON","UNCLASSIFIED","REVIEW_HOLD","VERIFY_CURRENT_EXCLUSION","Do not deindex automatically; compare source evidence, page uniqueness, GSC value, and replacement options."
"NCT02737072","https://clinicaltrialfailures.com/trial/NCT02737072","false","false","missing_stop_reason","UNRESOLVED","UNRESOLVED_MISSING_STOP_REASON","UNCLASSIFIED","REVIEW_HOLD","VERIFY_CURRENT_EXCLUSION","Do not deindex automatically; compare source evidence, page uniqueness, GSC value, and replacement options."
"NCT02737202","https://clinicaltrialfailures.com/trial/NCT02737202","false","false","missing_stop_reason","UNRESOLVED","UNRESOLVED_MISSING_STOP_REASON","UNCLASSIFIED","REVIEW_HOLD","VERIFY_CURRENT_EXCLUSION","Do not deindex automatically; compare source evidence, page uniqueness, GSC value, and replacement options."
"NCT02737384","https://clinicaltrialfailures.com/trial/NCT02737384","false","false","missing_stop_reason","UNRESOLVED","UNRESOLVED_MISSING_STOP_REASON","UNCLASSIFIED","REVIEW_HOLD","VERIFY_CURRENT_EXCLUSION","Do not deindex automatically; compare source evidence, page uniqueness, GSC value, and replacement options."
"NCT02739360","https://clinicaltrialfailures.com/trial/NCT02739360","false","false","missing_stop_reason","UNRESOLVED","UNRESOLVED_MISSING_STOP_REASON","UNCLASSIFIED","REVIEW_HOLD","VERIFY_CURRENT_EXCLUSION","Do not deindex automatically; compare source evidence, page uniqueness, GSC value, and replacement options."
"NCT02740920","https://clinicaltrialfailures.com/trial/NCT02740920","false","false","missing_stop_reason","UNRESOLVED","UNRESOLVED_MISSING_STOP_REASON","UNCLASSIFIED","REVIEW_HOLD","VERIFY_CURRENT_EXCLUSION","Do not deindex automatically; compare source evidence, page uniqueness, GSC value, and replacement options."
"NCT02742805","https://clinicaltrialfailures.com/trial/NCT02742805","false","false","missing_stop_reason","UNRESOLVED","UNRESOLVED_MISSING_STOP_REASON","UNCLASSIFIED","REVIEW_HOLD","VERIFY_CURRENT_EXCLUSION","Do not deindex automatically; compare source evidence, page uniqueness, GSC value, and replacement options."
"NCT02743546","https://clinicaltrialfailures.com/trial/NCT02743546","false","false","missing_stop_reason","UNRESOLVED","UNRESOLVED_MISSING_STOP_REASON","UNCLASSIFIED","REVIEW_HOLD","VERIFY_CURRENT_EXCLUSION","Do not deindex automatically; compare source evidence, page uniqueness, GSC value, and replacement options."
"NCT02745119","https://clinicaltrialfailures.com/trial/NCT02745119","false","false","missing_stop_reason","UNRESOLVED","UNRESOLVED_MISSING_STOP_REASON","UNCLASSIFIED","REVIEW_HOLD","VERIFY_CURRENT_EXCLUSION","Do not deindex automatically; compare source evidence, page uniqueness, GSC value, and replacement options."
"NCT02753166","https://clinicaltrialfailures.com/trial/NCT02753166","false","false","missing_stop_reason","UNRESOLVED","UNRESOLVED_MISSING_STOP_REASON","UNCLASSIFIED","REVIEW_HOLD","VERIFY_CURRENT_EXCLUSION","Do not deindex automatically; compare source evidence, page uniqueness, GSC value, and replacement options."
"NCT02753205","https://clinicaltrialfailures.com/trial/NCT02753205","false","false","missing_stop_reason","UNRESOLVED","UNRESOLVED_MISSING_STOP_REASON","UNCLASSIFIED","REVIEW_HOLD","VERIFY_CURRENT_EXCLUSION","Do not deindex automatically; compare source evidence, page uniqueness, GSC value, and replacement options."
"NCT02754960","https://clinicaltrialfailures.com/trial/NCT02754960","false","false","missing_stop_reason","UNRESOLVED","UNRESOLVED_MISSING_STOP_REASON","UNCLASSIFIED","REVIEW_HOLD","VERIFY_CURRENT_EXCLUSION","Do not deindex automatically; compare source evidence, page uniqueness, GSC value, and replacement options."
"NCT02756663","https://clinicaltrialfailures.com/trial/NCT02756663","false","false","missing_stop_reason","UNRESOLVED","UNRESOLVED_MISSING_STOP_REASON","UNCLASSIFIED","REVIEW_HOLD","VERIFY_CURRENT_EXCLUSION","Do not deindex automatically; compare source evidence, page uniqueness, GSC value, and replacement options."
"NCT02758730","https://clinicaltrialfailures.com/trial/NCT02758730","false","false","missing_stop_reason","UNRESOLVED","UNRESOLVED_MISSING_STOP_REASON","UNCLASSIFIED","REVIEW_HOLD","VERIFY_CURRENT_EXCLUSION","Do not deindex automatically; compare source evidence, page uniqueness, GSC value, and replacement options."
"NCT02762669","https://clinicaltrialfailures.com/trial/NCT02762669","false","false","missing_stop_reason","UNRESOLVED","UNRESOLVED_MISSING_STOP_REASON","UNCLASSIFIED","REVIEW_HOLD","VERIFY_CURRENT_EXCLUSION","Do not deindex automatically; compare source evidence, page uniqueness, GSC value, and replacement options."
"NCT02765841","https://clinicaltrialfailures.com/trial/NCT02765841","false","false","missing_stop_reason","UNRESOLVED","UNRESOLVED_MISSING_STOP_REASON","UNCLASSIFIED","REVIEW_HOLD","VERIFY_CURRENT_EXCLUSION","Do not deindex automatically; compare source evidence, page uniqueness, GSC value, and replacement options."
"NCT02767349","https://clinicaltrialfailures.com/trial/NCT02767349","false","false","missing_stop_reason","UNRESOLVED","UNRESOLVED_MISSING_STOP_REASON","UNCLASSIFIED","REVIEW_HOLD","VERIFY_CURRENT_EXCLUSION","Do not deindex automatically; compare source evidence, page uniqueness, GSC value, and replacement options."
"NCT02769702","https://clinicaltrialfailures.com/trial/NCT02769702","false","false","missing_stop_reason","UNRESOLVED","UNRESOLVED_MISSING_STOP_REASON","UNCLASSIFIED","REVIEW_HOLD","VERIFY_CURRENT_EXCLUSION","Do not deindex automatically; compare source evidence, page uniqueness, GSC value, and replacement options."
"NCT02770729","https://clinicaltrialfailures.com/trial/NCT02770729","false","false","missing_stop_reason","UNRESOLVED","UNRESOLVED_MISSING_STOP_REASON","UNCLASSIFIED","REVIEW_HOLD","VERIFY_CURRENT_EXCLUSION","Do not deindex automatically; compare source evidence, page uniqueness, GSC value, and replacement options."
"NCT02771457","https://clinicaltrialfailures.com/trial/NCT02771457","false","false","missing_stop_reason","UNRESOLVED","UNRESOLVED_MISSING_STOP_REASON","UNCLASSIFIED","REVIEW_HOLD","VERIFY_CURRENT_EXCLUSION","Do not deindex automatically; compare source evidence, page uniqueness, GSC value, and replacement options."
"NCT02773472","https://clinicaltrialfailures.com/trial/NCT02773472","false","false","missing_stop_reason","UNRESOLVED","UNRESOLVED_MISSING_STOP_REASON","UNCLASSIFIED","REVIEW_HOLD","VERIFY_CURRENT_EXCLUSION","Do not deindex automatically; compare source evidence, page uniqueness, GSC value, and replacement options."
"NCT02773797","https://clinicaltrialfailures.com/trial/NCT02773797","false","false","missing_stop_reason","UNRESOLVED","UNRESOLVED_MISSING_STOP_REASON","UNCLASSIFIED","REVIEW_HOLD","VERIFY_CURRENT_EXCLUSION","Do not deindex automatically; compare source evidence, page uniqueness, GSC value, and replacement options."
"NCT02781805","https://clinicaltrialfailures.com/trial/NCT02781805","false","false","missing_stop_reason","UNRESOLVED","UNRESOLVED_MISSING_STOP_REASON","UNCLASSIFIED","REVIEW_HOLD","VERIFY_CURRENT_EXCLUSION","Do not deindex automatically; compare source evidence, page uniqueness, GSC value, and replacement options."
"NCT02785068","https://clinicaltrialfailures.com/trial/NCT02785068","false","false","missing_stop_reason","UNRESOLVED","UNRESOLVED_MISSING_STOP_REASON","UNCLASSIFIED","REVIEW_HOLD","VERIFY_CURRENT_EXCLUSION","Do not deindex automatically; compare source evidence, page uniqueness, GSC value, and replacement options."
"NCT02786485","https://clinicaltrialfailures.com/trial/NCT02786485","false","false","missing_stop_reason","UNRESOLVED","UNRESOLVED_MISSING_STOP_REASON","UNCLASSIFIED","REVIEW_HOLD","VERIFY_CURRENT_EXCLUSION","Do not deindex automatically; compare source evidence, page uniqueness, GSC value, and replacement options."
"NCT02787304","https://clinicaltrialfailures.com/trial/NCT02787304","false","false","missing_stop_reason","UNRESOLVED","UNRESOLVED_MISSING_STOP_REASON","UNCLASSIFIED","REVIEW_HOLD","VERIFY_CURRENT_EXCLUSION","Do not deindex automatically; compare source evidence, page uniqueness, GSC value, and replacement options."
"NCT02788240","https://clinicaltrialfailures.com/trial/NCT02788240","false","false","missing_stop_reason","UNRESOLVED","UNRESOLVED_MISSING_STOP_REASON","UNCLASSIFIED","REVIEW_HOLD","VERIFY_CURRENT_EXCLUSION","Do not deindex automatically; compare source evidence, page uniqueness, GSC value, and replacement options."
"NCT02789189","https://clinicaltrialfailures.com/trial/NCT02789189","false","false","missing_stop_reason","UNRESOLVED","UNRESOLVED_MISSING_STOP_REASON","UNCLASSIFIED","REVIEW_HOLD","VERIFY_CURRENT_EXCLUSION","Do not deindex automatically; compare source evidence, page uniqueness, GSC value, and replacement options."
"NCT02791256","https://clinicaltrialfailures.com/trial/NCT02791256","false","false","missing_stop_reason","UNRESOLVED","UNRESOLVED_MISSING_STOP_REASON","UNCLASSIFIED","REVIEW_HOLD","VERIFY_CURRENT_EXCLUSION","Do not deindex automatically; compare source evidence, page uniqueness, GSC value, and replacement options."
"NCT02793388","https://clinicaltrialfailures.com/trial/NCT02793388","false","false","missing_stop_reason","UNRESOLVED","UNRESOLVED_MISSING_STOP_REASON","UNCLASSIFIED","REVIEW_HOLD","VERIFY_CURRENT_EXCLUSION","Do not deindex automatically; compare source evidence, page uniqueness, GSC value, and replacement options."
"NCT02795325","https://clinicaltrialfailures.com/trial/NCT02795325","false","false","missing_stop_reason","UNRESOLVED","UNRESOLVED_MISSING_STOP_REASON","UNCLASSIFIED","REVIEW_HOLD","VERIFY_CURRENT_EXCLUSION","Do not deindex automatically; compare source evidence, page uniqueness, GSC value, and replacement options."
"NCT02795416","https://clinicaltrialfailures.com/trial/NCT02795416","false","false","missing_stop_reason","UNRESOLVED","UNRESOLVED_MISSING_STOP_REASON","UNCLASSIFIED","REVIEW_HOLD","VERIFY_CURRENT_EXCLUSION","Do not deindex automatically; compare source evidence, page uniqueness, GSC value, and replacement options."
"NCT02798068","https://clinicaltrialfailures.com/trial/NCT02798068","false","false","missing_stop_reason","UNRESOLVED","UNRESOLVED_MISSING_STOP_REASON","UNCLASSIFIED","REVIEW_HOLD","VERIFY_CURRENT_EXCLUSION","Do not deindex automatically; compare source evidence, page uniqueness, GSC value, and replacement options."
"NCT02799758","https://clinicaltrialfailures.com/trial/NCT02799758","false","false","missing_stop_reason","UNRESOLVED","UNRESOLVED_MISSING_STOP_REASON","UNCLASSIFIED","REVIEW_HOLD","VERIFY_CURRENT_EXCLUSION","Do not deindex automatically; compare source evidence, page uniqueness, GSC value, and replacement options."
"NCT02802514","https://clinicaltrialfailures.com/trial/NCT02802514","false","false","missing_stop_reason","UNRESOLVED","UNRESOLVED_MISSING_STOP_REASON","UNCLASSIFIED","REVIEW_HOLD","VERIFY_CURRENT_EXCLUSION","Do not deindex automatically; compare source evidence, page uniqueness, GSC value, and replacement options."
"NCT02803515","https://clinicaltrialfailures.com/trial/NCT02803515","false","false","missing_stop_reason","UNRESOLVED","UNRESOLVED_MISSING_STOP_REASON","UNCLASSIFIED","REVIEW_HOLD","VERIFY_CURRENT_EXCLUSION","Do not deindex automatically; compare source evidence, page uniqueness, GSC value, and replacement options."
"NCT02806258","https://clinicaltrialfailures.com/trial/NCT02806258","false","false","missing_stop_reason","UNRESOLVED","UNRESOLVED_MISSING_STOP_REASON","UNCLASSIFIED","REVIEW_HOLD","VERIFY_CURRENT_EXCLUSION","Do not deindex automatically; compare source evidence, page uniqueness, GSC value, and replacement options."
"NCT02807441","https://clinicaltrialfailures.com/trial/NCT02807441","false","false","missing_stop_reason","UNRESOLVED","UNRESOLVED_MISSING_STOP_REASON","UNCLASSIFIED","REVIEW_HOLD","VERIFY_CURRENT_EXCLUSION","Do not deindex automatically; compare source evidence, page uniqueness, GSC value, and replacement options."
"NCT02810483","https://clinicaltrialfailures.com/trial/NCT02810483","false","false","missing_stop_reason","UNRESOLVED","UNRESOLVED_MISSING_STOP_REASON","UNCLASSIFIED","REVIEW_HOLD","VERIFY_CURRENT_EXCLUSION","Do not deindex automatically; compare source evidence, page uniqueness, GSC value, and replacement options."
"NCT02812056","https://clinicaltrialfailures.com/trial/NCT02812056","false","false","missing_stop_reason","UNRESOLVED","UNRESOLVED_MISSING_STOP_REASON","UNCLASSIFIED","REVIEW_HOLD","VERIFY_CURRENT_EXCLUSION","Do not deindex automatically; compare source evidence, page uniqueness, GSC value, and replacement options."
"NCT02815293","https://clinicaltrialfailures.com/trial/NCT02815293","false","false","missing_stop_reason","UNRESOLVED","UNRESOLVED_MISSING_STOP_REASON","UNCLASSIFIED","REVIEW_HOLD","VERIFY_CURRENT_EXCLUSION","Do not deindex automatically; compare source evidence, page uniqueness, GSC value, and replacement options."
"NCT02817516","https://clinicaltrialfailures.com/trial/NCT02817516","false","false","missing_stop_reason","UNRESOLVED","UNRESOLVED_MISSING_STOP_REASON","UNCLASSIFIED","REVIEW_HOLD","VERIFY_CURRENT_EXCLUSION","Do not deindex automatically; compare source evidence, page uniqueness, GSC value, and replacement options."
"NCT02820441","https://clinicaltrialfailures.com/trial/NCT02820441","false","false","missing_stop_reason","UNRESOLVED","UNRESOLVED_MISSING_STOP_REASON","UNCLASSIFIED","REVIEW_HOLD","VERIFY_CURRENT_EXCLUSION","Do not deindex automatically; compare source evidence, page uniqueness, GSC value, and replacement options."
"NCT02824913","https://clinicaltrialfailures.com/trial/NCT02824913","false","false","missing_stop_reason","UNRESOLVED","UNRESOLVED_MISSING_STOP_REASON","UNCLASSIFIED","REVIEW_HOLD","VERIFY_CURRENT_EXCLUSION","Do not deindex automatically; compare source evidence, page uniqueness, GSC value, and replacement options."
"NCT02826018","https://clinicaltrialfailures.com/trial/NCT02826018","false","false","missing_stop_reason","UNRESOLVED","UNRESOLVED_MISSING_STOP_REASON","UNCLASSIFIED","REVIEW_HOLD","VERIFY_CURRENT_EXCLUSION","Do not deindex automatically; compare source evidence, page uniqueness, GSC value, and replacement options."
"NCT02826642","https://clinicaltrialfailures.com/trial/NCT02826642","false","false","missing_stop_reason","UNRESOLVED","UNRESOLVED_MISSING_STOP_REASON","UNCLASSIFIED","REVIEW_HOLD","VERIFY_CURRENT_EXCLUSION","Do not deindex automatically; compare source evidence, page uniqueness, GSC value, and replacement options."
"NCT02827097","https://clinicaltrialfailures.com/trial/NCT02827097","false","false","missing_stop_reason","UNRESOLVED","UNRESOLVED_MISSING_STOP_REASON","UNCLASSIFIED","REVIEW_HOLD","VERIFY_CURRENT_EXCLUSION","Do not deindex automatically; compare source evidence, page uniqueness, GSC value, and replacement options."
"NCT02827513","https://clinicaltrialfailures.com/trial/NCT02827513","false","false","missing_stop_reason","UNRESOLVED","UNRESOLVED_MISSING_STOP_REASON","UNCLASSIFIED","REVIEW_HOLD","VERIFY_CURRENT_EXCLUSION","Do not deindex automatically; compare source evidence, page uniqueness, GSC value, and replacement options."
"NCT02829723","https://clinicaltrialfailures.com/trial/NCT02829723","false","false","missing_stop_reason","UNRESOLVED","UNRESOLVED_MISSING_STOP_REASON","UNCLASSIFIED","REVIEW_HOLD","VERIFY_CURRENT_EXCLUSION","Do not deindex automatically; compare source evidence, page uniqueness, GSC value, and replacement options."
"NCT02829840","https://clinicaltrialfailures.com/trial/NCT02829840","false","false","missing_stop_reason","UNRESOLVED","UNRESOLVED_MISSING_STOP_REASON","UNCLASSIFIED","REVIEW_HOLD","VERIFY_CURRENT_EXCLUSION","Do not deindex automatically; compare source evidence, page uniqueness, GSC value, and replacement options."
"NCT02831387","https://clinicaltrialfailures.com/trial/NCT02831387","false","false","missing_stop_reason","UNRESOLVED","UNRESOLVED_MISSING_STOP_REASON","UNCLASSIFIED","REVIEW_HOLD","VERIFY_CURRENT_EXCLUSION","Do not deindex automatically; compare source evidence, page uniqueness, GSC value, and replacement options."
"NCT02833701","https://clinicaltrialfailures.com/trial/NCT02833701","false","false","missing_stop_reason","UNRESOLVED","UNRESOLVED_MISSING_STOP_REASON","UNCLASSIFIED","REVIEW_HOLD","VERIFY_CURRENT_EXCLUSION","Do not deindex automatically; compare source evidence, page uniqueness, GSC value, and replacement options."
"NCT02836028","https://clinicaltrialfailures.com/trial/NCT02836028","false","false","missing_stop_reason","UNRESOLVED","UNRESOLVED_MISSING_STOP_REASON","UNCLASSIFIED","REVIEW_HOLD","VERIFY_CURRENT_EXCLUSION","Do not deindex automatically; compare source evidence, page uniqueness, GSC value, and replacement options."
"NCT02837939","https://clinicaltrialfailures.com/trial/NCT02837939","false","false","missing_stop_reason","UNRESOLVED","UNRESOLVED_MISSING_STOP_REASON","UNCLASSIFIED","REVIEW_HOLD","VERIFY_CURRENT_EXCLUSION","Do not deindex automatically; compare source evidence, page uniqueness, GSC value, and replacement options."
"NCT02839694","https://clinicaltrialfailures.com/trial/NCT02839694","false","false","missing_stop_reason","UNRESOLVED","UNRESOLVED_MISSING_STOP_REASON","UNCLASSIFIED","REVIEW_HOLD","VERIFY_CURRENT_EXCLUSION","Do not deindex automatically; compare source evidence, page uniqueness, GSC value, and replacement options."
"NCT02841358","https://clinicaltrialfailures.com/trial/NCT02841358","false","false","missing_stop_reason","UNRESOLVED","UNRESOLVED_MISSING_STOP_REASON","UNCLASSIFIED","REVIEW_HOLD","VERIFY_CURRENT_EXCLUSION","Do not deindex automatically; compare source evidence, page uniqueness, GSC value, and replacement options."
"NCT02844530","https://clinicaltrialfailures.com/trial/NCT02844530","false","false","missing_stop_reason","UNRESOLVED","UNRESOLVED_MISSING_STOP_REASON","UNCLASSIFIED","REVIEW_HOLD","VERIFY_CURRENT_EXCLUSION","Do not deindex automatically; compare source evidence, page uniqueness, GSC value, and replacement options."
"NCT02846857","https://clinicaltrialfailures.com/trial/NCT02846857","false","false","missing_stop_reason","UNRESOLVED","UNRESOLVED_MISSING_STOP_REASON","UNCLASSIFIED","REVIEW_HOLD","VERIFY_CURRENT_EXCLUSION","Do not deindex automatically; compare source evidence, page uniqueness, GSC value, and replacement options."
"NCT02847013","https://clinicaltrialfailures.com/trial/NCT02847013","false","false","missing_stop_reason","UNRESOLVED","UNRESOLVED_MISSING_STOP_REASON","UNCLASSIFIED","REVIEW_HOLD","VERIFY_CURRENT_EXCLUSION","Do not deindex automatically; compare source evidence, page uniqueness, GSC value, and replacement options."
"NCT02848248","https://clinicaltrialfailures.com/trial/NCT02848248","false","false","missing_stop_reason","UNRESOLVED","UNRESOLVED_MISSING_STOP_REASON","UNCLASSIFIED","REVIEW_HOLD","VERIFY_CURRENT_EXCLUSION","Do not deindex automatically; compare source evidence, page uniqueness, GSC value, and replacement options."
"NCT02850744","https://clinicaltrialfailures.com/trial/NCT02850744","false","false","missing_stop_reason","UNRESOLVED","UNRESOLVED_MISSING_STOP_REASON","UNCLASSIFIED","REVIEW_HOLD","VERIFY_CURRENT_EXCLUSION","Do not deindex automatically; compare source evidence, page uniqueness, GSC value, and replacement options."
"NCT02853604","https://clinicaltrialfailures.com/trial/NCT02853604","false","false","missing_stop_reason","UNRESOLVED","UNRESOLVED_MISSING_STOP_REASON","UNCLASSIFIED","REVIEW_HOLD","VERIFY_CURRENT_EXCLUSION","Do not deindex automatically; compare source evidence, page uniqueness, GSC value, and replacement options."
"NCT02855164","https://clinicaltrialfailures.com/trial/NCT02855164","false","false","missing_stop_reason","UNRESOLVED","UNRESOLVED_MISSING_STOP_REASON","UNCLASSIFIED","REVIEW_HOLD","VERIFY_CURRENT_EXCLUSION","Do not deindex automatically; compare source evidence, page uniqueness, GSC value, and replacement options."
"NCT02856477","https://clinicaltrialfailures.com/trial/NCT02856477","false","false","missing_stop_reason","UNRESOLVED","UNRESOLVED_MISSING_STOP_REASON","UNCLASSIFIED","REVIEW_HOLD","VERIFY_CURRENT_EXCLUSION","Do not deindex automatically; compare source evidence, page uniqueness, GSC value, and replacement options."
"NCT02856867","https://clinicaltrialfailures.com/trial/NCT02856867","false","false","missing_stop_reason","UNRESOLVED","UNRESOLVED_MISSING_STOP_REASON","UNCLASSIFIED","REVIEW_HOLD","VERIFY_CURRENT_EXCLUSION","Do not deindex automatically; compare source evidence, page uniqueness, GSC value, and replacement options."
"NCT02857608","https://clinicaltrialfailures.com/trial/NCT02857608","false","false","missing_stop_reason","UNRESOLVED","UNRESOLVED_MISSING_STOP_REASON","UNCLASSIFIED","REVIEW_HOLD","VERIFY_CURRENT_EXCLUSION","Do not deindex automatically; compare source evidence, page uniqueness, GSC value, and replacement options."
"NCT02860065","https://clinicaltrialfailures.com/trial/NCT02860065","false","false","missing_stop_reason","UNRESOLVED","UNRESOLVED_MISSING_STOP_REASON","UNCLASSIFIED","REVIEW_HOLD","VERIFY_CURRENT_EXCLUSION","Do not deindex automatically; compare source evidence, page uniqueness, GSC value, and replacement options."
"NCT02861040","https://clinicaltrialfailures.com/trial/NCT02861040","false","false","missing_stop_reason","UNRESOLVED","UNRESOLVED_MISSING_STOP_REASON","UNCLASSIFIED","REVIEW_HOLD","VERIFY_CURRENT_EXCLUSION","Do not deindex automatically; compare source evidence, page uniqueness, GSC value, and replacement options."
"NCT02862873","https://clinicaltrialfailures.com/trial/NCT02862873","false","false","missing_stop_reason","UNRESOLVED","UNRESOLVED_MISSING_STOP_REASON","UNCLASSIFIED","REVIEW_HOLD","VERIFY_CURRENT_EXCLUSION","Do not deindex automatically; compare source evidence, page uniqueness, GSC value, and replacement options."
"NCT02872935","https://clinicaltrialfailures.com/trial/NCT02872935","false","false","missing_stop_reason","UNRESOLVED","UNRESOLVED_MISSING_STOP_REASON","UNCLASSIFIED","REVIEW_HOLD","VERIFY_CURRENT_EXCLUSION","Do not deindex automatically; compare source evidence, page uniqueness, GSC value, and replacement options."
"NCT02875002","https://clinicaltrialfailures.com/trial/NCT02875002","false","false","missing_stop_reason","UNRESOLVED","UNRESOLVED_MISSING_STOP_REASON","UNCLASSIFIED","REVIEW_HOLD","VERIFY_CURRENT_EXCLUSION","Do not deindex automatically; compare source evidence, page uniqueness, GSC value, and replacement options."
"NCT02876250","https://clinicaltrialfailures.com/trial/NCT02876250","false","false","missing_stop_reason","UNRESOLVED","UNRESOLVED_MISSING_STOP_REASON","UNCLASSIFIED","REVIEW_HOLD","VERIFY_CURRENT_EXCLUSION","Do not deindex automatically; compare source evidence, page uniqueness, GSC value, and replacement options."
"NCT02877082","https://clinicaltrialfailures.com/trial/NCT02877082","false","false","missing_stop_reason","UNRESOLVED","UNRESOLVED_MISSING_STOP_REASON","UNCLASSIFIED","REVIEW_HOLD","VERIFY_CURRENT_EXCLUSION","Do not deindex automatically; compare source evidence, page uniqueness, GSC value, and replacement options."
"NCT02878681","https://clinicaltrialfailures.com/trial/NCT02878681","false","false","missing_stop_reason","UNRESOLVED","UNRESOLVED_MISSING_STOP_REASON","UNCLASSIFIED","REVIEW_HOLD","VERIFY_CURRENT_EXCLUSION","Do not deindex automatically; compare source evidence, page uniqueness, GSC value, and replacement options."
"NCT02878863","https://clinicaltrialfailures.com/trial/NCT02878863","false","false","missing_stop_reason","UNRESOLVED","UNRESOLVED_MISSING_STOP_REASON","UNCLASSIFIED","REVIEW_HOLD","VERIFY_CURRENT_EXCLUSION","Do not deindex automatically; compare source evidence, page uniqueness, GSC value, and replacement options."
"NCT02883426","https://clinicaltrialfailures.com/trial/NCT02883426","false","false","missing_stop_reason","UNRESOLVED","UNRESOLVED_MISSING_STOP_REASON","UNCLASSIFIED","REVIEW_HOLD","VERIFY_CURRENT_EXCLUSION","Do not deindex automatically; compare source evidence, page uniqueness, GSC value, and replacement options."
"NCT02885441","https://clinicaltrialfailures.com/trial/NCT02885441","false","false","missing_stop_reason","UNRESOLVED","UNRESOLVED_MISSING_STOP_REASON","UNCLASSIFIED","REVIEW_HOLD","VERIFY_CURRENT_EXCLUSION","Do not deindex automatically; compare source evidence, page uniqueness, GSC value, and replacement options."
"NCT02887534","https://clinicaltrialfailures.com/trial/NCT02887534","false","false","missing_stop_reason","UNRESOLVED","UNRESOLVED_MISSING_STOP_REASON","UNCLASSIFIED","REVIEW_HOLD","VERIFY_CURRENT_EXCLUSION","Do not deindex automatically; compare source evidence, page uniqueness, GSC value, and replacement options."
"NCT02887807","https://clinicaltrialfailures.com/trial/NCT02887807","false","false","missing_stop_reason","UNRESOLVED","UNRESOLVED_MISSING_STOP_REASON","UNCLASSIFIED","REVIEW_HOLD","VERIFY_CURRENT_EXCLUSION","Do not deindex automatically; compare source evidence, page uniqueness, GSC value, and replacement options."
"NCT02890368","https://clinicaltrialfailures.com/trial/NCT02890368","false","false","missing_stop_reason","UNRESOLVED","UNRESOLVED_MISSING_STOP_REASON","UNCLASSIFIED","REVIEW_HOLD","VERIFY_CURRENT_EXCLUSION","Do not deindex automatically; compare source evidence, page uniqueness, GSC value, and replacement options."
"NCT02893176","https://clinicaltrialfailures.com/trial/NCT02893176","false","false","missing_stop_reason","UNRESOLVED","UNRESOLVED_MISSING_STOP_REASON","UNCLASSIFIED","REVIEW_HOLD","VERIFY_CURRENT_EXCLUSION","Do not deindex automatically; compare source evidence, page uniqueness, GSC value, and replacement options."
"NCT02897050","https://clinicaltrialfailures.com/trial/NCT02897050","false","false","missing_stop_reason","UNRESOLVED","UNRESOLVED_MISSING_STOP_REASON","UNCLASSIFIED","REVIEW_HOLD","VERIFY_CURRENT_EXCLUSION","Do not deindex automatically; compare source evidence, page uniqueness, GSC value, and replacement options."
"NCT02897999","https://clinicaltrialfailures.com/trial/NCT02897999","false","false","missing_stop_reason","UNRESOLVED","UNRESOLVED_MISSING_STOP_REASON","UNCLASSIFIED","REVIEW_HOLD","VERIFY_CURRENT_EXCLUSION","Do not deindex automatically; compare source evidence, page uniqueness, GSC value, and replacement options."
"NCT02900560","https://clinicaltrialfailures.com/trial/NCT02900560","false","false","missing_stop_reason","UNRESOLVED","UNRESOLVED_MISSING_STOP_REASON","UNCLASSIFIED","REVIEW_HOLD","VERIFY_CURRENT_EXCLUSION","Do not deindex automatically; compare source evidence, page uniqueness, GSC value, and replacement options."
"NCT02903355","https://clinicaltrialfailures.com/trial/NCT02903355","false","false","missing_stop_reason","UNRESOLVED","UNRESOLVED_MISSING_STOP_REASON","UNCLASSIFIED","REVIEW_HOLD","VERIFY_CURRENT_EXCLUSION","Do not deindex automatically; compare source evidence, page uniqueness, GSC value, and replacement options."
"NCT02907320","https://clinicaltrialfailures.com/trial/NCT02907320","false","false","missing_stop_reason","UNRESOLVED","UNRESOLVED_MISSING_STOP_REASON","UNCLASSIFIED","REVIEW_HOLD","VERIFY_CURRENT_EXCLUSION","Do not deindex automatically; compare source evidence, page uniqueness, GSC value, and replacement options."
"NCT02907593","https://clinicaltrialfailures.com/trial/NCT02907593","false","false","missing_stop_reason","UNRESOLVED","UNRESOLVED_MISSING_STOP_REASON","UNCLASSIFIED","REVIEW_HOLD","VERIFY_CURRENT_EXCLUSION","Do not deindex automatically; compare source evidence, page uniqueness, GSC value, and replacement options."
"NCT02909335","https://clinicaltrialfailures.com/trial/NCT02909335","false","false","missing_stop_reason","UNRESOLVED","UNRESOLVED_MISSING_STOP_REASON","UNCLASSIFIED","REVIEW_HOLD","VERIFY_CURRENT_EXCLUSION","Do not deindex automatically; compare source evidence, page uniqueness, GSC value, and replacement options."
"NCT02913105","https://clinicaltrialfailures.com/trial/NCT02913105","false","false","missing_stop_reason","UNRESOLVED","UNRESOLVED_MISSING_STOP_REASON","UNCLASSIFIED","REVIEW_HOLD","VERIFY_CURRENT_EXCLUSION","Do not deindex automatically; compare source evidence, page uniqueness, GSC value, and replacement options."
"NCT02913508","https://clinicaltrialfailures.com/trial/NCT02913508","false","false","missing_stop_reason","UNRESOLVED","UNRESOLVED_MISSING_STOP_REASON","UNCLASSIFIED","REVIEW_HOLD","VERIFY_CURRENT_EXCLUSION","Do not deindex automatically; compare source evidence, page uniqueness, GSC value, and replacement options."
"NCT02915172","https://clinicaltrialfailures.com/trial/NCT02915172","false","false","missing_stop_reason","UNRESOLVED","UNRESOLVED_MISSING_STOP_REASON","UNCLASSIFIED","REVIEW_HOLD","VERIFY_CURRENT_EXCLUSION","Do not deindex automatically; compare source evidence, page uniqueness, GSC value, and replacement options."
"NCT02922348","https://clinicaltrialfailures.com/trial/NCT02922348","false","false","missing_stop_reason","UNRESOLVED","UNRESOLVED_MISSING_STOP_REASON","UNCLASSIFIED","REVIEW_HOLD","VERIFY_CURRENT_EXCLUSION","Do not deindex automatically; compare source evidence, page uniqueness, GSC value, and replacement options."
"NCT02926235","https://clinicaltrialfailures.com/trial/NCT02926235","false","false","missing_stop_reason","UNRESOLVED","UNRESOLVED_MISSING_STOP_REASON","UNCLASSIFIED","REVIEW_HOLD","VERIFY_CURRENT_EXCLUSION","Do not deindex automatically; compare source evidence, page uniqueness, GSC value, and replacement options."
"NCT02926651","https://clinicaltrialfailures.com/trial/NCT02926651","false","false","missing_stop_reason","UNRESOLVED","UNRESOLVED_MISSING_STOP_REASON","UNCLASSIFIED","REVIEW_HOLD","VERIFY_CURRENT_EXCLUSION","Do not deindex automatically; compare source evidence, page uniqueness, GSC value, and replacement options."
"NCT02929485","https://clinicaltrialfailures.com/trial/NCT02929485","false","false","missing_stop_reason","UNRESOLVED","UNRESOLVED_MISSING_STOP_REASON","UNCLASSIFIED","REVIEW_HOLD","VERIFY_CURRENT_EXCLUSION","Do not deindex automatically; compare source evidence, page uniqueness, GSC value, and replacement options."
"NCT02931474","https://clinicaltrialfailures.com/trial/NCT02931474","false","false","missing_stop_reason","UNRESOLVED","UNRESOLVED_MISSING_STOP_REASON","UNCLASSIFIED","REVIEW_HOLD","VERIFY_CURRENT_EXCLUSION","Do not deindex automatically; compare source evidence, page uniqueness, GSC value, and replacement options."
"NCT02932020","https://clinicaltrialfailures.com/trial/NCT02932020","false","false","missing_stop_reason","UNRESOLVED","UNRESOLVED_MISSING_STOP_REASON","UNCLASSIFIED","REVIEW_HOLD","VERIFY_CURRENT_EXCLUSION","Do not deindex automatically; compare source evidence, page uniqueness, GSC value, and replacement options."
"NCT02936492","https://clinicaltrialfailures.com/trial/NCT02936492","false","false","missing_stop_reason","UNRESOLVED","UNRESOLVED_MISSING_STOP_REASON","UNCLASSIFIED","REVIEW_HOLD","VERIFY_CURRENT_EXCLUSION","Do not deindex automatically; compare source evidence, page uniqueness, GSC value, and replacement options."
"NCT02944357","https://clinicaltrialfailures.com/trial/NCT02944357","false","false","missing_stop_reason","UNRESOLVED","UNRESOLVED_MISSING_STOP_REASON","UNCLASSIFIED","REVIEW_HOLD","VERIFY_CURRENT_EXCLUSION","Do not deindex automatically; compare source evidence, page uniqueness, GSC value, and replacement options."
"NCT02947152","https://clinicaltrialfailures.com/trial/NCT02947152","false","false","missing_stop_reason","UNRESOLVED","UNRESOLVED_MISSING_STOP_REASON","UNCLASSIFIED","REVIEW_HOLD","VERIFY_CURRENT_EXCLUSION","Do not deindex automatically; compare source evidence, page uniqueness, GSC value, and replacement options."
"NCT02947334","https://clinicaltrialfailures.com/trial/NCT02947334","false","false","missing_stop_reason","UNRESOLVED","UNRESOLVED_MISSING_STOP_REASON","UNCLASSIFIED","REVIEW_HOLD","VERIFY_CURRENT_EXCLUSION","Do not deindex automatically; compare source evidence, page uniqueness, GSC value, and replacement options."
"NCT02948127","https://clinicaltrialfailures.com/trial/NCT02948127","false","false","missing_stop_reason","UNRESOLVED","UNRESOLVED_MISSING_STOP_REASON","UNCLASSIFIED","REVIEW_HOLD","VERIFY_CURRENT_EXCLUSION","Do not deindex automatically; compare source evidence, page uniqueness, GSC value, and replacement options."
"NCT02950038","https://clinicaltrialfailures.com/trial/NCT02950038","false","false","missing_stop_reason","UNRESOLVED","UNRESOLVED_MISSING_STOP_REASON","UNCLASSIFIED","REVIEW_HOLD","VERIFY_CURRENT_EXCLUSION","Do not deindex automatically; compare source evidence, page uniqueness, GSC value, and replacement options."
"NCT02950103","https://clinicaltrialfailures.com/trial/NCT02950103","false","false","missing_stop_reason","UNRESOLVED","UNRESOLVED_MISSING_STOP_REASON","UNCLASSIFIED","REVIEW_HOLD","VERIFY_CURRENT_EXCLUSION","Do not deindex automatically; compare source evidence, page uniqueness, GSC value, and replacement options."
"NCT02950688","https://clinicaltrialfailures.com/trial/NCT02950688","false","false","missing_stop_reason","UNRESOLVED","UNRESOLVED_MISSING_STOP_REASON","UNCLASSIFIED","REVIEW_HOLD","VERIFY_CURRENT_EXCLUSION","Do not deindex automatically; compare source evidence, page uniqueness, GSC value, and replacement options."
"NCT02956200","https://clinicaltrialfailures.com/trial/NCT02956200","false","false","missing_stop_reason","UNRESOLVED","UNRESOLVED_MISSING_STOP_REASON","UNCLASSIFIED","REVIEW_HOLD","VERIFY_CURRENT_EXCLUSION","Do not deindex automatically; compare source evidence, page uniqueness, GSC value, and replacement options."
"NCT02958306","https://clinicaltrialfailures.com/trial/NCT02958306","false","false","missing_stop_reason","UNRESOLVED","UNRESOLVED_MISSING_STOP_REASON","UNCLASSIFIED","REVIEW_HOLD","VERIFY_CURRENT_EXCLUSION","Do not deindex automatically; compare source evidence, page uniqueness, GSC value, and replacement options."
"NCT02959554","https://clinicaltrialfailures.com/trial/NCT02959554","false","false","missing_stop_reason","UNRESOLVED","UNRESOLVED_MISSING_STOP_REASON","UNCLASSIFIED","REVIEW_HOLD","VERIFY_CURRENT_EXCLUSION","Do not deindex automatically; compare source evidence, page uniqueness, GSC value, and replacement options."
"NCT02965846","https://clinicaltrialfailures.com/trial/NCT02965846","false","false","missing_stop_reason","UNRESOLVED","UNRESOLVED_MISSING_STOP_REASON","UNCLASSIFIED","REVIEW_HOLD","VERIFY_CURRENT_EXCLUSION","Do not deindex automatically; compare source evidence, page uniqueness, GSC value, and replacement options."
"NCT02966743","https://clinicaltrialfailures.com/trial/NCT02966743","false","false","missing_stop_reason","UNRESOLVED","UNRESOLVED_MISSING_STOP_REASON","UNCLASSIFIED","REVIEW_HOLD","VERIFY_CURRENT_EXCLUSION","Do not deindex automatically; compare source evidence, page uniqueness, GSC value, and replacement options."
"NCT02968901","https://clinicaltrialfailures.com/trial/NCT02968901","false","false","missing_stop_reason","UNRESOLVED","UNRESOLVED_MISSING_STOP_REASON","UNCLASSIFIED","REVIEW_HOLD","VERIFY_CURRENT_EXCLUSION","Do not deindex automatically; compare source evidence, page uniqueness, GSC value, and replacement options."
"NCT02974114","https://clinicaltrialfailures.com/trial/NCT02974114","false","false","missing_stop_reason","UNRESOLVED","UNRESOLVED_MISSING_STOP_REASON","UNCLASSIFIED","REVIEW_HOLD","VERIFY_CURRENT_EXCLUSION","Do not deindex automatically; compare source evidence, page uniqueness, GSC value, and replacement options."
"NCT02979392","https://clinicaltrialfailures.com/trial/NCT02979392","false","false","missing_stop_reason","UNRESOLVED","UNRESOLVED_MISSING_STOP_REASON","UNCLASSIFIED","REVIEW_HOLD","VERIFY_CURRENT_EXCLUSION","Do not deindex automatically; compare source evidence, page uniqueness, GSC value, and replacement options."
"NCT02980263","https://clinicaltrialfailures.com/trial/NCT02980263","false","false","missing_stop_reason","UNRESOLVED","UNRESOLVED_MISSING_STOP_REASON","UNCLASSIFIED","REVIEW_HOLD","VERIFY_CURRENT_EXCLUSION","Do not deindex automatically; compare source evidence, page uniqueness, GSC value, and replacement options."
"NCT02980757","https://clinicaltrialfailures.com/trial/NCT02980757","false","false","missing_stop_reason","UNRESOLVED","UNRESOLVED_MISSING_STOP_REASON","UNCLASSIFIED","REVIEW_HOLD","VERIFY_CURRENT_EXCLUSION","Do not deindex automatically; compare source evidence, page uniqueness, GSC value, and replacement options."
"NCT02982395","https://clinicaltrialfailures.com/trial/NCT02982395","false","false","missing_stop_reason","UNRESOLVED","UNRESOLVED_MISSING_STOP_REASON","UNCLASSIFIED","REVIEW_HOLD","VERIFY_CURRENT_EXCLUSION","Do not deindex automatically; compare source evidence, page uniqueness, GSC value, and replacement options."
"NCT02983604","https://clinicaltrialfailures.com/trial/NCT02983604","false","false","missing_stop_reason","UNRESOLVED","UNRESOLVED_MISSING_STOP_REASON","UNCLASSIFIED","REVIEW_HOLD","VERIFY_CURRENT_EXCLUSION","Do not deindex automatically; compare source evidence, page uniqueness, GSC value, and replacement options."
"NCT02985268","https://clinicaltrialfailures.com/trial/NCT02985268","false","false","missing_stop_reason","UNRESOLVED","UNRESOLVED_MISSING_STOP_REASON","UNCLASSIFIED","REVIEW_HOLD","VERIFY_CURRENT_EXCLUSION","Do not deindex automatically; compare source evidence, page uniqueness, GSC value, and replacement options."
"NCT02985333","https://clinicaltrialfailures.com/trial/NCT02985333","false","false","missing_stop_reason","UNRESOLVED","UNRESOLVED_MISSING_STOP_REASON","UNCLASSIFIED","REVIEW_HOLD","VERIFY_CURRENT_EXCLUSION","Do not deindex automatically; compare source evidence, page uniqueness, GSC value, and replacement options."
"NCT02986451","https://clinicaltrialfailures.com/trial/NCT02986451","false","false","missing_stop_reason","UNRESOLVED","UNRESOLVED_MISSING_STOP_REASON","UNCLASSIFIED","REVIEW_HOLD","VERIFY_CURRENT_EXCLUSION","Do not deindex automatically; compare source evidence, page uniqueness, GSC value, and replacement options."
"NCT02987504","https://clinicaltrialfailures.com/trial/NCT02987504","false","false","missing_stop_reason","NON_BIOLOGICAL","OPERATIONAL_OTHER","DESCRIPTION_FALLBACK","REVIEW_HOLD","VERIFY_CURRENT_EXCLUSION","Do not deindex automatically; compare source evidence, page uniqueness, GSC value, and replacement options."
"NCT02989675","https://clinicaltrialfailures.com/trial/NCT02989675","false","false","missing_stop_reason","UNRESOLVED","UNRESOLVED_MISSING_STOP_REASON","UNCLASSIFIED","REVIEW_HOLD","VERIFY_CURRENT_EXCLUSION","Do not deindex automatically; compare source evidence, page uniqueness, GSC value, and replacement options."
"NCT02991417","https://clinicaltrialfailures.com/trial/NCT02991417","false","false","missing_stop_reason","UNRESOLVED","UNRESOLVED_MISSING_STOP_REASON","UNCLASSIFIED","REVIEW_HOLD","VERIFY_CURRENT_EXCLUSION","Do not deindex automatically; compare source evidence, page uniqueness, GSC value, and replacement options."
"NCT02992132","https://clinicaltrialfailures.com/trial/NCT02992132","false","false","missing_stop_reason","UNRESOLVED","UNRESOLVED_MISSING_STOP_REASON","UNCLASSIFIED","REVIEW_HOLD","VERIFY_CURRENT_EXCLUSION","Do not deindex automatically; compare source evidence, page uniqueness, GSC value, and replacement options."
"NCT02995031","https://clinicaltrialfailures.com/trial/NCT02995031","false","false","missing_stop_reason","UNRESOLVED","UNRESOLVED_MISSING_STOP_REASON","UNCLASSIFIED","REVIEW_HOLD","VERIFY_CURRENT_EXCLUSION","Do not deindex automatically; compare source evidence, page uniqueness, GSC value, and replacement options."
"NCT02995044","https://clinicaltrialfailures.com/trial/NCT02995044","false","false","missing_stop_reason","UNRESOLVED","UNRESOLVED_MISSING_STOP_REASON","UNCLASSIFIED","REVIEW_HOLD","VERIFY_CURRENT_EXCLUSION","Do not deindex automatically; compare source evidence, page uniqueness, GSC value, and replacement options."
"NCT03003143","https://clinicaltrialfailures.com/trial/NCT03003143","false","false","missing_stop_reason","UNRESOLVED","UNRESOLVED_MISSING_STOP_REASON","UNCLASSIFIED","REVIEW_HOLD","VERIFY_CURRENT_EXCLUSION","Do not deindex automatically; compare source evidence, page uniqueness, GSC value, and replacement options."
"NCT03004209","https://clinicaltrialfailures.com/trial/NCT03004209","false","false","missing_stop_reason","UNRESOLVED","UNRESOLVED_MISSING_STOP_REASON","UNCLASSIFIED","REVIEW_HOLD","VERIFY_CURRENT_EXCLUSION","Do not deindex automatically; compare source evidence, page uniqueness, GSC value, and replacement options."
"NCT03014973","https://clinicaltrialfailures.com/trial/NCT03014973","false","false","missing_stop_reason","UNRESOLVED","UNRESOLVED_MISSING_STOP_REASON","UNCLASSIFIED","REVIEW_HOLD","VERIFY_CURRENT_EXCLUSION","Do not deindex automatically; compare source evidence, page uniqueness, GSC value, and replacement options."
"NCT03020368","https://clinicaltrialfailures.com/trial/NCT03020368","false","false","missing_stop_reason","UNRESOLVED","UNRESOLVED_MISSING_STOP_REASON","UNCLASSIFIED","REVIEW_HOLD","VERIFY_CURRENT_EXCLUSION","Do not deindex automatically; compare source evidence, page uniqueness, GSC value, and replacement options."
"NCT03026205","https://clinicaltrialfailures.com/trial/NCT03026205","false","false","missing_stop_reason","UNRESOLVED","UNRESOLVED_MISSING_STOP_REASON","UNCLASSIFIED","REVIEW_HOLD","VERIFY_CURRENT_EXCLUSION","Do not deindex automatically; compare source evidence, page uniqueness, GSC value, and replacement options."
"NCT03027167","https://clinicaltrialfailures.com/trial/NCT03027167","false","false","missing_stop_reason","UNRESOLVED","UNRESOLVED_MISSING_STOP_REASON","UNCLASSIFIED","REVIEW_HOLD","VERIFY_CURRENT_EXCLUSION","Do not deindex automatically; compare source evidence, page uniqueness, GSC value, and replacement options."
"NCT03035058","https://clinicaltrialfailures.com/trial/NCT03035058","false","false","missing_stop_reason","UNRESOLVED","UNRESOLVED_MISSING_STOP_REASON","UNCLASSIFIED","REVIEW_HOLD","VERIFY_CURRENT_EXCLUSION","Do not deindex automatically; compare source evidence, page uniqueness, GSC value, and replacement options."
"NCT03035253","https://clinicaltrialfailures.com/trial/NCT03035253","false","false","missing_stop_reason","UNRESOLVED","UNRESOLVED_MISSING_STOP_REASON","UNCLASSIFIED","REVIEW_HOLD","VERIFY_CURRENT_EXCLUSION","Do not deindex automatically; compare source evidence, page uniqueness, GSC value, and replacement options."
"NCT03036891","https://clinicaltrialfailures.com/trial/NCT03036891","false","false","missing_stop_reason","UNRESOLVED","UNRESOLVED_MISSING_STOP_REASON","UNCLASSIFIED","REVIEW_HOLD","VERIFY_CURRENT_EXCLUSION","Do not deindex automatically; compare source evidence, page uniqueness, GSC value, and replacement options."
"NCT03043274","https://clinicaltrialfailures.com/trial/NCT03043274","false","false","missing_stop_reason","UNRESOLVED","UNRESOLVED_MISSING_STOP_REASON","UNCLASSIFIED","REVIEW_HOLD","VERIFY_CURRENT_EXCLUSION","Do not deindex automatically; compare source evidence, page uniqueness, GSC value, and replacement options."
"NCT03055312","https://clinicaltrialfailures.com/trial/NCT03055312","false","false","missing_stop_reason","UNRESOLVED","UNRESOLVED_MISSING_STOP_REASON","UNCLASSIFIED","REVIEW_HOLD","VERIFY_CURRENT_EXCLUSION","Do not deindex automatically; compare source evidence, page uniqueness, GSC value, and replacement options."
"NCT03065933","https://clinicaltrialfailures.com/trial/NCT03065933","false","false","missing_stop_reason","UNRESOLVED","UNRESOLVED_MISSING_STOP_REASON","UNCLASSIFIED","REVIEW_HOLD","VERIFY_CURRENT_EXCLUSION","Do not deindex automatically; compare source evidence, page uniqueness, GSC value, and replacement options."
"NCT03070691","https://clinicaltrialfailures.com/trial/NCT03070691","false","false","missing_stop_reason","UNRESOLVED","UNRESOLVED_MISSING_STOP_REASON","UNCLASSIFIED","REVIEW_HOLD","VERIFY_CURRENT_EXCLUSION","Do not deindex automatically; compare source evidence, page uniqueness, GSC value, and replacement options."
"NCT03092154","https://clinicaltrialfailures.com/trial/NCT03092154","false","false","missing_stop_reason","UNRESOLVED","UNRESOLVED_MISSING_STOP_REASON","UNCLASSIFIED","REVIEW_HOLD","VERIFY_CURRENT_EXCLUSION","Do not deindex automatically; compare source evidence, page uniqueness, GSC value, and replacement options."
"NCT03094442","https://clinicaltrialfailures.com/trial/NCT03094442","false","false","missing_stop_reason","UNRESOLVED","UNRESOLVED_MISSING_STOP_REASON","UNCLASSIFIED","REVIEW_HOLD","VERIFY_CURRENT_EXCLUSION","Do not deindex automatically; compare source evidence, page uniqueness, GSC value, and replacement options."
"NCT03107598","https://clinicaltrialfailures.com/trial/NCT03107598","false","false","missing_stop_reason","UNRESOLVED","UNRESOLVED_MISSING_STOP_REASON","UNCLASSIFIED","REVIEW_HOLD","VERIFY_CURRENT_EXCLUSION","Do not deindex automatically; compare source evidence, page uniqueness, GSC value, and replacement options."
"NCT03121586","https://clinicaltrialfailures.com/trial/NCT03121586","false","false","missing_stop_reason","UNRESOLVED","UNRESOLVED_MISSING_STOP_REASON","UNCLASSIFIED","REVIEW_HOLD","VERIFY_CURRENT_EXCLUSION","Do not deindex automatically; compare source evidence, page uniqueness, GSC value, and replacement options."
"NCT03125577","https://clinicaltrialfailures.com/trial/NCT03125577","false","false","missing_stop_reason","UNRESOLVED","UNRESOLVED_MISSING_STOP_REASON","UNCLASSIFIED","REVIEW_HOLD","VERIFY_CURRENT_EXCLUSION","Do not deindex automatically; compare source evidence, page uniqueness, GSC value, and replacement options."
"NCT03153813","https://clinicaltrialfailures.com/trial/NCT03153813","false","false","missing_stop_reason","UNRESOLVED","UNRESOLVED_MISSING_STOP_REASON","UNCLASSIFIED","REVIEW_HOLD","VERIFY_CURRENT_EXCLUSION","Do not deindex automatically; compare source evidence, page uniqueness, GSC value, and replacement options."
"NCT03159364","https://clinicaltrialfailures.com/trial/NCT03159364","false","false","missing_stop_reason","UNRESOLVED","UNRESOLVED_MISSING_STOP_REASON","UNCLASSIFIED","REVIEW_HOLD","VERIFY_CURRENT_EXCLUSION","Do not deindex automatically; compare source evidence, page uniqueness, GSC value, and replacement options."
"NCT03170141","https://clinicaltrialfailures.com/trial/NCT03170141","false","false","missing_stop_reason","UNRESOLVED","UNRESOLVED_MISSING_STOP_REASON","UNCLASSIFIED","REVIEW_HOLD","VERIFY_CURRENT_EXCLUSION","Do not deindex automatically; compare source evidence, page uniqueness, GSC value, and replacement options."
"NCT03184753","https://clinicaltrialfailures.com/trial/NCT03184753","false","false","missing_stop_reason","UNRESOLVED","UNRESOLVED_MISSING_STOP_REASON","UNCLASSIFIED","REVIEW_HOLD","VERIFY_CURRENT_EXCLUSION","Do not deindex automatically; compare source evidence, page uniqueness, GSC value, and replacement options."
"NCT03202446","https://clinicaltrialfailures.com/trial/NCT03202446","false","false","missing_stop_reason","UNRESOLVED","UNRESOLVED_MISSING_STOP_REASON","UNCLASSIFIED","REVIEW_HOLD","VERIFY_CURRENT_EXCLUSION","Do not deindex automatically; compare source evidence, page uniqueness, GSC value, and replacement options."
"NCT03216356","https://clinicaltrialfailures.com/trial/NCT03216356","false","false","missing_stop_reason","UNRESOLVED","UNRESOLVED_MISSING_STOP_REASON","UNCLASSIFIED","REVIEW_HOLD","VERIFY_CURRENT_EXCLUSION","Do not deindex automatically; compare source evidence, page uniqueness, GSC value, and replacement options."
"NCT03219983","https://clinicaltrialfailures.com/trial/NCT03219983","false","false","missing_stop_reason","UNRESOLVED","UNRESOLVED_MISSING_STOP_REASON","UNCLASSIFIED","REVIEW_HOLD","VERIFY_CURRENT_EXCLUSION","Do not deindex automatically; compare source evidence, page uniqueness, GSC value, and replacement options."
"NCT03225326","https://clinicaltrialfailures.com/trial/NCT03225326","false","false","missing_stop_reason","UNRESOLVED","UNRESOLVED_MISSING_STOP_REASON","UNCLASSIFIED","REVIEW_HOLD","VERIFY_CURRENT_EXCLUSION","Do not deindex automatically; compare source evidence, page uniqueness, GSC value, and replacement options."
"NCT03351855","https://clinicaltrialfailures.com/trial/NCT03351855","false","false","missing_stop_reason","UNRESOLVED","UNRESOLVED_MISSING_STOP_REASON","UNCLASSIFIED","REVIEW_HOLD","VERIFY_CURRENT_EXCLUSION","Do not deindex automatically; compare source evidence, page uniqueness, GSC value, and replacement options."
"NCT03356795","https://clinicaltrialfailures.com/trial/NCT03356795","false","false","missing_stop_reason","UNRESOLVED","UNRESOLVED_MISSING_STOP_REASON","UNCLASSIFIED","REVIEW_HOLD","VERIFY_CURRENT_EXCLUSION","Do not deindex automatically; compare source evidence, page uniqueness, GSC value, and replacement options."
"NCT03362606","https://clinicaltrialfailures.com/trial/NCT03362606","false","false","missing_stop_reason","UNRESOLVED","UNRESOLVED_MISSING_STOP_REASON","UNCLASSIFIED","REVIEW_HOLD","VERIFY_CURRENT_EXCLUSION","Do not deindex automatically; compare source evidence, page uniqueness, GSC value, and replacement options."
"NCT03362619","https://clinicaltrialfailures.com/trial/NCT03362619","false","false","missing_stop_reason","UNRESOLVED","UNRESOLVED_MISSING_STOP_REASON","UNCLASSIFIED","REVIEW_HOLD","VERIFY_CURRENT_EXCLUSION","Do not deindex automatically; compare source evidence, page uniqueness, GSC value, and replacement options."
"NCT03414008","https://clinicaltrialfailures.com/trial/NCT03414008","false","false","missing_stop_reason","UNRESOLVED","UNRESOLVED_MISSING_STOP_REASON","UNCLASSIFIED","REVIEW_HOLD","VERIFY_CURRENT_EXCLUSION","Do not deindex automatically; compare source evidence, page uniqueness, GSC value, and replacement options."
"NCT03535246","https://clinicaltrialfailures.com/trial/NCT03535246","false","false","missing_stop_reason","UNRESOLVED","UNRESOLVED_MISSING_STOP_REASON","UNCLASSIFIED","REVIEW_HOLD","VERIFY_CURRENT_EXCLUSION","Do not deindex automatically; compare source evidence, page uniqueness, GSC value, and replacement options."
"NCT03547154","https://clinicaltrialfailures.com/trial/NCT03547154","false","false","missing_stop_reason","UNRESOLVED","UNRESOLVED_MISSING_STOP_REASON","UNCLASSIFIED","REVIEW_HOLD","VERIFY_CURRENT_EXCLUSION","Do not deindex automatically; compare source evidence, page uniqueness, GSC value, and replacement options."
"NCT03561935","https://clinicaltrialfailures.com/trial/NCT03561935","false","false","missing_stop_reason","UNRESOLVED","UNRESOLVED_MISSING_STOP_REASON","UNCLASSIFIED","REVIEW_HOLD","VERIFY_CURRENT_EXCLUSION","Do not deindex automatically; compare source evidence, page uniqueness, GSC value, and replacement options."
"NCT03596970","https://clinicaltrialfailures.com/trial/NCT03596970","false","false","missing_stop_reason","UNRESOLVED","UNRESOLVED_MISSING_STOP_REASON","UNCLASSIFIED","REVIEW_HOLD","VERIFY_CURRENT_EXCLUSION","Do not deindex automatically; compare source evidence, page uniqueness, GSC value, and replacement options."
"NCT03708861","https://clinicaltrialfailures.com/trial/NCT03708861","false","false","missing_stop_reason","UNRESOLVED","UNRESOLVED_MISSING_STOP_REASON","UNCLASSIFIED","REVIEW_HOLD","VERIFY_CURRENT_EXCLUSION","Do not deindex automatically; compare source evidence, page uniqueness, GSC value, and replacement options."
"NCT03733249","https://clinicaltrialfailures.com/trial/NCT03733249","false","false","missing_stop_reason","UNRESOLVED","UNRESOLVED_MISSING_STOP_REASON","UNCLASSIFIED","REVIEW_HOLD","VERIFY_CURRENT_EXCLUSION","Do not deindex automatically; compare source evidence, page uniqueness, GSC value, and replacement options."
"NCT03780725","https://clinicaltrialfailures.com/trial/NCT03780725","false","false","missing_stop_reason","UNRESOLVED","UNRESOLVED_MISSING_STOP_REASON","UNCLASSIFIED","REVIEW_HOLD","VERIFY_CURRENT_EXCLUSION","Do not deindex automatically; compare source evidence, page uniqueness, GSC value, and replacement options."
"NCT03781375","https://clinicaltrialfailures.com/trial/NCT03781375","false","false","missing_stop_reason","UNRESOLVED","UNRESOLVED_MISSING_STOP_REASON","UNCLASSIFIED","REVIEW_HOLD","VERIFY_CURRENT_EXCLUSION","Do not deindex automatically; compare source evidence, page uniqueness, GSC value, and replacement options."
"NCT03868540","https://clinicaltrialfailures.com/trial/NCT03868540","false","false","missing_stop_reason","UNRESOLVED","UNRESOLVED_MISSING_STOP_REASON","UNCLASSIFIED","REVIEW_HOLD","VERIFY_CURRENT_EXCLUSION","Do not deindex automatically; compare source evidence, page uniqueness, GSC value, and replacement options."
"NCT04010877","https://clinicaltrialfailures.com/trial/NCT04010877","false","false","missing_stop_reason","UNRESOLVED","UNRESOLVED_MISSING_STOP_REASON","UNCLASSIFIED","REVIEW_HOLD","VERIFY_CURRENT_EXCLUSION","Do not deindex automatically; compare source evidence, page uniqueness, GSC value, and replacement options."
"NCT04085159","https://clinicaltrialfailures.com/trial/NCT04085159","false","false","missing_stop_reason","UNRESOLVED","UNRESOLVED_MISSING_STOP_REASON","UNCLASSIFIED","REVIEW_HOLD","VERIFY_CURRENT_EXCLUSION","Do not deindex automatically; compare source evidence, page uniqueness, GSC value, and replacement options."
"NCT04242147","https://clinicaltrialfailures.com/trial/NCT04242147","false","false","missing_stop_reason","UNRESOLVED","UNRESOLVED_MISSING_STOP_REASON","UNCLASSIFIED","REVIEW_HOLD","VERIFY_CURRENT_EXCLUSION","Do not deindex automatically; compare source evidence, page uniqueness, GSC value, and replacement options."
"NCT04268966","https://clinicaltrialfailures.com/trial/NCT04268966","false","false","missing_stop_reason","UNRESOLVED","UNRESOLVED_MISSING_STOP_REASON","UNCLASSIFIED","REVIEW_HOLD","VERIFY_CURRENT_EXCLUSION","Do not deindex automatically; compare source evidence, page uniqueness, GSC value, and replacement options."
"NCT04276896","https://clinicaltrialfailures.com/trial/NCT04276896","false","false","missing_stop_reason","UNRESOLVED","UNRESOLVED_MISSING_STOP_REASON","UNCLASSIFIED","REVIEW_HOLD","VERIFY_CURRENT_EXCLUSION","Do not deindex automatically; compare source evidence, page uniqueness, GSC value, and replacement options."
"NCT04299724","https://clinicaltrialfailures.com/trial/NCT04299724","false","false","missing_stop_reason","UNRESOLVED","UNRESOLVED_MISSING_STOP_REASON","UNCLASSIFIED","REVIEW_HOLD","VERIFY_CURRENT_EXCLUSION","Do not deindex automatically; compare source evidence, page uniqueness, GSC value, and replacement options."
"NCT04325932","https://clinicaltrialfailures.com/trial/NCT04325932","false","false","missing_stop_reason","UNRESOLVED","UNRESOLVED_MISSING_STOP_REASON","UNCLASSIFIED","REVIEW_HOLD","VERIFY_CURRENT_EXCLUSION","Do not deindex automatically; compare source evidence, page uniqueness, GSC value, and replacement options."
"NCT04427449","https://clinicaltrialfailures.com/trial/NCT04427449","false","false","missing_stop_reason","UNRESOLVED","UNRESOLVED_MISSING_STOP_REASON","UNCLASSIFIED","REVIEW_HOLD","VERIFY_CURRENT_EXCLUSION","Do not deindex automatically; compare source evidence, page uniqueness, GSC value, and replacement options."
"NCT04430530","https://clinicaltrialfailures.com/trial/NCT04430530","false","false","missing_stop_reason","UNRESOLVED","UNRESOLVED_MISSING_STOP_REASON","UNCLASSIFIED","REVIEW_HOLD","VERIFY_CURRENT_EXCLUSION","Do not deindex automatically; compare source evidence, page uniqueness, GSC value, and replacement options."
"NCT04445090","https://clinicaltrialfailures.com/trial/NCT04445090","false","false","missing_stop_reason","UNRESOLVED","UNRESOLVED_MISSING_STOP_REASON","UNCLASSIFIED","REVIEW_HOLD","VERIFY_CURRENT_EXCLUSION","Do not deindex automatically; compare source evidence, page uniqueness, GSC value, and replacement options."
"NCT04558580","https://clinicaltrialfailures.com/trial/NCT04558580","false","false","missing_stop_reason","UNRESOLVED","UNRESOLVED_MISSING_STOP_REASON","UNCLASSIFIED","REVIEW_HOLD","VERIFY_CURRENT_EXCLUSION","Do not deindex automatically; compare source evidence, page uniqueness, GSC value, and replacement options."
"NCT04564417","https://clinicaltrialfailures.com/trial/NCT04564417","false","false","missing_stop_reason","UNRESOLVED","UNRESOLVED_MISSING_STOP_REASON","UNCLASSIFIED","REVIEW_HOLD","VERIFY_CURRENT_EXCLUSION","Do not deindex automatically; compare source evidence, page uniqueness, GSC value, and replacement options."
"NCT04569214","https://clinicaltrialfailures.com/trial/NCT04569214","false","false","missing_stop_reason","UNRESOLVED","UNRESOLVED_MISSING_STOP_REASON","UNCLASSIFIED","REVIEW_HOLD","VERIFY_CURRENT_EXCLUSION","Do not deindex automatically; compare source evidence, page uniqueness, GSC value, and replacement options."
"NCT04664803","https://clinicaltrialfailures.com/trial/NCT04664803","false","false","missing_stop_reason","UNRESOLVED","UNRESOLVED_MISSING_STOP_REASON","UNCLASSIFIED","REVIEW_HOLD","VERIFY_CURRENT_EXCLUSION","Do not deindex automatically; compare source evidence, page uniqueness, GSC value, and replacement options."
"NCT04802057","https://clinicaltrialfailures.com/trial/NCT04802057","false","false","missing_stop_reason","UNRESOLVED","UNRESOLVED_MISSING_STOP_REASON","UNCLASSIFIED","REVIEW_HOLD","VERIFY_CURRENT_EXCLUSION","Do not deindex automatically; compare source evidence, page uniqueness, GSC value, and replacement options."
"NCT04975035","https://clinicaltrialfailures.com/trial/NCT04975035","false","false","missing_stop_reason","UNRESOLVED","UNRESOLVED_MISSING_STOP_REASON","UNCLASSIFIED","REVIEW_HOLD","VERIFY_CURRENT_EXCLUSION","Do not deindex automatically; compare source evidence, page uniqueness, GSC value, and replacement options."
"NCT05013554","https://clinicaltrialfailures.com/trial/NCT05013554","false","false","missing_stop_reason","UNRESOLVED","UNRESOLVED_MISSING_STOP_REASON","UNCLASSIFIED","REVIEW_HOLD","VERIFY_CURRENT_EXCLUSION","Do not deindex automatically; compare source evidence, page uniqueness, GSC value, and replacement options."
"NCT05016440","https://clinicaltrialfailures.com/trial/NCT05016440","false","false","missing_stop_reason","UNRESOLVED","UNRESOLVED_MISSING_STOP_REASON","UNCLASSIFIED","REVIEW_HOLD","VERIFY_CURRENT_EXCLUSION","Do not deindex automatically; compare source evidence, page uniqueness, GSC value, and replacement options."
"NCT05063513","https://clinicaltrialfailures.com/trial/NCT05063513","false","false","missing_stop_reason","UNRESOLVED","UNRESOLVED_MISSING_STOP_REASON","UNCLASSIFIED","REVIEW_HOLD","VERIFY_CURRENT_EXCLUSION","Do not deindex automatically; compare source evidence, page uniqueness, GSC value, and replacement options."
"NCT05177276","https://clinicaltrialfailures.com/trial/NCT05177276","false","false","missing_stop_reason","UNRESOLVED","UNRESOLVED_MISSING_STOP_REASON","UNCLASSIFIED","REVIEW_HOLD","VERIFY_CURRENT_EXCLUSION","Do not deindex automatically; compare source evidence, page uniqueness, GSC value, and replacement options."
"NCT05211947","https://clinicaltrialfailures.com/trial/NCT05211947","false","false","missing_stop_reason","UNRESOLVED","UNRESOLVED_MISSING_STOP_REASON","UNCLASSIFIED","REVIEW_HOLD","VERIFY_CURRENT_EXCLUSION","Do not deindex automatically; compare source evidence, page uniqueness, GSC value, and replacement options."
"NCT05231668","https://clinicaltrialfailures.com/trial/NCT05231668","false","false","missing_stop_reason","UNRESOLVED","UNRESOLVED_MISSING_STOP_REASON","UNCLASSIFIED","REVIEW_HOLD","VERIFY_CURRENT_EXCLUSION","Do not deindex automatically; compare source evidence, page uniqueness, GSC value, and replacement options."
"NCT05255601","https://clinicaltrialfailures.com/trial/NCT05255601","false","false","missing_stop_reason","UNRESOLVED","UNRESOLVED_MISSING_STOP_REASON","UNCLASSIFIED","REVIEW_HOLD","VERIFY_CURRENT_EXCLUSION","Do not deindex automatically; compare source evidence, page uniqueness, GSC value, and replacement options."
"NCT05262673","https://clinicaltrialfailures.com/trial/NCT05262673","false","false","missing_stop_reason","UNRESOLVED","UNRESOLVED_MISSING_STOP_REASON","UNCLASSIFIED","REVIEW_HOLD","VERIFY_CURRENT_EXCLUSION","Do not deindex automatically; compare source evidence, page uniqueness, GSC value, and replacement options."
"NCT05277753","https://clinicaltrialfailures.com/trial/NCT05277753","false","false","missing_stop_reason","UNRESOLVED","UNRESOLVED_MISSING_STOP_REASON","UNCLASSIFIED","REVIEW_HOLD","VERIFY_CURRENT_EXCLUSION","Do not deindex automatically; compare source evidence, page uniqueness, GSC value, and replacement options."
"NCT05328908","https://clinicaltrialfailures.com/trial/NCT05328908","false","false","missing_stop_reason","UNRESOLVED","UNRESOLVED_MISSING_STOP_REASON","UNCLASSIFIED","REVIEW_HOLD","VERIFY_CURRENT_EXCLUSION","Do not deindex automatically; compare source evidence, page uniqueness, GSC value, and replacement options."
"NCT05436509","https://clinicaltrialfailures.com/trial/NCT05436509","false","false","missing_stop_reason","UNRESOLVED","UNRESOLVED_MISSING_STOP_REASON","UNCLASSIFIED","REVIEW_HOLD","VERIFY_CURRENT_EXCLUSION","Do not deindex automatically; compare source evidence, page uniqueness, GSC value, and replacement options."
"NCT05437328","https://clinicaltrialfailures.com/trial/NCT05437328","false","false","missing_stop_reason","UNRESOLVED","UNRESOLVED_MISSING_STOP_REASON","UNCLASSIFIED","REVIEW_HOLD","VERIFY_CURRENT_EXCLUSION","Do not deindex automatically; compare source evidence, page uniqueness, GSC value, and replacement options."
"NCT05437341","https://clinicaltrialfailures.com/trial/NCT05437341","false","false","missing_stop_reason","UNRESOLVED","UNRESOLVED_MISSING_STOP_REASON","UNCLASSIFIED","REVIEW_HOLD","VERIFY_CURRENT_EXCLUSION","Do not deindex automatically; compare source evidence, page uniqueness, GSC value, and replacement options."
"NCT05839600","https://clinicaltrialfailures.com/trial/NCT05839600","false","false","missing_stop_reason","UNRESOLVED","UNRESOLVED_MISSING_STOP_REASON","UNCLASSIFIED","REVIEW_HOLD","VERIFY_CURRENT_EXCLUSION","Do not deindex automatically; compare source evidence, page uniqueness, GSC value, and replacement options."
"NCT05840536","https://clinicaltrialfailures.com/trial/NCT05840536","false","false","missing_stop_reason","UNRESOLVED","UNRESOLVED_MISSING_STOP_REASON","UNCLASSIFIED","REVIEW_HOLD","VERIFY_CURRENT_EXCLUSION","Do not deindex automatically; compare source evidence, page uniqueness, GSC value, and replacement options."
"NCT05856526","https://clinicaltrialfailures.com/trial/NCT05856526","false","false","missing_stop_reason","UNRESOLVED","UNRESOLVED_MISSING_STOP_REASON","UNCLASSIFIED","REVIEW_HOLD","VERIFY_CURRENT_EXCLUSION","Do not deindex automatically; compare source evidence, page uniqueness, GSC value, and replacement options."
"NCT06241573","https://clinicaltrialfailures.com/trial/NCT06241573","false","false","missing_stop_reason","UNRESOLVED","UNRESOLVED_MISSING_STOP_REASON","UNCLASSIFIED","REVIEW_HOLD","VERIFY_CURRENT_EXCLUSION","Do not deindex automatically; compare source evidence, page uniqueness, GSC value, and replacement options."
"NCT06360094","https://clinicaltrialfailures.com/trial/NCT06360094","false","false","missing_stop_reason","UNRESOLVED","UNRESOLVED_MISSING_STOP_REASON","UNCLASSIFIED","REVIEW_HOLD","VERIFY_CURRENT_EXCLUSION","Do not deindex automatically; compare source evidence, page uniqueness, GSC value, and replacement options."
"NCT06528093","https://clinicaltrialfailures.com/trial/NCT06528093","false","false","missing_stop_reason","UNRESOLVED","UNRESOLVED_MISSING_STOP_REASON","UNCLASSIFIED","REVIEW_HOLD","VERIFY_CURRENT_EXCLUSION","Do not deindex automatically; compare source evidence, page uniqueness, GSC value, and replacement options."
"NCT06716190","https://clinicaltrialfailures.com/trial/NCT06716190","false","false","missing_stop_reason","UNRESOLVED","UNRESOLVED_MISSING_STOP_REASON","UNCLASSIFIED","REVIEW_HOLD","VERIFY_CURRENT_EXCLUSION","Do not deindex automatically; compare source evidence, page uniqueness, GSC value, and replacement options."
"NCT06886620","https://clinicaltrialfailures.com/trial/NCT06886620","false","false","missing_stop_reason","UNRESOLVED","UNRESOLVED_MISSING_STOP_REASON","UNCLASSIFIED","REVIEW_HOLD","VERIFY_CURRENT_EXCLUSION","Do not deindex automatically; compare source evidence, page uniqueness, GSC value, and replacement options."
"NCT07068555","https://clinicaltrialfailures.com/trial/NCT07068555","false","false","missing_stop_reason","UNRESOLVED","UNRESOLVED_MISSING_STOP_REASON","UNCLASSIFIED","REVIEW_HOLD","VERIFY_CURRENT_EXCLUSION","Do not deindex automatically; compare source evidence, page uniqueness, GSC value, and replacement options."
"NCT07193966","https://clinicaltrialfailures.com/trial/NCT07193966","false","false","missing_stop_reason","UNRESOLVED","UNRESOLVED_MISSING_STOP_REASON","UNCLASSIFIED","REVIEW_HOLD","VERIFY_CURRENT_EXCLUSION","Do not deindex automatically; compare source evidence, page uniqueness, GSC value, and replacement options."
