"url_id","url","page_type","proposed_decision","decision_reason","protected","measurement_status","decision_version"
"url_aa3aee033e8f","https://clinicaltrialfailures.com/","home","REVIEW_HOLD","Protected URL from explicit audit list: existing site entry point","true","partial","registry-v1"
"url_eda4148a0f9f","https://clinicaltrialfailures.com/explore","static_reference","REVIEW_HOLD","Inventory-only snapshot; no page-quality review or exclusion decision has been approved","false","unknown","registry-v1"
"url_d890f8a5011e","https://clinicaltrialfailures.com/overview","static_reference","REVIEW_HOLD","Inventory-only snapshot; no page-quality review or exclusion decision has been approved","false","unknown","registry-v1"
"url_2b258112983b","https://clinicaltrialfailures.com/failures","static_reference","REVIEW_HOLD","Inventory-only snapshot; no page-quality review or exclusion decision has been approved","false","unknown","registry-v1"
"url_8a5978c4fbbf","https://clinicaltrialfailures.com/sponsors","static_reference","REVIEW_HOLD","Inventory-only snapshot; no page-quality review or exclusion decision has been approved","false","unknown","registry-v1"
"url_21199cbf0baa","https://clinicaltrialfailures.com/insights","static_reference","REVIEW_HOLD","Inventory-only snapshot; no page-quality review or exclusion decision has been approved","false","unknown","registry-v1"
"url_95e39578b298","https://clinicaltrialfailures.com/briefs","static_reference","REVIEW_HOLD","Inventory-only snapshot; no page-quality review or exclusion decision has been approved","false","unknown","registry-v1"
"url_db021cb60e4d","https://clinicaltrialfailures.com/validation","static_reference","REVIEW_HOLD","Inventory-only snapshot; no page-quality review or exclusion decision has been approved","false","unknown","registry-v1"
"url_b70c1157c92e","https://clinicaltrialfailures.com/asset-check","static_reference","REVIEW_HOLD","Inventory-only snapshot; no page-quality review or exclusion decision has been approved","false","unknown","registry-v1"
"url_621478c5316f","https://clinicaltrialfailures.com/packages","static_reference","REVIEW_HOLD","Inventory-only snapshot; no page-quality review or exclusion decision has been approved","false","unknown","registry-v1"
"url_4f0ee5cc2f1c","https://clinicaltrialfailures.com/packages/sample","package","REVIEW_HOLD","Inventory-only snapshot; no page-quality review or exclusion decision has been approved","false","unknown","registry-v1"
"url_3156ae0a3662","https://clinicaltrialfailures.com/reports/latest-two-week-stopped-trial-updates","static_reference","REVIEW_HOLD","Inventory-only snapshot; no page-quality review or exclusion decision has been approved","false","unknown","registry-v1"
"url_bc1accb719dd","https://clinicaltrialfailures.com/sponsor-insights","static_reference","REVIEW_HOLD","Inventory-only snapshot; no page-quality review or exclusion decision has been approved","false","unknown","registry-v1"
"url_efd7267a43d2","https://clinicaltrialfailures.com/top-entities","editorial_reference","REVIEW_HOLD","Inventory-only snapshot; no page-quality review or exclusion decision has been approved","false","unknown","registry-v1"
"url_262c51ab2edb","https://clinicaltrialfailures.com/outliers","static_reference","REVIEW_HOLD","Inventory-only snapshot; no page-quality review or exclusion decision has been approved","false","unknown","registry-v1"
"url_c8821e38a815","https://clinicaltrialfailures.com/clinical-trial-failures","editorial_reference","REVIEW_HOLD","Inventory-only snapshot; no page-quality review or exclusion decision has been approved","false","unknown","registry-v1"
"url_bc6a2e43402a","https://clinicaltrialfailures.com/why-clinical-trials-fail","editorial_reference","REVIEW_HOLD","Inventory-only snapshot; no page-quality review or exclusion decision has been approved","false","unknown","registry-v1"
"url_743df0e03966","https://clinicaltrialfailures.com/failed-clinical-trials","editorial_reference","REVIEW_HOLD","Inventory-only snapshot; no page-quality review or exclusion decision has been approved","false","unknown","registry-v1"
"url_ec68603ed363","https://clinicaltrialfailures.com/terminated-clinical-trials","editorial_reference","REVIEW_HOLD","Inventory-only snapshot; no page-quality review or exclusion decision has been approved","false","unknown","registry-v1"
"url_02755a9f41bf","https://clinicaltrialfailures.com/clinical-trial-futility","editorial_reference","REVIEW_HOLD","Inventory-only snapshot; no page-quality review or exclusion decision has been approved","false","unknown","registry-v1"
"url_c946d9ff6660","https://clinicaltrialfailures.com/failed-endpoint-clinical-trials","editorial_reference","REVIEW_HOLD","Inventory-only snapshot; no page-quality review or exclusion decision has been approved","false","unknown","registry-v1"
"url_2de16ccf05d4","https://clinicaltrialfailures.com/clinical-trial-enrollment-failure","editorial_reference","REVIEW_HOLD","Inventory-only snapshot; no page-quality review or exclusion decision has been approved","false","unknown","registry-v1"
"url_f87d9563d83d","https://clinicaltrialfailures.com/clinical-trial-failures-by-phase","editorial_reference","REVIEW_HOLD","Inventory-only snapshot; no page-quality review or exclusion decision has been approved","false","unknown","registry-v1"
"url_26c6c2458596","https://clinicaltrialfailures.com/clinical-trial-failures-by-disease-area","editorial_reference","REVIEW_HOLD","Inventory-only snapshot; no page-quality review or exclusion decision has been approved","false","unknown","registry-v1"
"url_beff518fea19","https://clinicaltrialfailures.com/terminated-vs-withdrawn-vs-suspended-clinical-trials","editorial_reference","REVIEW_HOLD","Inventory-only snapshot; no page-quality review or exclusion decision has been approved","false","unknown","registry-v1"
"url_69b466145d28","https://clinicaltrialfailures.com/clinical-trial-stop-reasons","editorial_reference","REVIEW_HOLD","Inventory-only snapshot; no page-quality review or exclusion decision has been approved","false","unknown","registry-v1"
"url_f90b05e8497b","https://clinicaltrialfailures.com/top-10-oncology-clinical-trial-failures","editorial_reference","REVIEW_HOLD","Inventory-only snapshot; no page-quality review or exclusion decision has been approved","false","unknown","registry-v1"
"url_46b99f4b18a8","https://clinicaltrialfailures.com/top-10-neurology-clinical-trial-failures","editorial_reference","REVIEW_HOLD","Inventory-only snapshot; no page-quality review or exclusion decision has been approved","false","unknown","registry-v1"
"url_ec68d5824a1a","https://clinicaltrialfailures.com/top-10-pharma-companies-clinical-trial-failure-share","editorial_reference","REVIEW_HOLD","Inventory-only snapshot; no page-quality review or exclusion decision has been approved","false","unknown","registry-v1"
"url_3a67430592c8","https://clinicaltrialfailures.com/top-10-infectious-disease-clinical-trial-failures","editorial_reference","REVIEW_HOLD","Inventory-only snapshot; no page-quality review or exclusion decision has been approved","false","unknown","registry-v1"
"url_24f794361006","https://clinicaltrialfailures.com/top-10-phase-2-clinical-trial-failure-signals","editorial_reference","REVIEW_HOLD","Inventory-only snapshot; no page-quality review or exclusion decision has been approved","false","unknown","registry-v1"
"url_427876c6e941","https://clinicaltrialfailures.com/top-10-safety-driven-clinical-trial-failures","editorial_reference","REVIEW_HOLD","Inventory-only snapshot; no page-quality review or exclusion decision has been approved","false","unknown","registry-v1"
"url_9ad63e72c117","https://clinicaltrialfailures.com/briefs/neurology-bace-secretase","brief","REVIEW_HOLD","Inventory-only snapshot; no page-quality review or exclusion decision has been approved","false","unknown","registry-v1"
"url_3f9a53a4309e","https://clinicaltrialfailures.com/briefs/neurology-tau","brief","REVIEW_HOLD","Inventory-only snapshot; no page-quality review or exclusion decision has been approved","false","unknown","registry-v1"
"url_e516fafbf765","https://clinicaltrialfailures.com/briefs/oncology-tgf-pd-l-1","brief","REVIEW_HOLD","Inventory-only snapshot; no page-quality review or exclusion decision has been approved","false","unknown","registry-v1"
"url_390fd40401b3","https://clinicaltrialfailures.com/briefs/oncology-cd38","brief","REVIEW_HOLD","Inventory-only snapshot; no page-quality review or exclusion decision has been approved","false","unknown","registry-v1"
"url_3ce69a927e58","https://clinicaltrialfailures.com/briefs/oncology-androgen-receptor-axis","brief","REVIEW_HOLD","Inventory-only snapshot; no page-quality review or exclusion decision has been approved","false","unknown","registry-v1"
"url_6637ea831121","https://clinicaltrialfailures.com/briefs/oncology-met","brief","REVIEW_HOLD","Inventory-only snapshot; no page-quality review or exclusion decision has been approved","false","unknown","registry-v1"
"url_f6359ccb8f67","https://clinicaltrialfailures.com/briefs/oncology-egfr","brief","REVIEW_HOLD","Inventory-only snapshot; no page-quality review or exclusion decision has been approved","false","unknown","registry-v1"
"url_31e754358cbb","https://clinicaltrialfailures.com/briefs/oncology-pi3k-akt-mtor","brief","REVIEW_HOLD","Inventory-only snapshot; no page-quality review or exclusion decision has been approved","false","unknown","registry-v1"
"url_0f160ed9bade","https://clinicaltrialfailures.com/briefs/oncology-parp","brief","REVIEW_HOLD","Inventory-only snapshot; no page-quality review or exclusion decision has been approved","false","unknown","registry-v1"
"url_959f6c29f621","https://clinicaltrialfailures.com/briefs/oncology-flt3-kit","brief","REVIEW_HOLD","Inventory-only snapshot; no page-quality review or exclusion decision has been approved","false","unknown","registry-v1"
"url_29759cada0bd","https://clinicaltrialfailures.com/briefs/oncology-pd-l-1","brief","REVIEW_HOLD","Inventory-only snapshot; no page-quality review or exclusion decision has been approved","false","unknown","registry-v1"
"url_f5fc6e8bdef2","https://clinicaltrialfailures.com/briefs/oncology-alk-ros1-ret","brief","REVIEW_HOLD","Inventory-only snapshot; no page-quality review or exclusion decision has been approved","false","unknown","registry-v1"
"url_c9b71eddf912","https://clinicaltrialfailures.com/briefs/oncology-braf-mek","brief","REVIEW_HOLD","Inventory-only snapshot; no page-quality review or exclusion decision has been approved","false","unknown","registry-v1"
"url_b49a7495abfc","https://clinicaltrialfailures.com/briefs/oncology-cdk4-6","brief","REVIEW_HOLD","Inventory-only snapshot; no page-quality review or exclusion decision has been approved","false","unknown","registry-v1"
"url_1bacecef85e9","https://clinicaltrialfailures.com/briefs/oncology-antifolate-nucleoside","brief","REVIEW_HOLD","Inventory-only snapshot; no page-quality review or exclusion decision has been approved","false","unknown","registry-v1"
"url_c57e2a6b8b65","https://clinicaltrialfailures.com/briefs/oncology-microtubule","brief","REVIEW_HOLD","Inventory-only snapshot; no page-quality review or exclusion decision has been approved","false","unknown","registry-v1"
"url_fac34c266fa1","https://clinicaltrialfailures.com/briefs/oncology-topoisomerase","brief","REVIEW_HOLD","Inventory-only snapshot; no page-quality review or exclusion decision has been approved","false","unknown","registry-v1"
"url_ee17039f4e8e","https://clinicaltrialfailures.com/briefs/oncology-fgfr","brief","REVIEW_HOLD","Inventory-only snapshot; no page-quality review or exclusion decision has been approved","false","unknown","registry-v1"
"url_04dc5037b5f5","https://clinicaltrialfailures.com/briefs/oncology-her2","brief","REVIEW_HOLD","Inventory-only snapshot; no page-quality review or exclusion decision has been approved","false","unknown","registry-v1"
"url_16c8f7246d03","https://clinicaltrialfailures.com/briefs/oncology-vegf-vegfr","brief","REVIEW_HOLD","Inventory-only snapshot; no page-quality review or exclusion decision has been approved","false","unknown","registry-v1"
"url_6444e2ad191f","https://clinicaltrialfailures.com/briefs/oncology-ctla-4","brief","REVIEW_HOLD","Inventory-only snapshot; no page-quality review or exclusion decision has been approved","false","unknown","registry-v1"
"url_2cdd212a4aa7","https://clinicaltrialfailures.com/methods","static_reference","REVIEW_HOLD","Inventory-only snapshot; no page-quality review or exclusion decision has been approved","false","unknown","registry-v1"
"url_6d532ba7568a","https://clinicaltrialfailures.com/pricing","static_reference","REVIEW_HOLD","Inventory-only snapshot; no page-quality review or exclusion decision has been approved","false","unknown","registry-v1"
"url_1e86a383553f","https://clinicaltrialfailures.com/about","static_reference","REVIEW_HOLD","Inventory-only snapshot; no page-quality review or exclusion decision has been approved","false","unknown","registry-v1"
"url_0a2c88c132d7","https://clinicaltrialfailures.com/contact","static_reference","REVIEW_HOLD","Inventory-only snapshot; no page-quality review or exclusion decision has been approved","false","unknown","registry-v1"
"url_aac28f07a19f","https://clinicaltrialfailures.com/privacy","static_reference","REVIEW_HOLD","Inventory-only snapshot; no page-quality review or exclusion decision has been approved","false","unknown","registry-v1"
"url_d87c2d42fee2","https://clinicaltrialfailures.com/disclaimer","static_reference","REVIEW_HOLD","Inventory-only snapshot; no page-quality review or exclusion decision has been approved","false","unknown","registry-v1"
"url_c6ddc0c0c03c","https://clinicaltrialfailures.com/failures/oncology","failure_hub","REVIEW_HOLD","Inventory-only snapshot; no page-quality review or exclusion decision has been approved","false","unknown","registry-v1"
"url_116871e869bd","https://clinicaltrialfailures.com/failures/other","failure_hub","REVIEW_HOLD","Inventory-only snapshot; no page-quality review or exclusion decision has been approved","false","unknown","registry-v1"
"url_237188ec809c","https://clinicaltrialfailures.com/failures/infectious-disease","failure_hub","REVIEW_HOLD","Protected URL from explicit audit list: unchanged control","true","partial","registry-v1"
"url_68747df4b6f0","https://clinicaltrialfailures.com/failures/gastroenterology-and-hepatology","failure_hub","REVIEW_HOLD","Protected URL from explicit audit list: unchanged control","true","partial","registry-v1"
"url_3a0305eca2b6","https://clinicaltrialfailures.com/failures/cardiovascular","failure_hub","REVIEW_HOLD","Protected URL from explicit audit list: unchanged control","true","partial","registry-v1"
"url_c7f8a25cd1b3","https://clinicaltrialfailures.com/failures/neurology","failure_hub","REVIEW_HOLD","Protected URL from explicit audit list: unchanged control","true","partial","registry-v1"
"url_7485cab6aeef","https://clinicaltrialfailures.com/failures/endocrine-and-metabolic","failure_hub","REVIEW_HOLD","Inventory-only snapshot; no page-quality review or exclusion decision has been approved","false","unknown","registry-v1"
"url_1db23f4a1e03","https://clinicaltrialfailures.com/failures/immunology-and-autoimmune","failure_hub","REVIEW_HOLD","Inventory-only snapshot; no page-quality review or exclusion decision has been approved","false","unknown","registry-v1"
"url_19971b907d8d","https://clinicaltrialfailures.com/failures/respiratory","failure_hub","REVIEW_HOLD","Protected URL from explicit audit list: possible later recovery candidate","true","partial","registry-v1"
"url_0d4626c01c5b","https://clinicaltrialfailures.com/failures/psychiatry-and-mental-health","failure_hub","REVIEW_HOLD","Inventory-only snapshot; no page-quality review or exclusion decision has been approved","false","unknown","registry-v1"
"url_ddd92f09b345","https://clinicaltrialfailures.com/failures/renal-and-urology","failure_hub","REVIEW_HOLD","Inventory-only snapshot; no page-quality review or exclusion decision has been approved","false","unknown","registry-v1"
"url_e29524f5a7fc","https://clinicaltrialfailures.com/failures/hematology-non-onc","failure_hub","REVIEW_HOLD","Protected URL from explicit audit list: possible later recovery candidate","true","partial","registry-v1"
"url_b538ebe97260","https://clinicaltrialfailures.com/failures/dermatology","failure_hub","REVIEW_HOLD","Protected URL from explicit audit list: unchanged control","true","partial","registry-v1"
"url_b5a55b627239","https://clinicaltrialfailures.com/failures/ophthalmology","failure_hub","REVIEW_HOLD","Protected URL from explicit audit list: active recovery pilot","true","partial","registry-v1"
"url_f1a4166f7747","https://clinicaltrialfailures.com/failures/musculoskeletal","failure_hub","REVIEW_HOLD","Inventory-only snapshot; no page-quality review or exclusion decision has been approved","false","unknown","registry-v1"
"url_29dfb6400fc0","https://clinicaltrialfailures.com/failures/phase-1","failure_hub","REVIEW_HOLD","Inventory-only snapshot; no page-quality review or exclusion decision has been approved","false","unknown","registry-v1"
"url_3a593d65db41","https://clinicaltrialfailures.com/failures/phase-2","failure_hub","REVIEW_HOLD","Inventory-only snapshot; no page-quality review or exclusion decision has been approved","false","unknown","registry-v1"
"url_02b97534fbee","https://clinicaltrialfailures.com/failures/phase-3","failure_hub","REVIEW_HOLD","Inventory-only snapshot; no page-quality review or exclusion decision has been approved","false","unknown","registry-v1"
"url_03408682dcba","https://clinicaltrialfailures.com/failures/early-phase-1","failure_hub","REVIEW_HOLD","Inventory-only snapshot; no page-quality review or exclusion decision has been approved","false","unknown","registry-v1"
"url_31d0e551f012","https://clinicaltrialfailures.com/failures/phase-4","failure_hub","REVIEW_HOLD","Inventory-only snapshot; no page-quality review or exclusion decision has been approved","false","unknown","registry-v1"
"url_c6c2646e79be","https://clinicaltrialfailures.com/failures/unknown-phase","failure_hub","REVIEW_HOLD","Inventory-only snapshot; no page-quality review or exclusion decision has been approved","false","unknown","registry-v1"
"url_7ddf5b3e5794","https://clinicaltrialfailures.com/failures/operational","failure_hub","REVIEW_HOLD","Inventory-only snapshot; no page-quality review or exclusion decision has been approved","false","unknown","registry-v1"
"url_eb042a80552a","https://clinicaltrialfailures.com/failures/other-unknown","failure_hub","REVIEW_HOLD","Inventory-only snapshot; no page-quality review or exclusion decision has been approved","false","unknown","registry-v1"
"url_e5363ad7d095","https://clinicaltrialfailures.com/failures/futility","failure_hub","REVIEW_HOLD","Inventory-only snapshot; no page-quality review or exclusion decision has been approved","false","unknown","registry-v1"
"url_9706452c4bbd","https://clinicaltrialfailures.com/failures/safety","failure_hub","REVIEW_HOLD","Inventory-only snapshot; no page-quality review or exclusion decision has been approved","false","unknown","registry-v1"
"url_b1bb8237f110","https://clinicaltrialfailures.com/failures/regulatory","failure_hub","REVIEW_HOLD","Inventory-only snapshot; no page-quality review or exclusion decision has been approved","false","unknown","registry-v1"
"url_6f89e321c929","https://clinicaltrialfailures.com/sponsor/m-d-anderson-cancer-center","sponsor","REVIEW_HOLD","Inventory-only snapshot; no page-quality review or exclusion decision has been approved","false","unknown","registry-v1"
"url_20f99071702e","https://clinicaltrialfailures.com/sponsor/national-cancer-institute-nci","sponsor","REVIEW_HOLD","Inventory-only snapshot; no page-quality review or exclusion decision has been approved","false","unknown","registry-v1"
"url_40e626a9999b","https://clinicaltrialfailures.com/sponsor/novartis-pharmaceuticals","sponsor","REVIEW_HOLD","Inventory-only snapshot; no page-quality review or exclusion decision has been approved","false","unknown","registry-v1"
"url_5e4788cf6220","https://clinicaltrialfailures.com/sponsor/pfizer","sponsor","REVIEW_HOLD","Inventory-only snapshot; no page-quality review or exclusion decision has been approved","false","unknown","registry-v1"
"url_f7d0c75b3c95","https://clinicaltrialfailures.com/sponsor/merck-sharp-and-dohme-llc","sponsor","REVIEW_HOLD","Inventory-only snapshot; no page-quality review or exclusion decision has been approved","false","unknown","registry-v1"
"url_b4d13701f0b8","https://clinicaltrialfailures.com/sponsor/glaxosmithkline","sponsor","REVIEW_HOLD","Inventory-only snapshot; no page-quality review or exclusion decision has been approved","false","unknown","registry-v1"
"url_c7f2d73c55ab","https://clinicaltrialfailures.com/sponsor/washington-university-school-of-medicine","sponsor","REVIEW_HOLD","Inventory-only snapshot; no page-quality review or exclusion decision has been approved","false","unknown","registry-v1"
"url_d928e04b9e87","https://clinicaltrialfailures.com/sponsor/hoffmann-la-roche","sponsor","REVIEW_HOLD","Inventory-only snapshot; no page-quality review or exclusion decision has been approved","false","unknown","registry-v1"
"url_388b5f26c277","https://clinicaltrialfailures.com/sponsor/national-institute-of-allergy-and-infectious-diseases-niaid","sponsor","REVIEW_HOLD","Inventory-only snapshot; no page-quality review or exclusion decision has been approved","false","unknown","registry-v1"
"url_786b6453a89d","https://clinicaltrialfailures.com/sponsor/mayo-clinic","sponsor","REVIEW_HOLD","Inventory-only snapshot; no page-quality review or exclusion decision has been approved","false","unknown","registry-v1"
"url_cb60a2a457a0","https://clinicaltrialfailures.com/sponsor/massachusetts-general-hospital","sponsor","REVIEW_HOLD","Inventory-only snapshot; no page-quality review or exclusion decision has been approved","false","unknown","registry-v1"
"url_504607c95972","https://clinicaltrialfailures.com/sponsor/stanford-university","sponsor","REVIEW_HOLD","Inventory-only snapshot; no page-quality review or exclusion decision has been approved","false","unknown","registry-v1"
"url_c7083a8e2505","https://clinicaltrialfailures.com/sponsor/northwestern-university","sponsor","REVIEW_HOLD","Inventory-only snapshot; no page-quality review or exclusion decision has been approved","false","unknown","registry-v1"
"url_69f806ce358a","https://clinicaltrialfailures.com/sponsor/wake-forest-university-health-sciences","sponsor","REVIEW_HOLD","Inventory-only snapshot; no page-quality review or exclusion decision has been approved","false","unknown","registry-v1"
"url_daecc69e76d1","https://clinicaltrialfailures.com/sponsor/eli-lilly-and-company","sponsor","REVIEW_HOLD","Inventory-only snapshot; no page-quality review or exclusion decision has been approved","false","unknown","registry-v1"
"url_f7f465bd2920","https://clinicaltrialfailures.com/sponsor/yale-university","sponsor","REVIEW_HOLD","Inventory-only snapshot; no page-quality review or exclusion decision has been approved","false","unknown","registry-v1"
"url_668747dd7821","https://clinicaltrialfailures.com/sponsor/johns-hopkins-university","sponsor","REVIEW_HOLD","Inventory-only snapshot; no page-quality review or exclusion decision has been approved","false","unknown","registry-v1"
"url_15e66133c450","https://clinicaltrialfailures.com/sponsor/bristol-myers-squibb","sponsor","REVIEW_HOLD","Inventory-only snapshot; no page-quality review or exclusion decision has been approved","false","unknown","registry-v1"
"url_d649fc2fc5b6","https://clinicaltrialfailures.com/sponsor/university-of-california-san-francisco","sponsor","REVIEW_HOLD","Inventory-only snapshot; no page-quality review or exclusion decision has been approved","false","unknown","registry-v1"
"url_42cc7519f9d2","https://clinicaltrialfailures.com/sponsor/nyu-langone-health","sponsor","REVIEW_HOLD","Inventory-only snapshot; no page-quality review or exclusion decision has been approved","false","unknown","registry-v1"
"url_a2566de08f01","https://clinicaltrialfailures.com/sponsor/sanofi","sponsor","REVIEW_HOLD","Inventory-only snapshot; no page-quality review or exclusion decision has been approved","false","unknown","registry-v1"
"url_f635bef622e8","https://clinicaltrialfailures.com/sponsor/astrazeneca","sponsor","REVIEW_HOLD","Inventory-only snapshot; no page-quality review or exclusion decision has been approved","false","unknown","registry-v1"
"url_36de6868bf04","https://clinicaltrialfailures.com/sponsor/gilead-sciences","sponsor","REVIEW_HOLD","Inventory-only snapshot; no page-quality review or exclusion decision has been approved","false","unknown","registry-v1"
"url_48aade61e6ac","https://clinicaltrialfailures.com/sponsor/amgen","sponsor","REVIEW_HOLD","Inventory-only snapshot; no page-quality review or exclusion decision has been approved","false","unknown","registry-v1"
"url_6aef7b943d6a","https://clinicaltrialfailures.com/sponsor/university-of-alabama-at-birmingham","sponsor","REVIEW_HOLD","Inventory-only snapshot; no page-quality review or exclusion decision has been approved","false","unknown","registry-v1"
"url_452910bd29fb","https://clinicaltrialfailures.com/sponsor/sidney-kimmel-comprehensive-cancer-center-at-johns-hopkins","sponsor","REVIEW_HOLD","Inventory-only snapshot; no page-quality review or exclusion decision has been approved","false","unknown","registry-v1"
"url_6fd50c9e9263","https://clinicaltrialfailures.com/sponsor/boehringer-ingelheim","sponsor","REVIEW_HOLD","Inventory-only snapshot; no page-quality review or exclusion decision has been approved","false","unknown","registry-v1"
"url_3b752eff9188","https://clinicaltrialfailures.com/sponsor/university-of-texas-southwestern-medical-center","sponsor","REVIEW_HOLD","Inventory-only snapshot; no page-quality review or exclusion decision has been approved","false","unknown","registry-v1"
"url_17a8ce95f892","https://clinicaltrialfailures.com/sponsor/duke-university","sponsor","REVIEW_HOLD","Inventory-only snapshot; no page-quality review or exclusion decision has been approved","false","unknown","registry-v1"
"url_0335cf38a01c","https://clinicaltrialfailures.com/sponsor/emory-university","sponsor","REVIEW_HOLD","Inventory-only snapshot; no page-quality review or exclusion decision has been approved","false","unknown","registry-v1"
"url_e4c7db5342bb","https://clinicaltrialfailures.com/sponsor/weill-medical-college-of-cornell-university","sponsor","REVIEW_HOLD","Inventory-only snapshot; no page-quality review or exclusion decision has been approved","false","unknown","registry-v1"
"url_e85d84e9f536","https://clinicaltrialfailures.com/sponsor/columbia-university","sponsor","REVIEW_HOLD","Inventory-only snapshot; no page-quality review or exclusion decision has been approved","false","unknown","registry-v1"
"url_761361c5f089","https://clinicaltrialfailures.com/sponsor/abbvie","sponsor","REVIEW_HOLD","Inventory-only snapshot; no page-quality review or exclusion decision has been approved","false","unknown","registry-v1"
"url_e4f25eb6b9f0","https://clinicaltrialfailures.com/sponsor/janssen-research-and-development-llc","sponsor","REVIEW_HOLD","Inventory-only snapshot; no page-quality review or exclusion decision has been approved","false","unknown","registry-v1"
"url_0383592a756e","https://clinicaltrialfailures.com/sponsor/university-of-utah","sponsor","REVIEW_HOLD","Inventory-only snapshot; no page-quality review or exclusion decision has been approved","false","unknown","registry-v1"
"url_5cd389d9ba08","https://clinicaltrialfailures.com/sponsor/takeda","sponsor","REVIEW_HOLD","Inventory-only snapshot; no page-quality review or exclusion decision has been approved","false","unknown","registry-v1"
"url_4cda7247cbd6","https://clinicaltrialfailures.com/sponsor/university-of-pennsylvania","sponsor","REVIEW_HOLD","Inventory-only snapshot; no page-quality review or exclusion decision has been approved","false","unknown","registry-v1"
"url_9a2de351571c","https://clinicaltrialfailures.com/sponsor/masonic-cancer-center-university-of-minnesota","sponsor","REVIEW_HOLD","Inventory-only snapshot; no page-quality review or exclusion decision has been approved","false","unknown","registry-v1"
"url_ca186497f0f9","https://clinicaltrialfailures.com/sponsor/university-of-chicago","sponsor","REVIEW_HOLD","Inventory-only snapshot; no page-quality review or exclusion decision has been approved","false","unknown","registry-v1"
"url_e6622474f0e0","https://clinicaltrialfailures.com/sponsor/dana-farber-cancer-institute","sponsor","REVIEW_HOLD","Inventory-only snapshot; no page-quality review or exclusion decision has been approved","false","unknown","registry-v1"
"url_ec8fa74c5d0c","https://clinicaltrialfailures.com/sponsor/university-of-washington","sponsor","REVIEW_HOLD","Inventory-only snapshot; no page-quality review or exclusion decision has been approved","false","unknown","registry-v1"
"url_b64126a4f9e0","https://clinicaltrialfailures.com/sponsor/university-of-maryland-baltimore","sponsor","REVIEW_HOLD","Inventory-only snapshot; no page-quality review or exclusion decision has been approved","false","unknown","registry-v1"
"url_810a5af82496","https://clinicaltrialfailures.com/sponsor/biogen","sponsor","REVIEW_HOLD","Inventory-only snapshot; no page-quality review or exclusion decision has been approved","false","unknown","registry-v1"
"url_f357d0c200b8","https://clinicaltrialfailures.com/sponsor/roswell-park-cancer-institute","sponsor","REVIEW_HOLD","Inventory-only snapshot; no page-quality review or exclusion decision has been approved","false","unknown","registry-v1"
"url_0b29d5a4a076","https://clinicaltrialfailures.com/sponsor/bayer","sponsor","REVIEW_HOLD","Inventory-only snapshot; no page-quality review or exclusion decision has been approved","false","unknown","registry-v1"
"url_d962695f367c","https://clinicaltrialfailures.com/sponsor/assistance-publique-h-pitaux-de-paris","sponsor","REVIEW_HOLD","Inventory-only snapshot; no page-quality review or exclusion decision has been approved","false","unknown","registry-v1"
"url_93efbca36954","https://clinicaltrialfailures.com/sponsor/celgene","sponsor","REVIEW_HOLD","Inventory-only snapshot; no page-quality review or exclusion decision has been approved","false","unknown","registry-v1"
"url_a9ec146c657a","https://clinicaltrialfailures.com/sponsor/university-of-wisconsin-madison","sponsor","REVIEW_HOLD","Inventory-only snapshot; no page-quality review or exclusion decision has been approved","false","unknown","registry-v1"
"url_896c6ca1d6ab","https://clinicaltrialfailures.com/sponsor/incyte-corporation","sponsor","REVIEW_HOLD","Inventory-only snapshot; no page-quality review or exclusion decision has been approved","false","unknown","registry-v1"
"url_4c07c7038f3e","https://clinicaltrialfailures.com/sponsor/baylor-college-of-medicine","sponsor","REVIEW_HOLD","Inventory-only snapshot; no page-quality review or exclusion decision has been approved","false","unknown","registry-v1"
"url_f3c6e98baf60","https://clinicaltrialfailures.com/sponsor/university-of-colorado-denver","sponsor","REVIEW_HOLD","Inventory-only snapshot; no page-quality review or exclusion decision has been approved","false","unknown","registry-v1"
"url_d7aa708c1d4f","https://clinicaltrialfailures.com/sponsor/fred-hutchinson-cancer-center","sponsor","REVIEW_HOLD","Inventory-only snapshot; no page-quality review or exclusion decision has been approved","false","unknown","registry-v1"
"url_c6fee47b58d6","https://clinicaltrialfailures.com/sponsor/brigham-and-women-s-hospital","sponsor","REVIEW_HOLD","Inventory-only snapshot; no page-quality review or exclusion decision has been approved","false","unknown","registry-v1"
"url_6c59b52b8dd7","https://clinicaltrialfailures.com/sponsor/university-of-miami","sponsor","REVIEW_HOLD","Inventory-only snapshot; no page-quality review or exclusion decision has been approved","false","unknown","registry-v1"
"url_957c6a58bf20","https://clinicaltrialfailures.com/sponsor/university-of-california-los-angeles","sponsor","REVIEW_HOLD","Inventory-only snapshot; no page-quality review or exclusion decision has been approved","false","unknown","registry-v1"
"url_6920a60b7dd7","https://clinicaltrialfailures.com/sponsor/university-of-florida","sponsor","REVIEW_HOLD","Inventory-only snapshot; no page-quality review or exclusion decision has been approved","false","unknown","registry-v1"
"url_a6a0a14cb65f","https://clinicaltrialfailures.com/sponsor/the-cleveland-clinic","sponsor","REVIEW_HOLD","Inventory-only snapshot; no page-quality review or exclusion decision has been approved","false","unknown","registry-v1"
"url_7be64acc120c","https://clinicaltrialfailures.com/sponsor/memorial-sloan-kettering-cancer-center","sponsor","REVIEW_HOLD","Inventory-only snapshot; no page-quality review or exclusion decision has been approved","false","unknown","registry-v1"
"url_6220e56f1f49","https://clinicaltrialfailures.com/sponsor/milton-s-hershey-medical-center","sponsor","REVIEW_HOLD","Inventory-only snapshot; no page-quality review or exclusion decision has been approved","false","unknown","registry-v1"
"url_ee6967228f2c","https://clinicaltrialfailures.com/sponsor/the-university-of-texas-health-science-center-houston","sponsor","REVIEW_HOLD","Inventory-only snapshot; no page-quality review or exclusion decision has been approved","false","unknown","registry-v1"
"url_5d2f17d22342","https://clinicaltrialfailures.com/sponsor/indiana-university","sponsor","REVIEW_HOLD","Inventory-only snapshot; no page-quality review or exclusion decision has been approved","false","unknown","registry-v1"
"url_90a7dbab1a12","https://clinicaltrialfailures.com/sponsor/city-of-hope-medical-center","sponsor","REVIEW_HOLD","Inventory-only snapshot; no page-quality review or exclusion decision has been approved","false","unknown","registry-v1"
"url_e4366332f43e","https://clinicaltrialfailures.com/sponsor/university-of-southern-california","sponsor","REVIEW_HOLD","Inventory-only snapshot; no page-quality review or exclusion decision has been approved","false","unknown","registry-v1"
"url_670a2b2b314f","https://clinicaltrialfailures.com/sponsor/university-of-nebraska","sponsor","REVIEW_HOLD","Inventory-only snapshot; no page-quality review or exclusion decision has been approved","false","unknown","registry-v1"
"url_d1280d281f62","https://clinicaltrialfailures.com/sponsor/h-lee-moffitt-cancer-center-and-research-institute","sponsor","REVIEW_HOLD","Inventory-only snapshot; no page-quality review or exclusion decision has been approved","false","unknown","registry-v1"
"url_9284079a50e9","https://clinicaltrialfailures.com/sponsor/new-york-state-psychiatric-institute","sponsor","REVIEW_HOLD","Inventory-only snapshot; no page-quality review or exclusion decision has been approved","false","unknown","registry-v1"
"url_a1b87a93ea19","https://clinicaltrialfailures.com/sponsor/university-of-minnesota","sponsor","REVIEW_HOLD","Inventory-only snapshot; no page-quality review or exclusion decision has been approved","false","unknown","registry-v1"
"url_a69a89adeab6","https://clinicaltrialfailures.com/sponsor/virginia-commonwealth-university","sponsor","REVIEW_HOLD","Inventory-only snapshot; no page-quality review or exclusion decision has been approved","false","unknown","registry-v1"
"url_9e66cfb20680","https://clinicaltrialfailures.com/sponsor/sun-yat-sen-university","sponsor","REVIEW_HOLD","Inventory-only snapshot; no page-quality review or exclusion decision has been approved","false","unknown","registry-v1"
"url_479188ec2b27","https://clinicaltrialfailures.com/sponsor/university-of-california-san-diego","sponsor","REVIEW_HOLD","Inventory-only snapshot; no page-quality review or exclusion decision has been approved","false","unknown","registry-v1"
"url_e5c45b90b0e2","https://clinicaltrialfailures.com/sponsor/icahn-school-of-medicine-at-mount-sinai","sponsor","REVIEW_HOLD","Inventory-only snapshot; no page-quality review or exclusion decision has been approved","false","unknown","registry-v1"
"url_f87fe022b0e4","https://clinicaltrialfailures.com/sponsor/montefiore-medical-center","sponsor","REVIEW_HOLD","Inventory-only snapshot; no page-quality review or exclusion decision has been approved","false","unknown","registry-v1"
"url_c9e3034331ec","https://clinicaltrialfailures.com/sponsor/university-of-north-carolina-chapel-hill","sponsor","REVIEW_HOLD","Inventory-only snapshot; no page-quality review or exclusion decision has been approved","false","unknown","registry-v1"
"url_b2f958b37511","https://clinicaltrialfailures.com/sponsor/vanderbilt-university-medical-center","sponsor","REVIEW_HOLD","Inventory-only snapshot; no page-quality review or exclusion decision has been approved","false","unknown","registry-v1"
"url_992b28a589d1","https://clinicaltrialfailures.com/sponsor/northwell-health","sponsor","REVIEW_HOLD","Inventory-only snapshot; no page-quality review or exclusion decision has been approved","false","unknown","registry-v1"
"url_b89e187b1b5b","https://clinicaltrialfailures.com/sponsor/university-of-michigan-rogel-cancer-center","sponsor","REVIEW_HOLD","Inventory-only snapshot; no page-quality review or exclusion decision has been approved","false","unknown","registry-v1"
"url_a100fd09a4f8","https://clinicaltrialfailures.com/sponsor/pfizer-s-upjohn-has-merged-with-mylan-to-form-viatris-inc","sponsor","REVIEW_HOLD","Inventory-only snapshot; no page-quality review or exclusion decision has been approved","false","unknown","registry-v1"
"url_24a0039713c5","https://clinicaltrialfailures.com/sponsor/regeneron-pharmaceuticals","sponsor","REVIEW_HOLD","Inventory-only snapshot; no page-quality review or exclusion decision has been approved","false","unknown","registry-v1"
"url_f84ec066e7f5","https://clinicaltrialfailures.com/sponsor/case-comprehensive-cancer-center","sponsor","REVIEW_HOLD","Inventory-only snapshot; no page-quality review or exclusion decision has been approved","false","unknown","registry-v1"
"url_70b895401b13","https://clinicaltrialfailures.com/sponsor/ohsu-knight-cancer-institute","sponsor","REVIEW_HOLD","Inventory-only snapshot; no page-quality review or exclusion decision has been approved","false","unknown","registry-v1"
"url_68029b78d7f7","https://clinicaltrialfailures.com/sponsor/genentech-inc","sponsor","REVIEW_HOLD","Inventory-only snapshot; no page-quality review or exclusion decision has been approved","false","unknown","registry-v1"
"url_6c0e2b0559e8","https://clinicaltrialfailures.com/sponsor/university-health-network-toronto","sponsor","REVIEW_HOLD","Inventory-only snapshot; no page-quality review or exclusion decision has been approved","false","unknown","registry-v1"
"url_c2fab45fa8af","https://clinicaltrialfailures.com/sponsor/va-office-of-research-and-development","sponsor","REVIEW_HOLD","Inventory-only snapshot; no page-quality review or exclusion decision has been approved","false","unknown","registry-v1"
"url_f638ad31bd1f","https://clinicaltrialfailures.com/sponsor/rutgers-the-state-university-of-new-jersey","sponsor","REVIEW_HOLD","Inventory-only snapshot; no page-quality review or exclusion decision has been approved","false","unknown","registry-v1"
"url_93c5aa0c0c67","https://clinicaltrialfailures.com/sponsor/university-of-alberta","sponsor","REVIEW_HOLD","Inventory-only snapshot; no page-quality review or exclusion decision has been approved","false","unknown","registry-v1"
"url_60258db995f8","https://clinicaltrialfailures.com/sponsor/beth-israel-deaconess-medical-center","sponsor","REVIEW_HOLD","Inventory-only snapshot; no page-quality review or exclusion decision has been approved","false","unknown","registry-v1"
"url_3fc830940c26","https://clinicaltrialfailures.com/sponsor/jonsson-comprehensive-cancer-center","sponsor","REVIEW_HOLD","Inventory-only snapshot; no page-quality review or exclusion decision has been approved","false","unknown","registry-v1"
"url_892c8d8623ac","https://clinicaltrialfailures.com/sponsor/medical-university-of-south-carolina","sponsor","REVIEW_HOLD","Inventory-only snapshot; no page-quality review or exclusion decision has been approved","false","unknown","registry-v1"
"url_37c7a0a3e607","https://clinicaltrialfailures.com/sponsor/shire","sponsor","REVIEW_HOLD","Inventory-only snapshot; no page-quality review or exclusion decision has been approved","false","unknown","registry-v1"
"url_678b4c17c655","https://clinicaltrialfailures.com/sponsor/alexion-pharmaceuticals-inc","sponsor","REVIEW_HOLD","Inventory-only snapshot; no page-quality review or exclusion decision has been approved","false","unknown","registry-v1"
"url_a74cb95c1272","https://clinicaltrialfailures.com/sponsor/burzynski-research-institute","sponsor","REVIEW_HOLD","Inventory-only snapshot; no page-quality review or exclusion decision has been approved","false","unknown","registry-v1"
"url_1193c27a3cf8","https://clinicaltrialfailures.com/sponsor/abramson-cancer-center-at-penn-medicine","sponsor","REVIEW_HOLD","Inventory-only snapshot; no page-quality review or exclusion decision has been approved","false","unknown","registry-v1"
"url_86107ef3bceb","https://clinicaltrialfailures.com/sponsor/georgetown-university","sponsor","REVIEW_HOLD","Inventory-only snapshot; no page-quality review or exclusion decision has been approved","false","unknown","registry-v1"
"url_16f9b547377d","https://clinicaltrialfailures.com/sponsor/university-of-california-davis","sponsor","REVIEW_HOLD","Inventory-only snapshot; no page-quality review or exclusion decision has been approved","false","unknown","registry-v1"
"url_97023f19bad4","https://clinicaltrialfailures.com/sponsor/university-of-pittsburgh","sponsor","REVIEW_HOLD","Inventory-only snapshot; no page-quality review or exclusion decision has been approved","false","unknown","registry-v1"
"url_0355a3c563a5","https://clinicaltrialfailures.com/sponsor/immunitybio-inc","sponsor","REVIEW_HOLD","Inventory-only snapshot; no page-quality review or exclusion decision has been approved","false","unknown","registry-v1"
"url_e362ba8ed086","https://clinicaltrialfailures.com/sponsor/medical-college-of-wisconsin","sponsor","REVIEW_HOLD","Inventory-only snapshot; no page-quality review or exclusion decision has been approved","false","unknown","registry-v1"
"url_e3e8f4b35e62","https://clinicaltrialfailures.com/sponsor/novo-nordisk-a-s","sponsor","REVIEW_HOLD","Inventory-only snapshot; no page-quality review or exclusion decision has been approved","false","unknown","registry-v1"
"url_56fe60d25b1b","https://clinicaltrialfailures.com/sponsor/university-of-michigan","sponsor","REVIEW_HOLD","Inventory-only snapshot; no page-quality review or exclusion decision has been approved","false","unknown","registry-v1"
"url_43d5784d494f","https://clinicaltrialfailures.com/sponsor/university-of-missouri-columbia","sponsor","REVIEW_HOLD","Inventory-only snapshot; no page-quality review or exclusion decision has been approved","false","unknown","registry-v1"
"url_5c6c424b6479","https://clinicaltrialfailures.com/sponsor/cedars-sinai-medical-center","sponsor","REVIEW_HOLD","Inventory-only snapshot; no page-quality review or exclusion decision has been approved","false","unknown","registry-v1"
"url_d8652d715ccd","https://clinicaltrialfailures.com/sponsor/alliance-for-clinical-trials-in-oncology","sponsor","REVIEW_HOLD","Inventory-only snapshot; no page-quality review or exclusion decision has been approved","false","unknown","registry-v1"
"url_6466354b7e00","https://clinicaltrialfailures.com/sponsor/university-of-arkansas","sponsor","REVIEW_HOLD","Inventory-only snapshot; no page-quality review or exclusion decision has been approved","false","unknown","registry-v1"
"url_4584a135fbd2","https://clinicaltrialfailures.com/sponsor/european-organisation-for-research-and-treatment-of-cancer-eortc","sponsor","REVIEW_HOLD","Inventory-only snapshot; no page-quality review or exclusion decision has been approved","false","unknown","registry-v1"
"url_8e3b3fffb3a3","https://clinicaltrialfailures.com/sponsor/fox-chase-cancer-center","sponsor","REVIEW_HOLD","Inventory-only snapshot; no page-quality review or exclusion decision has been approved","false","unknown","registry-v1"
"url_91474add1542","https://clinicaltrialfailures.com/sponsor/ipsen","sponsor","REVIEW_HOLD","Inventory-only snapshot; no page-quality review or exclusion decision has been approved","false","unknown","registry-v1"
"url_e9d0ad1ed6ee","https://clinicaltrialfailures.com/sponsor/jazz-pharmaceuticals","sponsor","REVIEW_HOLD","Inventory-only snapshot; no page-quality review or exclusion decision has been approved","false","unknown","registry-v1"
"url_3ce9f4647b14","https://clinicaltrialfailures.com/sponsor/jiangsu-hengrui-medicine-co-ltd","sponsor","REVIEW_HOLD","Inventory-only snapshot; no page-quality review or exclusion decision has been approved","false","unknown","registry-v1"
"url_99cc97338f4d","https://clinicaltrialfailures.com/sponsor/rush-university-medical-center","sponsor","REVIEW_HOLD","Inventory-only snapshot; no page-quality review or exclusion decision has been approved","false","unknown","registry-v1"
"url_95932f3ebd85","https://clinicaltrialfailures.com/sponsor/eisai-inc","sponsor","REVIEW_HOLD","Inventory-only snapshot; no page-quality review or exclusion decision has been approved","false","unknown","registry-v1"
"url_3856ed058d41","https://clinicaltrialfailures.com/sponsor/seoul-national-university-hospital","sponsor","REVIEW_HOLD","Inventory-only snapshot; no page-quality review or exclusion decision has been approved","false","unknown","registry-v1"
"url_417544dadf01","https://clinicaltrialfailures.com/sponsor/unc-lineberger-comprehensive-cancer-center","sponsor","REVIEW_HOLD","Inventory-only snapshot; no page-quality review or exclusion decision has been approved","false","unknown","registry-v1"
"url_4f92ba1b1251","https://clinicaltrialfailures.com/sponsor/university-of-rochester","sponsor","REVIEW_HOLD","Inventory-only snapshot; no page-quality review or exclusion decision has been approved","false","unknown","registry-v1"
"url_2f672c7d9715","https://clinicaltrialfailures.com/sponsor/children-s-hospital-medical-center-cincinnati","sponsor","REVIEW_HOLD","Inventory-only snapshot; no page-quality review or exclusion decision has been approved","false","unknown","registry-v1"
"url_c5145b67622f","https://clinicaltrialfailures.com/sponsor/h-lundbeck-a-s","sponsor","REVIEW_HOLD","Inventory-only snapshot; no page-quality review or exclusion decision has been approved","false","unknown","registry-v1"
"url_dcf88cffb4f1","https://clinicaltrialfailures.com/sponsor/imperial-college-london","sponsor","REVIEW_HOLD","Inventory-only snapshot; no page-quality review or exclusion decision has been approved","false","unknown","registry-v1"
"url_632d9e3fea16","https://clinicaltrialfailures.com/sponsor/oregon-health-and-science-university","sponsor","REVIEW_HOLD","Inventory-only snapshot; no page-quality review or exclusion decision has been approved","false","unknown","registry-v1"
"url_1593efd10dd1","https://clinicaltrialfailures.com/sponsor/university-of-louisville","sponsor","REVIEW_HOLD","Inventory-only snapshot; no page-quality review or exclusion decision has been approved","false","unknown","registry-v1"
"url_4f12d004a696","https://clinicaltrialfailures.com/sponsor/boston-children-s-hospital","sponsor","REVIEW_HOLD","Inventory-only snapshot; no page-quality review or exclusion decision has been approved","false","unknown","registry-v1"
"url_9776d908b719","https://clinicaltrialfailures.com/sponsor/loma-linda-university","sponsor","REVIEW_HOLD","Inventory-only snapshot; no page-quality review or exclusion decision has been approved","false","unknown","registry-v1"
"url_7c43ecace209","https://clinicaltrialfailures.com/sponsor/otsuka-pharmaceutical-development-and-commercialization-inc","sponsor","REVIEW_HOLD","Inventory-only snapshot; no page-quality review or exclusion decision has been approved","false","unknown","registry-v1"
"url_394c0b9e866d","https://clinicaltrialfailures.com/sponsor/university-hospitals-cleveland-medical-center","sponsor","REVIEW_HOLD","Inventory-only snapshot; no page-quality review or exclusion decision has been approved","false","unknown","registry-v1"
"url_6ca72d468a15","https://clinicaltrialfailures.com/sponsor/daiichi-sankyo","sponsor","REVIEW_HOLD","Inventory-only snapshot; no page-quality review or exclusion decision has been approved","false","unknown","registry-v1"
"url_d1c85aecdeec","https://clinicaltrialfailures.com/sponsor/ems","sponsor","REVIEW_HOLD","Inventory-only snapshot; no page-quality review or exclusion decision has been approved","false","unknown","registry-v1"
"url_d81e67300b97","https://clinicaltrialfailures.com/sponsor/genzyme-a-sanofi-company","sponsor","REVIEW_HOLD","Inventory-only snapshot; no page-quality review or exclusion decision has been approved","false","unknown","registry-v1"
"url_7ef451abedc0","https://clinicaltrialfailures.com/sponsor/organon-and-co","sponsor","REVIEW_HOLD","Inventory-only snapshot; no page-quality review or exclusion decision has been approved","false","unknown","registry-v1"
"url_b7f3db9d81c1","https://clinicaltrialfailures.com/sponsor/sidney-kimmel-comprehensive-cancer-center-at-thomas-jefferson-university","sponsor","REVIEW_HOLD","Inventory-only snapshot; no page-quality review or exclusion decision has been approved","false","unknown","registry-v1"
"url_f2ad6e46c312","https://clinicaltrialfailures.com/sponsor/the-university-of-texas-medical-branch-galveston","sponsor","REVIEW_HOLD","Inventory-only snapshot; no page-quality review or exclusion decision has been approved","false","unknown","registry-v1"
"url_136ba5ee0f7f","https://clinicaltrialfailures.com/sponsor/university-of-kansas-medical-center","sponsor","REVIEW_HOLD","Inventory-only snapshot; no page-quality review or exclusion decision has been approved","false","unknown","registry-v1"
"url_37eba60db3b1","https://clinicaltrialfailures.com/sponsor/chia-tai-tianqing-pharmaceutical-group-co-ltd","sponsor","REVIEW_HOLD","Inventory-only snapshot; no page-quality review or exclusion decision has been approved","false","unknown","registry-v1"
"url_570253875420","https://clinicaltrialfailures.com/sponsor/the-university-of-texas-health-science-center-at-san-antonio","sponsor","REVIEW_HOLD","Inventory-only snapshot; no page-quality review or exclusion decision has been approved","false","unknown","registry-v1"
"url_8b619c4ea6f0","https://clinicaltrialfailures.com/sponsor/university-of-oxford","sponsor","REVIEW_HOLD","Inventory-only snapshot; no page-quality review or exclusion decision has been approved","false","unknown","registry-v1"
"url_6992df6168fd","https://clinicaltrialfailures.com/sponsor/university-of-virginia","sponsor","REVIEW_HOLD","Inventory-only snapshot; no page-quality review or exclusion decision has been approved","false","unknown","registry-v1"
"url_54f0cb95e656","https://clinicaltrialfailures.com/sponsor/astellas-pharma-global-development-inc","sponsor","REVIEW_HOLD","Inventory-only snapshot; no page-quality review or exclusion decision has been approved","false","unknown","registry-v1"
"url_0ca13a7e42fa","https://clinicaltrialfailures.com/sponsor/university-of-arizona","sponsor","REVIEW_HOLD","Inventory-only snapshot; no page-quality review or exclusion decision has been approved","false","unknown","registry-v1"
"url_06e9ec510fa0","https://clinicaltrialfailures.com/sponsor/allergan","sponsor","REVIEW_HOLD","Inventory-only snapshot; no page-quality review or exclusion decision has been approved","false","unknown","registry-v1"
"url_67e737f2da8c","https://clinicaltrialfailures.com/sponsor/teva-branded-pharmaceutical-products-r-and-d-inc","sponsor","REVIEW_HOLD","Inventory-only snapshot; no page-quality review or exclusion decision has been approved","false","unknown","registry-v1"
"url_70e649923ac7","https://clinicaltrialfailures.com/sponsor/vanderbilt-university","sponsor","REVIEW_HOLD","Inventory-only snapshot; no page-quality review or exclusion decision has been approved","false","unknown","registry-v1"
"url_db30873e7c2e","https://clinicaltrialfailures.com/sponsor/albert-einstein-college-of-medicine","sponsor","REVIEW_HOLD","Inventory-only snapshot; no page-quality review or exclusion decision has been approved","false","unknown","registry-v1"
"url_9f2dac75f48c","https://clinicaltrialfailures.com/sponsor/centre-hospitalier-universitaire-de-saint-etienne","sponsor","REVIEW_HOLD","Inventory-only snapshot; no page-quality review or exclusion decision has been approved","false","unknown","registry-v1"
"url_0625f89b0cb0","https://clinicaltrialfailures.com/sponsor/emd-serono-research-and-development-institute-inc","sponsor","REVIEW_HOLD","Inventory-only snapshot; no page-quality review or exclusion decision has been approved","false","unknown","registry-v1"
"url_010f340250d3","https://clinicaltrialfailures.com/sponsor/insel-gruppe-ag-university-hospital-bern","sponsor","REVIEW_HOLD","Inventory-only snapshot; no page-quality review or exclusion decision has been approved","false","unknown","registry-v1"
"url_c3275d030e4c","https://clinicaltrialfailures.com/sponsor/mcmaster-university","sponsor","REVIEW_HOLD","Inventory-only snapshot; no page-quality review or exclusion decision has been approved","false","unknown","registry-v1"
"url_206f3076be0a","https://clinicaltrialfailures.com/sponsor/thomas-jefferson-university","sponsor","REVIEW_HOLD","Inventory-only snapshot; no page-quality review or exclusion decision has been approved","false","unknown","registry-v1"
"url_92a3e7a2fa35","https://clinicaltrialfailures.com/sponsor/university-of-british-columbia","sponsor","REVIEW_HOLD","Inventory-only snapshot; no page-quality review or exclusion decision has been approved","false","unknown","registry-v1"
"url_d7abd38d1bbd","https://clinicaltrialfailures.com/sponsor/university-of-iowa","sponsor","REVIEW_HOLD","Inventory-only snapshot; no page-quality review or exclusion decision has been approved","false","unknown","registry-v1"
"url_75ba431351c6","https://clinicaltrialfailures.com/sponsor/brown-university","sponsor","REVIEW_HOLD","Inventory-only snapshot; no page-quality review or exclusion decision has been approved","false","unknown","registry-v1"
"url_98b30589abbb","https://clinicaltrialfailures.com/sponsor/dartmouth-hitchcock-medical-center","sponsor","REVIEW_HOLD","Inventory-only snapshot; no page-quality review or exclusion decision has been approved","false","unknown","registry-v1"
"url_4768f7206cd1","https://clinicaltrialfailures.com/sponsor/henry-ford-health-system","sponsor","REVIEW_HOLD","Inventory-only snapshot; no page-quality review or exclusion decision has been approved","false","unknown","registry-v1"
"url_bab6f945744e","https://clinicaltrialfailures.com/sponsor/swiss-cancer-institute","sponsor","REVIEW_HOLD","Inventory-only snapshot; no page-quality review or exclusion decision has been approved","false","unknown","registry-v1"
"url_319ef0757543","https://clinicaltrialfailures.com/insights/business-reasons-clinical-trial-termination","insight","REVIEW_HOLD","Inventory-only snapshot; no page-quality review or exclusion decision has been approved","false","unknown","registry-v1"
"url_5a6af6e57108","https://clinicaltrialfailures.com/insights/withdrawn-before-enrollment-not-recruitment-failure","insight","REVIEW_HOLD","Inventory-only snapshot; no page-quality review or exclusion decision has been approved","false","unknown","registry-v1"
"url_0ae881e72383","https://clinicaltrialfailures.com/insights/classification-v2-clinical-trial-stop-reasons","insight","REVIEW_HOLD","Inventory-only snapshot; no page-quality review or exclusion decision has been approved","false","unknown","registry-v1"
"url_7b31a8344fb1","https://clinicaltrialfailures.com/insights/most-stopped-clinical-trials-are-not-biological-failures","insight","REVIEW_HOLD","Inventory-only snapshot; no page-quality review or exclusion decision has been approved","false","unknown","registry-v1"
"url_805da4e98977","https://clinicaltrialfailures.com/insights/could-clinical-trial-betting-hedge-risk-for-patients","insight","REVIEW_HOLD","Inventory-only snapshot; no page-quality review or exclusion decision has been approved","false","unknown","registry-v1"
"url_63f4ec1b5eaf","https://clinicaltrialfailures.com/insights/regulatory-clinical-trial-stops-are-not-safety-failures","insight","REVIEW_HOLD","Inventory-only snapshot; no page-quality review or exclusion decision has been approved","false","unknown","registry-v1"
"url_804a79de7933","https://clinicaltrialfailures.com/insights/unknown-clinical-trial-stop-reasons-are-a-data-signal","insight","REVIEW_HOLD","Inventory-only snapshot; no page-quality review or exclusion decision has been approved","false","unknown","registry-v1"
"url_23395256554a","https://clinicaltrialfailures.com/insights/safety-vs-efficacy-clinical-trial-signals-by-disease-area","insight","REVIEW_HOLD","Inventory-only snapshot; no page-quality review or exclusion decision has been approved","false","unknown","registry-v1"
"url_378f05a7790b","https://clinicaltrialfailures.com/insights/suspended-clinical-trials-rarely-mean-drug-failure","insight","REVIEW_HOLD","Inventory-only snapshot; no page-quality review or exclusion decision has been approved","false","unknown","registry-v1"
"url_0bd3aab2c1f1","https://clinicaltrialfailures.com/insights/phase-3-clinical-trial-failure-signals","insight","REVIEW_HOLD","Inventory-only snapshot; no page-quality review or exclusion decision has been approved","false","unknown","registry-v1"
"url_e873c519b6e0","https://clinicaltrialfailures.com/insights/safety-vs-efficacy-signals-by-clinical-trial-phase","insight","REVIEW_HOLD","Inventory-only snapshot; no page-quality review or exclusion decision has been approved","false","unknown","registry-v1"
"url_e855650dc60d","https://clinicaltrialfailures.com/insights/oncology-volume-vs-biological-failure-signal-share","insight","REVIEW_HOLD","Inventory-only snapshot; no page-quality review or exclusion decision has been approved","false","unknown","registry-v1"
"url_0a4e2fbcd5f4","https://clinicaltrialfailures.com/insights/withdrawn-clinical-trials-rarely-show-biological-failure-signals","insight","REVIEW_HOLD","Inventory-only snapshot; no page-quality review or exclusion decision has been approved","false","unknown","registry-v1"
"url_01f462f4d753","https://clinicaltrialfailures.com/insights/operational-reasons-dominate-stopped-clinical-trials","insight","REVIEW_HOLD","Inventory-only snapshot; no page-quality review or exclusion decision has been approved","false","unknown","registry-v1"
"url_86aa89315dad","https://clinicaltrialfailures.com/insights/enrollment-failure-clinical-trials","insight","REVIEW_HOLD","Inventory-only snapshot; no page-quality review or exclusion decision has been approved","false","unknown","registry-v1"
"url_41e04a906bff","https://clinicaltrialfailures.com/insights/failed-endpoint-clinical-trial-signals","insight","REVIEW_HOLD","Inventory-only snapshot; no page-quality review or exclusion decision has been approved","false","unknown","registry-v1"
"url_afb30f1b0cd4","https://clinicaltrialfailures.com/insights/why-i-would-not-bet-on-clinical-trial-outcomes","insight","REVIEW_HOLD","Inventory-only snapshot; no page-quality review or exclusion decision has been approved","false","unknown","registry-v1"
"url_25863d73775a","https://clinicaltrialfailures.com/insights/efficacy-vs-safety-clinical-trial-failure-signals","insight","REVIEW_HOLD","Inventory-only snapshot; no page-quality review or exclusion decision has been approved","false","unknown","registry-v1"
"url_c275af2030d5","https://clinicaltrialfailures.com/insights/oncology-phase-2-clinical-trial-failure-signals","insight","REVIEW_HOLD","Inventory-only snapshot; no page-quality review or exclusion decision has been approved","false","unknown","registry-v1"
"url_b46d9dbf8f7b","https://clinicaltrialfailures.com/insights/terminated-clinical-trials-are-not-always-failures","insight","REVIEW_HOLD","Inventory-only snapshot; no page-quality review or exclusion decision has been approved","false","unknown","registry-v1"
"url_cdd0ab2d75ac","https://clinicaltrialfailures.com/trial/NCT05155332-a-study-to-test-different-doses-of-bi-1831169-alone-and-in-combination-with-an-a","trial","REVIEW_HOLD","Inventory-only snapshot; no page-quality review or exclusion decision has been approved","false","unknown","registry-v1"
"url_7c4b3ece5d31","https://clinicaltrialfailures.com/trial/NCT04628481-a-study-of-oral-ladarixin-in-recent-onset-type-1-diabetes-and-a-low-residual-cel","trial","REVIEW_HOLD","Inventory-only snapshot; no page-quality review or exclusion decision has been approved","false","unknown","registry-v1"
"url_13f2143988d5","https://clinicaltrialfailures.com/trial/NCT05220098-first-in-human-study-of-tak-280-in-participants-with-solid-tumors","trial","REVIEW_HOLD","Inventory-only snapshot; no page-quality review or exclusion decision has been approved","false","unknown","registry-v1"
"url_53a1d2403473","https://clinicaltrialfailures.com/trial/NCT05534984-study-of-tecovirimat-for-human-mpox-virus","trial","REVIEW_HOLD","Inventory-only snapshot; no page-quality review or exclusion decision has been approved","false","unknown","registry-v1"
"url_a84ebe69a2d1","https://clinicaltrialfailures.com/trial/NCT07100938-a-study-investigating-the-efficacy-and-safety-of-bgb-45035-versus-placebo-in-adu","trial","REVIEW_HOLD","Inventory-only snapshot; no page-quality review or exclusion decision has been approved","false","unknown","registry-v1"
"url_32cfb7ea1e0b","https://clinicaltrialfailures.com/trial/NCT04676360-belantamab-mafodotin-in-plasmablastic-lymphoma-and-alk-large-b-cell-lymphoma","trial","REVIEW_HOLD","Inventory-only snapshot; no page-quality review or exclusion decision has been approved","false","unknown","registry-v1"
"url_c3f59d2ccfb4","https://clinicaltrialfailures.com/trial/NCT04491526-study-to-prevent-postoperative-urinary-retention","trial","REVIEW_HOLD","Inventory-only snapshot; no page-quality review or exclusion decision has been approved","false","unknown","registry-v1"
"url_f5ff4811ff0b","https://clinicaltrialfailures.com/trial/NCT03953677-evaluation-of-the-effect-of-dexmedetomidine-on-phenylephrine-response-during-ref","trial","REVIEW_HOLD","Inventory-only snapshot; no page-quality review or exclusion decision has been approved","false","unknown","registry-v1"
"url_e5ff97be8bec","https://clinicaltrialfailures.com/trial/NCT04221451-a-multinational-randomized-double-blind-placebo-controlled-study-to-assess-the-e","trial","REVIEW_HOLD","Inventory-only snapshot; no page-quality review or exclusion decision has been approved","false","unknown","registry-v1"
"url_822653dd33d9","https://clinicaltrialfailures.com/trial/NCT04150029-a-study-of-mbg453-in-combination-with-azacitidine-and-venetoclax-in-aml-patients","trial","REVIEW_HOLD","Inventory-only snapshot; no page-quality review or exclusion decision has been approved","false","unknown","registry-v1"
"url_ccc4c05dc427","https://clinicaltrialfailures.com/trial/NCT05370885-ve202-in-patients-with-mild-to-moderate-ulcerative-colitis","trial","REVIEW_HOLD","Inventory-only snapshot; no page-quality review or exclusion decision has been approved","false","unknown","registry-v1"
"url_8736e23e1ef2","https://clinicaltrialfailures.com/trial/NCT05583110-efficacy-and-safety-of-the-combination-of-trastuzumab-plus-tucatinib-plus-vinore","trial","REVIEW_HOLD","Inventory-only snapshot; no page-quality review or exclusion decision has been approved","false","unknown","registry-v1"
"url_9601c692d407","https://clinicaltrialfailures.com/trial/NCT05918978-open-label-extension-of-efgartigimod-in-adults-with-post-covid-19-pots","trial","REVIEW_HOLD","Inventory-only snapshot; no page-quality review or exclusion decision has been approved","false","unknown","registry-v1"
"url_232ef3e5f835","https://clinicaltrialfailures.com/trial/NCT03584516-gravitas-309-itacitinib-and-corticosteroids-as-initial-treatment-for-chronic-gra","trial","REVIEW_HOLD","Inventory-only snapshot; no page-quality review or exclusion decision has been approved","false","unknown","registry-v1"
"url_70bb90bee7d2","https://clinicaltrialfailures.com/trial/NCT05672199-long-term-safety-and-efficacy-of-efavaleukin-alfa-in-participants-with-moderatel","trial","REVIEW_HOLD","Inventory-only snapshot; no page-quality review or exclusion decision has been approved","false","unknown","registry-v1"
"url_0807166efae5","https://clinicaltrialfailures.com/trial/NCT04925960-oral-epalrestat-therapy-in-pediatric-subjects-with-pmm2-cdg","trial","REVIEW_HOLD","Inventory-only snapshot; no page-quality review or exclusion decision has been approved","false","unknown","registry-v1"
"url_c6abe4c611fc","https://clinicaltrialfailures.com/trial/NCT05193994-triumeq-in-amyotrophic-lateral-sclerosis","trial","REVIEW_HOLD","Inventory-only snapshot; no page-quality review or exclusion decision has been approved","false","unknown","registry-v1"
"url_49fe7cf67740","https://clinicaltrialfailures.com/trial/NCT01602822-safety-and-acceptability-study-of-non-occupational-prophylaxis-pep-following-pot","trial","REVIEW_HOLD","Inventory-only snapshot; no page-quality review or exclusion decision has been approved","false","unknown","registry-v1"
"url_45807f826e64","https://clinicaltrialfailures.com/trial/NCT05182476-study-to-evaluate-the-efficacy-safety-and-tolerability-of-luvadaxistat-in-partic","trial","REVIEW_HOLD","Inventory-only snapshot; no page-quality review or exclusion decision has been approved","false","unknown","registry-v1"
"url_b25018074a01","https://clinicaltrialfailures.com/trial/NCT04921358-tislelizumab-in-combination-with-sitravatinib-in-participants-with-locally-advan","trial","REVIEW_HOLD","Inventory-only snapshot; no page-quality review or exclusion decision has been approved","false","unknown","registry-v1"
"url_14ad93f4e0fa","https://clinicaltrialfailures.com/trial/NCT02848001-a-dose-finding-study-of-cc-90009-in-subjects-with-relapsed-or-refractory-acute-m","trial","REVIEW_HOLD","Inventory-only snapshot; no page-quality review or exclusion decision has been approved","false","unknown","registry-v1"
"url_383d70e480fe","https://clinicaltrialfailures.com/trial/NCT04181762-study-of-safety-efficacy-and-tolerability-of-secukinumab-versus-placebo-in-combi","trial","REVIEW_HOLD","Inventory-only snapshot; no page-quality review or exclusion decision has been approved","false","unknown","registry-v1"
"url_ae1cab90a288","https://clinicaltrialfailures.com/trial/NCT05429762-effect-of-tusamitamab-ravtansine-on-qtc-interval-in-participants-with-metastatic","trial","REVIEW_HOLD","Inventory-only snapshot; no page-quality review or exclusion decision has been approved","false","unknown","registry-v1"
"url_9981a7614db8","https://clinicaltrialfailures.com/trial/NCT04840199-a-study-to-evaluate-the-anti-inflammatory-effects-of-letermovir-prevymis-in-adul","trial","REVIEW_HOLD","Inventory-only snapshot; no page-quality review or exclusion decision has been approved","false","unknown","registry-v1"
"url_7f58ef611ea1","https://clinicaltrialfailures.com/trial/NCT04059406-study-to-evaluate-the-efficacy-safety-tolerability-pharmacokinetics-and-pharmaco","trial","REVIEW_HOLD","Inventory-only snapshot; no page-quality review or exclusion decision has been approved","false","unknown","registry-v1"
"url_33938abce982","https://clinicaltrialfailures.com/trial/NCT04046848-safety-and-pharmacokinetics-of-subcutaneous-injection-of-octa101-in-adult-patien","trial","REVIEW_HOLD","Inventory-only snapshot; no page-quality review or exclusion decision has been approved","false","unknown","registry-v1"
"url_ab8de1d96216","https://clinicaltrialfailures.com/trial/NCT05241613-a-study-of-ac176-for-the-treatment-of-metastatic-castration-resistant-prostate-c","trial","REVIEW_HOLD","Inventory-only snapshot; no page-quality review or exclusion decision has been approved","false","unknown","registry-v1"
"url_56004a224b95","https://clinicaltrialfailures.com/trial/NCT05123586-a-imma-master-protocol-a-study-of-ly3361237-in-participants-with-at-least-modera","trial","REVIEW_HOLD","Inventory-only snapshot; no page-quality review or exclusion decision has been approved","false","unknown","registry-v1"
"url_10ba6289802b","https://clinicaltrialfailures.com/trial/NCT05049863-chemotherapy-in-patients-with-relapsed-small-cell-lung-cancer-in-combination-wit","trial","REVIEW_HOLD","Inventory-only snapshot; no page-quality review or exclusion decision has been approved","false","unknown","registry-v1"
"url_d5c0744499cc","https://clinicaltrialfailures.com/trial/NCT02495233-a-study-of-asp2215-in-combination-with-erlotinib-in-subjects-with-epidermal-grow","trial","REVIEW_HOLD","Inventory-only snapshot; no page-quality review or exclusion decision has been approved","false","unknown","registry-v1"
"url_e8a1211a8c74","https://clinicaltrialfailures.com/trial/NCT04937738-perioperative-chemotherapy-in-gastric-cancer","trial","REVIEW_HOLD","Inventory-only snapshot; no page-quality review or exclusion decision has been approved","false","unknown","registry-v1"
"url_209af7bd7a2f","https://clinicaltrialfailures.com/trial/NCT05238025-mva-bn-rsv-vaccine-trial","trial","REVIEW_HOLD","Inventory-only snapshot; no page-quality review or exclusion decision has been approved","false","unknown","registry-v1"
"url_f40d5206c63f","https://clinicaltrialfailures.com/trial/NCT02994953-a-phase-ib-study-to-evaluate-the-safety-tolerability-and-pharmacokinetics-pk-of-","trial","REVIEW_HOLD","Inventory-only snapshot; no page-quality review or exclusion decision has been approved","false","unknown","registry-v1"
"url_3f493e132eeb","https://clinicaltrialfailures.com/trial/NCT03720717-baclofen-as-a-perioperative-analgesic-adjuvant","trial","REVIEW_HOLD","Inventory-only snapshot; no page-quality review or exclusion decision has been approved","false","unknown","registry-v1"
"url_b91d4813cbba","https://clinicaltrialfailures.com/trial/NCT04390152-safety-and-efficacy-of-intravenous-wharton-s-jelly-derived-mesenchymal-stem-cell","trial","REVIEW_HOLD","Inventory-only snapshot; no page-quality review or exclusion decision has been approved","false","unknown","registry-v1"
"url_36a2d4892bcc","https://clinicaltrialfailures.com/trial/NCT04934670-a-study-to-compare-t-guard-vs-ruxolitinib-for-treatment-of-steroid-refractory-ac","trial","REVIEW_HOLD","Inventory-only snapshot; no page-quality review or exclusion decision has been approved","false","unknown","registry-v1"
"url_f6e951f04474","https://clinicaltrialfailures.com/trial/NCT03743246-a-study-to-evaluate-the-safety-and-efficacy-of-jcar017-in-pediatric-subjects-wit","trial","REVIEW_HOLD","Inventory-only snapshot; no page-quality review or exclusion decision has been approved","false","unknown","registry-v1"
"url_181d48cd551b","https://clinicaltrialfailures.com/trial/NCT04534283-a-basket-trial-of-an-erk1-2-inhibitor-ly3214996-in-combination-with-abemaciclib","trial","REVIEW_HOLD","Inventory-only snapshot; no page-quality review or exclusion decision has been approved","false","unknown","registry-v1"
"url_316f296c27ff","https://clinicaltrialfailures.com/trial/NCT03323398-dose-escalation-and-efficacy-study-of-mrna-2416-for-intratumoral-injection-alone","trial","REVIEW_HOLD","Inventory-only snapshot; no page-quality review or exclusion decision has been approved","false","unknown","registry-v1"
"url_f348022878ae","https://clinicaltrialfailures.com/trial/NCT05564429-18f-sf12051-for-imaging-the-18-kda-translocator-protein-tspo-in-brain-and-whole-","trial","REVIEW_HOLD","Inventory-only snapshot; no page-quality review or exclusion decision has been approved","false","unknown","registry-v1"
"url_ea5843c897f4","https://clinicaltrialfailures.com/trial/NCT03599622-an-investigational-study-of-experimental-medication-bms-986165-in-participants-w","trial","REVIEW_HOLD","Inventory-only snapshot; no page-quality review or exclusion decision has been approved","false","unknown","registry-v1"
"url_2474e66809fe","https://clinicaltrialfailures.com/trial/NCT03062540-safety-and-efficacy-study-of-tnx-102-sl-in-patients-with-military-related-ptsd","trial","REVIEW_HOLD","Inventory-only snapshot; no page-quality review or exclusion decision has been approved","false","unknown","registry-v1"
"url_03e1617ab8c0","https://clinicaltrialfailures.com/trial/NCT01199367-safety-tolerability-and-efficacy-study-in-subjects-with-advanced-or-metastatic-b","trial","REVIEW_HOLD","Inventory-only snapshot; no page-quality review or exclusion decision has been approved","false","unknown","registry-v1"
"url_89ee26d0db2b","https://clinicaltrialfailures.com/trial/NCT05625347-study-to-compare-the-pharmacokinetics-and-pharmacodynamics-of-asa-powder-for-ora","trial","REVIEW_HOLD","Inventory-only snapshot; no page-quality review or exclusion decision has been approved","false","unknown","registry-v1"
"url_47c2de4875ab","https://clinicaltrialfailures.com/trial/NCT04430348-ptx-35-in-patients-with-advanced-solid-tumors","trial","REVIEW_HOLD","Inventory-only snapshot; no page-quality review or exclusion decision has been approved","false","unknown","registry-v1"
"url_a4070fe3a4c0","https://clinicaltrialfailures.com/trial/NCT04913675-intramuscular-and-intravenous-vir-7831-sotrovimab-for-mild-moderate-covid-19","trial","REVIEW_HOLD","Inventory-only snapshot; no page-quality review or exclusion decision has been approved","false","unknown","registry-v1"
"url_c04080d969d0","https://clinicaltrialfailures.com/trial/NCT03443973-safety-and-efficacy-study-of-gantenerumab-in-participants-with-early-alzheimer-s","trial","REVIEW_HOLD","Inventory-only snapshot; no page-quality review or exclusion decision has been approved","false","unknown","registry-v1"
"url_b60f36348704","https://clinicaltrialfailures.com/trial/NCT05760781-to-evaluate-the-safety-and-efficacy-of-stsg-0002-injection-in-patients-with-chro","trial","REVIEW_HOLD","Inventory-only snapshot; no page-quality review or exclusion decision has been approved","false","unknown","registry-v1"
"url_eb2807a9dfcb","https://clinicaltrialfailures.com/trial/NCT02312206-the-vital-amyloidosis-study-a-global-phase-3-efficacy-and-safety-study-of-neod00","trial","REVIEW_HOLD","Inventory-only snapshot; no page-quality review or exclusion decision has been approved","false","unknown","registry-v1"
"url_5a7ea08bb33f","https://clinicaltrialfailures.com/trial/NCT04729608-batiraxcept-avb-s6-500-placebo-in-combination-with-paclitaxel-in-patients-with-p","trial","REVIEW_HOLD","Inventory-only snapshot; no page-quality review or exclusion decision has been approved","false","unknown","registry-v1"
"url_2f1c6ac74a48","https://clinicaltrialfailures.com/trial/NCT04002310-a-study-to-test-how-well-different-doses-of-bi-754132-are-tolerated-in-patients-","trial","REVIEW_HOLD","Inventory-only snapshot; no page-quality review or exclusion decision has been approved","false","unknown","registry-v1"
"url_cb0e20165c3b","https://clinicaltrialfailures.com/trial/NCT05517837-a-phase-1-first-in-human-study-of-bms-986421-in-healthy-participants","trial","REVIEW_HOLD","Inventory-only snapshot; no page-quality review or exclusion decision has been approved","false","unknown","registry-v1"
"url_ab85d73ed02c","https://clinicaltrialfailures.com/trial/NCT00176644-phase-ii-trial-of-transdermal-estradiol-for-hormone-refractory-prostate-cancer","trial","REVIEW_HOLD","Inventory-only snapshot; no page-quality review or exclusion decision has been approved","false","unknown","registry-v1"
"url_4a905a214cd0","https://clinicaltrialfailures.com/trial/NCT00493831-analysis-of-lipid-biomarkers-of-exposure-and-host-response","trial","REVIEW_HOLD","Inventory-only snapshot; no page-quality review or exclusion decision has been approved","false","unknown","registry-v1"
"url_ba359d45d28f","https://clinicaltrialfailures.com/trial/NCT01044745-rituximab-in-preventing-acute-graft-versus-host-disease-in-a-donor-stem-cell-tra","trial","REVIEW_HOLD","Inventory-only snapshot; no page-quality review or exclusion decision has been approved","false","unknown","registry-v1"
"url_e91c791a785a","https://clinicaltrialfailures.com/trial/NCT03682055-phase-1-2a-study-of-vk-2019-in-patients-with-epstein-barr-virus-ebv-positive-nas","trial","REVIEW_HOLD","Inventory-only snapshot; no page-quality review or exclusion decision has been approved","false","unknown","registry-v1"
"url_d821229565ca","https://clinicaltrialfailures.com/trial/NCT04882176-a-clinical-study-preliminary-efficacy-of-lm-061-tablet-in-subjects-with-advanced","trial","REVIEW_HOLD","Inventory-only snapshot; no page-quality review or exclusion decision has been approved","false","unknown","registry-v1"
"url_82378a9fc978","https://clinicaltrialfailures.com/trial/NCT03637764-safety-preliminary-efficacy-and-pk-of-isatuximab-sar650984-alone-or-in-combinati","trial","REVIEW_HOLD","Inventory-only snapshot; no page-quality review or exclusion decision has been approved","false","unknown","registry-v1"
"url_747958bfc48d","https://clinicaltrialfailures.com/trial/NCT04775680-study-of-adg106-in-combination-with-pd-1-antibody-in-advanced-or-metastatic-soli","trial","REVIEW_HOLD","Inventory-only snapshot; no page-quality review or exclusion decision has been approved","false","unknown","registry-v1"
"url_733c1e5cf8bd","https://clinicaltrialfailures.com/trial/NCT02332928-melatonin-supplementation-for-cancer-related-fatigue-in-patients-receiving-radio","trial","REVIEW_HOLD","Inventory-only snapshot; no page-quality review or exclusion decision has been approved","false","unknown","registry-v1"
"url_7b324c72f299","https://clinicaltrialfailures.com/trial/NCT03878927-cpx-351-go-in-subjects-55-years-old-or-older-with-aml","trial","REVIEW_HOLD","Inventory-only snapshot; no page-quality review or exclusion decision has been approved","false","unknown","registry-v1"
"url_8da73dbdd6bc","https://clinicaltrialfailures.com/trial/NCT03802630-assessing-the-efficacy-and-safety-of-brolucizumab-versus-aflibercept-in-patients","trial","REVIEW_HOLD","Inventory-only snapshot; no page-quality review or exclusion decision has been approved","false","unknown","registry-v1"
"url_daa3af49d017","https://clinicaltrialfailures.com/trial/NCT03810313-assessing-the-efficacy-and-safety-of-brolucizumab-versus-aflibercept-in-patients","trial","REVIEW_HOLD","Inventory-only snapshot; no page-quality review or exclusion decision has been approved","false","unknown","registry-v1"
"url_704475154292","https://clinicaltrialfailures.com/trial/NCT02717442-study-of-oto-104-in-subjects-with-unilateral-meniere-s-disease","trial","REVIEW_HOLD","Inventory-only snapshot; no page-quality review or exclusion decision has been approved","false","unknown","registry-v1"
"url_484449e6059e","https://clinicaltrialfailures.com/trial/NCT00849667-efficacy-and-safety-of-farletuzumab-morab-003-in-combination-with-carboplatin-an","trial","REVIEW_HOLD","Inventory-only snapshot; no page-quality review or exclusion decision has been approved","false","unknown","registry-v1"
"url_c3a481963d34","https://clinicaltrialfailures.com/trial/NCT02871297-long-term-open-label-flexible-dose-extension-study-of-vortioxetine-in-child-and-","trial","REVIEW_HOLD","Inventory-only snapshot; no page-quality review or exclusion decision has been approved","false","unknown","registry-v1"
"url_090e8b7919e7","https://clinicaltrialfailures.com/trial/NCT04088591-high-dose-intravenous-vitamin-c-as-an-adjunctive-treatment-for-sepsis-in-rwanda","trial","REVIEW_HOLD","Inventory-only snapshot; no page-quality review or exclusion decision has been approved","false","unknown","registry-v1"
"url_839ee9ca40a8","https://clinicaltrialfailures.com/trial/NCT03955471-study-to-evaluate-the-efficacy-and-safety-of-the-combination-of-niraparib-and-do","trial","REVIEW_HOLD","Inventory-only snapshot; no page-quality review or exclusion decision has been approved","false","unknown","registry-v1"
"url_c92f4593ed16","https://clinicaltrialfailures.com/trial/NCT04447235-early-treatment-with-ivermectin-and-losartan-for-cancer-patients-with-covid-19-i","trial","REVIEW_HOLD","Inventory-only snapshot; no page-quality review or exclusion decision has been approved","false","unknown","registry-v1"
"url_ddca3af1f724","https://clinicaltrialfailures.com/trial/NCT01560585-open-label-study-of-isotretinoin-in-mild-to-moderate-alzheimer-s-disease","trial","REVIEW_HOLD","Inventory-only snapshot; no page-quality review or exclusion decision has been approved","false","unknown","registry-v1"
"url_f5c3f5dcf23a","https://clinicaltrialfailures.com/trial/NCT04428047-evaluation-of-bintrafusp-alfa-in-operable-and-untreated-head-and-neck-squamous-c","trial","REVIEW_HOLD","Inventory-only snapshot; no page-quality review or exclusion decision has been approved","false","unknown","registry-v1"
"url_00fa1ae8eb46","https://clinicaltrialfailures.com/trial/NCT03028740-aurora-a-study-for-the-efficacy-and-safety-of-cenicriviroc-cvc-for-the-treatment","trial","REVIEW_HOLD","Inventory-only snapshot; no page-quality review or exclusion decision has been approved","false","unknown","registry-v1"
"url_d2a0002f6c8f","https://clinicaltrialfailures.com/trial/NCT05051150-epinephrine-infusion-for-prophylaxis-against-maternal-hypotension-during-caesare","trial","REVIEW_HOLD","Inventory-only snapshot; no page-quality review or exclusion decision has been approved","false","unknown","registry-v1"
"url_a1acc58ca4cc","https://clinicaltrialfailures.com/trial/NCT03181828-manipulating-the-gut-microbiome-study","trial","REVIEW_HOLD","Inventory-only snapshot; no page-quality review or exclusion decision has been approved","false","unknown","registry-v1"
"url_4134c67251e5","https://clinicaltrialfailures.com/trial/NCT03797261-a-study-of-venetoclax-and-amg-176-in-patients-with-relapsed-refractory-hematolog","trial","REVIEW_HOLD","Inventory-only snapshot; no page-quality review or exclusion decision has been approved","false","unknown","registry-v1"
"url_2b7f9444a86d","https://clinicaltrialfailures.com/trial/NCT02982668-optimizing-early-enteral-nutrition-in-severe-stroke","trial","REVIEW_HOLD","Inventory-only snapshot; no page-quality review or exclusion decision has been approved","false","unknown","registry-v1"
"url_d4488406bda7","https://clinicaltrialfailures.com/trial/NCT03297294-safety-and-efficacy-of-ema401-in-patients-with-painful-diabetic-neuropathy-pdn","trial","REVIEW_HOLD","Inventory-only snapshot; no page-quality review or exclusion decision has been approved","false","unknown","registry-v1"
"url_f1e7edf2a8bc","https://clinicaltrialfailures.com/trial/NCT02907918-neoadjuvant-study-of-palbociclib-in-combination-with-letrozole-and-trastuzumab-i","trial","REVIEW_HOLD","Inventory-only snapshot; no page-quality review or exclusion decision has been approved","false","unknown","registry-v1"
"url_bf272116ac27","https://clinicaltrialfailures.com/trial/NCT03388164-adherence-to-antidepressant-treatment-in-subjects-with-depression","trial","REVIEW_HOLD","Inventory-only snapshot; no page-quality review or exclusion decision has been approved","false","unknown","registry-v1"
"url_b784a00b8a5c","https://clinicaltrialfailures.com/trial/NCT04435717-efficacy-of-tocilizumab-in-modifying-the-inflammatory-parameters-of-patients-wit","trial","REVIEW_HOLD","Inventory-only snapshot; no page-quality review or exclusion decision has been approved","false","unknown","registry-v1"
"url_6e408e6853d2","https://clinicaltrialfailures.com/trial/NCT01436175-spd489-adult-major-depressive-disorder-mdd-open-label-safety-and-tolerability-ro","trial","REVIEW_HOLD","Inventory-only snapshot; no page-quality review or exclusion decision has been approved","false","unknown","registry-v1"
"url_f4de45535e8f","https://clinicaltrialfailures.com/trial/NCT03907072-efficacy-and-safety-study-of-wve-210201-suvodirsen-with-open-label-extension-in-","trial","REVIEW_HOLD","Inventory-only snapshot; no page-quality review or exclusion decision has been approved","false","unknown","registry-v1"
"url_fc20379f4593","https://clinicaltrialfailures.com/trial/NCT02055690-pazofos-phase-ib-and-phase-ii-trial-of-pazopanib-fosbretabulin-in-advanced-recur","trial","REVIEW_HOLD","Inventory-only snapshot; no page-quality review or exclusion decision has been approved","false","unknown","registry-v1"
"url_95046402558d","https://clinicaltrialfailures.com/trial/NCT01098240-a-study-of-the-efficacy-and-safety-of-cp-601-927-augmentation-of-antidepressant-","trial","REVIEW_HOLD","Inventory-only snapshot; no page-quality review or exclusion decision has been approved","false","unknown","registry-v1"
"url_1f56f27f0e94","https://clinicaltrialfailures.com/trial/NCT03419403-unite-study-understanding-new-interventions-with-gbm-therapy","trial","REVIEW_HOLD","Inventory-only snapshot; no page-quality review or exclusion decision has been approved","false","unknown","registry-v1"
"url_9d34d1939046","https://clinicaltrialfailures.com/trial/NCT02980874-suprachoroidal-injection-of-triamcinolone-acetonide-with-ivt-aflibercept-in-subj","trial","REVIEW_HOLD","Inventory-only snapshot; no page-quality review or exclusion decision has been approved","false","unknown","registry-v1"
"url_a1b9d49f29e5","https://clinicaltrialfailures.com/trial/NCT03250689-randomized-study-evaluating-the-effect-of-danirixin-on-neutrophil-extracellular-","trial","REVIEW_HOLD","Inventory-only snapshot; no page-quality review or exclusion decision has been approved","false","unknown","registry-v1"
"url_52067fa52deb","https://clinicaltrialfailures.com/trial/NCT00130312-effect-of-sulodexide-in-overt-diabetic-nephropathy","trial","REVIEW_HOLD","Inventory-only snapshot; no page-quality review or exclusion decision has been approved","false","unknown","registry-v1"
"url_543344b814b9","https://clinicaltrialfailures.com/trial/NCT03376139-zonisamide-outpatient-study","trial","REVIEW_HOLD","Inventory-only snapshot; no page-quality review or exclusion decision has been approved","false","unknown","registry-v1"
"url_49c128325b46","https://clinicaltrialfailures.com/trial/NCT03342859-mode-of-action-study-of-vilaprisan-and-ulipristal-acetate-in-patients-with-uteri","trial","REVIEW_HOLD","Inventory-only snapshot; no page-quality review or exclusion decision has been approved","false","unknown","registry-v1"
"url_c99cdab0c08f","https://clinicaltrialfailures.com/trial/NCT03565315-phase-i-study-to-evaluate-a-human-monoclonal-antibody-mab-10e8vls-administered-a","trial","REVIEW_HOLD","Inventory-only snapshot; no page-quality review or exclusion decision has been approved","false","unknown","registry-v1"
"url_5a9ea94871b7","https://clinicaltrialfailures.com/trial/NCT02489097-international-substudy-enigma2-on-postoperative-cognitive-disorders","trial","REVIEW_HOLD","Inventory-only snapshot; no page-quality review or exclusion decision has been approved","false","unknown","registry-v1"
"url_5eb1ca06c2be","https://clinicaltrialfailures.com/trial/NCT03573505-an-efficacy-and-safety-study-of-bg00011-in-participants-with-idiopathic-pulmonar","trial","REVIEW_HOLD","Inventory-only snapshot; no page-quality review or exclusion decision has been approved","false","unknown","registry-v1"
"url_5a2ec51ff08a","https://clinicaltrialfailures.com/trial/NCT03013127-a-study-of-pembrolizumab-in-patients-with-relapsed-or-metastatic-osteosarcoma-no","trial","REVIEW_HOLD","Inventory-only snapshot; no page-quality review or exclusion decision has been approved","false","unknown","registry-v1"
"url_ab978162345e","https://clinicaltrialfailures.com/trial/NCT01697293-ptx-200-paclitaxel-doxorubicin-hydrochloride-and-cyclophosphamide-in-treating-pa","trial","REVIEW_HOLD","Inventory-only snapshot; no page-quality review or exclusion decision has been approved","false","unknown","registry-v1"
"url_ca0ea8655c34","https://clinicaltrialfailures.com/trial/NCT01677572-multiple-dose-study-of-aducanumab-biib037-recombinant-fully-human-anti-a-igg1-ma","trial","REVIEW_HOLD","Inventory-only snapshot; no page-quality review or exclusion decision has been approved","false","unknown","registry-v1"
"url_1948278d19f4","https://clinicaltrialfailures.com/trial/NCT02670083-a-study-evaluating-the-efficacy-and-safety-of-crenezumab-versus-placebo-in-parti","trial","REVIEW_HOLD","Inventory-only snapshot; no page-quality review or exclusion decision has been approved","false","unknown","registry-v1"
"url_b6eab1fcbc22","https://clinicaltrialfailures.com/trial/NCT03501069-a-study-to-evaluate-the-safety-tolerability-pharmacokinetics-pk-and-pharmacodyna","trial","REVIEW_HOLD","Inventory-only snapshot; no page-quality review or exclusion decision has been approved","false","unknown","registry-v1"
"url_573a82fed776","https://clinicaltrialfailures.com/trial/NCT03354637-a-study-of-ati-50002-topical-solution-for-the-treatment-of-alopecia-areata","trial","REVIEW_HOLD","Inventory-only snapshot; no page-quality review or exclusion decision has been approved","false","unknown","registry-v1"
"url_7d85f7c01847","https://clinicaltrialfailures.com/trial/NCT04252417-hi-study-to-assess-and-compare-the-pharmacokinetic-parameters-of-md1003-in-hepat","trial","REVIEW_HOLD","Inventory-only snapshot; no page-quality review or exclusion decision has been approved","false","unknown","registry-v1"
"url_f5505f38bde9","https://clinicaltrialfailures.com/trial/NCT04252430-ri-study-to-assess-and-compare-the-pharmacokinetic-parameters-of-md1003-in-renal","trial","REVIEW_HOLD","Inventory-only snapshot; no page-quality review or exclusion decision has been approved","false","unknown","registry-v1"
"url_0fd6cfdc418c","https://clinicaltrialfailures.com/trial/NCT03053063-safety-and-efficacy-of-selonsertib-in-adults-with-compensated-cirrhosis-due-to-n","trial","REVIEW_HOLD","Inventory-only snapshot; no page-quality review or exclusion decision has been approved","false","unknown","registry-v1"
"url_00a8e57908f0","https://clinicaltrialfailures.com/trial/NCT02622724-efficacy-and-safety-of-fp-1201-lyo-interferon-beta-1a-in-patients-having-acute-r","trial","REVIEW_HOLD","Inventory-only snapshot; no page-quality review or exclusion decision has been approved","false","unknown","registry-v1"
"url_9c366df5cb7b","https://clinicaltrialfailures.com/trial/NCT01077518-ofatumumab-bendamustine-combination-compared-with-bendamustine-monotherapy-in-in","trial","REVIEW_HOLD","Inventory-only snapshot; no page-quality review or exclusion decision has been approved","false","unknown","registry-v1"
"url_a96e51fc0378","https://clinicaltrialfailures.com/trial/NCT03044353-multiple-treatment-session-study-to-assess-gsk2398852-administered-following-and","trial","REVIEW_HOLD","Inventory-only snapshot; no page-quality review or exclusion decision has been approved","false","unknown","registry-v1"
"url_0dfe28ffc326","https://clinicaltrialfailures.com/trial/NCT02020616-a-study-of-the-safety-and-effectiveness-of-ly3053102-in-participants-with-type-2","trial","REVIEW_HOLD","Inventory-only snapshot; no page-quality review or exclusion decision has been approved","false","unknown","registry-v1"
"url_c813fd8fe43a","https://clinicaltrialfailures.com/trial/NCT01599754-adjuvant-axitinib-therapy-of-renal-cell-cancer-in-high-risk-patients","trial","REVIEW_HOLD","Inventory-only snapshot; no page-quality review or exclusion decision has been approved","false","unknown","registry-v1"
"url_de36195196ce","https://clinicaltrialfailures.com/trial/NCT02683148-dhea-in-synovial-sarcoma-patients","trial","REVIEW_HOLD","Inventory-only snapshot; no page-quality review or exclusion decision has been approved","false","unknown","registry-v1"
"url_77b59fb61d39","https://clinicaltrialfailures.com/trial/NCT02605824-clinical-trial-of-nac-in-asthma","trial","REVIEW_HOLD","Inventory-only snapshot; no page-quality review or exclusion decision has been approved","false","unknown","registry-v1"
"url_c8333970f485","https://clinicaltrialfailures.com/trial/NCT03677960-study-of-topical-abi-1968-in-subjects-with-precancerous-anal-lesions-resulting-f","trial","REVIEW_HOLD","Inventory-only snapshot; no page-quality review or exclusion decision has been approved","false","unknown","registry-v1"
"url_58c2fbc61a07","https://clinicaltrialfailures.com/trial/NCT02932488-cerebral-pharmacodynamic-effects-of-5-ht1b-receptor-stimulation","trial","REVIEW_HOLD","Inventory-only snapshot; no page-quality review or exclusion decision has been approved","false","unknown","registry-v1"
"url_b9ce2e365296","https://clinicaltrialfailures.com/trial/NCT01878786-a-pilot-study-comparing-the-safety-and-efficacy-of-everolimus-with-other-medicin","trial","REVIEW_HOLD","Inventory-only snapshot; no page-quality review or exclusion decision has been approved","false","unknown","registry-v1"
"url_ba9babc7adb5","https://clinicaltrialfailures.com/trial/NCT02595840-biomarker-study-accompanying-the-aio-trk-0114-study-marble","trial","REVIEW_HOLD","Inventory-only snapshot; no page-quality review or exclusion decision has been approved","false","unknown","registry-v1"
"url_0af463f8abb0","https://clinicaltrialfailures.com/trial/NCT01072643-sedation-with-dexmedetomidine-during-cardiac-catheterization","trial","REVIEW_HOLD","Inventory-only snapshot; no page-quality review or exclusion decision has been approved","false","unknown","registry-v1"
"url_59cb8fd2a955","https://clinicaltrialfailures.com/trial/NCT00612872-evaluation-of-123i-clinde-and-spect-as-a-marker-of-inflammation-in-subjects-with","trial","REVIEW_HOLD","Inventory-only snapshot; no page-quality review or exclusion decision has been approved","false","unknown","registry-v1"
"url_e99fb4320a47","https://clinicaltrialfailures.com/trial/NCT02058511-infrared-pupillometry-during-general-anesthesia-to-predict-pain","trial","REVIEW_HOLD","Inventory-only snapshot; no page-quality review or exclusion decision has been approved","false","unknown","registry-v1"
"url_b2e101dd9101","https://clinicaltrialfailures.com/trial/NCT02148367-effect-of-recombinant-erythropoietin-on-numbers-of-circulating-endothelial-proge","trial","REVIEW_HOLD","Inventory-only snapshot; no page-quality review or exclusion decision has been approved","false","unknown","registry-v1"
"url_23e3d7bf2d19","https://clinicaltrialfailures.com/trial/NCT01838863-control-of-major-bleeding-after-trauma-study","trial","REVIEW_HOLD","Inventory-only snapshot; no page-quality review or exclusion decision has been approved","false","unknown","registry-v1"
"url_a99f98646efa","https://clinicaltrialfailures.com/trial/NCT02503683-a-study-of-an-investigational-drug-aln-aat-in-healthy-adult-subjects-and-patient","trial","REVIEW_HOLD","Inventory-only snapshot; no page-quality review or exclusion decision has been approved","false","unknown","registry-v1"
"url_4d46135fe30c","https://clinicaltrialfailures.com/trial/NCT02255110-a-japanese-trial-of-th-302-in-subjects-with-locally-advanced-unresectable-or-met","trial","REVIEW_HOLD","Inventory-only snapshot; no page-quality review or exclusion decision has been approved","false","unknown","registry-v1"
"url_a96188074534","https://clinicaltrialfailures.com/trial/NCT01318915-research-study-of-atg-and-rituximab-in-renal-transplantation","trial","REVIEW_HOLD","Inventory-only snapshot; no page-quality review or exclusion decision has been approved","false","unknown","registry-v1"
"url_05fbe9ad1e51","https://clinicaltrialfailures.com/trial/NCT01185548-a-drug-interaction-study-of-tasisulam-in-patients-with-advanced-cancer-or-lympho","trial","REVIEW_HOLD","Inventory-only snapshot; no page-quality review or exclusion decision has been approved","false","unknown","registry-v1"
"url_038cb8310e5c","https://clinicaltrialfailures.com/trial/NCT03399435-a-study-in-healthy-male-volunteers-to-investigate-the-safety-and-tolerability-of","trial","REVIEW_HOLD","Inventory-only snapshot; no page-quality review or exclusion decision has been approved","false","unknown","registry-v1"
"url_d57606c0cb1c","https://clinicaltrialfailures.com/trial/NCT03340558-atezolizumab-monotherapy-vs-atezolizumab-plus-cobimetinib-in-liver-metastases-fr","trial","REVIEW_HOLD","Inventory-only snapshot; no page-quality review or exclusion decision has been approved","false","unknown","registry-v1"
"url_8ae75647330d","https://clinicaltrialfailures.com/trial/NCT01121536-extension-study-of-the-safety-and-efficacy-of-armodafinil-treatment-as-adjunctiv","trial","REVIEW_HOLD","Inventory-only snapshot; no page-quality review or exclusion decision has been approved","false","unknown","registry-v1"
"url_79997af51d8d","https://clinicaltrialfailures.com/trial/NCT01021956-safety-and-preliminary-efficacy-study-of-wst11-stakel-mediated-vtp-therapy-in-su","trial","REVIEW_HOLD","Inventory-only snapshot; no page-quality review or exclusion decision has been approved","false","unknown","registry-v1"
"url_f1f6466f052c","https://clinicaltrialfailures.com/trial/NCT01836549-imetelstat-sodium-in-treating-younger-patients-with-recurrent-or-refractory-brai","trial","REVIEW_HOLD","Inventory-only snapshot; no page-quality review or exclusion decision has been approved","false","unknown","registry-v1"
"url_7d783e4d92dd","https://clinicaltrialfailures.com/trial/NCT00646659-cetuximab-combination-chemotherapy-and-radiation-therapy-in-treating-patients-wi","trial","REVIEW_HOLD","Inventory-only snapshot; no page-quality review or exclusion decision has been approved","false","unknown","registry-v1"
"url_5fd045222855","https://clinicaltrialfailures.com/trial/NCT02041091-a-study-of-tabalumab-ly2127399-using-two-different-injection-methods-in-particip","trial","REVIEW_HOLD","Inventory-only snapshot; no page-quality review or exclusion decision has been approved","false","unknown","registry-v1"
"url_427c344af5d6","https://clinicaltrialfailures.com/trial/NCT00379912-azacitidine-and-erythropoietin-versus-azacitidine-alone-for-patients-with-low-ri","trial","REVIEW_HOLD","Inventory-only snapshot; no page-quality review or exclusion decision has been approved","false","unknown","registry-v1"
"url_73381b56106f","https://clinicaltrialfailures.com/trial/NCT00871689-chemotherapy-total-body-irradiation-donor-natural-killer-cell-infusion-aldesleuk","trial","REVIEW_HOLD","Inventory-only snapshot; no page-quality review or exclusion decision has been approved","false","unknown","registry-v1"
"url_a70b2fd6fbac","https://clinicaltrialfailures.com/trial/NCT00414726-normobaric-oxygen-therapy-in-acute-ischemic-stroke-trial","trial","REVIEW_HOLD","Inventory-only snapshot; no page-quality review or exclusion decision has been approved","false","unknown","registry-v1"
"url_eba196b06d05","https://clinicaltrialfailures.com/trial/NCT02862600-open-label-study-of-perhexiline-in-patients-with-hypertrophic-cardiomyopathy-and","trial","REVIEW_HOLD","Inventory-only snapshot; no page-quality review or exclusion decision has been approved","false","unknown","registry-v1"
"url_301a948d608d","https://clinicaltrialfailures.com/trial/NCT01774851-a-study-of-mm-111-and-paclitaxel-with-trastuzumab-in-patients-her2-positive-carc","trial","REVIEW_HOLD","Inventory-only snapshot; no page-quality review or exclusion decision has been approved","false","unknown","registry-v1"
"url_5781470e99da","https://clinicaltrialfailures.com/trial/NCT01118728-extension-study-for-long-term-evaluation-of-sar153191-regn88-in-patients-with-an","trial","REVIEW_HOLD","Inventory-only snapshot; no page-quality review or exclusion decision has been approved","false","unknown","registry-v1"
"url_5f636df39fce","https://clinicaltrialfailures.com/trial/NCT00895245-fosaprepitant-dimeglumine-palonosetron-hydrochloride-and-dexamethasone-in-preven","trial","REVIEW_HOLD","Inventory-only snapshot; no page-quality review or exclusion decision has been approved","false","unknown","registry-v1"
"url_f3af22b42124","https://clinicaltrialfailures.com/trial/NCT01017601-seneca-valley-virus-001-after-chemotherapy-in-treating-patients-with-extensive-s","trial","REVIEW_HOLD","Inventory-only snapshot; no page-quality review or exclusion decision has been approved","false","unknown","registry-v1"
"url_a443c7417b97","https://clinicaltrialfailures.com/trial/NCT00928772-cranial-electro-therapy-stimulation-in-reducing-perioperative-anxiety","trial","REVIEW_HOLD","Inventory-only snapshot; no page-quality review or exclusion decision has been approved","false","unknown","registry-v1"
"url_2ee2d1da03ed","https://clinicaltrialfailures.com/trial/NCT00358670-long-term-effects-of-infliximab-in-the-treatment-of-moderate-to-severe-psoriasis","trial","REVIEW_HOLD","Inventory-only snapshot; no page-quality review or exclusion decision has been approved","false","unknown","registry-v1"
"url_e9a5050e6de8","https://clinicaltrialfailures.com/trial/NCT02369796-a-phase-2a-pharmacodynamic-study-of-tak-448-in-participants-with-hypogonadotropi","trial","REVIEW_HOLD","Inventory-only snapshot; no page-quality review or exclusion decision has been approved","false","unknown","registry-v1"
"url_1c6f6cff90d1","https://clinicaltrialfailures.com/trial/NCT00853762-atacicept-in-multiple-sclerosis-extension-study-phase-ii","trial","REVIEW_HOLD","Inventory-only snapshot; no page-quality review or exclusion decision has been approved","false","unknown","registry-v1"
"url_52d33a1c0cdc","https://clinicaltrialfailures.com/trial/NCT00366080-effectiveness-of-the-drug-gsk189254-in-treating-patients-with-narcolepsy","trial","REVIEW_HOLD","Inventory-only snapshot; no page-quality review or exclusion decision has been approved","false","unknown","registry-v1"
"url_fba6f77fa7ff","https://clinicaltrialfailures.com/trial/NCT00470535-erlotinib-in-treating-patients-with-stage-iii-or-stage-iv-pancreatic-cancer","trial","REVIEW_HOLD","Inventory-only snapshot; no page-quality review or exclusion decision has been approved","false","unknown","registry-v1"
"url_3fda82a3fb42","https://clinicaltrialfailures.com/trial/NCT00978432-epigenetic-modulation-in-relapsed-refractory-diffuse-large-b-cell-lymphoma-dlbcl","trial","REVIEW_HOLD","Inventory-only snapshot; no page-quality review or exclusion decision has been approved","false","unknown","registry-v1"
"url_49b730b27dcc","https://clinicaltrialfailures.com/trial/NCT01774604-rectal-indomethacin-to-prevent-post-endoscopic-retrograde-cholangiopancreatograp","trial","REVIEW_HOLD","Inventory-only snapshot; no page-quality review or exclusion decision has been approved","false","unknown","registry-v1"
"url_fc4420aec5e8","https://clinicaltrialfailures.com/trial/NCT02454283-safety-and-efficacy-of-vanoxerine-for-the-conversion-of-subjects-with-recent-ons","trial","REVIEW_HOLD","Inventory-only snapshot; no page-quality review or exclusion decision has been approved","false","unknown","registry-v1"
"url_40d5d43a97f3","https://clinicaltrialfailures.com/trial/NCT00912899-a-study-of-noscapine-hcl-cb3304-in-patients-with-relapsed-or-refractory-multiple","trial","REVIEW_HOLD","Inventory-only snapshot; no page-quality review or exclusion decision has been approved","false","unknown","registry-v1"
"url_17b0c534fd96","https://clinicaltrialfailures.com/trial/NCT02539017-the-clinical-significance-of-cellular-immune-adjuvant-therapy-of-triple-negative","trial","REVIEW_HOLD","Inventory-only snapshot; no page-quality review or exclusion decision has been approved","false","unknown","registry-v1"
"url_cb5cd10f10af","https://clinicaltrialfailures.com/trial/NCT00471809-childhood-asthma-research-and-education-care-network-trial-montelukast-or-azithr","trial","REVIEW_HOLD","Inventory-only snapshot; no page-quality review or exclusion decision has been approved","false","unknown","registry-v1"
"url_b6776c68f53e","https://clinicaltrialfailures.com/trial/NCT00702221-safety-and-efficacy-study-of-angiotensin-therapeutic-vaccine-in-subjects-with-mi","trial","REVIEW_HOLD","Inventory-only snapshot; no page-quality review or exclusion decision has been approved","false","unknown","registry-v1"
"url_ad54fb4ff580","https://clinicaltrialfailures.com/trial/NCT01433354-long-term-safety-and-tolerability-study-of-afq056-in-adolescent-patients-with-fr","trial","REVIEW_HOLD","Inventory-only snapshot; no page-quality review or exclusion decision has been approved","false","unknown","registry-v1"
"url_e525731044c5","https://clinicaltrialfailures.com/trial/NCT00318474-mycophenolate-mofetil-mmf-in-patients-with-iga-nephropathy","trial","REVIEW_HOLD","Inventory-only snapshot; no page-quality review or exclusion decision has been approved","false","unknown","registry-v1"
"url_3da5d34b2f2b","https://clinicaltrialfailures.com/trial/NCT00704782-study-of-combination-therapy-with-dimebon-and-donepezil-aricept-in-patients-with","trial","REVIEW_HOLD","Inventory-only snapshot; no page-quality review or exclusion decision has been approved","false","unknown","registry-v1"
"url_f134f1268c5d","https://clinicaltrialfailures.com/trial/NCT00864513-study-of-pemetrexed-for-second-line-pancreas-cancer","trial","REVIEW_HOLD","Inventory-only snapshot; no page-quality review or exclusion decision has been approved","false","unknown","registry-v1"
"url_41598efd14cc","https://clinicaltrialfailures.com/trial/NCT03274258-phase-ii-trial-of-nivolumab-plus-ipilimumab-in-patients-with-renal-medullary-car","trial","REVIEW_HOLD","Inventory-only snapshot; no page-quality review or exclusion decision has been approved","false","unknown","registry-v1"
"url_4983d754c861","https://clinicaltrialfailures.com/trial/NCT00346645-a-phase-ii-study-of-velcade-in-patients-stage-iiib-or-iv-non-small-cell-lung-can","trial","REVIEW_HOLD","Inventory-only snapshot; no page-quality review or exclusion decision has been approved","false","unknown","registry-v1"
"url_2ab331dde2ca","https://clinicaltrialfailures.com/trial/NCT06158100-venetoclax-in-combination-with-azacitidine-ven-aza-followed-by-donor-lymphocyte-","trial","REVIEW_HOLD","Inventory-only snapshot; no page-quality review or exclusion decision has been approved","false","unknown","registry-v1"
"url_0d8e17f15320","https://clinicaltrialfailures.com/trial/NCT06859294-a-study-of-ly3541860-in-adult-participants-with-moderately-to-severely-active-rh","trial","REVIEW_HOLD","Inventory-only snapshot; no page-quality review or exclusion decision has been approved","false","unknown","registry-v1"
"url_ac0016ab252f","https://clinicaltrialfailures.com/trial/NCT05055258-a-trial-to-evaluate-the-efficacy-and-safety-of-different-doses-of-kvd824-for-pro","trial","REVIEW_HOLD","Inventory-only snapshot; no page-quality review or exclusion decision has been approved","false","unknown","registry-v1"
"url_b10b4d73c15d","https://clinicaltrialfailures.com/trial/NCT04663321-efficacy-and-safety-of-mk-1942-when-added-to-stable-antidepressant-therapy-in-pa","trial","REVIEW_HOLD","Inventory-only snapshot; no page-quality review or exclusion decision has been approved","false","unknown","registry-v1"
"url_37e8bcbf22b1","https://clinicaltrialfailures.com/trial/NCT05518110-patch-study-a-phase-2-study-of-trametinib-and-hydroxychloroquine-in-patients-wit","trial","REVIEW_HOLD","Inventory-only snapshot; no page-quality review or exclusion decision has been approved","false","unknown","registry-v1"
"url_d041cd1858a2","https://clinicaltrialfailures.com/trial/NCT07000344-a-study-of-apatinib-combined-with-letrozole-with-or-without-fluzoparib-in-estrog","trial","REVIEW_HOLD","Inventory-only snapshot; no page-quality review or exclusion decision has been approved","false","unknown","registry-v1"
"url_48ccb4153863","https://clinicaltrialfailures.com/trial/NCT04004117-effect-of-sublingual-fentanyl-on-breathlessness-in-copd","trial","REVIEW_HOLD","Inventory-only snapshot; no page-quality review or exclusion decision has been approved","false","unknown","registry-v1"
"url_005b9c656ab6","https://clinicaltrialfailures.com/trial/NCT05744401-a-long-term-extension-study-to-evaluate-safety-tolerability-and-efficacy-of-al00","trial","REVIEW_HOLD","Inventory-only snapshot; no page-quality review or exclusion decision has been approved","false","unknown","registry-v1"
"url_0b13ea223f9e","https://clinicaltrialfailures.com/trial/NCT05785624-a-study-evaluating-the-efficacy-and-safety-of-vixarelimab-in-participants-with-i","trial","REVIEW_HOLD","Inventory-only snapshot; no page-quality review or exclusion decision has been approved","false","unknown","registry-v1"
"url_5a734974afaa","https://clinicaltrialfailures.com/trial/NCT05316116-siltuximab-in-large-granular-lymphocytic-leukemia-lgll","trial","REVIEW_HOLD","Inventory-only snapshot; no page-quality review or exclusion decision has been approved","false","unknown","registry-v1"
"url_9fba76cfe51f","https://clinicaltrialfailures.com/trial/NCT06881823-study-to-assess-177lu-lu-psma-r2-aaa602-and-225ac-ac-psma-r2-aaa802-in-participa","trial","REVIEW_HOLD","Inventory-only snapshot; no page-quality review or exclusion decision has been approved","false","unknown","registry-v1"
"url_f2facef397f3","https://clinicaltrialfailures.com/trial/NCT06418711-icon-1-phase-3-study-of-the-efficacy-and-safety-of-treatment-with-mnkd-101-clofa","trial","REVIEW_HOLD","Inventory-only snapshot; no page-quality review or exclusion decision has been approved","false","unknown","registry-v1"
"url_0f873970f15d","https://clinicaltrialfailures.com/trial/NCT04363801-a-study-of-dkn-01-in-combination-with-tislelizumab-chemotherapy-in-patients-with","trial","REVIEW_HOLD","Inventory-only snapshot; no page-quality review or exclusion decision has been approved","false","unknown","registry-v1"
"url_881b5af989b8","https://clinicaltrialfailures.com/trial/NCT03901469-a-study-of-zen003694-and-talazoparib-in-patients-with-triple-negative-breast-can","trial","REVIEW_HOLD","Inventory-only snapshot; no page-quality review or exclusion decision has been approved","false","unknown","registry-v1"
"url_00845f84bc85","https://clinicaltrialfailures.com/trial/NCT04705051-long-term-treatment-of-autosomal-dominant-polycystic-kidney-disease-adpkd-with-v","trial","REVIEW_HOLD","Inventory-only snapshot; no page-quality review or exclusion decision has been approved","false","unknown","registry-v1"
"url_4128696b5235","https://clinicaltrialfailures.com/trial/NCT04057365-study-of-the-combination-of-dkn-01-and-nivolumab-in-previously-treated-patients-","trial","REVIEW_HOLD","Inventory-only snapshot; no page-quality review or exclusion decision has been approved","false","unknown","registry-v1"
"url_daa7a1994819","https://clinicaltrialfailures.com/trial/NCT04118036-abemaciclib-pembrolizumab-in-glioblastoma","trial","REVIEW_HOLD","Inventory-only snapshot; no page-quality review or exclusion decision has been approved","false","unknown","registry-v1"
"url_12f14421efb4","https://clinicaltrialfailures.com/trial/NCT04875806-a-safety-and-tolerability-study-of-nc762-in-subjects-with-advanced-or-metastatic","trial","REVIEW_HOLD","Inventory-only snapshot; no page-quality review or exclusion decision has been approved","false","unknown","registry-v1"
"url_62304a680903","https://clinicaltrialfailures.com/trial/NCT03520790-paricalcitol-plus-gemcitabine-and-nab-paclitaxel-in-metastatic-pancreatic-cancer","trial","REVIEW_HOLD","Inventory-only snapshot; no page-quality review or exclusion decision has been approved","false","unknown","registry-v1"
"url_5199e5f9a430","https://clinicaltrialfailures.com/trial/NCT04586270-a-study-of-tas0612-in-participants-with-advanced-or-metastatic-solid-tumor-cance","trial","REVIEW_HOLD","Inventory-only snapshot; no page-quality review or exclusion decision has been approved","false","unknown","registry-v1"
"url_851804b26c7f","https://clinicaltrialfailures.com/trial/NCT04495894-pre-incisional-ketorolac-for-patients-undergoing-surgery-for-non-small-cell-lung","trial","REVIEW_HOLD","Inventory-only snapshot; no page-quality review or exclusion decision has been approved","false","unknown","registry-v1"
"url_6789d874463b","https://clinicaltrialfailures.com/trial/NCT01814813-vaccine-therapy-with-bevacizumab-versus-bevacizumab-alone-in-treating-patients-w","trial","REVIEW_HOLD","Inventory-only snapshot; no page-quality review or exclusion decision has been approved","false","unknown","registry-v1"
"url_ea443e73bbd5","https://clinicaltrialfailures.com/trial/NCT04862234-perioperative-stress-hyperglycemia-in-general-and-vascular-surgery-patients","trial","REVIEW_HOLD","Inventory-only snapshot; no page-quality review or exclusion decision has been approved","false","unknown","registry-v1"
"url_b87243e5ffb0","https://clinicaltrialfailures.com/trial/NCT03942419-microdosed-atropine-0-1-and-0-01-ophthalmic-solutions-for-reduction-of-pediatric","trial","REVIEW_HOLD","Inventory-only snapshot; no page-quality review or exclusion decision has been approved","false","unknown","registry-v1"
"url_cb8c1e73c9b8","https://clinicaltrialfailures.com/trial/NCT05694741-a-study-to-assess-safety-tolerability-and-pharmacokinetics-of-azd0186","trial","REVIEW_HOLD","Inventory-only snapshot; no page-quality review or exclusion decision has been approved","false","unknown","registry-v1"
"url_f94294f31fc7","https://clinicaltrialfailures.com/trial/NCT05543707-pbi-0451-pomotrelvir-phase-2-study-in-nonhospitalized-symptomatic-adults-with-co","trial","REVIEW_HOLD","Inventory-only snapshot; no page-quality review or exclusion decision has been approved","false","unknown","registry-v1"
"url_89f1ab156d67","https://clinicaltrialfailures.com/trial/NCT05350163-t-cell-receptor-depleted-donor-lymphocyte-infusion","trial","REVIEW_HOLD","Inventory-only snapshot; no page-quality review or exclusion decision has been approved","false","unknown","registry-v1"
"url_f7d2016f436c","https://clinicaltrialfailures.com/trial/NCT05375760-a-randomized-open-label-dose-ranging-study-in-adults-and-pediatric-individuals-1","trial","REVIEW_HOLD","Inventory-only snapshot; no page-quality review or exclusion decision has been approved","false","unknown","registry-v1"
"url_aa0facacdca4","https://clinicaltrialfailures.com/trial/NCT02964507-dose-escalation-and-expansion-study-of-gsk525762-in-combination-with-fulvestrant","trial","REVIEW_HOLD","Inventory-only snapshot; no page-quality review or exclusion decision has been approved","false","unknown","registry-v1"
"url_d1527a58a72b","https://clinicaltrialfailures.com/trial/NCT05036317-empagliflozin-for-the-treatment-of-postprandial-hypoglycemia","trial","REVIEW_HOLD","Inventory-only snapshot; no page-quality review or exclusion decision has been approved","false","unknown","registry-v1"
"url_1515b3c17dea","https://clinicaltrialfailures.com/trial/NCT05959707-evaluating-the-safety-tolerability-and-pharmacokinetics-of-monoclonal-antibodies","trial","REVIEW_HOLD","Inventory-only snapshot; no page-quality review or exclusion decision has been approved","false","unknown","registry-v1"
"url_c098440d176c","https://clinicaltrialfailures.com/trial/NCT04313881-magrolimab-azacitidine-versus-azacitidine-placebo-in-untreated-participants-with","trial","REVIEW_HOLD","Inventory-only snapshot; no page-quality review or exclusion decision has been approved","false","unknown","registry-v1"
"url_720eec74d2b8","https://clinicaltrialfailures.com/trial/NCT03689244-a-study-to-find-out-if-selexipag-is-effective-and-safe-in-patients-with-chronic-","trial","REVIEW_HOLD","Inventory-only snapshot; no page-quality review or exclusion decision has been approved","false","unknown","registry-v1"
"url_7dec5cc85a11","https://clinicaltrialfailures.com/trial/NCT04759833-a-study-of-prucalopride-for-functional-constipation-in-children-and-teenagers","trial","REVIEW_HOLD","Inventory-only snapshot; no page-quality review or exclusion decision has been approved","false","unknown","registry-v1"
"url_0e3e9442323e","https://clinicaltrialfailures.com/trial/NCT03893019-mb-cart20-1-melanoma","trial","REVIEW_HOLD","Inventory-only snapshot; no page-quality review or exclusion decision has been approved","false","unknown","registry-v1"
"url_103a45f2ee2b","https://clinicaltrialfailures.com/trial/NCT04594707-a-study-to-evaluate-long-term-safety-and-efficacy-of-recombinant-human-pentraxin","trial","REVIEW_HOLD","Inventory-only snapshot; no page-quality review or exclusion decision has been approved","false","unknown","registry-v1"
"url_6ce7d9fb96a6","https://clinicaltrialfailures.com/trial/NCT02771730-study-to-evaluate-the-safety-and-immunogenicity-of-an-oral-hiv-vaccine-in-health","trial","REVIEW_HOLD","Inventory-only snapshot; no page-quality review or exclusion decision has been approved","false","unknown","registry-v1"
"url_3320008ebd34","https://clinicaltrialfailures.com/trial/NCT03818776-proton-based-cardiac-sparing-accelerated-fractionated-radiotherapy-in-unresectab","trial","REVIEW_HOLD","Inventory-only snapshot; no page-quality review or exclusion decision has been approved","false","unknown","registry-v1"
"url_2bfb1389329d","https://clinicaltrialfailures.com/trial/NCT03970837-efficacy-and-safety-of-gsk3196165-versus-placebo-and-tofacitinib-in-participants","trial","REVIEW_HOLD","Inventory-only snapshot; no page-quality review or exclusion decision has been approved","false","unknown","registry-v1"
"url_c964ba5eaa45","https://clinicaltrialfailures.com/trial/NCT03954704-study-of-dalutrafusp-alfa-formerly-gs-1423-in-participants-with-advanced-solid-t","trial","REVIEW_HOLD","Inventory-only snapshot; no page-quality review or exclusion decision has been approved","false","unknown","registry-v1"
"url_03ae8e9d1595","https://clinicaltrialfailures.com/trial/NCT01849874-a-study-of-mek162-vs-physician-s-choice-chemotherapy-in-patients-with-low-grade-","trial","REVIEW_HOLD","Inventory-only snapshot; no page-quality review or exclusion decision has been approved","false","unknown","registry-v1"
"url_20945eef372c","https://clinicaltrialfailures.com/trial/NCT04931862-study-of-wve-004-in-patients-with-c9orf72-associated-amyotrophic-lateral-scleros","trial","REVIEW_HOLD","Inventory-only snapshot; no page-quality review or exclusion decision has been approved","false","unknown","registry-v1"
"url_dad420037ab8","https://clinicaltrialfailures.com/trial/NCT02608411-tivantinib-as-maintenance-treatment-in-extended-small-cell-lung-cancer-times","trial","REVIEW_HOLD","Inventory-only snapshot; no page-quality review or exclusion decision has been approved","false","unknown","registry-v1"
"url_689b26085329","https://clinicaltrialfailures.com/trial/NCT04720664-oral-sm-88-in-patients-with-metastatic-hr-her2-breast-cancer","trial","REVIEW_HOLD","Inventory-only snapshot; no page-quality review or exclusion decision has been approved","false","unknown","registry-v1"
"url_0800c7c84ae6","https://clinicaltrialfailures.com/trial/NCT02882321-oxidative-phosphorylation-inhibitor-iacs-010759-in-treating-patients-with-relaps","trial","REVIEW_HOLD","Inventory-only snapshot; no page-quality review or exclusion decision has been approved","false","unknown","registry-v1"
"url_6c849414f9d1","https://clinicaltrialfailures.com/trial/NCT03522584-durvalumab-tremelimumab-and-hypofractionated-radiation-therapy-in-treating-patie","trial","REVIEW_HOLD","Inventory-only snapshot; no page-quality review or exclusion decision has been approved","false","unknown","registry-v1"
"url_6ed44dcca374","https://clinicaltrialfailures.com/trial/NCT03397394-rucaparib-in-patients-with-locally-advanced-or-metastatic-urothelial-carcinoma","trial","REVIEW_HOLD","Inventory-only snapshot; no page-quality review or exclusion decision has been approved","false","unknown","registry-v1"
"url_91c9e5ce6aa8","https://clinicaltrialfailures.com/trial/NCT00946712-s0819-carboplatin-and-paclitaxel-with-or-without-bevacizumab-and-or-cetuximab-in","trial","REVIEW_HOLD","Inventory-only snapshot; no page-quality review or exclusion decision has been approved","false","unknown","registry-v1"
"url_45d3ef823c83","https://clinicaltrialfailures.com/trial/NCT03823131-optimizing-antitumor-immunity-using-plasmid-electroporation-pembrolizumab-and-ep","trial","REVIEW_HOLD","Inventory-only snapshot; no page-quality review or exclusion decision has been approved","false","unknown","registry-v1"
"url_91b7bf3d2f39","https://clinicaltrialfailures.com/trial/NCT03790111-a-safety-and-efficacy-study-of-xermelo-first-line-chemotherapy-in-patients-with-","trial","REVIEW_HOLD","Inventory-only snapshot; no page-quality review or exclusion decision has been approved","false","unknown","registry-v1"
"url_8a63d6d90c4c","https://clinicaltrialfailures.com/trial/NCT04866069-study-of-a-severe-acute-respiratory-syndrome-coronavirus-2-sars-cov-2-adjuvanted","trial","REVIEW_HOLD","Inventory-only snapshot; no page-quality review or exclusion decision has been approved","false","unknown","registry-v1"
"url_376dfac1f0ad","https://clinicaltrialfailures.com/trial/NCT03642132-avelumab-and-talazoparib-in-untreated-advanced-ovarian-cancer-javelin-ovarian-pa","trial","REVIEW_HOLD","Inventory-only snapshot; no page-quality review or exclusion decision has been approved","false","unknown","registry-v1"
"url_92da3d941125","https://clinicaltrialfailures.com/trial/NCT02623504-db-maintenance-of-equetro-carbamazepine-in-children-with-acute-manic-or-mixed-bi","trial","REVIEW_HOLD","Inventory-only snapshot; no page-quality review or exclusion decision has been approved","false","unknown","registry-v1"
"url_2bb89ca1dade","https://clinicaltrialfailures.com/trial/NCT04791319-a-study-of-bermekimab-jnj-77474462-in-the-treatment-of-participants-with-moderat","trial","REVIEW_HOLD","Inventory-only snapshot; no page-quality review or exclusion decision has been approved","false","unknown","registry-v1"
"url_53a95a5e22f9","https://clinicaltrialfailures.com/trial/NCT03504410-efficacy-safety-of-cpi-613-in-combination-with-hd-cyt-and-mito-vs-hd-cyt-and-mit","trial","REVIEW_HOLD","Inventory-only snapshot; no page-quality review or exclusion decision has been approved","false","unknown","registry-v1"
"url_310399c5c8fc","https://clinicaltrialfailures.com/trial/NCT02768662-a-6-month-extension-study-of-oto-104-in-meniere-s-disease","trial","REVIEW_HOLD","Inventory-only snapshot; no page-quality review or exclusion decision has been approved","false","unknown","registry-v1"
"url_d5aa500fc1f0","https://clinicaltrialfailures.com/trial/NCT02736149-open-label-extension-study-of-ubenimex-in-patients-with-pulmonary-arterial-hyper","trial","REVIEW_HOLD","Inventory-only snapshot; no page-quality review or exclusion decision has been approved","false","unknown","registry-v1"
"url_444908a922ec","https://clinicaltrialfailures.com/trial/NCT02449681-study-for-treatment-of-patients-with-recurrent-or-metastatic-squamous-cell-carci","trial","REVIEW_HOLD","Inventory-only snapshot; no page-quality review or exclusion decision has been approved","false","unknown","registry-v1"
"url_fa595c68dd5a","https://clinicaltrialfailures.com/trial/NCT03445533-a-study-of-tilsotolimod-in-combo-with-ipilimumab-vs-ipilimumab-alone-in-subjects","trial","REVIEW_HOLD","Inventory-only snapshot; no page-quality review or exclusion decision has been approved","false","unknown","registry-v1"
"url_5511e78ec1eb","https://clinicaltrialfailures.com/trial/NCT03712787-an-extension-study-of-abbv-8e12-in-early-alzheimer-s-disease-ad","trial","REVIEW_HOLD","Inventory-only snapshot; no page-quality review or exclusion decision has been approved","false","unknown","registry-v1"
"url_4b55b9f04a04","https://clinicaltrialfailures.com/trial/NCT00401947-a-study-to-investigate-the-safety-tolerability-pharmacokinetics-and-antiviral-ac","trial","REVIEW_HOLD","Inventory-only snapshot; no page-quality review or exclusion decision has been approved","false","unknown","registry-v1"
"url_a99a8f14895c","https://clinicaltrialfailures.com/trial/NCT02374424-phase-ii-study-with-ga101-dhap-as-induction-therapy-in-relapsed-refractory-dlbcl","trial","REVIEW_HOLD","Inventory-only snapshot; no page-quality review or exclusion decision has been approved","false","unknown","registry-v1"
"url_c54d76714337","https://clinicaltrialfailures.com/trial/NCT02003742-efficacy-and-safety-of-a-single-trus-guided-intraprostatic-injection-of-nx-1207-","trial","REVIEW_HOLD","Inventory-only snapshot; no page-quality review or exclusion decision has been approved","false","unknown","registry-v1"
"url_149da3158c92","https://clinicaltrialfailures.com/trial/NCT04049175-efficacy-and-safety-of-chf-6532-in-patients-with-uncontrolled-severe-eosinophili","trial","REVIEW_HOLD","Inventory-only snapshot; no page-quality review or exclusion decision has been approved","false","unknown","registry-v1"
"url_041ddb17d83f","https://clinicaltrialfailures.com/trial/NCT02704403-phase-3-study-to-evaluate-the-efficacy-and-safety-of-elafibranor-versus-placebo-","trial","REVIEW_HOLD","Inventory-only snapshot; no page-quality review or exclusion decision has been approved","false","unknown","registry-v1"
"url_303b1e650bcc","https://clinicaltrialfailures.com/trial/NCT04870164-safety-tolerability-and-pk-of-ensovibep-mp0420-a-new-candidate-with-potential-fo","trial","REVIEW_HOLD","Inventory-only snapshot; no page-quality review or exclusion decision has been approved","false","unknown","registry-v1"
"url_1038566bf1c2","https://clinicaltrialfailures.com/trial/NCT04485663-a-study-of-alg-010133-drug-to-evaluate-safety-tolerability-pharmacokinetics-and-","trial","REVIEW_HOLD","Inventory-only snapshot; no page-quality review or exclusion decision has been approved","false","unknown","registry-v1"
"url_c00ddafa160b","https://clinicaltrialfailures.com/trial/NCT04958993-a-trial-of-anlotinib-combined-with-concurrent-chemoradiotherapy-in-patients-with","trial","REVIEW_HOLD","Inventory-only snapshot; no page-quality review or exclusion decision has been approved","false","unknown","registry-v1"
"url_e7f72b95dd1d","https://clinicaltrialfailures.com/trial/NCT02874651-adjuvant-apatinib-in-nasopharyngeal-carcinoma-patients-with-residual-epstein-bar","trial","REVIEW_HOLD","Inventory-only snapshot; no page-quality review or exclusion decision has been approved","false","unknown","registry-v1"
"url_e34073ea53ec","https://clinicaltrialfailures.com/trial/NCT04497948-acalabrutinib-study-with-best-supportive-care-in-participants-hospitalized-with-","trial","REVIEW_HOLD","Inventory-only snapshot; no page-quality review or exclusion decision has been approved","false","unknown","registry-v1"
"url_01c9581e53cd","https://clinicaltrialfailures.com/trial/NCT02945046-a-study-to-evaluate-the-efficacy-and-safety-of-tev-48125-fremanezumab-for-the-pr","trial","REVIEW_HOLD","Inventory-only snapshot; no page-quality review or exclusion decision has been approved","false","unknown","registry-v1"
"url_4e175b6af33d","https://clinicaltrialfailures.com/trial/NCT03504917-a-study-of-balovaptan-in-adults-with-autism-spectrum-disorder-with-a-2-year-open","trial","REVIEW_HOLD","Inventory-only snapshot; no page-quality review or exclusion decision has been approved","false","unknown","registry-v1"
"url_5fc492897eac","https://clinicaltrialfailures.com/trial/NCT00865566-safety-and-effectiveness-of-hiv-1-dna-plasmid-vaccine-and-hiv-1-recombinant-aden","trial","REVIEW_HOLD","Inventory-only snapshot; no page-quality review or exclusion decision has been approved","false","unknown","registry-v1"
"url_caf07443c405","https://clinicaltrialfailures.com/trial/NCT01585688-phase-i-ii-study-of-hll1-dox-in-relapsed-nhl-and-cll","trial","REVIEW_HOLD","Inventory-only snapshot; no page-quality review or exclusion decision has been approved","false","unknown","registry-v1"
"url_17bb3bda250a","https://clinicaltrialfailures.com/trial/NCT03823378-a-study-in-rheumatoid-arthritis-patients-who-have-completed-a-preceding-study-wi","trial","REVIEW_HOLD","Inventory-only snapshot; no page-quality review or exclusion decision has been approved","false","unknown","registry-v1"
"url_66e61b98ede1","https://clinicaltrialfailures.com/trial/NCT01663766-phase-i-study-of-milatuzumab-for-graft-versus-host-disease","trial","REVIEW_HOLD","Inventory-only snapshot; no page-quality review or exclusion decision has been approved","false","unknown","registry-v1"
"url_463031fd4865","https://clinicaltrialfailures.com/trial/NCT01101594-a-study-of-hll1-dox-milatuzumab-doxorubicin-antibody-drug-conjugate-in-patients-","trial","REVIEW_HOLD","Inventory-only snapshot; no page-quality review or exclusion decision has been approved","false","unknown","registry-v1"
"url_d584741f375e","https://clinicaltrialfailures.com/trial/NCT03880474-efficacy-of-candidate-influenza-vaccine-mva-np-m1-in-adults","trial","REVIEW_HOLD","Inventory-only snapshot; no page-quality review or exclusion decision has been approved","false","unknown","registry-v1"
"url_d662a89c1258","https://clinicaltrialfailures.com/trial/NCT02791191-a-study-of-ly3202626-on-disease-progression-in-participants-with-mild-alzheimer-","trial","REVIEW_HOLD","Inventory-only snapshot; no page-quality review or exclusion decision has been approved","false","unknown","registry-v1"
"url_c21292291dbd","https://clinicaltrialfailures.com/trial/NCT03415581-evaluation-of-doxazosin-to-alter-the-abuse-of-oxycodone","trial","REVIEW_HOLD","Inventory-only snapshot; no page-quality review or exclusion decision has been approved","false","unknown","registry-v1"
"url_70bb6a145b5c","https://clinicaltrialfailures.com/trial/NCT01244191-tivantinib-plus-erlotinib-versus-placebo-plus-erlotinib-for-the-treatment-of-non","trial","REVIEW_HOLD","Inventory-only snapshot; no page-quality review or exclusion decision has been approved","false","unknown","registry-v1"
"url_26fd9e8e04c9","https://clinicaltrialfailures.com/trial/NCT00796445-a-phase-iii-study-to-test-the-benefit-of-a-new-kind-of-anti-cancer-treatment-in-","trial","REVIEW_HOLD","Inventory-only snapshot; no page-quality review or exclusion decision has been approved","false","unknown","registry-v1"
"url_69111763af74","https://clinicaltrialfailures.com/trial/NCT02244112-a-phase-1-study-of-oprozomib-to-assess-food-effect-drug-drug-interaction-with-mi","trial","REVIEW_HOLD","Inventory-only snapshot; no page-quality review or exclusion decision has been approved","false","unknown","registry-v1"
"url_1eb226fa9ec7","https://clinicaltrialfailures.com/trial/NCT03790865-effects-of-livoletide-azp-531-on-food-related-behaviors-in-patients-with-prader-","trial","REVIEW_HOLD","Inventory-only snapshot; no page-quality review or exclusion decision has been approved","false","unknown","registry-v1"
"url_4d34216e1916","https://clinicaltrialfailures.com/trial/NCT03391765-an-extension-study-of-abbv-8e12-in-progressive-supranuclear-palsy-psp","trial","REVIEW_HOLD","Inventory-only snapshot; no page-quality review or exclusion decision has been approved","false","unknown","registry-v1"
"url_0770257f0c60","https://clinicaltrialfailures.com/trial/NCT00480025-gsk1572932a-antigen-specific-cancer-immunotherapeutic-as-adjuvant-therapy-in-pat","trial","REVIEW_HOLD","Inventory-only snapshot; no page-quality review or exclusion decision has been approved","false","unknown","registry-v1"
"url_3dc5fbf467bc","https://clinicaltrialfailures.com/trial/NCT00626197-a-study-to-evaluate-ocrelizumab-in-patients-with-nephritis-due-to-systemic-lupus","trial","REVIEW_HOLD","Inventory-only snapshot; no page-quality review or exclusion decision has been approved","false","unknown","registry-v1"
"url_b89d1c0580e7","https://clinicaltrialfailures.com/trial/NCT02104336-phase-2-study-of-epi-743-in-children-with-pearson-syndrome","trial","REVIEW_HOLD","Inventory-only snapshot; no page-quality review or exclusion decision has been approved","false","unknown","registry-v1"
"url_9de03fd7373a","https://clinicaltrialfailures.com/trial/NCT00808210-a-study-to-evaluate-ocrelizumab-in-combination-with-methotrexate-compared-with-i","trial","REVIEW_HOLD","Inventory-only snapshot; no page-quality review or exclusion decision has been approved","false","unknown","registry-v1"
"url_f2d4097aa0db","https://clinicaltrialfailures.com/trial/NCT01916187-imetelstat-given-intravenously-alone-and-with-standard-13-cis-retinoic-acid-in-c","trial","REVIEW_HOLD","Inventory-only snapshot; no page-quality review or exclusion decision has been approved","false","unknown","registry-v1"
"url_0d2700022496","https://clinicaltrialfailures.com/trial/NCT03330834-car-t-cell-immunotherapy-for-advanced-lung-cancer","trial","REVIEW_HOLD","Inventory-only snapshot; no page-quality review or exclusion decision has been approved","false","unknown","registry-v1"
"url_6798ec6acbf8","https://clinicaltrialfailures.com/trial/NCT02547220-a-multicenter-study-to-evaluate-the-efficacy-and-safety-of-cinryze-for-the-treat","trial","REVIEW_HOLD","Inventory-only snapshot; no page-quality review or exclusion decision has been approved","false","unknown","registry-v1"
"url_2cd724396761","https://clinicaltrialfailures.com/trial/NCT02599961-study-to-assess-the-long-term-safety-and-efficacy-of-ux007-in-participants-with-","trial","REVIEW_HOLD","Inventory-only snapshot; no page-quality review or exclusion decision has been approved","false","unknown","registry-v1"
"url_f12c07c365a9","https://clinicaltrialfailures.com/trial/NCT02586909-12-month-open-label-extension-study-of-intepirdine-rvt-101-in-subjects-with-alzh","trial","REVIEW_HOLD","Inventory-only snapshot; no page-quality review or exclusion decision has been approved","false","unknown","registry-v1"
"url_9906d19582dd","https://clinicaltrialfailures.com/trial/NCT03093272-a-study-of-docetaxel-arn-509-in-castration-resistant-prostate-cancer","trial","REVIEW_HOLD","Inventory-only snapshot; no page-quality review or exclusion decision has been approved","false","unknown","registry-v1"
"url_d391095ff344","https://clinicaltrialfailures.com/trial/NCT01596699-pilot-trial-of-clofarabine-added-to-standard-busulfan-and-fludarabine-for-condit","trial","REVIEW_HOLD","Inventory-only snapshot; no page-quality review or exclusion decision has been approved","false","unknown","registry-v1"
"url_84d55d517f77","https://clinicaltrialfailures.com/trial/NCT03774745-blocking-mifepristone-action-with-progesterone","trial","REVIEW_HOLD","Inventory-only snapshot; no page-quality review or exclusion decision has been approved","false","unknown","registry-v1"
"url_bed129a3fc1c","https://clinicaltrialfailures.com/trial/NCT01369875-modified-tumor-infiltrating-lymphocytes-for-metastatic-melanoma","trial","REVIEW_HOLD","Inventory-only snapshot; no page-quality review or exclusion decision has been approved","false","unknown","registry-v1"
"url_499f1404b405","https://clinicaltrialfailures.com/trial/NCT03672851-study-evaluating-safety-and-efficacy-of-car-t-cells-targeting-cd123-in-patients-","trial","REVIEW_HOLD","Inventory-only snapshot; no page-quality review or exclusion decision has been approved","false","unknown","registry-v1"
"url_a5a5f44680a8","https://clinicaltrialfailures.com/trial/NCT00589329-antibiotics-and-the-prolongation-of-pregnancy-in-preterm-labor-with-an-advanced-","trial","REVIEW_HOLD","Inventory-only snapshot; no page-quality review or exclusion decision has been approved","false","unknown","registry-v1"
"url_878d1e704bb8","https://clinicaltrialfailures.com/trial/NCT01391130-a-study-of-ly2510924-and-sunitinib-in-patients-with-metastatic-renal-cell-carcin","trial","REVIEW_HOLD","Inventory-only snapshot; no page-quality review or exclusion decision has been approved","false","unknown","registry-v1"
"url_e16cb1a40aae","https://clinicaltrialfailures.com/trial/NCT02952989-a-safety-study-of-sgn-2ff-for-patients-with-advanced-solid-tumors","trial","REVIEW_HOLD","Inventory-only snapshot; no page-quality review or exclusion decision has been approved","false","unknown","registry-v1"
"url_3e3d41161dc0","https://clinicaltrialfailures.com/trial/NCT02177812-a-phase-i-dose-escalation-study-of-gsk2879552-in-subjects-with-acute-myeloid-leu","trial","REVIEW_HOLD","Inventory-only snapshot; no page-quality review or exclusion decision has been approved","false","unknown","registry-v1"
"url_1b3431604826","https://clinicaltrialfailures.com/trial/NCT03184415-efficacy-and-safety-of-dwc20155-dwc20156-combination-therapy-in-patients-with-ga","trial","REVIEW_HOLD","Inventory-only snapshot; no page-quality review or exclusion decision has been approved","false","unknown","registry-v1"
"url_2e70ec44ed57","https://clinicaltrialfailures.com/trial/NCT00348439-study-to-evaluate-plasmin-for-the-creation-of-a-posterior-vitreous-detachment","trial","REVIEW_HOLD","Inventory-only snapshot; no page-quality review or exclusion decision has been approved","false","unknown","registry-v1"
"url_d531558990ef","https://clinicaltrialfailures.com/trial/NCT03099161-study-of-preladenant-mk-3814-alone-and-with-pembrolizumab-mk-3475-in-participant","trial","REVIEW_HOLD","Inventory-only snapshot; no page-quality review or exclusion decision has been approved","false","unknown","registry-v1"
"url_300f3b696002","https://clinicaltrialfailures.com/trial/NCT01748240-addition-of-vorinostat-to-azacitidine-in-higher-risk-mds-a-phase-ii-add-on-study","trial","REVIEW_HOLD","Inventory-only snapshot; no page-quality review or exclusion decision has been approved","false","unknown","registry-v1"
"url_a1f4b15438b9","https://clinicaltrialfailures.com/trial/NCT00303134-islet-cell-transplants-for-diabetes","trial","REVIEW_HOLD","Inventory-only snapshot; no page-quality review or exclusion decision has been approved","false","unknown","registry-v1"
"url_1b39c6beb4cf","https://clinicaltrialfailures.com/trial/NCT01251354-study-of-bn83495-in-post-menopausal-women-with-endometrial-cancer-post-chemother","trial","REVIEW_HOLD","Inventory-only snapshot; no page-quality review or exclusion decision has been approved","false","unknown","registry-v1"
"url_81267c4270ee","https://clinicaltrialfailures.com/trial/NCT03803163-a-safety-tolerability-and-pharmacokinetics-study-of-transcon-treprostinil-in-hea","trial","REVIEW_HOLD","Inventory-only snapshot; no page-quality review or exclusion decision has been approved","false","unknown","registry-v1"
"url_b14a82c3c73f","https://clinicaltrialfailures.com/trial/NCT01188369-effects-of-levosimendan-in-patients-eligible-for-aortic-valve-replacement-with-l","trial","REVIEW_HOLD","Inventory-only snapshot; no page-quality review or exclusion decision has been approved","false","unknown","registry-v1"
"url_7be1952e20f2","https://clinicaltrialfailures.com/trial/NCT02472977-safety-and-efficacy-study-of-ulocuplumab-and-nivolumab-in-subjects-with-solid-tu","trial","REVIEW_HOLD","Inventory-only snapshot; no page-quality review or exclusion decision has been approved","false","unknown","registry-v1"
"url_8d9889c17081","https://clinicaltrialfailures.com/trial/NCT02565147-bivalirudin-infusion-for-ventricular-infarction-limitation","trial","REVIEW_HOLD","Inventory-only snapshot; no page-quality review or exclusion decision has been approved","false","unknown","registry-v1"
"url_06c522fd9ce2","https://clinicaltrialfailures.com/trial/NCT01911325-phase-ii-study-of-buparlisib-docetaxel-in-advanced-or-metastatic-squamous-non-sm","trial","REVIEW_HOLD","Inventory-only snapshot; no page-quality review or exclusion decision has been approved","false","unknown","registry-v1"
"url_178677c8107c","https://clinicaltrialfailures.com/trial/NCT00531986-hiv-monotherapy-in-switzerland-most-ch","trial","REVIEW_HOLD","Inventory-only snapshot; no page-quality review or exclusion decision has been approved","false","unknown","registry-v1"
"url_9db1b37508f8","https://clinicaltrialfailures.com/trial/NCT01129232-diabetes-virus-detection-project-intervention-with-gad-alum","trial","REVIEW_HOLD","Inventory-only snapshot; no page-quality review or exclusion decision has been approved","false","unknown","registry-v1"
"url_6be6c8a2086c","https://clinicaltrialfailures.com/trial/NCT00701714-randomized-controlled-double-blind-multicenter-safety-study-to-evaluate-the-safe","trial","REVIEW_HOLD","Inventory-only snapshot; no page-quality review or exclusion decision has been approved","false","unknown","registry-v1"
"url_f78a48fb66f3","https://clinicaltrialfailures.com/trial/NCT03212313-study-to-investigate-the-influence-of-hepatic-insufficiency-on-the-pharmacokinet","trial","REVIEW_HOLD","Inventory-only snapshot; no page-quality review or exclusion decision has been approved","false","unknown","registry-v1"
"url_4e80c5186cc0","https://clinicaltrialfailures.com/trial/NCT02062879-ketamine-patient-controlled-analgesia-for-acute-pain","trial","REVIEW_HOLD","Inventory-only snapshot; no page-quality review or exclusion decision has been approved","false","unknown","registry-v1"
"url_f1f61f40370e","https://clinicaltrialfailures.com/trial/NCT02016534-phase-2-study-of-amg-337-in-met-amplified-gastric-esophageal-adenocarcinoma-or-o","trial","REVIEW_HOLD","Inventory-only snapshot; no page-quality review or exclusion decision has been approved","false","unknown","registry-v1"
"url_506ed9e8aae4","https://clinicaltrialfailures.com/trial/NCT01077531-safety-pharmacodynamics-and-pharmacokinetics-of-gsk2136525-repeat-dose-in-rheuma","trial","REVIEW_HOLD","Inventory-only snapshot; no page-quality review or exclusion decision has been approved","false","unknown","registry-v1"
"url_ed7e35ce7909","https://clinicaltrialfailures.com/trial/NCT01934101-phase-1-dose-escalating-study-to-assess-safety-tolerability-food-effect-and-pk-o","trial","REVIEW_HOLD","Inventory-only snapshot; no page-quality review or exclusion decision has been approved","false","unknown","registry-v1"
"url_d26f9d4c0edb","https://clinicaltrialfailures.com/trial/NCT01794845-cetuximab-taxotere-with-low-dose-fractionated-radiation-for-head-and-neck-carcin","trial","REVIEW_HOLD","Inventory-only snapshot; no page-quality review or exclusion decision has been approved","false","unknown","registry-v1"
"url_6f8ed599c82e","https://clinicaltrialfailures.com/trial/NCT02247960-antibiotic-prophylaxis-for-urinary-catheter-removal-after-radical-prostatectomy","trial","REVIEW_HOLD","Inventory-only snapshot; no page-quality review or exclusion decision has been approved","false","unknown","registry-v1"
"url_e84514b1f9ad","https://clinicaltrialfailures.com/trial/NCT01759511-long-term-safety-study-of-gs-6624-in-adults-with-idiopathic-pulmonary-fibrosis-i","trial","REVIEW_HOLD","Inventory-only snapshot; no page-quality review or exclusion decision has been approved","false","unknown","registry-v1"
"url_041f2a8b76c0","https://clinicaltrialfailures.com/trial/NCT02360852-ibat-inhibitor-a4250-for-cholestatic-pruritus","trial","REVIEW_HOLD","Inventory-only snapshot; no page-quality review or exclusion decision has been approved","false","unknown","registry-v1"
"url_c3b2fca7bc0d","https://clinicaltrialfailures.com/trial/NCT01870609-placebo-controlled-study-of-vs-6063-in-subjects-with-malignant-pleural-mesotheli","trial","REVIEW_HOLD","Inventory-only snapshot; no page-quality review or exclusion decision has been approved","false","unknown","registry-v1"
"url_bbf24afeef41","https://clinicaltrialfailures.com/trial/NCT01813019-study-to-evaluate-the-effect-of-afq056-in-obsessive-compulsive-disorder-ocd-pati","trial","REVIEW_HOLD","Inventory-only snapshot; no page-quality review or exclusion decision has been approved","false","unknown","registry-v1"
"url_78bcf7d9a90d","https://clinicaltrialfailures.com/trial/NCT00996892-safety-tolerability-and-pharmacokinetics-of-cobimetinib-in-combination-with-pict","trial","REVIEW_HOLD","Inventory-only snapshot; no page-quality review or exclusion decision has been approved","false","unknown","registry-v1"
"url_51cb195b0496","https://clinicaltrialfailures.com/trial/NCT02187029-efficacy-safety-and-tolerability-of-pf-06743649-in-gout-subjects","trial","REVIEW_HOLD","Inventory-only snapshot; no page-quality review or exclusion decision has been approved","false","unknown","registry-v1"
"url_1cdcc2dd8eb6","https://clinicaltrialfailures.com/trial/NCT02599701-acute-effects-of-gabapentin-in-sleep-parameters-and-hormonal-release-during-slee","trial","REVIEW_HOLD","Inventory-only snapshot; no page-quality review or exclusion decision has been approved","false","unknown","registry-v1"
"url_4b2b36a3401b","https://clinicaltrialfailures.com/trial/NCT01624337-malaria-prevention-cambodia","trial","REVIEW_HOLD","Inventory-only snapshot; no page-quality review or exclusion decision has been approved","false","unknown","registry-v1"
"url_ed6114be1d7a","https://clinicaltrialfailures.com/trial/NCT02598687-testing-th-302-in-combination-with-preoperative-chemoradiotherapy-in-esophageal-","trial","REVIEW_HOLD","Inventory-only snapshot; no page-quality review or exclusion decision has been approved","false","unknown","registry-v1"
"url_2fa82311a154","https://clinicaltrialfailures.com/trial/NCT00423189-lucentis-utilizing-visudyne-luv-trial-combination-therapy-in-the-treatment-of-ag","trial","REVIEW_HOLD","Inventory-only snapshot; no page-quality review or exclusion decision has been approved","false","unknown","registry-v1"
"url_77702049d7a3","https://clinicaltrialfailures.com/trial/NCT01734941-tso-in-pediatric-autistic-spectrum-disorders","trial","REVIEW_HOLD","Inventory-only snapshot; no page-quality review or exclusion decision has been approved","false","unknown","registry-v1"
"url_a604ee7be96a","https://clinicaltrialfailures.com/trial/NCT00505622-evaluation-of-the-long-term-safety-tolerability-and-efficacy-of-perampanel-e2007","trial","REVIEW_HOLD","Inventory-only snapshot; no page-quality review or exclusion decision has been approved","false","unknown","registry-v1"
"url_42a8f3a0d0c8","https://clinicaltrialfailures.com/trial/NCT01530399-phase-ii-study-to-compare-mdco-2010-vs-placebo-and-tranexamic-acid-in-patients-u","trial","REVIEW_HOLD","Inventory-only snapshot; no page-quality review or exclusion decision has been approved","false","unknown","registry-v1"
"url_1254782d047a","https://clinicaltrialfailures.com/trial/NCT01497119-a-study-of-jnj-39758979-in-adult-japanese-patients-with-moderate-atopic-dermatit","trial","REVIEW_HOLD","Inventory-only snapshot; no page-quality review or exclusion decision has been approved","false","unknown","registry-v1"
"url_7ba155b2adae","https://clinicaltrialfailures.com/trial/NCT02150161-opioid-vs-opioid-free-anesthesia-for-hip-arthroscopy","trial","REVIEW_HOLD","Inventory-only snapshot; no page-quality review or exclusion decision has been approved","false","unknown","registry-v1"
"url_8311d2792858","https://clinicaltrialfailures.com/trial/NCT00460317-monet1-motesanib-nsclc-efficacy-and-tolerability-study","trial","REVIEW_HOLD","Inventory-only snapshot; no page-quality review or exclusion decision has been approved","false","unknown","registry-v1"
"url_7d92477198b1","https://clinicaltrialfailures.com/trial/NCT00500240-effect-of-tight-control-of-blood-glucose-during-hyper-cvad-chemotherapy-for-acut","trial","REVIEW_HOLD","Inventory-only snapshot; no page-quality review or exclusion decision has been approved","false","unknown","registry-v1"
"url_e2b130019a81","https://clinicaltrialfailures.com/trial/NCT01793298-safety-tolerability-and-pharmacokinetics-of-asm-024-administered-to-healthy-subj","trial","REVIEW_HOLD","Inventory-only snapshot; no page-quality review or exclusion decision has been approved","false","unknown","registry-v1"
"url_9dfcbbbdb5be","https://clinicaltrialfailures.com/trial/NCT01953809-a-pharmacokinetics-pharmacodynamics-and-safety-study-of-an-oral-contraceptive-co","trial","REVIEW_HOLD","Inventory-only snapshot; no page-quality review or exclusion decision has been approved","false","unknown","registry-v1"
"url_c658da1b475e","https://clinicaltrialfailures.com/trial/NCT04844073-a-study-of-tak-186-also-known-as-mvc-101-in-adults-with-advanced-or-metastatic-c","trial","REVIEW_HOLD","Inventory-only snapshot; no page-quality review or exclusion decision has been approved","false","unknown","registry-v1"
"url_b6ff6e6faf17","https://clinicaltrialfailures.com/trial/NCT00814372-evaluate-safety-and-effectiveness-of-mbx-102-in-type-2-diabetes-patients-with-po","trial","REVIEW_HOLD","Inventory-only snapshot; no page-quality review or exclusion decision has been approved","false","unknown","registry-v1"
"url_476377e3d476","https://clinicaltrialfailures.com/trial/NCT05785390-study-of-the-safety-tolerability-and-efficacy-of-np-101-in-treating-high-risk-pa","trial","REVIEW_HOLD","Inventory-only snapshot; no page-quality review or exclusion decision has been approved","false","unknown","registry-v1"
"url_024aa5e111fb","https://clinicaltrialfailures.com/trial/NCT05716009-tagraxofusp-erzs-an-il-3-diphtheria-fusion-protein-in-combination-with-gemtuzuma","trial","REVIEW_HOLD","Inventory-only snapshot; no page-quality review or exclusion decision has been approved","false","unknown","registry-v1"
"url_e39c92eaf063","https://clinicaltrialfailures.com/trial/NCT03996460-k0706-for-patients-diagnosed-with-dementia-with-lewy-bodies","trial","REVIEW_HOLD","Inventory-only snapshot; no page-quality review or exclusion decision has been approved","false","unknown","registry-v1"
"url_f24646762230","https://clinicaltrialfailures.com/trial/NCT00823342-anrs-hb-05-multicenter-study-evaluating-efficacy-and-safety-of-clevudine-monothe","trial","REVIEW_HOLD","Inventory-only snapshot; no page-quality review or exclusion decision has been approved","false","unknown","registry-v1"
"url_8c21955117f1","https://clinicaltrialfailures.com/trial/NCT06111014-continuation-study-for-latozinemab","trial","REVIEW_HOLD","Inventory-only snapshot; no page-quality review or exclusion decision has been approved","false","unknown","registry-v1"
"url_ad369d8d1eec","https://clinicaltrialfailures.com/trial/NCT05813288-a-study-to-assess-the-effect-of-dexpramipexole-in-adolescents-and-adults-with-se","trial","REVIEW_HOLD","Inventory-only snapshot; no page-quality review or exclusion decision has been approved","false","unknown","registry-v1"
"url_072cd429be14","https://clinicaltrialfailures.com/trial/NCT05911841-a-study-of-ly3454738-in-the-treatment-of-adult-participants-with-moderate-to-sev","trial","REVIEW_HOLD","Inventory-only snapshot; no page-quality review or exclusion decision has been approved","false","unknown","registry-v1"
"url_204f565b37d8","https://clinicaltrialfailures.com/trial/NCT05525286-clinical-trial-of-sot102-antibody-drug-conjugate-in-patients-with-advanced-gastr","trial","REVIEW_HOLD","Inventory-only snapshot; no page-quality review or exclusion decision has been approved","false","unknown","registry-v1"
"url_6fbd1fdbaa06","https://clinicaltrialfailures.com/trial/NCT03764774-a-study-of-ly3463251-in-healthy-participants","trial","REVIEW_HOLD","Inventory-only snapshot; no page-quality review or exclusion decision has been approved","false","unknown","registry-v1"
"url_f24813940b09","https://clinicaltrialfailures.com/trial/NCT05624359-flurbiprofen-axetil-as-an-adjuvant-to-pre-emptive-scalp-infiltration","trial","REVIEW_HOLD","Inventory-only snapshot; no page-quality review or exclusion decision has been approved","false","unknown","registry-v1"
"url_bd0f3cf804a5","https://clinicaltrialfailures.com/trial/NCT02982694-study-with-atezolizumab-plus-bevacizumab-in-patients-with-chemotherapy-resistant","trial","REVIEW_HOLD","Inventory-only snapshot; no page-quality review or exclusion decision has been approved","false","unknown","registry-v1"
"url_ab55f7a6de95","https://clinicaltrialfailures.com/trial/NCT05395494-itbs-dcs-in-fibromyalgia","trial","REVIEW_HOLD","Inventory-only snapshot; no page-quality review or exclusion decision has been approved","false","unknown","registry-v1"
"url_794ffb7a011e","https://clinicaltrialfailures.com/trial/NCT04720417-defactinib-and-vs-6766-for-the-treatment-of-patients-with-metastatic-uveal-melan","trial","REVIEW_HOLD","Inventory-only snapshot; no page-quality review or exclusion decision has been approved","false","unknown","registry-v1"
"url_25c859344cb1","https://clinicaltrialfailures.com/trial/NCT05580588-open-label-study-of-the-cdk4-6-inhibitor-sph4336-in-subjects-with-locally-advanc","trial","REVIEW_HOLD","Inventory-only snapshot; no page-quality review or exclusion decision has been approved","false","unknown","registry-v1"
"url_9fe1adb39bfb","https://clinicaltrialfailures.com/trial/NCT03781414-study-of-efficacy-safety-tolerability-pharmacokinetic-pk-and-pharmacodynamic-pd-","trial","REVIEW_HOLD","Inventory-only snapshot; no page-quality review or exclusion decision has been approved","false","unknown","registry-v1"
"url_1437e8a3081c","https://clinicaltrialfailures.com/trial/NCT03596073-topical-calcipotriene-treatment-for-breast-cancer-immunoprevention","trial","REVIEW_HOLD","Inventory-only snapshot; no page-quality review or exclusion decision has been approved","false","unknown","registry-v1"
"url_7e7eaf2d077a","https://clinicaltrialfailures.com/trial/NCT02437162-a-study-to-evaluate-the-efficacy-and-safety-of-ustekinumab-in-the-treatment-of-a","trial","REVIEW_HOLD","Inventory-only snapshot; no page-quality review or exclusion decision has been approved","false","unknown","registry-v1"
"url_f5a7a96c09cb","https://clinicaltrialfailures.com/trial/NCT04886063-open-label-study-of-ath-1017-for-treatment-of-mild-to-moderate-alzheimer-s-disea","trial","REVIEW_HOLD","Inventory-only snapshot; no page-quality review or exclusion decision has been approved","false","unknown","registry-v1"
"url_c19abe387362","https://clinicaltrialfailures.com/trial/NCT05237284-phase-2-study-for-sar443820-in-participants-with-amyotrophic-lateral-sclerosis-a","trial","REVIEW_HOLD","Inventory-only snapshot; no page-quality review or exclusion decision has been approved","false","unknown","registry-v1"
"url_1540ab9d3395","https://clinicaltrialfailures.com/trial/NCT04707625-vascular-endothelial-growth-factor-vegf-levels-in-retinal-vein-occlusion-rvo-dur","trial","REVIEW_HOLD","Inventory-only snapshot; no page-quality review or exclusion decision has been approved","false","unknown","registry-v1"
"url_a79be2be4161","https://clinicaltrialfailures.com/trial/NCT03062319-optimal-antithrombotic-therapy-in-ischemic-stroke-patients-with-non-valvular-atr","trial","REVIEW_HOLD","Inventory-only snapshot; no page-quality review or exclusion decision has been approved","false","unknown","registry-v1"
"url_06348e3906f4","https://clinicaltrialfailures.com/trial/NCT04305184-a-study-to-assess-asp0598-otic-solution-following-topical-application-in-the-ear","trial","REVIEW_HOLD","Inventory-only snapshot; no page-quality review or exclusion decision has been approved","false","unknown","registry-v1"
"url_fa1bc6f28004","https://clinicaltrialfailures.com/trial/NCT05601830-natural-killer-nk-cell-therapy-for-aml-minimal-residual-disease","trial","REVIEW_HOLD","Inventory-only snapshot; no page-quality review or exclusion decision has been approved","false","unknown","registry-v1"
"url_c843302b5c87","https://clinicaltrialfailures.com/trial/NCT06417697-a-phase-1b-study-to-evaluate-the-safety-of-xen-101","trial","REVIEW_HOLD","Inventory-only snapshot; no page-quality review or exclusion decision has been approved","false","unknown","registry-v1"
"url_b80a9a746065","https://clinicaltrialfailures.com/trial/NCT05567783-a-phase-2-study-to-evaluate-the-efficacy-and-safety-of-vir-2482-for-the-preventi","trial","REVIEW_HOLD","Inventory-only snapshot; no page-quality review or exclusion decision has been approved","false","unknown","registry-v1"
"url_f146de6c98dd","https://clinicaltrialfailures.com/trial/NCT00756782-a-study-of-tac-101-in-combination-with-tace-versus-tace-alone-in-asian-patients-","trial","REVIEW_HOLD","Inventory-only snapshot; no page-quality review or exclusion decision has been approved","false","unknown","registry-v1"
"url_13ee981f8507","https://clinicaltrialfailures.com/trial/NCT05669417-peri-operative-magnesium-infusion-to-prevent-atrial-fibrillation-evaluated","trial","REVIEW_HOLD","Inventory-only snapshot; no page-quality review or exclusion decision has been approved","false","unknown","registry-v1"
"url_0187df15d882","https://clinicaltrialfailures.com/trial/NCT04603937-a-study-to-evaluate-the-efficacy-durability-and-safety-of-ksi-301-compared-to-af","trial","REVIEW_HOLD","Inventory-only snapshot; no page-quality review or exclusion decision has been approved","false","unknown","registry-v1"
"url_4395189e37e5","https://clinicaltrialfailures.com/trial/NCT04172844-pevonedistat-azacitidine-or-decitabine-and-venetoclax-for-the-treatment-of-patie","trial","REVIEW_HOLD","Inventory-only snapshot; no page-quality review or exclusion decision has been approved","false","unknown","registry-v1"
"url_464dd4cbf0b6","https://clinicaltrialfailures.com/trial/NCT04698915-phase-2b-study-of-gc4711-in-combination-with-sbrt-for-nonmetastatic-pancreatic-c","trial","REVIEW_HOLD","Inventory-only snapshot; no page-quality review or exclusion decision has been approved","false","unknown","registry-v1"
"url_56f98d66722d","https://clinicaltrialfailures.com/trial/NCT00647972-fasting-study-of-olanzapine-tablets-20-mg-and-zyprexa-tablets-20-mg","trial","REVIEW_HOLD","Inventory-only snapshot; no page-quality review or exclusion decision has been approved","false","unknown","registry-v1"
"url_c7b29675b075","https://clinicaltrialfailures.com/trial/NCT05493293-extension-study-to-evaluate-the-safety-and-tolerability-of-nbi-921352-when-used-","trial","REVIEW_HOLD","Inventory-only snapshot; no page-quality review or exclusion decision has been approved","false","unknown","registry-v1"
"url_cad6a5712a12","https://clinicaltrialfailures.com/trial/NCT05117736-arni-versus-placebo-in-patients-with-congenital-systemic-right-ventricle-heart-f","trial","REVIEW_HOLD","Inventory-only snapshot; no page-quality review or exclusion decision has been approved","false","unknown","registry-v1"
"url_cf5ec6fe8875","https://clinicaltrialfailures.com/trial/NCT00180778-steroids-and-antiphospholipid-syndrome-related-pregnancy-loss","trial","REVIEW_HOLD","Inventory-only snapshot; no page-quality review or exclusion decision has been approved","false","unknown","registry-v1"
"url_c3168df4719a","https://clinicaltrialfailures.com/trial/NCT03357224-parct-trial-of-atezolizumab-in-relapsed-refractory-cutaneous-t-cell-lymphoma-ctc","trial","REVIEW_HOLD","Inventory-only snapshot; no page-quality review or exclusion decision has been approved","false","unknown","registry-v1"
"url_15bf466c7e3d","https://clinicaltrialfailures.com/trial/NCT03954990-treatment-of-bacterial-vaginosis-prior-to-active-labor-and-infectious-morbidity","trial","REVIEW_HOLD","Inventory-only snapshot; no page-quality review or exclusion decision has been approved","false","unknown","registry-v1"
"url_5e937b773b01","https://clinicaltrialfailures.com/trial/NCT01308203-lipid-efficacy-of-the-extended-release-niacin-laropiprant-combination-in-patient","trial","REVIEW_HOLD","Inventory-only snapshot; no page-quality review or exclusion decision has been approved","false","unknown","registry-v1"
"url_64bd1be6c7dc","https://clinicaltrialfailures.com/trial/NCT04145700-campfire-a-study-of-ramucirumab-ly3009806-in-children-and-young-adults-with-syno","trial","REVIEW_HOLD","Inventory-only snapshot; no page-quality review or exclusion decision has been approved","false","unknown","registry-v1"
"url_ebc48413cbce","https://clinicaltrialfailures.com/trial/NCT03898661-collagenase-clostridium-histolyticum-for-refractory-iatrogenic-esophageal-strict","trial","REVIEW_HOLD","Inventory-only snapshot; no page-quality review or exclusion decision has been approved","false","unknown","registry-v1"
"url_d42c8feff1c6","https://clinicaltrialfailures.com/trial/NCT02585388-addition-of-aromatase-at-the-navelbine-in-pretreated-metastatic-breast-cancer","trial","REVIEW_HOLD","Inventory-only snapshot; no page-quality review or exclusion decision has been approved","false","unknown","registry-v1"
"url_24f3f5c9331e","https://clinicaltrialfailures.com/trial/NCT03836716-arimoclomol-in-amyotropic-lateral-sclerosis-open-label-extension-trial","trial","REVIEW_HOLD","Inventory-only snapshot; no page-quality review or exclusion decision has been approved","false","unknown","registry-v1"
"url_4d5b0085b325","https://clinicaltrialfailures.com/trial/NCT01900847-ketamine-and-morphine-versus-morphine-alone-for-the-treatment-of-acute-pain-in-t","trial","REVIEW_HOLD","Inventory-only snapshot; no page-quality review or exclusion decision has been approved","false","unknown","registry-v1"
"url_0c430e018c6d","https://clinicaltrialfailures.com/trial/NCT02588456-pilot-study-of-autologous-anti-cd22-chimeric-antigen-receptor-redirected-t-cells","trial","REVIEW_HOLD","Inventory-only snapshot; no page-quality review or exclusion decision has been approved","false","unknown","registry-v1"
"url_32d9853aa0f6","https://clinicaltrialfailures.com/trial/NCT01734694-safety-and-efficacy-of-strategy-to-prevent-drug-induced-nephrotoxicity-in-high-r","trial","REVIEW_HOLD","Inventory-only snapshot; no page-quality review or exclusion decision has been approved","false","unknown","registry-v1"
"url_aa135c5d4bc0","https://clinicaltrialfailures.com/trial/NCT04748588-treatment-of-nosocomial-covid-19","trial","REVIEW_HOLD","Inventory-only snapshot; no page-quality review or exclusion decision has been approved","false","unknown","registry-v1"
"url_342cc84a97c5","https://clinicaltrialfailures.com/trial/NCT03791398-bruog-379-phase-ib-ii-trial-onc201-nivolumab-in-mss-mcrc","trial","REVIEW_HOLD","Inventory-only snapshot; no page-quality review or exclusion decision has been approved","false","unknown","registry-v1"
"url_4b2fccc7a556","https://clinicaltrialfailures.com/trial/NCT03301415-asymptomatic-congenital-cmv-treatment","trial","REVIEW_HOLD","Inventory-only snapshot; no page-quality review or exclusion decision has been approved","false","unknown","registry-v1"
"url_471ac434cb77","https://clinicaltrialfailures.com/trial/NCT03959592-macular-pigment-and-visual-performance-in-glaucoma-patients","trial","REVIEW_HOLD","Inventory-only snapshot; no page-quality review or exclusion decision has been approved","false","unknown","registry-v1"
"url_fe9001f82bf1","https://clinicaltrialfailures.com/trial/NCT02706730-a-6-month-extension-study-of-oto-104-in-meniere-s-disease","trial","REVIEW_HOLD","Inventory-only snapshot; no page-quality review or exclusion decision has been approved","false","unknown","registry-v1"
"url_a00ed719af4d","https://clinicaltrialfailures.com/trial/NCT04847141-a-study-to-evaluate-the-safety-and-efficacy-of-c19-ig-20-in-sars-cov-2-infected-","trial","REVIEW_HOLD","Inventory-only snapshot; no page-quality review or exclusion decision has been approved","false","unknown","registry-v1"
"url_d83f68cf16e4","https://clinicaltrialfailures.com/trial/NCT04643886-a-multiple-dose-study-of-repeat-intravitreal-injections-of-gem103-in-dry-age-rel","trial","REVIEW_HOLD","Inventory-only snapshot; no page-quality review or exclusion decision has been approved","false","unknown","registry-v1"
"url_4b136377afb2","https://clinicaltrialfailures.com/trial/NCT03551522-a-study-to-evaluate-seladelpar-in-subjects-with-nonalcoholic-steatohepatitis-nas","trial","REVIEW_HOLD","Inventory-only snapshot; no page-quality review or exclusion decision has been approved","false","unknown","registry-v1"
"url_e7e2a03bab3b","https://clinicaltrialfailures.com/trial/NCT02901548-phase-2-durvalumab-medi4736-for-bacillus-calmette-gu-rin-bcg-refactory-urothelia","trial","REVIEW_HOLD","Inventory-only snapshot; no page-quality review or exclusion decision has been approved","false","unknown","registry-v1"
"url_8b4916b89d54","https://clinicaltrialfailures.com/trial/NCT03147040-assessing-efficacy-of-carboplatin-and-atezolizumab-in-metastatic-lobular-breast-","trial","REVIEW_HOLD","Inventory-only snapshot; no page-quality review or exclusion decision has been approved","false","unknown","registry-v1"
"url_e0c85ea03cec","https://clinicaltrialfailures.com/trial/NCT04134442-improving-pain-management-after-total-shoulder-replacement-using-bupivacaine-lip","trial","REVIEW_HOLD","Inventory-only snapshot; no page-quality review or exclusion decision has been approved","false","unknown","registry-v1"
"url_97c85d670efe","https://clinicaltrialfailures.com/trial/NCT02644525-efficacy-and-microfilaricidal-kinetics-of-imatinib-for-the-treatment-of-loa-loa","trial","REVIEW_HOLD","Inventory-only snapshot; no page-quality review or exclusion decision has been approved","false","unknown","registry-v1"
"url_10e52aba7368","https://clinicaltrialfailures.com/trial/NCT01887522-study-of-vinblastine-in-combination-with-nilotinib-in-children-adolescents-and-y","trial","REVIEW_HOLD","Inventory-only snapshot; no page-quality review or exclusion decision has been approved","false","unknown","registry-v1"
"url_14c163f784f7","https://clinicaltrialfailures.com/trial/NCT02999854-safety-and-efficacy-of-atir101-as-adjunctive-treatment-to-blood-stem-cell-transp","trial","REVIEW_HOLD","Inventory-only snapshot; no page-quality review or exclusion decision has been approved","false","unknown","registry-v1"
"url_a900fc0bfd33","https://clinicaltrialfailures.com/trial/NCT03666988-first-time-in-humans-ftih-study-of-gsk3368715-in-participants-with-solid-tumors-","trial","REVIEW_HOLD","Inventory-only snapshot; no page-quality review or exclusion decision has been approved","false","unknown","registry-v1"
"url_7043d7260dbb","https://clinicaltrialfailures.com/trial/NCT02154529-study-of-the-combination-of-kd019-and-trastuzumab-in-subjects-with-her2-positive","trial","REVIEW_HOLD","Inventory-only snapshot; no page-quality review or exclusion decision has been approved","false","unknown","registry-v1"
"url_b66cc8920899","https://clinicaltrialfailures.com/trial/NCT00954915-safety-study-of-the-monoclonal-antibody-teplizumab-mga031-in-subjects-with-moder","trial","REVIEW_HOLD","Inventory-only snapshot; no page-quality review or exclusion decision has been approved","false","unknown","registry-v1"
"url_c60edcaf660d","https://clinicaltrialfailures.com/trial/NCT04355364-efficacy-and-safety-of-aerosolizeddornase-alfa-administration-in-patients-with-c","trial","REVIEW_HOLD","Inventory-only snapshot; no page-quality review or exclusion decision has been approved","false","unknown","registry-v1"
"url_b05d5868154b","https://clinicaltrialfailures.com/trial/NCT02976038-open-label-extension-trial-to-characterize-the-long-term-safety-and-tolerability","trial","REVIEW_HOLD","Inventory-only snapshot; no page-quality review or exclusion decision has been approved","false","unknown","registry-v1"
"url_e800f5b59e49","https://clinicaltrialfailures.com/trial/NCT04354597-hydroxychloroquine-and-azithromycin-as-prophylaxis-for-healthcare-workers-dealin","trial","REVIEW_HOLD","Inventory-only snapshot; no page-quality review or exclusion decision has been approved","false","unknown","registry-v1"
"url_c7eabb38f525","https://clinicaltrialfailures.com/trial/NCT03948334-a-study-to-assess-the-safety-and-efficacy-of-zpl389-with-tcs-tci-in-atopic-derma","trial","REVIEW_HOLD","Inventory-only snapshot; no page-quality review or exclusion decision has been approved","false","unknown","registry-v1"
"url_ead88a29c683","https://clinicaltrialfailures.com/trial/NCT01659177-a-study-of-ly2140023-in-healthy-participants","trial","REVIEW_HOLD","Inventory-only snapshot; no page-quality review or exclusion decision has been approved","false","unknown","registry-v1"
"url_24ada473ff73","https://clinicaltrialfailures.com/trial/NCT04361253-evaluation-of-sars-cov-2-covid-19-antibody-containing-plasma-therapy","trial","REVIEW_HOLD","Inventory-only snapshot; no page-quality review or exclusion decision has been approved","false","unknown","registry-v1"
"url_1e1e2f24426a","https://clinicaltrialfailures.com/trial/NCT03630120-adaptive-tyrosine-kinase-inhibitor-tki-therapy-in-patients-with-thyroid-cancer","trial","REVIEW_HOLD","Inventory-only snapshot; no page-quality review or exclusion decision has been approved","false","unknown","registry-v1"
"url_3d45c9cc866a","https://clinicaltrialfailures.com/trial/NCT03938337-abemaciclib-and-pembrolizumab-in-metastatic-or-recurrent-head-and-neck-cancer","trial","REVIEW_HOLD","Inventory-only snapshot; no page-quality review or exclusion decision has been approved","false","unknown","registry-v1"
"url_30948f49cc31","https://clinicaltrialfailures.com/trial/NCT03577899-efficacy-and-safety-trial-of-conbercept-intravitreal-injection-for-neovascular-a","trial","REVIEW_HOLD","Inventory-only snapshot; no page-quality review or exclusion decision has been approved","false","unknown","registry-v1"
"url_7ec385774fff","https://clinicaltrialfailures.com/trial/NCT03669549-nevanimibe-hcl-for-the-treatment-of-classic-cah","trial","REVIEW_HOLD","Inventory-only snapshot; no page-quality review or exclusion decision has been approved","false","unknown","registry-v1"
"url_d4c1e2ad140f","https://clinicaltrialfailures.com/trial/NCT02403622-safety-of-fmt-openbiome-outcomes-and-longitudinal-follow-up-stool-for-recurrent-","trial","REVIEW_HOLD","Inventory-only snapshot; no page-quality review or exclusion decision has been approved","false","unknown","registry-v1"
"url_9e8f946fa024","https://clinicaltrialfailures.com/trial/NCT02750254-azacitidine-in-haploidentical-donor-hematopoietic-cell-transplantation","trial","REVIEW_HOLD","Inventory-only snapshot; no page-quality review or exclusion decision has been approved","false","unknown","registry-v1"
"url_186183d79f08","https://clinicaltrialfailures.com/trial/NCT00437294-enzastaurin-in-combination-of-capecitabine-to-treat-breast-cancer","trial","REVIEW_HOLD","Inventory-only snapshot; no page-quality review or exclusion decision has been approved","false","unknown","registry-v1"
"url_22896e2f2c14","https://clinicaltrialfailures.com/trial/NCT04323631-hydroxychloroquine-for-the-treatment-of-patients-with-mild-to-moderate-covid-19-","trial","REVIEW_HOLD","Inventory-only snapshot; no page-quality review or exclusion decision has been approved","false","unknown","registry-v1"
"url_eb6725b9bb6e","https://clinicaltrialfailures.com/trial/NCT03344172-pre-operative-trial-pgha-vs-pgh-for-resectable-pancreatic-cancer","trial","REVIEW_HOLD","Inventory-only snapshot; no page-quality review or exclusion decision has been approved","false","unknown","registry-v1"
"url_9759a6062d0b","https://clinicaltrialfailures.com/trial/NCT01532960-pilot-study-of-a-breast-cancer-vaccine-plus-poly-iclc-for-breast-cancer","trial","REVIEW_HOLD","Inventory-only snapshot; no page-quality review or exclusion decision has been approved","false","unknown","registry-v1"
"url_09d25082673d","https://clinicaltrialfailures.com/trial/NCT02456103-extension-study-of-ataluren-in-participants-with-nonsense-mutation-cystic-fibros","trial","REVIEW_HOLD","Inventory-only snapshot; no page-quality review or exclusion decision has been approved","false","unknown","registry-v1"
"url_ea203bf185aa","https://clinicaltrialfailures.com/trial/NCT00901927-bendamustine-mitoxantrone-and-rituximab-bmr-for-patients-with-untreated-high-ris","trial","REVIEW_HOLD","Inventory-only snapshot; no page-quality review or exclusion decision has been approved","false","unknown","registry-v1"
"url_ca06f224a335","https://clinicaltrialfailures.com/trial/NCT01863719-aerosolized-and-intravenous-colistin-in-healthy-adults","trial","REVIEW_HOLD","Inventory-only snapshot; no page-quality review or exclusion decision has been approved","false","unknown","registry-v1"
"url_60d4a8fdbd11","https://clinicaltrialfailures.com/trial/NCT02541604-a-study-to-evaluate-the-safety-tolerability-pharmacokinetics-immunogenicity-and-","trial","REVIEW_HOLD","Inventory-only snapshot; no page-quality review or exclusion decision has been approved","false","unknown","registry-v1"
"url_3dc6b46367c6","https://clinicaltrialfailures.com/trial/NCT03628079-a-clinical-safety-and-efficacy-study-of-mebendazole-on-gi-cancer-or-cancer-of-un","trial","REVIEW_HOLD","Inventory-only snapshot; no page-quality review or exclusion decision has been approved","false","unknown","registry-v1"
"url_a2b13c466621","https://clinicaltrialfailures.com/trial/NCT03383588-subcutaneous-bupivacaine-decrease-post-op-pain-in-patients-undergoing-c-section","trial","REVIEW_HOLD","Inventory-only snapshot; no page-quality review or exclusion decision has been approved","false","unknown","registry-v1"
"url_d4f23f787b0f","https://clinicaltrialfailures.com/trial/NCT02556203-global-study-comparing-a-rivaroxaban-based-antithrombotic-strategy-to-an-antipla","trial","REVIEW_HOLD","Inventory-only snapshot; no page-quality review or exclusion decision has been approved","false","unknown","registry-v1"
"url_5ee34f0ec7ea","https://clinicaltrialfailures.com/trial/NCT02790957-plerixafor-in-diabetic-wound-healing","trial","REVIEW_HOLD","Inventory-only snapshot; no page-quality review or exclusion decision has been approved","false","unknown","registry-v1"
"url_de948d5f836b","https://clinicaltrialfailures.com/trial/NCT01485094-a-study-to-assess-the-safety-and-efficacy-of-7-days-treatment-with-a-novel-analg","trial","REVIEW_HOLD","Inventory-only snapshot; no page-quality review or exclusion decision has been approved","false","unknown","registry-v1"
"url_63e21271d68e","https://clinicaltrialfailures.com/trial/NCT03080480-pioglitazone-therapy-for-chronic-granulomatous-disease","trial","REVIEW_HOLD","Inventory-only snapshot; no page-quality review or exclusion decision has been approved","false","unknown","registry-v1"
"url_a2f7d8fc5531","https://clinicaltrialfailures.com/trial/NCT01747499-azacitidine-in-patients-undergoing-matched-unrelated-stem-cell-transplantation","trial","REVIEW_HOLD","Inventory-only snapshot; no page-quality review or exclusion decision has been approved","false","unknown","registry-v1"
"url_3b6682101290","https://clinicaltrialfailures.com/trial/NCT00965419-a-study-of-pediatric-participants-with-attention-deficit-hyperactivity-disorder","trial","REVIEW_HOLD","Inventory-only snapshot; no page-quality review or exclusion decision has been approved","false","unknown","registry-v1"
"url_21c28ee711a2","https://clinicaltrialfailures.com/trial/NCT01931566-biomarker-qualification-for-risk-of-mild-cognitive-impairment-mci-due-to-alzheim","trial","REVIEW_HOLD","Inventory-only snapshot; no page-quality review or exclusion decision has been approved","false","unknown","registry-v1"
"url_0eb12c08a714","https://clinicaltrialfailures.com/trial/NCT01679405-bibw-2992-as-add-on-to-gem-cis-in-advanced-biliary-tract-cancer","trial","REVIEW_HOLD","Inventory-only snapshot; no page-quality review or exclusion decision has been approved","false","unknown","registry-v1"
"url_a32f11326da5","https://clinicaltrialfailures.com/trial/NCT03031340-evaluating-the-role-of-pregabalin-in-reducing-opioid-requirement-in-spinal-fusio","trial","REVIEW_HOLD","Inventory-only snapshot; no page-quality review or exclusion decision has been approved","false","unknown","registry-v1"
"url_89edadda84e1","https://clinicaltrialfailures.com/trial/NCT01646125-an-open-label-randomized-phase-ii-study-to-evaluate-the-efficacy-of-auy922-vs-pe","trial","REVIEW_HOLD","Inventory-only snapshot; no page-quality review or exclusion decision has been approved","false","unknown","registry-v1"
"url_d4e1ae894971","https://clinicaltrialfailures.com/trial/NCT01853228-a-study-of-decitabine-dacogen-in-sequential-administration-with-cytarabine-in-ch","trial","REVIEW_HOLD","Inventory-only snapshot; no page-quality review or exclusion decision has been approved","false","unknown","registry-v1"
"url_fcf249b2ad77","https://clinicaltrialfailures.com/trial/NCT01927718-thalidomide-to-overcome-lenalidomide-resistance-after-autologous-hematopoietic-s","trial","REVIEW_HOLD","Inventory-only snapshot; no page-quality review or exclusion decision has been approved","false","unknown","registry-v1"
"url_8e44fe1a4d39","https://clinicaltrialfailures.com/trial/NCT02395692-methoxyamine-and-temozolomide-in-treating-patients-with-recurrent-glioblastoma","trial","REVIEW_HOLD","Inventory-only snapshot; no page-quality review or exclusion decision has been approved","false","unknown","registry-v1"
"url_4db78d11fbe6","https://clinicaltrialfailures.com/trial/NCT01954082-inositol-to-reduce-retinopathy-of-prematurity","trial","REVIEW_HOLD","Inventory-only snapshot; no page-quality review or exclusion decision has been approved","false","unknown","registry-v1"
"url_6e73f695924b","https://clinicaltrialfailures.com/trial/NCT01633060-a-phase-iii-study-of-bkm120-with-fulvestrant-in-patients-with-hr-her2-ai-treated","trial","REVIEW_HOLD","Inventory-only snapshot; no page-quality review or exclusion decision has been approved","false","unknown","registry-v1"
"url_7a0965ba7e6a","https://clinicaltrialfailures.com/trial/NCT01667107-a-pharmacokinetic-analysis-of-posaconazole-in-lung-transplant-recipients-mk-5592","trial","REVIEW_HOLD","Inventory-only snapshot; no page-quality review or exclusion decision has been approved","false","unknown","registry-v1"
"url_72d31870d07a","https://clinicaltrialfailures.com/trial/NCT00278564-stem-cell-transplantation-in-idiopathic-inflammatory-myopathy-diseases","trial","REVIEW_HOLD","Inventory-only snapshot; no page-quality review or exclusion decision has been approved","false","unknown","registry-v1"
"url_43e71d93c72f","https://clinicaltrialfailures.com/trial/NCT01739556-on-treatment-platelet-reactivity-guided-therapy-modification-for-st-segment-elev","trial","REVIEW_HOLD","Inventory-only snapshot; no page-quality review or exclusion decision has been approved","false","unknown","registry-v1"
"url_00279d8d9dd0","https://clinicaltrialfailures.com/trial/NCT00458276-study-of-the-efficacy-and-safety-of-tezosentan-in-patients-with-pre-operative-pu","trial","REVIEW_HOLD","Inventory-only snapshot; no page-quality review or exclusion decision has been approved","false","unknown","registry-v1"
"url_49d5e620b460","https://clinicaltrialfailures.com/trial/NCT03499041-a-study-of-ly3314814-in-participants-with-liver-impairment","trial","REVIEW_HOLD","Inventory-only snapshot; no page-quality review or exclusion decision has been approved","false","unknown","registry-v1"
"url_49d672f1a403","https://clinicaltrialfailures.com/trial/NCT02691117-topical-garlic-concentrate-for-alopecia-areata-in-children","trial","REVIEW_HOLD","Inventory-only snapshot; no page-quality review or exclusion decision has been approved","false","unknown","registry-v1"
"url_7f9e7e1ff601","https://clinicaltrialfailures.com/trial/NCT02068521-versartis-long-term-safety-study-of-somavaratan","trial","REVIEW_HOLD","Inventory-only snapshot; no page-quality review or exclusion decision has been approved","false","unknown","registry-v1"
"url_351b3a9085c6","https://clinicaltrialfailures.com/trial/NCT01061671-simvastatin-therapy-for-moderate-and-severe-copd","trial","REVIEW_HOLD","Inventory-only snapshot; no page-quality review or exclusion decision has been approved","false","unknown","registry-v1"
"url_ff503cfc1ca3","https://clinicaltrialfailures.com/trial/NCT00262951-chemoradiation-in-locally-advanced-pancreatic-cancer","trial","REVIEW_HOLD","Inventory-only snapshot; no page-quality review or exclusion decision has been approved","false","unknown","registry-v1"
"url_75b9aeaf15a1","https://clinicaltrialfailures.com/trial/NCT00963872-donor-umbilical-cord-blood-transplant-after-fludarabine-phosphate-cyclophosphami","trial","REVIEW_HOLD","Inventory-only snapshot; no page-quality review or exclusion decision has been approved","false","unknown","registry-v1"
"url_4d4b8e9a4496","https://clinicaltrialfailures.com/trial/NCT00526890-carboplatin-paclitaxel-selenomethionine-and-radiation-therapy-in-treating-patien","trial","REVIEW_HOLD","Inventory-only snapshot; no page-quality review or exclusion decision has been approved","false","unknown","registry-v1"
"url_d9dc072a872e","https://clinicaltrialfailures.com/trial/NCT00524589-calcitriol-and-dexamethasone-in-treating-patients-with-prostate-cancer-that-did-","trial","REVIEW_HOLD","Inventory-only snapshot; no page-quality review or exclusion decision has been approved","false","unknown","registry-v1"
"url_dcbf7ae78231","https://clinicaltrialfailures.com/trial/NCT01399593-safety-and-efficacy-of-eculizumab-to-prevent-amr-in-living-donor-kidney-transpla","trial","REVIEW_HOLD","Inventory-only snapshot; no page-quality review or exclusion decision has been approved","false","unknown","registry-v1"
"url_a3c0750f9a8a","https://clinicaltrialfailures.com/trial/NCT02100007-me-344-given-in-combination-with-hycamtin-in-patients-with-solid-tumors","trial","REVIEW_HOLD","Inventory-only snapshot; no page-quality review or exclusion decision has been approved","false","unknown","registry-v1"
"url_bed7a3061173","https://clinicaltrialfailures.com/trial/NCT01867047-ace-inhibitor-effects-on-total-hip-and-knee-arthroplasty-patients","trial","REVIEW_HOLD","Inventory-only snapshot; no page-quality review or exclusion decision has been approved","false","unknown","registry-v1"
"url_834cb3b7bfb4","https://clinicaltrialfailures.com/trial/NCT01991210-a-study-of-dnib0600a-in-comparison-with-pegylated-liposomal-doxorubicin-pld-in-p","trial","REVIEW_HOLD","Inventory-only snapshot; no page-quality review or exclusion decision has been approved","false","unknown","registry-v1"
"url_2fdcb2904d93","https://clinicaltrialfailures.com/trial/NCT01383200-tetracaine-versus-lidocaine-gel-for-anesthetic-effect-and-comfort-in-patients-un","trial","REVIEW_HOLD","Inventory-only snapshot; no page-quality review or exclusion decision has been approved","false","unknown","registry-v1"
"url_29b7ad246dd1","https://clinicaltrialfailures.com/trial/NCT01934894-cabazitaxel-plus-lapatinib-as-therapy-for-her2-positive-metastatic-breast-cancer","trial","REVIEW_HOLD","Inventory-only snapshot; no page-quality review or exclusion decision has been approved","false","unknown","registry-v1"
"url_830bd1d52394","https://clinicaltrialfailures.com/trial/NCT00731692-this-was-an-open-label-single-arm-extension-study-cfty720d2306e1-to-a-double-bli","trial","REVIEW_HOLD","Inventory-only snapshot; no page-quality review or exclusion decision has been approved","false","unknown","registry-v1"
"url_0d3352870346","https://clinicaltrialfailures.com/trial/NCT00346151-belatacept-to-prevent-organ-rejection-in-kidney-transplant-patients","trial","REVIEW_HOLD","Inventory-only snapshot; no page-quality review or exclusion decision has been approved","false","unknown","registry-v1"
"url_1d4451f38097","https://clinicaltrialfailures.com/trial/NCT01267240-capecitabine-and-vorinostat-in-treating-patients-with-recurrent-and-or-metastati","trial","REVIEW_HOLD","Inventory-only snapshot; no page-quality review or exclusion decision has been approved","false","unknown","registry-v1"
"url_de5edcad73e4","https://clinicaltrialfailures.com/trial/NCT01818414-same-day-dilapan-s-with-adjunctive-misoprostol","trial","REVIEW_HOLD","Inventory-only snapshot; no page-quality review or exclusion decision has been approved","false","unknown","registry-v1"
"url_acd2e8cba2af","https://clinicaltrialfailures.com/trial/NCT01957410-a-study-to-investigate-evoked-potentials-as-markers-of-ketamine-induced-cortical","trial","REVIEW_HOLD","Inventory-only snapshot; no page-quality review or exclusion decision has been approved","false","unknown","registry-v1"
"url_c4fbd0875909","https://clinicaltrialfailures.com/trial/NCT01517347-efficiency-study-of-low-dose-of-il-2-to-prevent-relapse-in-standard-risk-leukemi","trial","REVIEW_HOLD","Inventory-only snapshot; no page-quality review or exclusion decision has been approved","false","unknown","registry-v1"
"url_14eb49556461","https://clinicaltrialfailures.com/trial/NCT02147873-study-of-azacitidine-with-or-without-birinapant-in-subjects-with-mds-or-cmmol","trial","REVIEW_HOLD","Inventory-only snapshot; no page-quality review or exclusion decision has been approved","false","unknown","registry-v1"
"url_9bf0a4baa397","https://clinicaltrialfailures.com/trial/NCT01982253-fasiglifam-25-mg-bid-vs-50-mg-qd","trial","REVIEW_HOLD","Inventory-only snapshot; no page-quality review or exclusion decision has been approved","false","unknown","registry-v1"
"url_bff626f6ff77","https://clinicaltrialfailures.com/trial/NCT01965600-a-study-to-evaluate-the-safety-and-effects-on-the-body-of-an-investigational-dru","trial","REVIEW_HOLD","Inventory-only snapshot; no page-quality review or exclusion decision has been approved","false","unknown","registry-v1"
"url_051f3fc27a11","https://clinicaltrialfailures.com/trial/NCT00083759-natalizumab-in-the-treatment-of-rheumatoid-arthritis-in-subjects-receiving-metho","trial","REVIEW_HOLD","Inventory-only snapshot; no page-quality review or exclusion decision has been approved","false","unknown","registry-v1"
"url_17fe4a7437e6","https://clinicaltrialfailures.com/trial/NCT00676143-study-evaluating-the-safety-and-efficacy-of-bapineuzumab-in-alzheimer-disease-pa","trial","REVIEW_HOLD","Inventory-only snapshot; no page-quality review or exclusion decision has been approved","false","unknown","registry-v1"
"url_e62eac349bbc","https://clinicaltrialfailures.com/trial/NCT01955629-study-of-aflibercept-as-maintenance-therapy-following-induction-with-aflibercept","trial","REVIEW_HOLD","Inventory-only snapshot; no page-quality review or exclusion decision has been approved","false","unknown","registry-v1"
"url_b21f4a7a8fea","https://clinicaltrialfailures.com/trial/NCT01489956-a-study-to-determine-the-immunogenicity-and-oral-tolerance-to-keyhole-limpet-hem","trial","REVIEW_HOLD","Inventory-only snapshot; no page-quality review or exclusion decision has been approved","false","unknown","registry-v1"
"url_3c69a0403e69","https://clinicaltrialfailures.com/trial/NCT01972776-a-safety-tolerability-and-efficacy-study-in-chronic-obstructive-pulmonary-diseas","trial","REVIEW_HOLD","Inventory-only snapshot; no page-quality review or exclusion decision has been approved","false","unknown","registry-v1"
"url_3b38be80600a","https://clinicaltrialfailures.com/trial/NCT01029925-dichloroacetate-dca-in-patients-with-previously-treated-metastatic-breast-or-non","trial","REVIEW_HOLD","Inventory-only snapshot; no page-quality review or exclusion decision has been approved","false","unknown","registry-v1"
"url_30280721411a","https://clinicaltrialfailures.com/trial/NCT00361257-minocycline-for-the-treatment-of-decreased-mental-function-in-hiv-infected-adult","trial","REVIEW_HOLD","Inventory-only snapshot; no page-quality review or exclusion decision has been approved","false","unknown","registry-v1"
"url_a90d84e84e7c","https://clinicaltrialfailures.com/trial/NCT02205476-a-phase-2-extension-study-to-enroll-subjects-who-were-enrolled-in-b5301001-study","trial","REVIEW_HOLD","Inventory-only snapshot; no page-quality review or exclusion decision has been approved","false","unknown","registry-v1"
"url_138912e21d66","https://clinicaltrialfailures.com/trial/NCT01759784-intraventricular-transplantation-of-mesenchymal-stem-cell-in-patients-with-als","trial","REVIEW_HOLD","Inventory-only snapshot; no page-quality review or exclusion decision has been approved","false","unknown","registry-v1"
"url_cca9c39c5a74","https://clinicaltrialfailures.com/trial/NCT01589029-a-pilot-study-on-the-effects-of-ilaris-on-patients-with-proliferative-diabetic-r","trial","REVIEW_HOLD","Inventory-only snapshot; no page-quality review or exclusion decision has been approved","false","unknown","registry-v1"
"url_0932d0906d16","https://clinicaltrialfailures.com/trial/NCT01980199-trial-to-determine-efficacy-of-fexinidazole-in-visceral-leihmaniasis-patients-in","trial","REVIEW_HOLD","Inventory-only snapshot; no page-quality review or exclusion decision has been approved","false","unknown","registry-v1"
"url_5dee8836bc8a","https://clinicaltrialfailures.com/trial/NCT01834274-comparison-of-fasiglifam-tak-875-with-sitagliptin-when-used-in-combination-with-","trial","REVIEW_HOLD","Inventory-only snapshot; no page-quality review or exclusion decision has been approved","false","unknown","registry-v1"
"url_5a78364d3c9e","https://clinicaltrialfailures.com/trial/NCT01849640-antimalarial-drug-resistance-with-assessment-of-transmission-blocking-activity","trial","REVIEW_HOLD","Inventory-only snapshot; no page-quality review or exclusion decision has been approved","false","unknown","registry-v1"
"url_2171be68fc87","https://clinicaltrialfailures.com/trial/NCT00473889-a-clinical-trial-of-vorinostat-mk0683-saha-in-combination-with-fda-approved-canc","trial","REVIEW_HOLD","Inventory-only snapshot; no page-quality review or exclusion decision has been approved","false","unknown","registry-v1"
"url_d6871bfb1ae2","https://clinicaltrialfailures.com/trial/NCT02058017-opb-51602-in-locally-advanced-nasopharyngeal-carcinoma-prior-to-definitive-chemo","trial","REVIEW_HOLD","Inventory-only snapshot; no page-quality review or exclusion decision has been approved","false","unknown","registry-v1"
"url_4791fe6bf277","https://clinicaltrialfailures.com/trial/NCT00584740-efficacy-safety-and-tolerability-of-ain457-in-moderate-to-severe-active-crohn-s-","trial","REVIEW_HOLD","Inventory-only snapshot; no page-quality review or exclusion decision has been approved","false","unknown","registry-v1"
"url_a52ee5236427","https://clinicaltrialfailures.com/trial/NCT01175330-omega-3-fatty-acid-efficiency-for-prevention-of-atrial-fibrillation-after-corona","trial","REVIEW_HOLD","Inventory-only snapshot; no page-quality review or exclusion decision has been approved","false","unknown","registry-v1"
"url_e3bdf7085312","https://clinicaltrialfailures.com/trial/NCT00290082-randomized-double-blind-trial-of-midazolam-and-loxapine-in-agitated-patients","trial","REVIEW_HOLD","Inventory-only snapshot; no page-quality review or exclusion decision has been approved","false","unknown","registry-v1"
"url_2810a9cb85d0","https://clinicaltrialfailures.com/trial/NCT01369888-use-of-il-15-after-chemotherapy-and-lymphocyte-transfer-in-metastatic-melanoma","trial","REVIEW_HOLD","Inventory-only snapshot; no page-quality review or exclusion decision has been approved","false","unknown","registry-v1"
"url_434d7b2f8a1f","https://clinicaltrialfailures.com/trial/NCT05582395-a-study-of-mavacamten-in-non-obstructive-hypertrophic-cardiomyopathy","trial","REVIEW_HOLD","Inventory-only snapshot; no page-quality review or exclusion decision has been approved","false","unknown","registry-v1"
"url_330e9be9c0f9","https://clinicaltrialfailures.com/trial/NCT05163314-a-study-of-soticlestat-as-an-add-on-therapy-in-children-and-adults-with-dravet-s","trial","REVIEW_HOLD","Inventory-only snapshot; no page-quality review or exclusion decision has been approved","false","unknown","registry-v1"
"url_e7ceab16616f","https://clinicaltrialfailures.com/trial/NCT05167409-study-of-evorpacept-alx148-with-cetuximab-and-pembrolizumab-for-refractory-micro","trial","REVIEW_HOLD","Inventory-only snapshot; no page-quality review or exclusion decision has been approved","false","unknown","registry-v1"
"url_00bc47a47c07","https://clinicaltrialfailures.com/trial/NCT06250036-zimberelimab-anti-pd1-domvanalimab-in-resectable-mmrd-gastric-cancer","trial","REVIEW_HOLD","Inventory-only snapshot; no page-quality review or exclusion decision has been approved","false","unknown","registry-v1"
"url_6e6af40ad75e","https://clinicaltrialfailures.com/trial/NCT04933695-a-study-of-sotorasib-amg-510-in-participants-with-stage-iv-nsclc-whose-tumors-ha","trial","REVIEW_HOLD","Inventory-only snapshot; no page-quality review or exclusion decision has been approved","false","unknown","registry-v1"
"url_57937d43c236","https://clinicaltrialfailures.com/trial/NCT06470451-confirmatory-study-of-topical-hybryte-vs-placebo-for-the-treatment-of-ctcl","trial","REVIEW_HOLD","Inventory-only snapshot; no page-quality review or exclusion decision has been approved","false","unknown","registry-v1"
"url_f81459121b1f","https://clinicaltrialfailures.com/trial/NCT05403450-a-study-of-tolinapant-in-combination-with-oral-decitabine-cedazuridine-and-oral-","trial","REVIEW_HOLD","Inventory-only snapshot; no page-quality review or exclusion decision has been approved","false","unknown","registry-v1"
"url_85354193af66","https://clinicaltrialfailures.com/trial/NCT06376253-a-phase-i-study-of-177lu-lu-evs459-in-patients-with-ovarian-and-lung-cancers","trial","REVIEW_HOLD","Inventory-only snapshot; no page-quality review or exclusion decision has been approved","false","unknown","registry-v1"
"url_7ad61a9f988d","https://clinicaltrialfailures.com/trial/NCT05712694-study-of-adi-peg-20-or-placebo-plus-gem-and-doc-in-previously-treated-subjects-w","trial","REVIEW_HOLD","Inventory-only snapshot; no page-quality review or exclusion decision has been approved","false","unknown","registry-v1"
"url_c5513906d9cb","https://clinicaltrialfailures.com/trial/NCT06031415-study-of-gs-0272-in-participants-with-rheumatoid-arthritis","trial","REVIEW_HOLD","Inventory-only snapshot; no page-quality review or exclusion decision has been approved","false","unknown","registry-v1"
"url_77f9ebaef1c1","https://clinicaltrialfailures.com/trial/NCT04370236-inb03-for-the-treatment-of-pulmonary-complications-from-covid-19","trial","REVIEW_HOLD","Inventory-only snapshot; no page-quality review or exclusion decision has been approved","false","unknown","registry-v1"
"url_8cc2a4932847","https://clinicaltrialfailures.com/trial/NCT05552443-a-study-of-intrathecal-hydromorphone-for-pediatric-idiopathic-scoliosis-repair","trial","REVIEW_HOLD","Inventory-only snapshot; no page-quality review or exclusion decision has been approved","false","unknown","registry-v1"
"url_86d2dd591d00","https://clinicaltrialfailures.com/trial/NCT02555189-enzalutamide-with-ribociclib-in-treating-patients-with-metastatic-castrate-resis","trial","REVIEW_HOLD","Inventory-only snapshot; no page-quality review or exclusion decision has been approved","false","unknown","registry-v1"
"url_69666829fe6a","https://clinicaltrialfailures.com/trial/NCT04737330-a-study-of-the-efficacy-and-safety-of-secukinumab-300-mg-in-patients-with-thyroi","trial","REVIEW_HOLD","Inventory-only snapshot; no page-quality review or exclusion decision has been approved","false","unknown","registry-v1"
"url_32d145717ff2","https://clinicaltrialfailures.com/trial/NCT02173756-evaluation-of-oral-morphine-gel-in-oral-mucositis-induced-by-chemotherapy-in-chi","trial","REVIEW_HOLD","Inventory-only snapshot; no page-quality review or exclusion decision has been approved","false","unknown","registry-v1"
"url_b2604db92262","https://clinicaltrialfailures.com/trial/NCT07000630-efficacy-and-tolerability-of-deucravacitinib-in-the-management-of-palmoplantar-p","trial","REVIEW_HOLD","Inventory-only snapshot; no page-quality review or exclusion decision has been approved","false","unknown","registry-v1"
"url_9ed230eaf5d0","https://clinicaltrialfailures.com/trial/NCT06514742-a-study-of-aticaprant-10-mg-as-adjunctive-therapy-in-adult-participants-with-maj","trial","REVIEW_HOLD","Inventory-only snapshot; no page-quality review or exclusion decision has been approved","false","unknown","registry-v1"
"url_7d8e1ec6fd5c","https://clinicaltrialfailures.com/trial/NCT04266301-study-of-efficacy-and-safety-of-mbg453-in-combination-with-azacitidine-in-subjec","trial","REVIEW_HOLD","Inventory-only snapshot; no page-quality review or exclusion decision has been approved","false","unknown","registry-v1"
"url_bc2547758be6","https://clinicaltrialfailures.com/trial/NCT03904316-use-of-biodesign-otologic-graft-in-tympanoplasty","trial","REVIEW_HOLD","Inventory-only snapshot; no page-quality review or exclusion decision has been approved","false","unknown","registry-v1"
"url_9f200a924039","https://clinicaltrialfailures.com/trial/NCT05763121-a-study-to-assess-the-effect-of-dexpramipexole-in-adolescents-and-adults-with-se","trial","REVIEW_HOLD","Inventory-only snapshot; no page-quality review or exclusion decision has been approved","false","unknown","registry-v1"
"url_27197ae6eae8","https://clinicaltrialfailures.com/trial/NCT04549428-atezolizumab-plus-8-gy-single-fraction-radiotherapy-for-advanced-oligoprogressiv","trial","REVIEW_HOLD","Inventory-only snapshot; no page-quality review or exclusion decision has been approved","false","unknown","registry-v1"
"url_d373e517888e","https://clinicaltrialfailures.com/trial/NCT05608499-duobrii-treatment-of-acne-keloidalis-nuchae-akn","trial","REVIEW_HOLD","Inventory-only snapshot; no page-quality review or exclusion decision has been approved","false","unknown","registry-v1"
"url_a16f6fb01f9a","https://clinicaltrialfailures.com/trial/NCT04478266-amcenestrant-sar439859-plus-palbociclib-as-first-line-therapy-for-patients-with-","trial","REVIEW_HOLD","Inventory-only snapshot; no page-quality review or exclusion decision has been approved","false","unknown","registry-v1"
"url_6f13c7db8f04","https://clinicaltrialfailures.com/trial/NCT02664753-l-carnitine-as-an-adjunct-treatment-for-septic-shock-patients-with-acute-kidney-","trial","REVIEW_HOLD","Inventory-only snapshot; no page-quality review or exclusion decision has been approved","false","unknown","registry-v1"
"url_4cc912f9850d","https://clinicaltrialfailures.com/trial/NCT04638517-the-telo-scope-study-attenuating-telomere-attrition-with-danazol-is-there-scope-","trial","REVIEW_HOLD","Inventory-only snapshot; no page-quality review or exclusion decision has been approved","false","unknown","registry-v1"
"url_e69c1e3632c8","https://clinicaltrialfailures.com/trial/NCT05561140-resolution-of-sickle-cell-leg-ulcers-with-voxelotor","trial","REVIEW_HOLD","Inventory-only snapshot; no page-quality review or exclusion decision has been approved","false","unknown","registry-v1"
"url_1c82f94ae6cb","https://clinicaltrialfailures.com/trial/NCT04377659-tocilizumab-for-prevention-of-respiratory-failure-in-patients-with-severe-covid-","trial","REVIEW_HOLD","Inventory-only snapshot; no page-quality review or exclusion decision has been approved","false","unknown","registry-v1"
"url_2ab312c9d069","https://clinicaltrialfailures.com/trial/NCT05436990-antitumor-activity-of-vactosertib-in-combination-with-pembrolizumab-in-acral-and","trial","REVIEW_HOLD","Inventory-only snapshot; no page-quality review or exclusion decision has been approved","false","unknown","registry-v1"
"url_51cd2d9bc08b","https://clinicaltrialfailures.com/trial/NCT05384249-phase-2b-pivotal-study-of-izokibep-in-non-infectious-intermediate-posterior-or-p","trial","REVIEW_HOLD","Inventory-only snapshot; no page-quality review or exclusion decision has been approved","false","unknown","registry-v1"
"url_226f4be416a1","https://clinicaltrialfailures.com/trial/NCT04292912-a-study-to-evaluate-the-safety-tolerability-pharmacokinetics-and-pharmacodynamic","trial","REVIEW_HOLD","Inventory-only snapshot; no page-quality review or exclusion decision has been approved","false","unknown","registry-v1"
"url_a5711829c9da","https://clinicaltrialfailures.com/trial/NCT03970109-hlab-002-of-ans-6637-for-alcohol-use-disorder","trial","REVIEW_HOLD","Inventory-only snapshot; no page-quality review or exclusion decision has been approved","false","unknown","registry-v1"
"url_f991cf7d480b","https://clinicaltrialfailures.com/trial/NCT04096560-a-study-of-tak-994-in-adults-with-type-1-and-type-2-narcolepsy","trial","REVIEW_HOLD","Inventory-only snapshot; no page-quality review or exclusion decision has been approved","false","unknown","registry-v1"
"url_054d1bc40f10","https://clinicaltrialfailures.com/trial/NCT04139317-safety-and-efficacy-of-capmatinib-inc280-plus-pembrolizumab-vs-pembrolizumab-alo","trial","REVIEW_HOLD","Inventory-only snapshot; no page-quality review or exclusion decision has been approved","false","unknown","registry-v1"
"url_7f2da65d614e","https://clinicaltrialfailures.com/trial/NCT04858425-safety-and-efficacy-of-niclosamide-in-patients-with-covid-19-with-gastrointestin","trial","REVIEW_HOLD","Inventory-only snapshot; no page-quality review or exclusion decision has been approved","false","unknown","registry-v1"
"url_f80c7b563af4","https://clinicaltrialfailures.com/trial/NCT05094206-car20-19-22-t-cells-in-relapsed-refractory-b-cell-malignancies","trial","REVIEW_HOLD","Inventory-only snapshot; no page-quality review or exclusion decision has been approved","false","unknown","registry-v1"
"url_6414a60d74f4","https://clinicaltrialfailures.com/trial/NCT04323124-study-of-single-and-multiple-ascending-doses-of-pf-07059013-in-healthy-adult-par","trial","REVIEW_HOLD","Inventory-only snapshot; no page-quality review or exclusion decision has been approved","false","unknown","registry-v1"
"url_a37f7eebeb41","https://clinicaltrialfailures.com/trial/NCT05024058-study-of-efficacy-and-safety-of-ligelizumab-in-adolescents-and-adults-with-chron","trial","REVIEW_HOLD","Inventory-only snapshot; no page-quality review or exclusion decision has been approved","false","unknown","registry-v1"
"url_6625469be9f6","https://clinicaltrialfailures.com/trial/NCT03743025-metabolic-phenotyping-during-stress-hyperglycemia-in-cardiac-surgery-patients","trial","REVIEW_HOLD","Inventory-only snapshot; no page-quality review or exclusion decision has been approved","false","unknown","registry-v1"
"url_a7ea6d09df58","https://clinicaltrialfailures.com/trial/NCT02635061-selective-hdac6-inhibitor-acy-241-in-combination-with-nivolumab-in-patients-with","trial","REVIEW_HOLD","Inventory-only snapshot; no page-quality review or exclusion decision has been approved","false","unknown","registry-v1"
"url_7d2725172290","https://clinicaltrialfailures.com/trial/NCT01279291-study-of-anti-hb-egf-antibody-khk2866-in-subjects-with-advanced-solid-tumors-and","trial","REVIEW_HOLD","Inventory-only snapshot; no page-quality review or exclusion decision has been approved","false","unknown","registry-v1"
"url_fa17e3686748","https://clinicaltrialfailures.com/trial/NCT04633148-dose-escalating-trial-with-unicar02-t-cells-and-psma-target-module-tmppsma-in-pa","trial","REVIEW_HOLD","Inventory-only snapshot; no page-quality review or exclusion decision has been approved","false","unknown","registry-v1"
"url_83eb4cb61af2","https://clinicaltrialfailures.com/trial/NCT04793399-safety-and-efficacy-evaluation-of-bosutinib-plus-atezolizumab-in-newly-diagnosed","trial","REVIEW_HOLD","Inventory-only snapshot; no page-quality review or exclusion decision has been approved","false","unknown","registry-v1"
"url_f6d2bbbf18ac","https://clinicaltrialfailures.com/trial/NCT03863613-pessary-versus-cerclage-with-or-without-progesterone-in-twins","trial","REVIEW_HOLD","Inventory-only snapshot; no page-quality review or exclusion decision has been approved","false","unknown","registry-v1"
"url_b3ecef47e1c4","https://clinicaltrialfailures.com/trial/NCT05829434-magrolimab-plus-intensive-chemotherapy-in-newly-diagnosed-aml-or-hr-mds","trial","REVIEW_HOLD","Inventory-only snapshot; no page-quality review or exclusion decision has been approved","false","unknown","registry-v1"
"url_435f0aceb415","https://clinicaltrialfailures.com/trial/NCT01571895-pilot-efficacy-and-safety-study-of-oral-df2156a-in-patients-with-active-bullous-","trial","REVIEW_HOLD","Inventory-only snapshot; no page-quality review or exclusion decision has been approved","false","unknown","registry-v1"
"url_05f70bfcfa5a","https://clinicaltrialfailures.com/trial/NCT01500473-therapeutic-effect-of-desogestrel-on-ventilatory-control-in-patients-with-congen","trial","REVIEW_HOLD","Inventory-only snapshot; no page-quality review or exclusion decision has been approved","false","unknown","registry-v1"
"url_6a2f6b44e951","https://clinicaltrialfailures.com/trial/NCT04308785-a-study-of-atezolizumab-with-or-without-tiragolumab-consolidation-in-limited-sta","trial","REVIEW_HOLD","Inventory-only snapshot; no page-quality review or exclusion decision has been approved","false","unknown","registry-v1"
"url_e1f922540004","https://clinicaltrialfailures.com/trial/NCT04891185-visualisation-of-indocyanine-green-in-primary-and-interval-debulking-for-ovarian","trial","REVIEW_HOLD","Inventory-only snapshot; no page-quality review or exclusion decision has been approved","false","unknown","registry-v1"
"url_60a2cbff5ea7","https://clinicaltrialfailures.com/trial/NCT03626545-phase-iii-study-evaluating-efficacy-and-safety-of-canakinumab-in-combination-wit","trial","REVIEW_HOLD","Inventory-only snapshot; no page-quality review or exclusion decision has been approved","false","unknown","registry-v1"
"url_bd8707232871","https://clinicaltrialfailures.com/trial/NCT05063734-a-study-to-evaluate-thr-687-treatment-for-diabetic-macular-oedema","trial","REVIEW_HOLD","Inventory-only snapshot; no page-quality review or exclusion decision has been approved","false","unknown","registry-v1"
"url_12754789b81e","https://clinicaltrialfailures.com/trial/NCT03336242-cannabidiol-oral-solution-in-pediatric-participants-with-treatment-resistant-chi","trial","REVIEW_HOLD","Inventory-only snapshot; no page-quality review or exclusion decision has been approved","false","unknown","registry-v1"
"url_74ffcca8a18b","https://clinicaltrialfailures.com/trial/NCT02150967-a-phase-ii-single-arm-study-of-bgj398-in-patients-with-advanced-cholangiocarcino","trial","REVIEW_HOLD","Inventory-only snapshot; no page-quality review or exclusion decision has been approved","false","unknown","registry-v1"
"url_1c949634097e","https://clinicaltrialfailures.com/trial/NCT01347645-irinotecan-plus-e7820-versus-folfiri-in-second-line-therapy-in-patients-with-loc","trial","REVIEW_HOLD","Inventory-only snapshot; no page-quality review or exclusion decision has been approved","false","unknown","registry-v1"
"url_b81907960d6d","https://clinicaltrialfailures.com/trial/NCT03634228-milademetan-tosylate-and-low-dose-cytarabine-with-or-without-venetoclax-in-treat","trial","REVIEW_HOLD","Inventory-only snapshot; no page-quality review or exclusion decision has been approved","false","unknown","registry-v1"
"url_e8c17851a7ee","https://clinicaltrialfailures.com/trial/NCT04163900-comparing-nuc-1031-plus-cisplatin-to-gemcitabine-plus-cisplatin-in-patients-with","trial","REVIEW_HOLD","Inventory-only snapshot; no page-quality review or exclusion decision has been approved","false","unknown","registry-v1"
"url_8b5d518eec4a","https://clinicaltrialfailures.com/trial/NCT03535675-muscadine-plus-mpx-in-men-with-prostate-cancer","trial","REVIEW_HOLD","Inventory-only snapshot; no page-quality review or exclusion decision has been approved","false","unknown","registry-v1"
"url_24c5ffd09451","https://clinicaltrialfailures.com/trial/NCT04843319-to-determine-an-effective-dose-of-veru-100-for-the-treatment-of-advanced-prostat","trial","REVIEW_HOLD","Inventory-only snapshot; no page-quality review or exclusion decision has been approved","false","unknown","registry-v1"
"url_2c7ab98fe040","https://clinicaltrialfailures.com/trial/NCT03843125-a-study-of-baricitinib-in-participants-with-systemic-lupus-erythematosus-sle","trial","REVIEW_HOLD","Inventory-only snapshot; no page-quality review or exclusion decision has been approved","false","unknown","registry-v1"
"url_b23a98e6bcf0","https://clinicaltrialfailures.com/trial/NCT05001022-a-study-of-alg-020572-drug-to-evaluate-safety-tolerability-pharmacokinetics-and-","trial","REVIEW_HOLD","Inventory-only snapshot; no page-quality review or exclusion decision has been approved","false","unknown","registry-v1"
"url_dea0a012060e","https://clinicaltrialfailures.com/trial/NCT03663166-radiation-and-chemotherapy-with-ipilimumab-followed-by-nivolumab-for-patients-wi","trial","REVIEW_HOLD","Inventory-only snapshot; no page-quality review or exclusion decision has been approved","false","unknown","registry-v1"
"url_06f08b0a9548","https://clinicaltrialfailures.com/trial/NCT03370302-a-study-to-evaluate-the-safety-tolerability-and-pharmacokinetics-pk-of-tak-228-a","trial","REVIEW_HOLD","Inventory-only snapshot; no page-quality review or exclusion decision has been approved","false","unknown","registry-v1"
"url_1ff104dc6fc2","https://clinicaltrialfailures.com/trial/NCT02454842-study-for-treatment-with-th-4000-tarloxotinib-in-epidermal-growth-factor-recepto","trial","REVIEW_HOLD","Inventory-only snapshot; no page-quality review or exclusion decision has been approved","false","unknown","registry-v1"
"url_f8a8f5c0691e","https://clinicaltrialfailures.com/trial/NCT04265534-keapsake-a-study-of-telaglenastat-cb-839-with-standard-of-care-chemoimmunotherap","trial","REVIEW_HOLD","Inventory-only snapshot; no page-quality review or exclusion decision has been approved","false","unknown","registry-v1"
"url_4cce84d53cbc","https://clinicaltrialfailures.com/trial/NCT04443192-a-single-ascending-and-repeated-dose-study-of-oral-zf874-in-healthy-volunteers-a","trial","REVIEW_HOLD","Inventory-only snapshot; no page-quality review or exclusion decision has been approved","false","unknown","registry-v1"
"url_edff67d4ee8f","https://clinicaltrialfailures.com/trial/NCT04398134-a-study-of-abi-h2158-containing-regimens-in-participants-with-chronic-hepatitis-","trial","REVIEW_HOLD","Inventory-only snapshot; no page-quality review or exclusion decision has been approved","false","unknown","registry-v1"
"url_d7ec3556f4cc","https://clinicaltrialfailures.com/trial/NCT02457910-taselisib-and-enzalutamide-in-treating-patients-with-androgen-receptor-positive-","trial","REVIEW_HOLD","Inventory-only snapshot; no page-quality review or exclusion decision has been approved","false","unknown","registry-v1"
"url_f5de8ad8f71a","https://clinicaltrialfailures.com/trial/NCT03422523-atezolizumab-rituximab-gemcitabine-and-oxaliplatin-in-patients-with-relapsed-or-","trial","REVIEW_HOLD","Inventory-only snapshot; no page-quality review or exclusion decision has been approved","false","unknown","registry-v1"
"url_1bec10e5939a","https://clinicaltrialfailures.com/trial/NCT03531827-combining-crlx101-a-nanoparticle-camptothecin-with-enzalutamide-in-people-with-p","trial","REVIEW_HOLD","Inventory-only snapshot; no page-quality review or exclusion decision has been approved","false","unknown","registry-v1"
"url_5c5e055b74d7","https://clinicaltrialfailures.com/trial/NCT03738423-efficacy-safety-and-pharmacokinetic-profiles-of-regn3500-administered-to-adult-p","trial","REVIEW_HOLD","Inventory-only snapshot; no page-quality review or exclusion decision has been approved","false","unknown","registry-v1"
"url_05cbb6b54ebc","https://clinicaltrialfailures.com/trial/NCT04369469-efficacy-and-safety-study-of-iv-ravulizumab-in-patients-with-covid-19-severe-pne","trial","REVIEW_HOLD","Inventory-only snapshot; no page-quality review or exclusion decision has been approved","false","unknown","registry-v1"
"url_3ad663d0d0b7","https://clinicaltrialfailures.com/trial/NCT04327986-immune-checkpoint-inhibitor-m7824-and-the-immunocytokine-m9241-in-combination-wi","trial","REVIEW_HOLD","Inventory-only snapshot; no page-quality review or exclusion decision has been approved","false","unknown","registry-v1"
"url_52ba57756703","https://clinicaltrialfailures.com/trial/NCT03530293-safety-and-efficacy-of-nbi-98854-in-pediatric-subjects-with-tourette-syndrome","trial","REVIEW_HOLD","Inventory-only snapshot; no page-quality review or exclusion decision has been approved","false","unknown","registry-v1"
"url_ee6e6e79f0ee","https://clinicaltrialfailures.com/trial/NCT03732534-rollover-study-for-continuing-nbi-98854-administration-in-pediatric-subjects-wit","trial","REVIEW_HOLD","Inventory-only snapshot; no page-quality review or exclusion decision has been approved","false","unknown","registry-v1"
"url_fd65cbc2db57","https://clinicaltrialfailures.com/trial/NCT04656691-at-home-infusion-using-bamlanivimab-in-participants-with-mild-to-moderate-covid-","trial","REVIEW_HOLD","Inventory-only snapshot; no page-quality review or exclusion decision has been approved","false","unknown","registry-v1"
"url_6b98d596d37b","https://clinicaltrialfailures.com/trial/NCT03289143-a-study-to-evaluate-the-efficacy-and-safety-of-semorinemab-in-patients-with-prod","trial","REVIEW_HOLD","Inventory-only snapshot; no page-quality review or exclusion decision has been approved","false","unknown","registry-v1"
"url_e123c0d9992e","https://clinicaltrialfailures.com/trial/NCT04152382-a-safety-study-of-ly3462817-and-ly3509754-in-participants-with-psoriasis","trial","REVIEW_HOLD","Inventory-only snapshot; no page-quality review or exclusion decision has been approved","false","unknown","registry-v1"
"url_2dce0fd6e5af","https://clinicaltrialfailures.com/trial/NCT03151408-an-efficacy-and-safety-study-of-pracinostat-in-combination-with-azacitidine-in-a","trial","REVIEW_HOLD","Inventory-only snapshot; no page-quality review or exclusion decision has been approved","false","unknown","registry-v1"
"url_c017be0f3022","https://clinicaltrialfailures.com/trial/NCT04125745-oral-cxa-10-in-pulmonary-arterial-hypertension","trial","REVIEW_HOLD","Inventory-only snapshot; no page-quality review or exclusion decision has been approved","false","unknown","registry-v1"
"url_b8bd1ebe7923","https://clinicaltrialfailures.com/trial/NCT04372017-hydroxychloroquine-as-post-exposure-prophylaxis-against-covid-19-infection","trial","REVIEW_HOLD","Inventory-only snapshot; no page-quality review or exclusion decision has been approved","false","unknown","registry-v1"
"url_79250906bcfa","https://clinicaltrialfailures.com/trial/NCT00594230-lbh589-in-refractory-myelodysplastic-syndromes-mds","trial","REVIEW_HOLD","Inventory-only snapshot; no page-quality review or exclusion decision has been approved","false","unknown","registry-v1"
"url_ddf52f4761cb","https://clinicaltrialfailures.com/trial/NCT00110136-st-john-s-wort-in-relieving-hot-flashes-in-postmenopausal-women-with-non-metasta","trial","REVIEW_HOLD","Inventory-only snapshot; no page-quality review or exclusion decision has been approved","false","unknown","registry-v1"
"url_c219cb8bc191","https://clinicaltrialfailures.com/trial/NCT03473457-car-t-cells-therapy-in-relapsed-refractory-acute-myeloid-leukemia","trial","REVIEW_HOLD","Inventory-only snapshot; no page-quality review or exclusion decision has been approved","false","unknown","registry-v1"
"url_2f81eb556855","https://clinicaltrialfailures.com/trial/NCT03131453-a-study-of-cnp520-versus-placebo-in-participants-at-risk-for-the-onset-of-clinic","trial","REVIEW_HOLD","Inventory-only snapshot; no page-quality review or exclusion decision has been approved","false","unknown","registry-v1"
"url_a15d8bcb52ac","https://clinicaltrialfailures.com/trial/NCT02510911-does-caffeine-reduce-postoperative-bowel-paralysis-after-elective-colectomy","trial","REVIEW_HOLD","Inventory-only snapshot; no page-quality review or exclusion decision has been approved","false","unknown","registry-v1"
"url_d6b387063921","https://clinicaltrialfailures.com/trial/NCT02336048-a-study-evaluating-the-safety-of-tocilizumab-in-addition-to-standard-of-care-pre","trial","REVIEW_HOLD","Inventory-only snapshot; no page-quality review or exclusion decision has been approved","false","unknown","registry-v1"
"url_6b3f7f3a0051","https://clinicaltrialfailures.com/trial/NCT03876925-a-single-arm-open-label-phase-ib-study-of-ct053ptsa-in-preciously-treated-patien","trial","REVIEW_HOLD","Inventory-only snapshot; no page-quality review or exclusion decision has been approved","false","unknown","registry-v1"
"url_c5aa19778fe3","https://clinicaltrialfailures.com/trial/NCT02587962-dose-escalation-study-of-birinapant-and-pembrolizumab-in-solid-tumors","trial","REVIEW_HOLD","Inventory-only snapshot; no page-quality review or exclusion decision has been approved","false","unknown","registry-v1"
"url_acfbf637654b","https://clinicaltrialfailures.com/trial/NCT03864627-a-study-to-evaluate-the-safety-and-tolerability-of-mor106-administered-concomita","trial","REVIEW_HOLD","Inventory-only snapshot; no page-quality review or exclusion decision has been approved","false","unknown","registry-v1"
"url_cebbeca352cd","https://clinicaltrialfailures.com/trial/NCT03068468-study-of-biib092-in-participants-with-progressive-supranuclear-palsy","trial","REVIEW_HOLD","Inventory-only snapshot; no page-quality review or exclusion decision has been approved","false","unknown","registry-v1"
"url_0adf44196049","https://clinicaltrialfailures.com/trial/NCT02687542-efficacy-safety-and-tolerability-of-pf-06649751-in-parkinson-s-disease-patients-","trial","REVIEW_HOLD","Inventory-only snapshot; no page-quality review or exclusion decision has been approved","false","unknown","registry-v1"
"url_3f08c22d288e","https://clinicaltrialfailures.com/trial/NCT00538681-study-for-participants-with-advanced-not-amenable-to-surgery-or-metastatic-lung-","trial","REVIEW_HOLD","Inventory-only snapshot; no page-quality review or exclusion decision has been approved","false","unknown","registry-v1"
"url_276e424ed845","https://clinicaltrialfailures.com/trial/NCT03786302-regenerative-ability-of-tamp-bg-and-bd-in-pulpotomized-primary-teeth","trial","REVIEW_HOLD","Inventory-only snapshot; no page-quality review or exclusion decision has been approved","false","unknown","registry-v1"
"url_021da3f703a2","https://clinicaltrialfailures.com/trial/NCT03793712-study-with-lu-af11167-for-the-treatment-of-negative-symptoms-in-patients-with-sc","trial","REVIEW_HOLD","Inventory-only snapshot; no page-quality review or exclusion decision has been approved","false","unknown","registry-v1"
"url_b31e9ca08717","https://clinicaltrialfailures.com/trial/NCT03213626-cabozantinib-and-erlotinib-for-patients-with-egfr-and-c-met-co-expressing-metast","trial","REVIEW_HOLD","Inventory-only snapshot; no page-quality review or exclusion decision has been approved","false","unknown","registry-v1"
"url_7a8a7b6c1153","https://clinicaltrialfailures.com/trial/NCT02767934-pembrolizumab-in-treating-minimal-residual-disease-in-patients-with-acute-lympho","trial","REVIEW_HOLD","Inventory-only snapshot; no page-quality review or exclusion decision has been approved","false","unknown","registry-v1"
"url_e6a98e770bf0","https://clinicaltrialfailures.com/trial/NCT04360759-chloroquine-outpatient-treatment-evaluation-for-hiv-covid-19","trial","REVIEW_HOLD","Inventory-only snapshot; no page-quality review or exclusion decision has been approved","false","unknown","registry-v1"
"url_24e411a9739e","https://clinicaltrialfailures.com/trial/NCT04059198-evaluating-the-safety-and-efficacy-of-inarigivir-in-non-cirrhotic-treatment-naiv","trial","REVIEW_HOLD","Inventory-only snapshot; no page-quality review or exclusion decision has been approved","false","unknown","registry-v1"
"url_dff80b5ae426","https://clinicaltrialfailures.com/trial/NCT03698227-olaredo-olaratumab-and-rechallenge-with-doxorubicin-in-soft-tissue-sarcoma-patie","trial","REVIEW_HOLD","Inventory-only snapshot; no page-quality review or exclusion decision has been approved","false","unknown","registry-v1"
"url_3dbe7538353b","https://clinicaltrialfailures.com/trial/NCT03245619-safety-tolerability-pharmacokinetics-and-pharmacodynamics-investigation-of-gsk33","trial","REVIEW_HOLD","Inventory-only snapshot; no page-quality review or exclusion decision has been approved","false","unknown","registry-v1"
"url_513e5c386ecb","https://clinicaltrialfailures.com/trial/NCT03135028-entospletinib-ento-as-monotherapy-and-in-combination-with-chemotherapy-in-japane","trial","REVIEW_HOLD","Inventory-only snapshot; no page-quality review or exclusion decision has been approved","false","unknown","registry-v1"
"url_78bf33d19e5c","https://clinicaltrialfailures.com/trial/NCT03092791-ipv-102-safety-tolerability-and-immunogenicity-of-tak-195-in-healthy-infants-tod","trial","REVIEW_HOLD","Inventory-only snapshot; no page-quality review or exclusion decision has been approved","false","unknown","registry-v1"
"url_952fad51d56c","https://clinicaltrialfailures.com/trial/NCT02888756-ihivarna-clinical-trial-in-hiv-infected-individuals","trial","REVIEW_HOLD","Inventory-only snapshot; no page-quality review or exclusion decision has been approved","false","unknown","registry-v1"
"url_ab2e60c36c75","https://clinicaltrialfailures.com/trial/NCT01218867-car-t-cell-receptor-immunotherapy-targeting-vegfr2-for-patients-with-metastatic-","trial","REVIEW_HOLD","Inventory-only snapshot; no page-quality review or exclusion decision has been approved","false","unknown","registry-v1"
"url_0154223ba31c","https://clinicaltrialfailures.com/trial/NCT02396732-aspirin-and-enoxaparin-for-vte-in-trauma","trial","REVIEW_HOLD","Inventory-only snapshot; no page-quality review or exclusion decision has been approved","false","unknown","registry-v1"
"url_ca55ce9191e5","https://clinicaltrialfailures.com/trial/NCT03372603-a-study-to-assess-the-effectiveness-and-side-effects-of-gsk2798745-in-participan","trial","REVIEW_HOLD","Inventory-only snapshot; no page-quality review or exclusion decision has been approved","false","unknown","registry-v1"
"url_e6b25b76df47","https://clinicaltrialfailures.com/trial/NCT02711345-a-phase-i-clinical-study-with-investigational-compound-ltt462-in-adult-patients-","trial","REVIEW_HOLD","Inventory-only snapshot; no page-quality review or exclusion decision has been approved","false","unknown","registry-v1"
"url_4f3962041fb9","https://clinicaltrialfailures.com/trial/NCT02192190-a-study-of-ly2951742-in-participants-with-mild-to-moderate-osteoarthritis-knee-p","trial","REVIEW_HOLD","Inventory-only snapshot; no page-quality review or exclusion decision has been approved","false","unknown","registry-v1"
"url_5a86fb146b09","https://clinicaltrialfailures.com/trial/NCT00397878-azd0530-nsc-735464-in-treating-patients-with-previously-treated-metastatic-colon","trial","REVIEW_HOLD","Inventory-only snapshot; no page-quality review or exclusion decision has been approved","false","unknown","registry-v1"
"url_682df5dcd4d0","https://clinicaltrialfailures.com/trial/NCT00687674-sorafenib-lenalidomide-and-dexamethasone-in-treating-patients-with-relapsed-or-r","trial","REVIEW_HOLD","Inventory-only snapshot; no page-quality review or exclusion decision has been approved","false","unknown","registry-v1"
"url_4b8ef9fc5154","https://clinicaltrialfailures.com/trial/NCT01640249-a-study-of-ly3006072-in-healthy-participants","trial","REVIEW_HOLD","Inventory-only snapshot; no page-quality review or exclusion decision has been approved","false","unknown","registry-v1"
"url_6d0d136106f6","https://clinicaltrialfailures.com/trial/NCT01813565-the-efficacy-of-additional-intravesical-instillation-of-hyaluronic-acid-chondroi","trial","REVIEW_HOLD","Inventory-only snapshot; no page-quality review or exclusion decision has been approved","false","unknown","registry-v1"
"url_937e0cc9ac1e","https://clinicaltrialfailures.com/trial/NCT01712945-keratinocyte-growth-factor-to-prevent-autoimmunity-after-alemtuzumab-treatment-o","trial","REVIEW_HOLD","Inventory-only snapshot; no page-quality review or exclusion decision has been approved","false","unknown","registry-v1"
"url_a83cd3de17e6","https://clinicaltrialfailures.com/trial/NCT02407223-an-efficacy-and-safety-study-of-ustekinumab-in-participants-with-active-nonradio","trial","REVIEW_HOLD","Inventory-only snapshot; no page-quality review or exclusion decision has been approved","false","unknown","registry-v1"
"url_ddd915a5dae8","https://clinicaltrialfailures.com/trial/NCT02957617-extension-study-to-evaluate-the-long-term-safety-tolerability-and-maintenance-of","trial","REVIEW_HOLD","Inventory-only snapshot; no page-quality review or exclusion decision has been approved","false","unknown","registry-v1"
"url_33c1f4439451","https://clinicaltrialfailures.com/trial/NCT01420081-a-study-of-two-dual-pi3k-mtor-inhibitors-pf-04691502-and-pf-05212384-in-patients","trial","REVIEW_HOLD","Inventory-only snapshot; no page-quality review or exclusion decision has been approved","false","unknown","registry-v1"
"url_cbc5e08b987d","https://clinicaltrialfailures.com/trial/NCT02334527-phase-ii-trial-of-palbociclib-in-patients-with-metastatic-urothelial-cancer-afte","trial","REVIEW_HOLD","Inventory-only snapshot; no page-quality review or exclusion decision has been approved","false","unknown","registry-v1"
"url_8ea996eaef7b","https://clinicaltrialfailures.com/trial/NCT00671801-irinotecan-plus-lenalidomide-in-adult-patients-with-recurrent-glioblastoma-multi","trial","REVIEW_HOLD","Inventory-only snapshot; no page-quality review or exclusion decision has been approved","false","unknown","registry-v1"
"url_0a8a06cc4ba5","https://clinicaltrialfailures.com/trial/NCT01439542-fastr-fairly-brief-androgen-suppression-and-stereotactic-radiotherapy-for-high-r","trial","REVIEW_HOLD","Inventory-only snapshot; no page-quality review or exclusion decision has been approved","false","unknown","registry-v1"
"url_23dd8c3cfc6b","https://clinicaltrialfailures.com/trial/NCT01940796-phase-i-trial-of-brentuximab-vedotin-for-refractory-chronic-graft-vs-host-diseas","trial","REVIEW_HOLD","Inventory-only snapshot; no page-quality review or exclusion decision has been approved","false","unknown","registry-v1"
"url_3651e54d873f","https://clinicaltrialfailures.com/trial/NCT00940095-clazosentan-in-aneurysmal-subarachnoid-hemorrhage","trial","REVIEW_HOLD","Inventory-only snapshot; no page-quality review or exclusion decision has been approved","false","unknown","registry-v1"
"url_0a52e42ab05e","https://clinicaltrialfailures.com/trial/NCT02928445-long-term-extension-study-of-intepirdine-rvt-101-in-subjects-with-dementia-with-","trial","REVIEW_HOLD","Inventory-only snapshot; no page-quality review or exclusion decision has been approved","false","unknown","registry-v1"
"url_1c59d67e2984","https://clinicaltrialfailures.com/trial/NCT02590003-single-agent-versus-combination-chemotherapy-to-treat-high-risk-elderly-with-non","trial","REVIEW_HOLD","Inventory-only snapshot; no page-quality review or exclusion decision has been approved","false","unknown","registry-v1"
"url_f7e995ba5e29","https://clinicaltrialfailures.com/trial/NCT03024944-tau-pet-imaging-in-northern-manhattan-study-of-metabolism-and-mind","trial","REVIEW_HOLD","Inventory-only snapshot; no page-quality review or exclusion decision has been approved","false","unknown","registry-v1"
"url_6a34d4e6bf35","https://clinicaltrialfailures.com/trial/NCT01067066-a-phase-i-study-of-tpi-287-temozolomide-combination-in-melanoma","trial","REVIEW_HOLD","Inventory-only snapshot; no page-quality review or exclusion decision has been approved","false","unknown","registry-v1"
"url_18c3a2c9dddc","https://clinicaltrialfailures.com/trial/NCT00637494-a-study-of-mifepristone-vs-placebo-in-the-treatment-of-patients-with-major-depre","trial","REVIEW_HOLD","Inventory-only snapshot; no page-quality review or exclusion decision has been approved","false","unknown","registry-v1"
"url_75f3c36ce0ad","https://clinicaltrialfailures.com/trial/NCT01719861-phase-2a-desipramine-in-small-cell-lung-cancer-and-other-high-grade-neuroendocri","trial","REVIEW_HOLD","Inventory-only snapshot; no page-quality review or exclusion decision has been approved","false","unknown","registry-v1"
"url_a1a09b97c201","https://clinicaltrialfailures.com/trial/NCT00976183-paclitaxel-carboplatin-and-vorinostat-for-the-treatment-of-advanced-stage-ovaria","trial","REVIEW_HOLD","Inventory-only snapshot; no page-quality review or exclusion decision has been approved","false","unknown","registry-v1"
"url_2b05ff98755d","https://clinicaltrialfailures.com/trial/NCT00698685-pentostatin-and-alemtuzumab-as-a-preparative-regimen-for-allogeneic-peripheral-b","trial","REVIEW_HOLD","Inventory-only snapshot; no page-quality review or exclusion decision has been approved","false","unknown","registry-v1"
"url_085bffa28914","https://clinicaltrialfailures.com/trial/NCT00443703-mk0518-in-the-treatment-of-hiv-infected-patients-switched-from-a-protease-inhibi","trial","REVIEW_HOLD","Inventory-only snapshot; no page-quality review or exclusion decision has been approved","false","unknown","registry-v1"
"url_d75eb96d1b02","https://clinicaltrialfailures.com/trial/NCT00073008-a-study-of-oral-gw572016-in-advanced-or-metastatic-non-small-cell-lung-cancer","trial","REVIEW_HOLD","Inventory-only snapshot; no page-quality review or exclusion decision has been approved","false","unknown","registry-v1"
"url_9ecf7649e32a","https://clinicaltrialfailures.com/trial/NCT00434993-drug-study-of-albuterol-to-treat-acute-lung-injury","trial","REVIEW_HOLD","Inventory-only snapshot; no page-quality review or exclusion decision has been approved","false","unknown","registry-v1"
"url_35da4e21c766","https://clinicaltrialfailures.com/trial/NCT01600053-revlimid-as-consolidation-treatment-chronic-lymphocytic-leukemia","trial","REVIEW_HOLD","Inventory-only snapshot; no page-quality review or exclusion decision has been approved","false","unknown","registry-v1"
"url_c145400ecad1","https://clinicaltrialfailures.com/trial/NCT01808950-efficacy-and-safety-trial-of-topical-resiquimod-gel-0-06-in-patients-with-nodula","trial","REVIEW_HOLD","Inventory-only snapshot; no page-quality review or exclusion decision has been approved","false","unknown","registry-v1"
"url_335bba59db85","https://clinicaltrialfailures.com/trial/NCT01688882-safety-efficacy-and-pk-pd-of-qge031-vs-placebo-in-patients-with-active-bullous-p","trial","REVIEW_HOLD","Inventory-only snapshot; no page-quality review or exclusion decision has been approved","false","unknown","registry-v1"
"url_9e8c7372ed11","https://clinicaltrialfailures.com/trial/NCT01807156-phase-ii-trial-of-tivozanib-in-advanced-hepatocellular-cancer","trial","REVIEW_HOLD","Inventory-only snapshot; no page-quality review or exclusion decision has been approved","false","unknown","registry-v1"
"url_7a4b63d72006","https://clinicaltrialfailures.com/trial/NCT00967226-propranolol-versus-prednisolone-for-treatment-of-symptomatic-hemangiomas","trial","REVIEW_HOLD","Inventory-only snapshot; no page-quality review or exclusion decision has been approved","false","unknown","registry-v1"
"url_6bb2ed9539d0","https://clinicaltrialfailures.com/trial/NCT01697072-first-line-treatment-for-locally-advanced-or-metastatic-mesenchymal-epithelial-t","trial","REVIEW_HOLD","Inventory-only snapshot; no page-quality review or exclusion decision has been approved","false","unknown","registry-v1"
"url_6fa3da7231ae","https://clinicaltrialfailures.com/trial/NCT02131506-a-study-of-lapatinib-in-combination-with-caelyx-in-patients-with-advanced-her2-p","trial","REVIEW_HOLD","Inventory-only snapshot; no page-quality review or exclusion decision has been approved","false","unknown","registry-v1"
"url_2fe7de96248d","https://clinicaltrialfailures.com/trial/NCT01425970-chronically-infected-hcv-genotype-2-and-3-treatment-naive-subjects-part-a-safety","trial","REVIEW_HOLD","Inventory-only snapshot; no page-quality review or exclusion decision has been approved","false","unknown","registry-v1"
"url_1e29235618d3","https://clinicaltrialfailures.com/trial/NCT01033019-to-evaluate-the-safety-local-tolerability-pk-and-pd-of-lde225-on-sporadic-superf","trial","REVIEW_HOLD","Inventory-only snapshot; no page-quality review or exclusion decision has been approved","false","unknown","registry-v1"
"url_0790812df22c","https://clinicaltrialfailures.com/trial/NCT00166712-a-trial-of-two-steroid-free-approaches-toward-mycophenolate-mofetil-based-monoth","trial","REVIEW_HOLD","Inventory-only snapshot; no page-quality review or exclusion decision has been approved","false","unknown","registry-v1"
"url_2e01299dec03","https://clinicaltrialfailures.com/trial/NCT01239355-mk2206-in-treating-patients-with-advanced-liver-cancer-that-did-not-respond-to-p","trial","REVIEW_HOLD","Inventory-only snapshot; no page-quality review or exclusion decision has been approved","false","unknown","registry-v1"
"url_fb7beb339fef","https://clinicaltrialfailures.com/trial/NCT01071928-second-line-docetaxel-asa404-for-advanced-urothelial-carcinoma","trial","REVIEW_HOLD","Inventory-only snapshot; no page-quality review or exclusion decision has been approved","false","unknown","registry-v1"
"url_8c9cfdf2244c","https://clinicaltrialfailures.com/trial/NCT00131391-a-study-of-mk0364-in-obese-patients-0364-014","trial","REVIEW_HOLD","Inventory-only snapshot; no page-quality review or exclusion decision has been approved","false","unknown","registry-v1"
"url_f3610b8df9b8","https://clinicaltrialfailures.com/trial/NCT00505648-treatment-of-hypersensitivity-syndrome-dress-with-tegeline-human-immunoglobulin","trial","REVIEW_HOLD","Inventory-only snapshot; no page-quality review or exclusion decision has been approved","false","unknown","registry-v1"
"url_4d83a8692fd6","https://clinicaltrialfailures.com/trial/NCT00160563-prevention-of-asthma-with-levocetirizine-36-month-treatment-in-young-children-su","trial","REVIEW_HOLD","Inventory-only snapshot; no page-quality review or exclusion decision has been approved","false","unknown","registry-v1"
"url_e755870919f0","https://clinicaltrialfailures.com/trial/NCT00958776-a-study-to-evaluate-the-efficacy-and-safety-of-iv-peramivir-in-addition-to-stand","trial","REVIEW_HOLD","Inventory-only snapshot; no page-quality review or exclusion decision has been approved","false","unknown","registry-v1"
"url_1433571a5072","https://clinicaltrialfailures.com/trial/NCT03833167-pembrolizumab-mk-3475-versus-placebo-following-surgery-and-radiation-in-particip","trial","REVIEW_HOLD","Inventory-only snapshot; no page-quality review or exclusion decision has been approved","false","unknown","registry-v1"
"url_e1135f3908d8","https://clinicaltrialfailures.com/trial/NCT06483789-efficacy-and-safety-of-hb-1-for-panic-disorder","trial","REVIEW_HOLD","Inventory-only snapshot; no page-quality review or exclusion decision has been approved","false","unknown","registry-v1"
"url_5a8b75dcad3d","https://clinicaltrialfailures.com/trial/NCT05267535-piromelatine-20-mg-in-participants-with-mild-dementia-due-to-alzheimer-s-disease","trial","REVIEW_HOLD","Inventory-only snapshot; no page-quality review or exclusion decision has been approved","false","unknown","registry-v1"
"url_6ea713ba388d","https://clinicaltrialfailures.com/trial/NCT07235150-a-study-to-learn-how-different-amounts-of-the-study-medicine-called-pf-07985631-","trial","REVIEW_HOLD","Inventory-only snapshot; no page-quality review or exclusion decision has been approved","false","unknown","registry-v1"
"url_0a5f73ccc79f","https://clinicaltrialfailures.com/trial/NCT06420297-ole-study-of-carbetocin-nasal-spray-for-the-treatment-of-hyperphagia-in-prader-w","trial","REVIEW_HOLD","Inventory-only snapshot; no page-quality review or exclusion decision has been approved","false","unknown","registry-v1"
"url_d23f363b2897","https://clinicaltrialfailures.com/trial/NCT07014735-effect-of-hyperglycaemia-and-moxifloxacin-on-qtc-interval-in-t2dm","trial","REVIEW_HOLD","Inventory-only snapshot; no page-quality review or exclusion decision has been approved","false","unknown","registry-v1"
"url_08c8977e9120","https://clinicaltrialfailures.com/trial/NCT01012297-gemcitabine-hydrochloride-and-docetaxel-with-or-without-bevacizumab-in-treating-","trial","REVIEW_HOLD","Inventory-only snapshot; no page-quality review or exclusion decision has been approved","false","unknown","registry-v1"
"url_d0b7ec671142","https://clinicaltrialfailures.com/trial/NCT06648655-a-study-to-investigate-the-safety-and-efficacy-of-tmp-301-compared-to-placebo-in","trial","REVIEW_HOLD","Inventory-only snapshot; no page-quality review or exclusion decision has been approved","false","unknown","registry-v1"
"url_095082140b6f","https://clinicaltrialfailures.com/trial/NCT05254990-reparixin-add-on-therapy-to-standard-care-to-limit-progression-in-pts-with-covid","trial","REVIEW_HOLD","Inventory-only snapshot; no page-quality review or exclusion decision has been approved","false","unknown","registry-v1"
"url_5183c74e1aae","https://clinicaltrialfailures.com/trial/NCT03866187-safety-efficacy-immunogenicity-study-of-gsk-biologicals-hbv-viral-vector-and-adj","trial","REVIEW_HOLD","Inventory-only snapshot; no page-quality review or exclusion decision has been approved","false","unknown","registry-v1"
"url_3a6d016a66a7","https://clinicaltrialfailures.com/trial/NCT03875144-treatment-of-malignant-peritoneal-mesothelioma-mesotip","trial","REVIEW_HOLD","Inventory-only snapshot; no page-quality review or exclusion decision has been approved","false","unknown","registry-v1"
"url_cb52626ba1e1","https://clinicaltrialfailures.com/trial/NCT04157517-a-study-of-modakafusp-alfa-tak-573-given-by-itself-and-together-with-pembrolizum","trial","REVIEW_HOLD","Inventory-only snapshot; no page-quality review or exclusion decision has been approved","false","unknown","registry-v1"
"url_0989349e6f19","https://clinicaltrialfailures.com/trial/NCT04393038-abx464-in-treating-inflammation-and-preventing-acute-respiratory-failure-in-pati","trial","REVIEW_HOLD","Inventory-only snapshot; no page-quality review or exclusion decision has been approved","false","unknown","registry-v1"
"url_fcd81ad15c88","https://clinicaltrialfailures.com/trial/NCT05584202-study-to-evaluate-the-safety-reactogenicity-and-effectiveness-of-mrna-1273-214-s","trial","REVIEW_HOLD","Inventory-only snapshot; no page-quality review or exclusion decision has been approved","false","unknown","registry-v1"
"url_5571fa569f09","https://clinicaltrialfailures.com/trial/NCT05276492-decreasing-dosing-regimens-of-abiraterone-500-mg-in-men-with-prostate-cancer-to-","trial","REVIEW_HOLD","Inventory-only snapshot; no page-quality review or exclusion decision has been approved","false","unknown","registry-v1"
"url_df3c665706a7","https://clinicaltrialfailures.com/trial/NCT04726592-efficacy-of-clorazepate-for-the-treatment-of-migraine-attack-in-the-emergency-ro","trial","REVIEW_HOLD","Inventory-only snapshot; no page-quality review or exclusion decision has been approved","false","unknown","registry-v1"
"url_2b0fde0f05fc","https://clinicaltrialfailures.com/trial/NCT06146374-safety-study-of-slv213-for-the-treatment-of-covid-19","trial","REVIEW_HOLD","Inventory-only snapshot; no page-quality review or exclusion decision has been approved","false","unknown","registry-v1"
"url_41cb117dc88a","https://clinicaltrialfailures.com/trial/NCT05281094-efficacy-and-safety-of-two-doses-of-hil-214-in-children","trial","REVIEW_HOLD","Inventory-only snapshot; no page-quality review or exclusion decision has been approved","false","unknown","registry-v1"
"url_f1d5192b2bc3","https://clinicaltrialfailures.com/trial/NCT06108739-atg-plus-low-dose-pt-cy-for-gvhd-prevention","trial","REVIEW_HOLD","Inventory-only snapshot; no page-quality review or exclusion decision has been approved","false","unknown","registry-v1"
"url_e4b9344cb9e7","https://clinicaltrialfailures.com/trial/NCT06655818-sub-study-of-belantamab-mafodotin-gsk2857916-as-monotherapy-and-in-combination-w","trial","REVIEW_HOLD","Inventory-only snapshot; no page-quality review or exclusion decision has been approved","false","unknown","registry-v1"
"url_77fe06104567","https://clinicaltrialfailures.com/trial/NCT01205828-abt-888-and-temozolomide-for-liver-cancer","trial","REVIEW_HOLD","Inventory-only snapshot; no page-quality review or exclusion decision has been approved","false","unknown","registry-v1"
"url_ff403da7eb8d","https://clinicaltrialfailures.com/trial/NCT03332940-safety-evaluation-of-iv-tc-99m-tilmanocept-and-comparison-of-imaging-with-sulfur","trial","REVIEW_HOLD","Inventory-only snapshot; no page-quality review or exclusion decision has been approved","false","unknown","registry-v1"
"url_672200a60f10","https://clinicaltrialfailures.com/trial/NCT03549000-a-phase-i-ib-study-of-nzv930-alone-and-in-combination-with-pdr001-and-or-nir178-","trial","REVIEW_HOLD","Inventory-only snapshot; no page-quality review or exclusion decision has been approved","false","unknown","registry-v1"
"url_dbc9aaaa53e9","https://clinicaltrialfailures.com/trial/NCT05979727-dose-finding-pkpd-trial-for-re02-in-healthy-subjects","trial","REVIEW_HOLD","Inventory-only snapshot; no page-quality review or exclusion decision has been approved","false","unknown","registry-v1"
"url_750c57c40bac","https://clinicaltrialfailures.com/trial/NCT01614405-highly-active-antiretroviral-therapy-for-patients-with-primary-biliary-cirrhosis","trial","REVIEW_HOLD","Inventory-only snapshot; no page-quality review or exclusion decision has been approved","false","unknown","registry-v1"
"url_b6614f7bff0c","https://clinicaltrialfailures.com/trial/NCT05947461-prevention-of-post-ercp-pancreatitis-by-indomethacin-vs-diclofenac","trial","REVIEW_HOLD","Inventory-only snapshot; no page-quality review or exclusion decision has been approved","false","unknown","registry-v1"
"url_5b5624c18a02","https://clinicaltrialfailures.com/trial/NCT03592264-a-phase-i-ii-study-of-obi-3424-in-subjects-with-advanced-solid-tumors","trial","REVIEW_HOLD","Inventory-only snapshot; no page-quality review or exclusion decision has been approved","false","unknown","registry-v1"
"url_89f136efa624","https://clinicaltrialfailures.com/trial/NCT01239108-study-of-sgi-1776-a-pim-kinase-inhibitor-in-subjects-with-relapsed-refractory-le","trial","REVIEW_HOLD","Inventory-only snapshot; no page-quality review or exclusion decision has been approved","false","unknown","registry-v1"
"url_52aa0c4b407d","https://clinicaltrialfailures.com/trial/NCT03492164-in-vivo-parp-1-expression-with-18f-ftt-pet-ct-in-pancreatic-cancer","trial","REVIEW_HOLD","Inventory-only snapshot; no page-quality review or exclusion decision has been approved","false","unknown","registry-v1"
"url_22af8586be7b","https://clinicaltrialfailures.com/trial/NCT02181699-study-of-khk2823-in-patients-with-acute-myeloid-leukemia-aml-and-myelodysplastic","trial","REVIEW_HOLD","Inventory-only snapshot; no page-quality review or exclusion decision has been approved","false","unknown","registry-v1"
"url_194b2858f9ed","https://clinicaltrialfailures.com/trial/NCT04458311-abiraterone-acetate-in-combination-with-tildrakizumab","trial","REVIEW_HOLD","Inventory-only snapshot; no page-quality review or exclusion decision has been approved","false","unknown","registry-v1"
"url_60d937ed41da","https://clinicaltrialfailures.com/trial/NCT00775502-phase-1-2-study-of-anti-gm-2-monoclonal-antibody-to-treat-multiple-myeloma","trial","REVIEW_HOLD","Inventory-only snapshot; no page-quality review or exclusion decision has been approved","false","unknown","registry-v1"
"url_456405297db1","https://clinicaltrialfailures.com/trial/NCT03558724-fluorescence-endoscopy-of-esophageal-carcinoma","trial","REVIEW_HOLD","Inventory-only snapshot; no page-quality review or exclusion decision has been approved","false","unknown","registry-v1"
"url_bd35bfef2f5f","https://clinicaltrialfailures.com/trial/NCT05071183-a-study-of-repotrectinib-in-combination-with-other-anticancer-therapies-for-the-","trial","REVIEW_HOLD","Inventory-only snapshot; no page-quality review or exclusion decision has been approved","false","unknown","registry-v1"
"url_4ab9ed244d60","https://clinicaltrialfailures.com/trial/NCT04645966-a-clinical-trial-to-assess-the-safety-tolerability-and-immunogenicity-of-menabcw","trial","REVIEW_HOLD","Inventory-only snapshot; no page-quality review or exclusion decision has been approved","false","unknown","registry-v1"
"url_0363ba872b2e","https://clinicaltrialfailures.com/trial/NCT04142658-proact-xa-a-trial-to-determine-if-participants-with-an-on-x-aortic-valve-can-be-","trial","REVIEW_HOLD","Inventory-only snapshot; no page-quality review or exclusion decision has been approved","false","unknown","registry-v1"
"url_1c6a610cf1e0","https://clinicaltrialfailures.com/trial/NCT04809805-a-study-to-learn-how-safe-bay2666605-is-how-it-affects-the-body-how-it-moves-int","trial","REVIEW_HOLD","Inventory-only snapshot; no page-quality review or exclusion decision has been approved","false","unknown","registry-v1"
"url_77022715077b","https://clinicaltrialfailures.com/trial/NCT00540995-busulfan-etoposide-and-intensity-modulated-radiation-therapy-followed-by-donor-s","trial","REVIEW_HOLD","Inventory-only snapshot; no page-quality review or exclusion decision has been approved","false","unknown","registry-v1"
"url_3d63191c8e8d","https://clinicaltrialfailures.com/trial/NCT01994824-preemptive-therapy-of-gvhd","trial","REVIEW_HOLD","Inventory-only snapshot; no page-quality review or exclusion decision has been approved","false","unknown","registry-v1"
"url_fc119ff97234","https://clinicaltrialfailures.com/trial/NCT03318861-study-to-evaluate-the-safety-and-efficacy-of-kite-585-in-participants-with-relap","trial","REVIEW_HOLD","Inventory-only snapshot; no page-quality review or exclusion decision has been approved","false","unknown","registry-v1"
"url_b739d0fe1037","https://clinicaltrialfailures.com/trial/NCT04171843-a-dose-escalation-study-to-evaluate-the-safety-and-clinical-activity-of-pbcar269","trial","REVIEW_HOLD","Inventory-only snapshot; no page-quality review or exclusion decision has been approved","false","unknown","registry-v1"
"url_90f260a07219","https://clinicaltrialfailures.com/trial/NCT00551759-chemotherapy-radiation-therapy-and-cetuximab-followed-by-surgery-docetaxel-and-c","trial","REVIEW_HOLD","Inventory-only snapshot; no page-quality review or exclusion decision has been approved","false","unknown","registry-v1"
"url_f34eb2018897","https://clinicaltrialfailures.com/trial/NCT05348681-a-study-to-evaluate-rist4721-in-hidradenitis-suppurativa-hs","trial","REVIEW_HOLD","Inventory-only snapshot; no page-quality review or exclusion decision has been approved","false","unknown","registry-v1"
"url_47a5d715dd13","https://clinicaltrialfailures.com/trial/NCT04547140-study-to-evaluate-the-safety-and-efficacy-of-liquid-alpha1-proteinase-inhibitor-","trial","REVIEW_HOLD","Inventory-only snapshot; no page-quality review or exclusion decision has been approved","false","unknown","registry-v1"
"url_89c63ce201a1","https://clinicaltrialfailures.com/trial/NCT04332107-azithromycin-for-covid-19-treatment-in-outpatients-nationwide","trial","REVIEW_HOLD","Inventory-only snapshot; no page-quality review or exclusion decision has been approved","false","unknown","registry-v1"
"url_88bba4b9b039","https://clinicaltrialfailures.com/trial/NCT02834247-a-study-of-tak-659-in-combination-with-nivolumab-in-participants-with-advanced-s","trial","REVIEW_HOLD","Inventory-only snapshot; no page-quality review or exclusion decision has been approved","false","unknown","registry-v1"
"url_d7e86c2ba105","https://clinicaltrialfailures.com/trial/NCT04900428-study-to-evaluate-a-single-intranasal-dose-of-sti-2099-covi-drops-in-outpatient-","trial","REVIEW_HOLD","Inventory-only snapshot; no page-quality review or exclusion decision has been approved","false","unknown","registry-v1"
"url_3921811857bd","https://clinicaltrialfailures.com/trial/NCT05304130-a-study-in-healthy-japanese-participants-to-evaluate-the-safety-and-pharmacokine","trial","REVIEW_HOLD","Inventory-only snapshot; no page-quality review or exclusion decision has been approved","false","unknown","registry-v1"
"url_7fef1ad0fce7","https://clinicaltrialfailures.com/trial/NCT04367168-colchicine-in-patients-with-mild-and-severe-coronavirus-disease","trial","REVIEW_HOLD","Inventory-only snapshot; no page-quality review or exclusion decision has been approved","false","unknown","registry-v1"
"url_b5921572590b","https://clinicaltrialfailures.com/trial/NCT02454855-impact-of-a-melatonin-supplementation-on-the-quality-of-life-in-elderly-metastat","trial","REVIEW_HOLD","Inventory-only snapshot; no page-quality review or exclusion decision has been approved","false","unknown","registry-v1"
"url_07c9e442fdcc","https://clinicaltrialfailures.com/trial/NCT01622088-phase-3-extension-study-of-dexpramipexole-in-als","trial","REVIEW_HOLD","Inventory-only snapshot; no page-quality review or exclusion decision has been approved","false","unknown","registry-v1"
"url_bb9cb4f130c1","https://clinicaltrialfailures.com/trial/NCT02497612-to-evaluate-the-efficacy-safety-tolerability-and-pharmacokinetics-of-a-single-do","trial","REVIEW_HOLD","Inventory-only snapshot; no page-quality review or exclusion decision has been approved","false","unknown","registry-v1"
"url_868637d877e5","https://clinicaltrialfailures.com/trial/NCT05247307-efficacy-of-the-infusion-of-donor-plasma-in-covid-19-infection","trial","REVIEW_HOLD","Inventory-only snapshot; no page-quality review or exclusion decision has been approved","false","unknown","registry-v1"
"url_4085efccc5a9","https://clinicaltrialfailures.com/trial/NCT04525391-azd2811-and-durvalumab-medi4736-combination-therapy-in-relapsed-small-cell-lung-","trial","REVIEW_HOLD","Inventory-only snapshot; no page-quality review or exclusion decision has been approved","false","unknown","registry-v1"
"url_73fd7924d01c","https://clinicaltrialfailures.com/trial/NCT04653389-perioperative-therapy-for-hepatocellular-carcinoma","trial","REVIEW_HOLD","Inventory-only snapshot; no page-quality review or exclusion decision has been approved","false","unknown","registry-v1"
"url_5d7b2d291319","https://clinicaltrialfailures.com/trial/NCT04526912-treatment-and-prevention-of-acute-lung-injury-ali-in-patients-with-covid-19-infe","trial","REVIEW_HOLD","Inventory-only snapshot; no page-quality review or exclusion decision has been approved","false","unknown","registry-v1"
"url_230add359828","https://clinicaltrialfailures.com/trial/NCT02814019-a-phase-iii-double-blind-study-with-idebenone-in-patients-with-duchenne-muscular","trial","REVIEW_HOLD","Inventory-only snapshot; no page-quality review or exclusion decision has been approved","false","unknown","registry-v1"
"url_5c00f21bc1fc","https://clinicaltrialfailures.com/trial/NCT02895945-bax-802-in-cha-with-inhibitors","trial","REVIEW_HOLD","Inventory-only snapshot; no page-quality review or exclusion decision has been approved","false","unknown","registry-v1"
"url_391fc440660b","https://clinicaltrialfailures.com/trial/NCT02484547-221ad302-phase-3-study-of-aducanumab-biib037-in-early-alzheimer-s-disease","trial","REVIEW_HOLD","Inventory-only snapshot; no page-quality review or exclusion decision has been approved","false","unknown","registry-v1"
"url_39f20f1f841f","https://clinicaltrialfailures.com/trial/NCT02687815-vitamin-d-to-prevent-severe-asthma-exacerbations-vit-d-kids-asthma","trial","REVIEW_HOLD","Inventory-only snapshot; no page-quality review or exclusion decision has been approved","false","unknown","registry-v1"
"url_80f055fac03a","https://clinicaltrialfailures.com/trial/NCT03381833-a-study-with-ljpc-401-for-the-treatment-of-myocardial-iron-overload-in-patients-","trial","REVIEW_HOLD","Inventory-only snapshot; no page-quality review or exclusion decision has been approved","false","unknown","registry-v1"
"url_2231bb587d72","https://clinicaltrialfailures.com/trial/NCT01343823-evaluation-of-ecallantide-for-treatment-of-angiotensin-converting-enzyme-ace-inh","trial","REVIEW_HOLD","Inventory-only snapshot; no page-quality review or exclusion decision has been approved","false","unknown","registry-v1"
"url_dd5567638a83","https://clinicaltrialfailures.com/trial/NCT03844932-a-study-evaluating-the-efficacy-and-safety-of-st-0529-in-subjects-with-moderatel","trial","REVIEW_HOLD","Inventory-only snapshot; no page-quality review or exclusion decision has been approved","false","unknown","registry-v1"
"url_41345e75d2cb","https://clinicaltrialfailures.com/trial/NCT01126216-reduced-radiotherapy-with-pac-cis-vs-standard-radiotherapy-with-5-fu-cis-in-loca","trial","REVIEW_HOLD","Inventory-only snapshot; no page-quality review or exclusion decision has been approved","false","unknown","registry-v1"
"url_a891119857a0","https://clinicaltrialfailures.com/trial/NCT00059202-trial-of-high-dose-urso-in-primary-sclerosing-cholangitis","trial","REVIEW_HOLD","Inventory-only snapshot; no page-quality review or exclusion decision has been approved","false","unknown","registry-v1"
"url_f2612fdcbb35","https://clinicaltrialfailures.com/trial/NCT03511105-effects-of-gsk2798745-on-alveolar-barrier-disruption-in-a-segmental-lipopolysacc","trial","REVIEW_HOLD","Inventory-only snapshot; no page-quality review or exclusion decision has been approved","false","unknown","registry-v1"
"url_38d15177e444","https://clinicaltrialfailures.com/trial/NCT03425097-fexofenadine-use-in-gastroesophageal-reflux-symptoms","trial","REVIEW_HOLD","Inventory-only snapshot; no page-quality review or exclusion decision has been approved","false","unknown","registry-v1"
"url_fd0eb70e865e","https://clinicaltrialfailures.com/trial/NCT00584779-an-open-label-pharmacokinetic-study-of-gabapentin-in-japanese-subjects-with-rena","trial","REVIEW_HOLD","Inventory-only snapshot; no page-quality review or exclusion decision has been approved","false","unknown","registry-v1"
"url_f7735f0b6c98","https://clinicaltrialfailures.com/trial/NCT01145417-pregabalin-trial-in-hiv-neuropathic-pain","trial","REVIEW_HOLD","Inventory-only snapshot; no page-quality review or exclusion decision has been approved","false","unknown","registry-v1"
"url_1ea3b4c48183","https://clinicaltrialfailures.com/trial/NCT03170115-induction-chemotherapy-plus-chemoradiotherapy-with-or-without-aspirin-in-high-ri","trial","REVIEW_HOLD","Inventory-only snapshot; no page-quality review or exclusion decision has been approved","false","unknown","registry-v1"
"url_587a1081375a","https://clinicaltrialfailures.com/trial/NCT02443337-a-study-of-ly3023414-and-necitumumab-in-squamous-lung-cancer","trial","REVIEW_HOLD","Inventory-only snapshot; no page-quality review or exclusion decision has been approved","false","unknown","registry-v1"
"url_28dac40de1e1","https://clinicaltrialfailures.com/trial/NCT01018953-study-to-assess-the-efficacy-and-safety-of-different-doses-of-bim-23a760-in-pati","trial","REVIEW_HOLD","Inventory-only snapshot; no page-quality review or exclusion decision has been approved","false","unknown","registry-v1"
"url_e9ee7fa7c671","https://clinicaltrialfailures.com/trial/NCT00759876-phase-2a-extension-study-of-ataluren-ptc124-in-duchenne-muscular-dystrophy-dmd","trial","REVIEW_HOLD","Inventory-only snapshot; no page-quality review or exclusion decision has been approved","false","unknown","registry-v1"
"url_4ba3e70e132b","https://clinicaltrialfailures.com/trial/NCT02418754-study-of-intravitreal-regn2176-3-in-participants-with-neovascular-wet-age-relate","trial","REVIEW_HOLD","Inventory-only snapshot; no page-quality review or exclusion decision has been approved","false","unknown","registry-v1"
"url_e6aaddac2b5e","https://clinicaltrialfailures.com/trial/NCT02000453-safety-and-tolerability-study-of-gsk2586184-in-patients-with-moderate-to-severel","trial","REVIEW_HOLD","Inventory-only snapshot; no page-quality review or exclusion decision has been approved","false","unknown","registry-v1"
"url_2765a5ac6b87","https://clinicaltrialfailures.com/trial/NCT00506948-thymoglobulin-sirolimus-and-mycophenolate-mofetil-for-prevention-of-acute-graft-","trial","REVIEW_HOLD","Inventory-only snapshot; no page-quality review or exclusion decision has been approved","false","unknown","registry-v1"
"url_4aef2399232a","https://clinicaltrialfailures.com/trial/NCT03491150-an-open-label-crenezumab-study-in-participants-with-alzheimer-s-disease","trial","REVIEW_HOLD","Inventory-only snapshot; no page-quality review or exclusion decision has been approved","false","unknown","registry-v1"
"url_7853233d83f0","https://clinicaltrialfailures.com/trial/NCT02609984-study-to-compare-the-safety-and-efficacy-of-cmb305-with-atezolizumab-to-atezoliz","trial","REVIEW_HOLD","Inventory-only snapshot; no page-quality review or exclusion decision has been approved","false","unknown","registry-v1"
"url_c1fafa9c4789","https://clinicaltrialfailures.com/trial/NCT02503501-intranasal-glulisine-in-amnestic-mild-cognitive-impairment-and-probable-mild-alz","trial","REVIEW_HOLD","Inventory-only snapshot; no page-quality review or exclusion decision has been approved","false","unknown","registry-v1"
"url_623018800e16","https://clinicaltrialfailures.com/trial/NCT04134468-mri-effects-of-pegvorhyaluronidase-alfa-pegph20-in-pancreatic-ductal-adenocarcin","trial","REVIEW_HOLD","Inventory-only snapshot; no page-quality review or exclusion decision has been approved","false","unknown","registry-v1"
"url_84e8e36ae47b","https://clinicaltrialfailures.com/trial/NCT03846466-study-of-khk-4323-in-healthy-volunteers-and-subjects-with-atopic-dermatitis","trial","REVIEW_HOLD","Inventory-only snapshot; no page-quality review or exclusion decision has been approved","false","unknown","registry-v1"
"url_a15eaf447013","https://clinicaltrialfailures.com/trial/NCT04115020-low-dose-naltrexone-for-chronic-pain-in-osteoarthritis-and-inflammatory-arthriti","trial","REVIEW_HOLD","Inventory-only snapshot; no page-quality review or exclusion decision has been approved","false","unknown","registry-v1"
"url_319a438ce065","https://clinicaltrialfailures.com/trial/NCT03511365-effects-of-probiotic-on-inflammation-and-microbiota-in-patients-with-nash","trial","REVIEW_HOLD","Inventory-only snapshot; no page-quality review or exclusion decision has been approved","false","unknown","registry-v1"
"url_eb965f0e530a","https://clinicaltrialfailures.com/trial/NCT02735694-cycloserine-in-the-treatment-of-sleep-apnea","trial","REVIEW_HOLD","Inventory-only snapshot; no page-quality review or exclusion decision has been approved","false","unknown","registry-v1"
"url_a595df8d541b","https://clinicaltrialfailures.com/trial/NCT01602120-an-extension-study-to-evaluate-the-long-term-safety-of-lampalizumab-in-participa","trial","REVIEW_HOLD","Inventory-only snapshot; no page-quality review or exclusion decision has been approved","false","unknown","registry-v1"
"url_3a6ecbd384ba","https://clinicaltrialfailures.com/trial/NCT00439374-rct-of-progesterone-to-prevent-preterm-birth-in-nulliparous-women-with-a-short-c","trial","REVIEW_HOLD","Inventory-only snapshot; no page-quality review or exclusion decision has been approved","false","unknown","registry-v1"
"url_3450a372a0d8","https://clinicaltrialfailures.com/trial/NCT03676231-study-of-sgm-1019-in-patients-with-nonalcoholic-steatohepatitis-nash","trial","REVIEW_HOLD","Inventory-only snapshot; no page-quality review or exclusion decision has been approved","false","unknown","registry-v1"
"url_984678b82340","https://clinicaltrialfailures.com/trial/NCT02120261-using-saline-for-myofascial-pain-syndromes-usamps","trial","REVIEW_HOLD","Inventory-only snapshot; no page-quality review or exclusion decision has been approved","false","unknown","registry-v1"
"url_29460b63d11a","https://clinicaltrialfailures.com/trial/NCT00704847-efficacy-and-safety-of-oral-salmon-calcitonin-in-patients-with-knee-osteoarthrit","trial","REVIEW_HOLD","Inventory-only snapshot; no page-quality review or exclusion decision has been approved","false","unknown","registry-v1"
"url_4a25d36b5b64","https://clinicaltrialfailures.com/trial/NCT03185481-safety-and-tolerability-of-pf-06649751-in-parkinson-s-disease-patients-with-moto","trial","REVIEW_HOLD","Inventory-only snapshot; no page-quality review or exclusion decision has been approved","false","unknown","registry-v1"
"url_13903e51e546","https://clinicaltrialfailures.com/trial/NCT01679951-a-dose-range-finding-study-of-jnj-38518168-in-patients-with-active-rheumatoid-ar","trial","REVIEW_HOLD","Inventory-only snapshot; no page-quality review or exclusion decision has been approved","false","unknown","registry-v1"
"url_52d90e0f73f7","https://clinicaltrialfailures.com/trial/NCT01298505-a-study-to-investigate-the-safety-and-toleration-of-multiple-oral-doses-of-pf-03","trial","REVIEW_HOLD","Inventory-only snapshot; no page-quality review or exclusion decision has been approved","false","unknown","registry-v1"
"url_f2cb97a74f17","https://clinicaltrialfailures.com/trial/NCT03067974-intranasal-ketamine-for-pediatric-procedural-sedation-a-feasibility-study","trial","REVIEW_HOLD","Inventory-only snapshot; no page-quality review or exclusion decision has been approved","false","unknown","registry-v1"
"url_d7ed115f24e7","https://clinicaltrialfailures.com/trial/NCT02633800-patritumab-with-cetuximab-and-a-platinum-agent-for-squamous-cell-carcinoma-cance","trial","REVIEW_HOLD","Inventory-only snapshot; no page-quality review or exclusion decision has been approved","false","unknown","registry-v1"
"url_120029c8a4be","https://clinicaltrialfailures.com/trial/NCT00023881-bortezomib-in-treating-patients-with-chronic-myelogenous-leukemia","trial","REVIEW_HOLD","Inventory-only snapshot; no page-quality review or exclusion decision has been approved","false","unknown","registry-v1"
"url_400a92c7e73a","https://clinicaltrialfailures.com/trial/NCT00322881-carboplatin-and-paclitaxel-in-elderly-women-with-newly-diagnosed-ovarian-periton","trial","REVIEW_HOLD","Inventory-only snapshot; no page-quality review or exclusion decision has been approved","false","unknown","registry-v1"
"url_a190f8fc20a4","https://clinicaltrialfailures.com/trial/NCT00884039-anecortave-acetate-injection-to-treat-steroid-responsive-intraocular-pressure-in","trial","REVIEW_HOLD","Inventory-only snapshot; no page-quality review or exclusion decision has been approved","false","unknown","registry-v1"
"url_964097f01985","https://clinicaltrialfailures.com/trial/NCT01378377-combination-trial-of-pimasertib-msc1936369b-with-temsirolimus","trial","REVIEW_HOLD","Inventory-only snapshot; no page-quality review or exclusion decision has been approved","false","unknown","registry-v1"
"url_b3c81b4e8e11","https://clinicaltrialfailures.com/trial/NCT01488708-on-open-label-study-in-participants-with-systemic-lupus-erythematosus","trial","REVIEW_HOLD","Inventory-only snapshot; no page-quality review or exclusion decision has been approved","false","unknown","registry-v1"
"url_55c037962e6c","https://clinicaltrialfailures.com/trial/NCT02635074-ibrutinib-idarubicin-and-cytarabine-in-treating-patients-with-relapsed-or-refrac","trial","REVIEW_HOLD","Inventory-only snapshot; no page-quality review or exclusion decision has been approved","false","unknown","registry-v1"
"url_5f844a93a2b8","https://clinicaltrialfailures.com/trial/NCT01313611-brief-bendamustine-and-rituximab-in-elderly-follicular","trial","REVIEW_HOLD","Inventory-only snapshot; no page-quality review or exclusion decision has been approved","false","unknown","registry-v1"
"url_16baf0f78a4b","https://clinicaltrialfailures.com/trial/NCT00807755-everolimus-carboplatin-and-etoposide-in-treating-patients-with-small-cell-lung-c","trial","REVIEW_HOLD","Inventory-only snapshot; no page-quality review or exclusion decision has been approved","false","unknown","registry-v1"
"url_67b8385cd4c1","https://clinicaltrialfailures.com/trial/NCT00625729-donor-natural-killer-cell-infusion-rituximab-aldesleukin-and-chemotherapy-in-tre","trial","REVIEW_HOLD","Inventory-only snapshot; no page-quality review or exclusion decision has been approved","false","unknown","registry-v1"
"url_22f24fecd76e","https://clinicaltrialfailures.com/trial/NCT00400205-study-of-induction-docetaxel-cisplatin-and-5-fluorouracil","trial","REVIEW_HOLD","Inventory-only snapshot; no page-quality review or exclusion decision has been approved","false","unknown","registry-v1"
"url_47ae4e62cd7d","https://clinicaltrialfailures.com/trial/NCT01316939-gsk1605786a-in-the-maintenance-of-remission-in-subjects-with-crohn-s-disease","trial","REVIEW_HOLD","Inventory-only snapshot; no page-quality review or exclusion decision has been approved","false","unknown","registry-v1"
"url_9c106ad29078","https://clinicaltrialfailures.com/trial/NCT01332552-a-first-time-in-human-study-to-assess-the-safety-tolerability-pharmacokinetics-a","trial","REVIEW_HOLD","Inventory-only snapshot; no page-quality review or exclusion decision has been approved","false","unknown","registry-v1"
"url_c5426688b5a1","https://clinicaltrialfailures.com/trial/NCT00958022-carboplatin-and-etoposide-plus-lbh589-for-small-cell-lung-cancer","trial","REVIEW_HOLD","Inventory-only snapshot; no page-quality review or exclusion decision has been approved","false","unknown","registry-v1"
"url_9caad8ba1a0c","https://clinicaltrialfailures.com/trial/NCT01385293-bkm120-in-metastatic-castration-resistant-prostate-cancer","trial","REVIEW_HOLD","Inventory-only snapshot; no page-quality review or exclusion decision has been approved","false","unknown","registry-v1"
"url_265dfd7d183d","https://clinicaltrialfailures.com/trial/NCT02289482-a-single-dose-pharmacokinetic-pk-and-safety-study-of-gsk2838232-with-and-without","trial","REVIEW_HOLD","Inventory-only snapshot; no page-quality review or exclusion decision has been approved","false","unknown","registry-v1"
"url_480d1569993f","https://clinicaltrialfailures.com/trial/NCT00936520-sar-1118-in-human-subjects-undergoing-pars-plana-vitrectomy","trial","REVIEW_HOLD","Inventory-only snapshot; no page-quality review or exclusion decision has been approved","false","unknown","registry-v1"
"url_c2c7880ff4fd","https://clinicaltrialfailures.com/trial/NCT02396225-concentrations-of-voriconazole-in-blood-and-bal-fluid-after-inhalation-and-oral-","trial","REVIEW_HOLD","Inventory-only snapshot; no page-quality review or exclusion decision has been approved","false","unknown","registry-v1"
"url_413c1182740d","https://clinicaltrialfailures.com/trial/NCT01813838-gfm-acadesine-a-phase-i-ii-trial-of-acadesine","trial","REVIEW_HOLD","Inventory-only snapshot; no page-quality review or exclusion decision has been approved","false","unknown","registry-v1"
"url_6cef9c403ee2","https://clinicaltrialfailures.com/trial/NCT02862145-pharmacodynamics-study-of-mrx34-microrna-liposomal-injection-in-melanoma-patient","trial","REVIEW_HOLD","Inventory-only snapshot; no page-quality review or exclusion decision has been approved","false","unknown","registry-v1"
"url_9001b488f2c9","https://clinicaltrialfailures.com/trial/NCT02872649-dabigatran-as-an-alternative-anticoagulant-in-patients-with-left-ventricular-ass","trial","REVIEW_HOLD","Inventory-only snapshot; no page-quality review or exclusion decision has been approved","false","unknown","registry-v1"
"url_901fe6706523","https://clinicaltrialfailures.com/trial/NCT01528137-talactoferrin-in-treating-patients-with-relapsed-or-refractory-non-small-cell-lu","trial","REVIEW_HOLD","Inventory-only snapshot; no page-quality review or exclusion decision has been approved","false","unknown","registry-v1"
"url_a6423757fe18","https://clinicaltrialfailures.com/trial/NCT00574275-aflibercept-compared-to-placebo-in-term-of-efficacy-in-patients-treated-with-gem","trial","REVIEW_HOLD","Inventory-only snapshot; no page-quality review or exclusion decision has been approved","false","unknown","registry-v1"
"url_b2f11a2a639d","https://clinicaltrialfailures.com/trial/NCT01668173-hsp90-inhibitor-auy922-in-patients-with-primary-myelofibrosis-pmf-post-polycythe","trial","REVIEW_HOLD","Inventory-only snapshot; no page-quality review or exclusion decision has been approved","false","unknown","registry-v1"
"url_71f6bb9d6912","https://clinicaltrialfailures.com/trial/NCT00567879-a-trial-of-panobinostat-and-trastuzumab-for-adult-female-patients-with-her2-posi","trial","REVIEW_HOLD","Inventory-only snapshot; no page-quality review or exclusion decision has been approved","false","unknown","registry-v1"
"url_f23083034906","https://clinicaltrialfailures.com/trial/NCT01518153-planned-donor-lymphocyte-infusion-dli-after-allogeneic-stem-cell-transplantation","trial","REVIEW_HOLD","Inventory-only snapshot; no page-quality review or exclusion decision has been approved","false","unknown","registry-v1"
"url_fdda86acf824","https://clinicaltrialfailures.com/trial/NCT00523328-bg9924-in-combination-with-methotrexate-extension-of-study-104ra203-nct-00458861","trial","REVIEW_HOLD","Inventory-only snapshot; no page-quality review or exclusion decision has been approved","false","unknown","registry-v1"
"url_465155f912aa","https://clinicaltrialfailures.com/trial/NCT00660036-phase-i-ii-study-of-mitoxantrone-etoposide-and-gemtuzumab-ozogamicin-for-acute-m","trial","REVIEW_HOLD","Inventory-only snapshot; no page-quality review or exclusion decision has been approved","false","unknown","registry-v1"
"url_f256591e8f88","https://clinicaltrialfailures.com/trial/NCT01716546-trial-of-panitumumab-cisplatin-fluourouracil-and-docetaxel-in-locally-advanced-o","trial","REVIEW_HOLD","Inventory-only snapshot; no page-quality review or exclusion decision has been approved","false","unknown","registry-v1"
"url_105572f91449","https://clinicaltrialfailures.com/trial/NCT00088907-phase-iii-trial-of-docetaxel-versus-docetaxel-plus-zd1839-in-head-and-neck-cance","trial","REVIEW_HOLD","Inventory-only snapshot; no page-quality review or exclusion decision has been approved","false","unknown","registry-v1"
"url_fbcbe9c2a65b","https://clinicaltrialfailures.com/trial/NCT00449865-net-pd-ls-1-creatine-in-parkinson-s-disease","trial","REVIEW_HOLD","Inventory-only snapshot; no page-quality review or exclusion decision has been approved","false","unknown","registry-v1"
"url_1bef99993ead","https://clinicaltrialfailures.com/trial/NCT00131404-a-two-year-safety-and-efficacy-study-in-obese-patients-0364-015-terminated","trial","REVIEW_HOLD","Inventory-only snapshot; no page-quality review or exclusion decision has been approved","false","unknown","registry-v1"
"url_a4252cd8cd35","https://clinicaltrialfailures.com/trial/NCT01537861-filgrastim-in-treating-patients-with-bortezomib-carfilzomib-or-imid-refractory-m","trial","REVIEW_HOLD","Inventory-only snapshot; no page-quality review or exclusion decision has been approved","false","unknown","registry-v1"
"url_445d49aa0c91","https://clinicaltrialfailures.com/trial/NCT00509249-aflibercept-in-treating-patients-with-myelodysplastic-syndromes","trial","REVIEW_HOLD","Inventory-only snapshot; no page-quality review or exclusion decision has been approved","false","unknown","registry-v1"
"url_c91ec854820d","https://clinicaltrialfailures.com/trial/NCT02354014-pharmacokinetic-study-to-evaluate-anti-mycobacterial-activity-of-tmc207-in-combi","trial","REVIEW_HOLD","Inventory-only snapshot; no page-quality review or exclusion decision has been approved","false","unknown","registry-v1"
"url_2c9dd6900ab4","https://clinicaltrialfailures.com/trial/NCT07656792-a-study-in-japanese-healthy-men-to-test-how-well-different-doses-of-bi-3031185-a","trial","REVIEW_HOLD","Inventory-only snapshot; no page-quality review or exclusion decision has been approved","false","unknown","registry-v1"
"url_9048e950f995","https://clinicaltrialfailures.com/trial/NCT06916702-a-study-to-test-how-well-different-doses-of-bi-3031185-are-tolerated-by-healthy-","trial","REVIEW_HOLD","Inventory-only snapshot; no page-quality review or exclusion decision has been approved","false","unknown","registry-v1"
"url_0e33ce4c1365","https://clinicaltrialfailures.com/trial/NCT07218770-a-study-of-regn7041-for-active-noninfectious-uveitis-in-adult-participants","trial","REVIEW_HOLD","Inventory-only snapshot; no page-quality review or exclusion decision has been approved","false","unknown","registry-v1"
"url_c809a9af24ce","https://clinicaltrialfailures.com/trial/NCT05083481-a-study-of-asp1570-taken-by-itself-or-asp1570-taken-together-with-either-pembrol","trial","REVIEW_HOLD","Inventory-only snapshot; no page-quality review or exclusion decision has been approved","false","unknown","registry-v1"
"url_928b4c5f1db0","https://clinicaltrialfailures.com/trial/NCT04193878-arrest-respiratory-failure-from-pneumonia","trial","REVIEW_HOLD","Inventory-only snapshot; no page-quality review or exclusion decision has been approved","false","unknown","registry-v1"
"url_53f6c0a1ab30","https://clinicaltrialfailures.com/trial/NCT05081180-study-of-avelumab-in-combination-with-lenvatinib-for-children-with-primary-cns-t","trial","REVIEW_HOLD","Inventory-only snapshot; no page-quality review or exclusion decision has been approved","false","unknown","registry-v1"
"url_e659287e7558","https://clinicaltrialfailures.com/trial/NCT03631199-study-of-efficacy-and-safety-of-pembrolizumab-plus-platinum-based-doublet-chemot","trial","REVIEW_HOLD","Inventory-only snapshot; no page-quality review or exclusion decision has been approved","false","unknown","registry-v1"
"url_dd9fdeb78e10","https://clinicaltrialfailures.com/trial/NCT04955743-pembrolizumab-and-lenvatinib-in-patients-with-brain-metastases-from-melanoma-or-","trial","REVIEW_HOLD","Inventory-only snapshot; no page-quality review or exclusion decision has been approved","false","unknown","registry-v1"
"url_0540357e0909","https://clinicaltrialfailures.com/trial/NCT06312020-a-phase-2-study-to-investigate-efficacy-and-safety-of-hzn-1116-in-participants-w","trial","REVIEW_HOLD","Inventory-only snapshot; no page-quality review or exclusion decision has been approved","false","unknown","registry-v1"
"url_842e4c6b3310","https://clinicaltrialfailures.com/trial/NCT07134556-phase-ii-trial-evaluating-the-safety-and-efficacy-of-the-combination-of-zimberel","trial","REVIEW_HOLD","Inventory-only snapshot; no page-quality review or exclusion decision has been approved","false","unknown","registry-v1"
"url_07bca9576833","https://clinicaltrialfailures.com/trial/NCT01453140-in-vivo-regulatory-t-cell-enhancement-with-cyclophosphamide-and-sirolimus","trial","REVIEW_HOLD","Inventory-only snapshot; no page-quality review or exclusion decision has been approved","false","unknown","registry-v1"
"url_6437eae847e3","https://clinicaltrialfailures.com/trial/NCT02997332-durvalumab-in-combination-with-docetaxel-cisplatin-and-5-fu-for-locally-advanced","trial","REVIEW_HOLD","Inventory-only snapshot; no page-quality review or exclusion decision has been approved","false","unknown","registry-v1"
"url_c4a8df034e23","https://clinicaltrialfailures.com/trial/NCT04338269-a-study-of-atezolizumab-in-combination-with-cabozantinib-compared-to-cabozantini","trial","REVIEW_HOLD","Inventory-only snapshot; no page-quality review or exclusion decision has been approved","false","unknown","registry-v1"
"url_bdd67b052bc2","https://clinicaltrialfailures.com/trial/NCT06137183-a-study-to-evaluate-the-efficacy-safety-and-pharmacokinetics-of-vixarelimab-in-p","trial","REVIEW_HOLD","Inventory-only snapshot; no page-quality review or exclusion decision has been approved","false","unknown","registry-v1"
"url_74b726f2a666","https://clinicaltrialfailures.com/trial/NCT04345692-a-randomized-controlled-clinical-trial-hydroxychloroquine-for-the-treatment-of-c","trial","REVIEW_HOLD","Inventory-only snapshot; no page-quality review or exclusion decision has been approved","false","unknown","registry-v1"
"url_3440dbb06690","https://clinicaltrialfailures.com/trial/NCT06649682-68ga-nym096-177lu-nym096-in-metastatic-ccrcc","trial","REVIEW_HOLD","Inventory-only snapshot; no page-quality review or exclusion decision has been approved","false","unknown","registry-v1"
"url_c3d07eeeb2dd","https://clinicaltrialfailures.com/trial/NCT04973137-a-study-to-evaluate-the-efficacy-and-safety-of-birtamimab-in-mayo-stage-iv-patie","trial","REVIEW_HOLD","Inventory-only snapshot; no page-quality review or exclusion decision has been approved","false","unknown","registry-v1"
"url_49541cd9486a","https://clinicaltrialfailures.com/trial/NCT03940690-interest-of-intravitreal-injections-of-anti-vegf-as-initial-and-adjuvant-treatme","trial","REVIEW_HOLD","Protected URL from explicit audit list: previously inspected valuable URL","true","partial","registry-v1"
"url_03ef43b5ef08","https://clinicaltrialfailures.com/trial/NCT04188509-open-label-extension-of-voxelotor","trial","REVIEW_HOLD","Inventory-only snapshot; no page-quality review or exclusion decision has been approved","false","unknown","registry-v1"
"url_c5822bbabf60","https://clinicaltrialfailures.com/trial/NCT04644185-the-efficacy-and-safety-of-scta01-in-hospitalized-patients-with-severe-covid-19","trial","REVIEW_HOLD","Inventory-only snapshot; no page-quality review or exclusion decision has been approved","false","unknown","registry-v1"
"url_d47c3711f51d","https://clinicaltrialfailures.com/trial/NCT05630547-a-study-to-evaluate-the-effect-of-sar443820-on-serum-neurofilament-levels-in-mal","trial","REVIEW_HOLD","Inventory-only snapshot; no page-quality review or exclusion decision has been approved","false","unknown","registry-v1"
"url_e577025b2bbd","https://clinicaltrialfailures.com/trial/NCT03522142-a-study-exploring-the-safety-and-tolerability-of-incb081776-in-participants-with","trial","REVIEW_HOLD","Inventory-only snapshot; no page-quality review or exclusion decision has been approved","false","unknown","registry-v1"
"url_f92c5168ab54","https://clinicaltrialfailures.com/trial/NCT04643158-efficacy-and-safety-of-inhaled-azd1402-administered-for-four-weeks-in-adults-wit","trial","REVIEW_HOLD","Inventory-only snapshot; no page-quality review or exclusion decision has been approved","false","unknown","registry-v1"
"url_1674dc534470","https://clinicaltrialfailures.com/trial/NCT05420636-iadademstat-in-combination-with-paclitaxel-in-relapsed-refractory-sclc-and-extra","trial","REVIEW_HOLD","Inventory-only snapshot; no page-quality review or exclusion decision has been approved","false","unknown","registry-v1"
"url_8cd248a4fc83","https://clinicaltrialfailures.com/trial/NCT05677659-a-study-of-vgl101-in-patients-with-adult-onset-leukoencephalopathy-with-axonal-s","trial","REVIEW_HOLD","Inventory-only snapshot; no page-quality review or exclusion decision has been approved","false","unknown","registry-v1"
"url_21162d9e80f5","https://clinicaltrialfailures.com/trial/NCT01551446-pilot-assessment-of-the-effects-of-bardoxolone-methyl-on-renal-perfusion-systemi","trial","REVIEW_HOLD","Inventory-only snapshot; no page-quality review or exclusion decision has been approved","false","unknown","registry-v1"
"url_6f9d095639ad","https://clinicaltrialfailures.com/trial/NCT04347226-anti-interleukin-8-anti-il-8-for-patients-with-covid-19","trial","REVIEW_HOLD","Inventory-only snapshot; no page-quality review or exclusion decision has been approved","false","unknown","registry-v1"
"url_bd378c4d5ee5","https://clinicaltrialfailures.com/trial/NCT03633747-efficacy-evaluation-of-propranolol-treatment-of-hepatic-hemangioma","trial","REVIEW_HOLD","Inventory-only snapshot; no page-quality review or exclusion decision has been approved","false","unknown","registry-v1"
"url_6f1610353eb0","https://clinicaltrialfailures.com/trial/NCT04579666-meridian-a-study-to-evaluate-the-efficacy-and-safety-of-pegcetacoplan-in-adults-","trial","REVIEW_HOLD","Inventory-only snapshot; no page-quality review or exclusion decision has been approved","false","unknown","registry-v1"
"url_22abd019861b","https://clinicaltrialfailures.com/trial/NCT03290196-the-effect-of-exparel-on-postsurgical-pain-and-the-use-of-narcotics","trial","REVIEW_HOLD","Inventory-only snapshot; no page-quality review or exclusion decision has been approved","false","unknown","registry-v1"
"url_7bc0aa1ffd2f","https://clinicaltrialfailures.com/trial/NCT03871829-daratumumab-retreatment-in-participants-with-multiple-myeloma-who-have-been-prev","trial","REVIEW_HOLD","Inventory-only snapshot; no page-quality review or exclusion decision has been approved","false","unknown","registry-v1"
"url_cc648cfe7089","https://clinicaltrialfailures.com/trial/NCT00742482-efficacy-and-safety-of-3-doses-of-hl10-given-at-fixed-time-intervals-compared-to","trial","REVIEW_HOLD","Inventory-only snapshot; no page-quality review or exclusion decision has been approved","false","unknown","registry-v1"
"url_d48fe95c7b54","https://clinicaltrialfailures.com/trial/NCT04314713-a-study-to-evaluate-the-intramuscular-administration-of-scopolamine","trial","REVIEW_HOLD","Inventory-only snapshot; no page-quality review or exclusion decision has been approved","false","unknown","registry-v1"
"url_88b241e14fc4","https://clinicaltrialfailures.com/trial/NCT04858451-community-patients-at-risk-of-viral-infections-including-sars-cov-2","trial","REVIEW_HOLD","Inventory-only snapshot; no page-quality review or exclusion decision has been approved","false","unknown","registry-v1"
"url_1a801bf093f2","https://clinicaltrialfailures.com/trial/NCT03248479-magrolimab-monotherapy-or-magrolimab-in-combination-with-azacitidine-in-particip","trial","REVIEW_HOLD","Inventory-only snapshot; no page-quality review or exclusion decision has been approved","false","unknown","registry-v1"
"url_3b835ee9cebe","https://clinicaltrialfailures.com/trial/NCT03809624-study-of-inbrx-105-and-inbrx-105-with-pembrolizumab-in-patients-with-solid-tumor","trial","REVIEW_HOLD","Inventory-only snapshot; no page-quality review or exclusion decision has been approved","false","unknown","registry-v1"
"url_6434cc65b9eb","https://clinicaltrialfailures.com/trial/NCT02592863-trental-for-the-treatment-of-vertigo-dizziness-imbalance","trial","REVIEW_HOLD","Inventory-only snapshot; no page-quality review or exclusion decision has been approved","false","unknown","registry-v1"
"url_6d7ee8aa4ce4","https://clinicaltrialfailures.com/trial/NCT05016661-extension-study-of-abp-20001-to-evaluate-safety-and-efficacy-of-repeat-treatment","trial","REVIEW_HOLD","Inventory-only snapshot; no page-quality review or exclusion decision has been approved","false","unknown","registry-v1"
"url_14e0a60825ed","https://clinicaltrialfailures.com/trial/NCT05253209-a-study-evaluating-the-efficacy-and-safety-of-iv-l-citrulline-for-the-prevention","trial","REVIEW_HOLD","Inventory-only snapshot; no page-quality review or exclusion decision has been approved","false","unknown","registry-v1"
"url_a4c32fea196b","https://clinicaltrialfailures.com/trial/NCT04611152-a-trial-to-evaluate-the-efficacy-durability-and-safety-of-ksi-301-compared-to-af","trial","REVIEW_HOLD","Inventory-only snapshot; no page-quality review or exclusion decision has been approved","false","unknown","registry-v1"
"url_461a450eac61","https://clinicaltrialfailures.com/trial/NCT03715166-efficacy-and-safety-of-bumetanide-oral-liquid-formulation-in-children-and-adoles","trial","REVIEW_HOLD","Inventory-only snapshot; no page-quality review or exclusion decision has been approved","false","unknown","registry-v1"
"url_6bfa063c90cc","https://clinicaltrialfailures.com/trial/NCT03176277-a-study-of-ono-7475-in-patients-with-acute-leukemias","trial","REVIEW_HOLD","Inventory-only snapshot; no page-quality review or exclusion decision has been approved","false","unknown","registry-v1"
"url_b2902b8e0ab1","https://clinicaltrialfailures.com/trial/NCT05723731-effect-of-transcutaneous-auricular-vagal-nerve-stimulation-on-chronic-constipati","trial","REVIEW_HOLD","Inventory-only snapshot; no page-quality review or exclusion decision has been approved","false","unknown","registry-v1"
"url_9a3fe53936cb","https://clinicaltrialfailures.com/trial/NCT03770455-avelumab-plus-2nd-generation-adt-in-african-american-subjects-with-mcrpc","trial","REVIEW_HOLD","Inventory-only snapshot; no page-quality review or exclusion decision has been approved","false","unknown","registry-v1"
"url_4e8f2ee00f63","https://clinicaltrialfailures.com/trial/NCT01670994-quilt-3-020-a-study-of-alt-801-in-patients-with-relapsed-or-refractory-multiple-","trial","REVIEW_HOLD","Inventory-only snapshot; no page-quality review or exclusion decision has been approved","false","unknown","registry-v1"
"url_9130a75acfed","https://clinicaltrialfailures.com/trial/NCT03621982-study-of-adct-301-in-patients-with-selected-advanced-solid-tumors","trial","REVIEW_HOLD","Inventory-only snapshot; no page-quality review or exclusion decision has been approved","false","unknown","registry-v1"
"url_aad8c814470c","https://clinicaltrialfailures.com/trial/NCT04411472-revival-study-to-investigate-the-efficacy-and-safety-of-alkaline-phosphatase-in-","trial","REVIEW_HOLD","Inventory-only snapshot; no page-quality review or exclusion decision has been approved","false","unknown","registry-v1"
"url_22c1e3bdef58","https://clinicaltrialfailures.com/trial/NCT01440595-grazoprevir-mk-5172-with-peg-interferon-and-ribavirin-in-participants-with-chron","trial","REVIEW_HOLD","Inventory-only snapshot; no page-quality review or exclusion decision has been approved","false","unknown","registry-v1"
"url_22e9855590fa","https://clinicaltrialfailures.com/trial/NCT05101915-study-of-a-nebulised-nitric-oxide-generating-solution-in-patients-with-mycobacte","trial","REVIEW_HOLD","Inventory-only snapshot; no page-quality review or exclusion decision has been approved","false","unknown","registry-v1"
"url_c5c49180d324","https://clinicaltrialfailures.com/trial/NCT03428945-hydroxychloroquine-in-individuals-at-risk-for-type-1-diabetes-mellitus","trial","REVIEW_HOLD","Inventory-only snapshot; no page-quality review or exclusion decision has been approved","false","unknown","registry-v1"
"url_053ef71ea374","https://clinicaltrialfailures.com/trial/NCT05128539-a-study-explore-js001-js002-in-patients-with-advanced-cancer","trial","REVIEW_HOLD","Inventory-only snapshot; no page-quality review or exclusion decision has been approved","false","unknown","registry-v1"
"url_a4ba05c6f870","https://clinicaltrialfailures.com/trial/NCT03198559-combination-latency-reversal-with-high-dose-disulfiram-plus-vorinostat-in-hiv-in","trial","REVIEW_HOLD","Inventory-only snapshot; no page-quality review or exclusion decision has been approved","false","unknown","registry-v1"
"url_ff29b5ba8faa","https://clinicaltrialfailures.com/trial/NCT04333147-long-term-safety-and-efficacy-of-gsk3196165-otilimab-in-the-treatment-of-rheumat","trial","REVIEW_HOLD","Inventory-only snapshot; no page-quality review or exclusion decision has been approved","false","unknown","registry-v1"
"url_d6316a358e86","https://clinicaltrialfailures.com/trial/NCT04663126-feasibility-of-iv-tc-99m-tilmanocept-for-imaging-of-m2-like-tams-in-metastatic-m","trial","REVIEW_HOLD","Inventory-only snapshot; no page-quality review or exclusion decision has been approved","false","unknown","registry-v1"
"url_9a0741619b5d","https://clinicaltrialfailures.com/trial/NCT04539483-monoclonal-antibody-therapy-against-chronic-herpes-simplex-virus-1-infection","trial","REVIEW_HOLD","Inventory-only snapshot; no page-quality review or exclusion decision has been approved","false","unknown","registry-v1"
"url_bba14768830c","https://clinicaltrialfailures.com/trial/NCT03852628-kappa-opioid-receptor-antagonism-for-the-tx-of-aud-and-comorbid-ptsd","trial","REVIEW_HOLD","Inventory-only snapshot; no page-quality review or exclusion decision has been approved","false","unknown","registry-v1"
"url_14170299a190","https://clinicaltrialfailures.com/trial/NCT03450707-thiamine-as-a-metabolic-resuscitator-after-cardiac-arrest","trial","REVIEW_HOLD","Inventory-only snapshot; no page-quality review or exclusion decision has been approved","false","unknown","registry-v1"
"url_75f9976a25ce","https://clinicaltrialfailures.com/trial/NCT03762265-a-study-of-prn1008-in-patients-with-pemphigus","trial","REVIEW_HOLD","Inventory-only snapshot; no page-quality review or exclusion decision has been approved","false","unknown","registry-v1"
"url_e98df06db61f","https://clinicaltrialfailures.com/trial/NCT04556383-a-study-with-gb004-in-adult-subjects-with-active-ulcerative-colitis-uc","trial","REVIEW_HOLD","Inventory-only snapshot; no page-quality review or exclusion decision has been approved","false","unknown","registry-v1"
"url_a26b361a22cc","https://clinicaltrialfailures.com/trial/NCT01784159-aspirin-for-patients-with-sepsis-and-septic-shock","trial","REVIEW_HOLD","Inventory-only snapshot; no page-quality review or exclusion decision has been approved","false","unknown","registry-v1"
"url_0ae1d25faf47","https://clinicaltrialfailures.com/trial/NCT05194839-a-phase-2b-study-to-evaluate-rist4721-in-palmoplantar-pustulosis-ppp","trial","REVIEW_HOLD","Inventory-only snapshot; no page-quality review or exclusion decision has been approved","false","unknown","registry-v1"
"url_090d75604acd","https://clinicaltrialfailures.com/trial/NCT03509584-phase-i-multicenter-trial-combining-nivolumab-ipilimumab-and-hypo-fractionated-r","trial","REVIEW_HOLD","Inventory-only snapshot; no page-quality review or exclusion decision has been approved","false","unknown","registry-v1"
"url_baf9b5b429c9","https://clinicaltrialfailures.com/trial/NCT04365400-assess-efficacy-and-safety-of-epeleuton-in-patients-with-hypertriglyceridemia-an","trial","REVIEW_HOLD","Inventory-only snapshot; no page-quality review or exclusion decision has been approved","false","unknown","registry-v1"
"url_74c2ac6f6a38","https://clinicaltrialfailures.com/trial/NCT05411679-ep0057-in-combination-with-olaparib-in-relapsed-advanced-gastric-cancer-and-smal","trial","REVIEW_HOLD","Inventory-only snapshot; no page-quality review or exclusion decision has been approved","false","unknown","registry-v1"
"url_e21ddf5c6a5c","https://clinicaltrialfailures.com/trial/NCT03715153-efficacy-and-safety-of-bumetanide-oral-liquid-formulation-in-children-aged-from-","trial","REVIEW_HOLD","Inventory-only snapshot; no page-quality review or exclusion decision has been approved","false","unknown","registry-v1"
"url_1c294695f39c","https://clinicaltrialfailures.com/trial/NCT04648020-clonidine-hcl-mbt-vs-placebo-to-prevent-chemoradiotherapy-induced-severe-oral-mu","trial","REVIEW_HOLD","Inventory-only snapshot; no page-quality review or exclusion decision has been approved","false","unknown","registry-v1"
"url_184e610a6e70","https://clinicaltrialfailures.com/trial/NCT02994771-a-phase-i-study-with-lymfactin-in-the-treatment-of-patients-with-secondary-lymph","trial","REVIEW_HOLD","Inventory-only snapshot; no page-quality review or exclusion decision has been approved","false","unknown","registry-v1"
"url_7597b819e6b9","https://clinicaltrialfailures.com/trial/NCT04288856-study-to-assess-the-safety-tolerability-pharmacokinetics-and-effect-on-disease-p","trial","REVIEW_HOLD","Inventory-only snapshot; no page-quality review or exclusion decision has been approved","false","unknown","registry-v1"
"url_bd9fb783bc3a","https://clinicaltrialfailures.com/trial/NCT01709136-pharmacokinetics-of-sirolimus-and-tacrolimus-in-liver-transplant-recipients-with","trial","REVIEW_HOLD","Inventory-only snapshot; no page-quality review or exclusion decision has been approved","false","unknown","registry-v1"
"url_dd08b099bf0c","https://clinicaltrialfailures.com/trial/NCT03982173-basket-trial-for-combination-therapy-with-durvalumab-anti-pdl1-medi4736-and-trem","trial","REVIEW_HOLD","Inventory-only snapshot; no page-quality review or exclusion decision has been approved","false","unknown","registry-v1"
"url_9ba7cf05dfb5","https://clinicaltrialfailures.com/trial/NCT04327505-safety-and-efficacy-of-hyperbaric-oxygen-for-ards-in-patients-with-covid-19","trial","REVIEW_HOLD","Inventory-only snapshot; no page-quality review or exclusion decision has been approved","false","unknown","registry-v1"
"url_ff2e3888a11c","https://clinicaltrialfailures.com/trial/NCT01005914-pegaspargase-and-combination-chemotherapy-in-treating-patients-with-newly-diagno","trial","REVIEW_HOLD","Inventory-only snapshot; no page-quality review or exclusion decision has been approved","false","unknown","registry-v1"
"url_e415b00a6ffb","https://clinicaltrialfailures.com/trial/NCT03998293-direct-measurement-of-proinsulin-clearance-in-humans","trial","REVIEW_HOLD","Inventory-only snapshot; no page-quality review or exclusion decision has been approved","false","unknown","registry-v1"
"url_5f464dd254b9","https://clinicaltrialfailures.com/trial/NCT00520533-study-of-safety-and-functional-imaging-of-cg250-and-sunitinib-in-patients-with-a","trial","REVIEW_HOLD","Inventory-only snapshot; no page-quality review or exclusion decision has been approved","false","unknown","registry-v1"
"url_c33e96f5c7f6","https://clinicaltrialfailures.com/trial/NCT00293215-biodistribution-study-of-cmd-193-in-patients-with-advanced-tumours-expressing-th","trial","REVIEW_HOLD","Inventory-only snapshot; no page-quality review or exclusion decision has been approved","false","unknown","registry-v1"
"url_d5845fdbf116","https://clinicaltrialfailures.com/trial/NCT04022876-a-study-of-alrn-6924-for-the-prevention-of-chemotherapy-induced-side-effects-che","trial","REVIEW_HOLD","Inventory-only snapshot; no page-quality review or exclusion decision has been approved","false","unknown","registry-v1"
"url_8657173775e4","https://clinicaltrialfailures.com/trial/NCT04523090-catalysing-the-containment-of-covid-19","trial","REVIEW_HOLD","Inventory-only snapshot; no page-quality review or exclusion decision has been approved","false","unknown","registry-v1"
"url_ed563a13bae5","https://clinicaltrialfailures.com/trial/NCT02413138-versartis-trial-in-pre-pubertal-japanese-children-with-growth-hormone-deficiency","trial","REVIEW_HOLD","Inventory-only snapshot; no page-quality review or exclusion decision has been approved","false","unknown","registry-v1"
"url_e05701c01ae0","https://clinicaltrialfailures.com/trial/NCT01773395-gvax-vs-placebo-for-mds-aml-after-allo-hsct","trial","REVIEW_HOLD","Inventory-only snapshot; no page-quality review or exclusion decision has been approved","false","unknown","registry-v1"
"url_36a5b861d738","https://clinicaltrialfailures.com/trial/NCT02228304-study-of-the-intravitreal-implantation-of-nt-503-3-encapsulated-cell-technology-","trial","REVIEW_HOLD","Inventory-only snapshot; no page-quality review or exclusion decision has been approved","false","unknown","registry-v1"
"url_aeabada75998","https://clinicaltrialfailures.com/trial/NCT01037907-a-study-of-orally-administered-bgc20-0134-structured-lipid-in-patients-with-rela","trial","REVIEW_HOLD","Inventory-only snapshot; no page-quality review or exclusion decision has been approved","false","unknown","registry-v1"
"url_92414d94f983","https://clinicaltrialfailures.com/trial/NCT02999633-safety-and-efficacy-of-isatuximab-in-lymphoblastic-leukemia","trial","REVIEW_HOLD","Inventory-only snapshot; no page-quality review or exclusion decision has been approved","false","unknown","registry-v1"
"url_0df2cb7fb824","https://clinicaltrialfailures.com/trial/NCT04529499-clinical-trial-evaluating-the-efficacy-and-safety-of-favipiravir-in-moderate-to-","trial","REVIEW_HOLD","Inventory-only snapshot; no page-quality review or exclusion decision has been approved","false","unknown","registry-v1"
"url_0f01f43fe9f0","https://clinicaltrialfailures.com/trial/NCT03787095-safety-and-immunotherapeutic-activity-of-an-anti-pd-1-antibody-cemiplimab-in-par","trial","REVIEW_HOLD","Inventory-only snapshot; no page-quality review or exclusion decision has been approved","false","unknown","registry-v1"
"url_1ea5094b866f","https://clinicaltrialfailures.com/trial/NCT00740181-decitabine-cytarabine-gcsf-for-refractory-aml-mds","trial","REVIEW_HOLD","Inventory-only snapshot; no page-quality review or exclusion decision has been approved","false","unknown","registry-v1"
"url_580c88ac7a83","https://clinicaltrialfailures.com/trial/NCT04278872-phase-2-study-of-sjx-653-in-postmenopausal-women-with-moderate-to-severe-vasomot","trial","REVIEW_HOLD","Inventory-only snapshot; no page-quality review or exclusion decision has been approved","false","unknown","registry-v1"
"url_da44e81e94fa","https://clinicaltrialfailures.com/trial/NCT03589976-a-futility-trial-of-sirolimus-in-multiple-system-atrophy","trial","REVIEW_HOLD","Inventory-only snapshot; no page-quality review or exclusion decision has been approved","false","unknown","registry-v1"
"url_5c50f273b637","https://clinicaltrialfailures.com/trial/NCT03603288-phase-iii-study-with-idebenone-in-patients-with-duchenne-muscular-dystrophy-side","trial","REVIEW_HOLD","Inventory-only snapshot; no page-quality review or exclusion decision has been approved","false","unknown","registry-v1"
"url_ab831168f03f","https://clinicaltrialfailures.com/trial/NCT05018975-tazemetostat-for-the-treatment-of-moderate-to-severe-covid-19-infection","trial","REVIEW_HOLD","Inventory-only snapshot; no page-quality review or exclusion decision has been approved","false","unknown","registry-v1"
"url_b5370218cb20","https://clinicaltrialfailures.com/trial/NCT01131351-safety-and-pharmacokinetics-pk-in-multidrug-resistant-mdr-refractive-tuberculosi","trial","REVIEW_HOLD","Inventory-only snapshot; no page-quality review or exclusion decision has been approved","false","unknown","registry-v1"
"url_27bacbc65c57","https://clinicaltrialfailures.com/trial/NCT03883607-elafibranor-pk-and-safety-in-children-and-adolescents-8-to-17-years-of-age-with-","trial","REVIEW_HOLD","Inventory-only snapshot; no page-quality review or exclusion decision has been approved","false","unknown","registry-v1"
"url_7fe70ad3871d","https://clinicaltrialfailures.com/trial/NCT01110876-phase-i-ii-vorinostat-erlotinib-and-temozolomide-for-recurrent-glioblastoma-mult","trial","REVIEW_HOLD","Inventory-only snapshot; no page-quality review or exclusion decision has been approved","false","unknown","registry-v1"
"url_f5138a844650","https://clinicaltrialfailures.com/trial/NCT00681811-open-label-extension-study-of-recombinant-human-arylsulfatase-a-hgt-1111-in-late","trial","REVIEW_HOLD","Inventory-only snapshot; no page-quality review or exclusion decision has been approved","false","unknown","registry-v1"
"url_f5d1f37d3319","https://clinicaltrialfailures.com/trial/NCT02117466-image-guided-treatment-optimization-with-cetuximab-for-patients-with-metastatic-","trial","REVIEW_HOLD","Inventory-only snapshot; no page-quality review or exclusion decision has been approved","false","unknown","registry-v1"
"url_0de52b1db184","https://clinicaltrialfailures.com/trial/NCT01055067-arq-197-for-participants-with-relapsed-or-refractory-germ-cell-tumors","trial","REVIEW_HOLD","Inventory-only snapshot; no page-quality review or exclusion decision has been approved","false","unknown","registry-v1"
"url_1012d63ba812","https://clinicaltrialfailures.com/trial/NCT03340883-safety-and-tolerability-of-bion-1301-in-adults-with-relapsed-or-refractory-multi","trial","REVIEW_HOLD","Inventory-only snapshot; no page-quality review or exclusion decision has been approved","false","unknown","registry-v1"
"url_a085d23e2c37","https://clinicaltrialfailures.com/trial/NCT02822482-copanlisib-in-association-with-cetuximab-in-patients-with-recurrent-and-or-metas","trial","REVIEW_HOLD","Inventory-only snapshot; no page-quality review or exclusion decision has been approved","false","unknown","registry-v1"
"url_eedee1cf843c","https://clinicaltrialfailures.com/trial/NCT03696212-grapiprant-ary-007-and-pembrolizumab-in-patients-with-advanced-or-metastatic-pos","trial","REVIEW_HOLD","Inventory-only snapshot; no page-quality review or exclusion decision has been approved","false","unknown","registry-v1"
"url_832e28253446","https://clinicaltrialfailures.com/trial/NCT02956629-efficacy-and-safety-of-uprifosbuvir-mk-3682-ruzasvir-mk-8408-in-treating-hepatit","trial","REVIEW_HOLD","Inventory-only snapshot; no page-quality review or exclusion decision has been approved","false","unknown","registry-v1"
"url_36cb566e5f7a","https://clinicaltrialfailures.com/trial/NCT03041116-efficacy-and-safety-study-of-fosmetpantotenate-re-024-in-pkan-participants","trial","REVIEW_HOLD","Inventory-only snapshot; no page-quality review or exclusion decision has been approved","false","unknown","registry-v1"
"url_5955f1cf46e3","https://clinicaltrialfailures.com/trial/NCT03262038-does-iv-ondansetron-prevent-pruritus-after-intrathecal-morphine-in-pediatric-pat","trial","REVIEW_HOLD","Inventory-only snapshot; no page-quality review or exclusion decision has been approved","false","unknown","registry-v1"
"url_c45664d3fc31","https://clinicaltrialfailures.com/trial/NCT01268059-a-study-of-carboplatin-and-paclitaxel-with-or-without-medi-575-in-untreated-adva","trial","REVIEW_HOLD","Inventory-only snapshot; no page-quality review or exclusion decision has been approved","false","unknown","registry-v1"
"url_b3e4d9ee3d2b","https://clinicaltrialfailures.com/trial/NCT04066647-detection-of-mirnas-in-hpa-axis-function-in-healthy-subjects","trial","REVIEW_HOLD","Inventory-only snapshot; no page-quality review or exclusion decision has been approved","false","unknown","registry-v1"
"url_bdb4be0d0143","https://clinicaltrialfailures.com/trial/NCT02960217-crossover-study-to-assess-the-efficacy-and-safety-of-ux007-in-the-treatment-of-m","trial","REVIEW_HOLD","Inventory-only snapshot; no page-quality review or exclusion decision has been approved","false","unknown","registry-v1"
"url_e2eeb7ee9b5a","https://clinicaltrialfailures.com/trial/NCT04044378-famitinib-plus-camrelizumab-and-famitinib-alone-and-famitinib-plus-ifosfamide-in","trial","REVIEW_HOLD","Inventory-only snapshot; no page-quality review or exclusion decision has been approved","false","unknown","registry-v1"
"url_22c06460d6b4","https://clinicaltrialfailures.com/trial/NCT00566111-ceftriaxone-in-the-management-of-bipolar-depression","trial","REVIEW_HOLD","Inventory-only snapshot; no page-quality review or exclusion decision has been approved","false","unknown","registry-v1"
"url_88619b262b43","https://clinicaltrialfailures.com/trial/NCT03055195-efficacy-and-safety-study-of-mepolizumab-in-subjects-with-moderate-to-severe-ato","trial","REVIEW_HOLD","Inventory-only snapshot; no page-quality review or exclusion decision has been approved","false","unknown","registry-v1"
"url_ab7de0f3fab7","https://clinicaltrialfailures.com/trial/NCT01669720-adjuvant-aflibercept-for-metastatic-colorectal-cancer","trial","REVIEW_HOLD","Inventory-only snapshot; no page-quality review or exclusion decision has been approved","false","unknown","registry-v1"
"url_a90766314bd7","https://clinicaltrialfailures.com/trial/NCT01475162-tocilizumab-for-treatment-of-steroid-refractory-acute-graft-versus-host-disease","trial","REVIEW_HOLD","Inventory-only snapshot; no page-quality review or exclusion decision has been approved","false","unknown","registry-v1"
"url_3de04ff9c287","https://clinicaltrialfailures.com/trial/NCT02867280-sorafenib-treatment-in-patients-with-hepatocellular-carcinoma-with-microvascular","trial","REVIEW_HOLD","Inventory-only snapshot; no page-quality review or exclusion decision has been approved","false","unknown","registry-v1"
"url_ec456967cab0","https://clinicaltrialfailures.com/trial/NCT00754013-evaluating-the-efficacy-and-safety-of-donepezil-hydrochloride-aricept-in-the-tre","trial","REVIEW_HOLD","Inventory-only snapshot; no page-quality review or exclusion decision has been approved","false","unknown","registry-v1"
"url_5965c0177af6","https://clinicaltrialfailures.com/trial/NCT03168594-study-to-compare-irinotecan-combined-with-cisplatin-ip-versus-etoposide-combined","trial","REVIEW_HOLD","Inventory-only snapshot; no page-quality review or exclusion decision has been approved","false","unknown","registry-v1"
"url_1c3c83beefce","https://clinicaltrialfailures.com/trial/NCT00334685-s-s-reboxetine-add-on-trial","trial","REVIEW_HOLD","Inventory-only snapshot; no page-quality review or exclusion decision has been approved","false","unknown","registry-v1"
"url_f8bd82c942c0","https://clinicaltrialfailures.com/trial/NCT00985946-study-of-panobinostat-in-patients-with-neuroendocrine-tumors","trial","REVIEW_HOLD","Inventory-only snapshot; no page-quality review or exclusion decision has been approved","false","unknown","registry-v1"
"url_ff381012ce21","https://clinicaltrialfailures.com/trial/NCT02783573-a-study-of-lanabecestat-ly3314814-in-participants-with-mild-alzheimer-s-disease-","trial","REVIEW_HOLD","Inventory-only snapshot; no page-quality review or exclusion decision has been approved","false","unknown","registry-v1"
"url_c5471c5d4b20","https://clinicaltrialfailures.com/trial/NCT00230490-open-label-treatment-extension-study-for-patients-who-complete-study-rna200103-2","trial","REVIEW_HOLD","Inventory-only snapshot; no page-quality review or exclusion decision has been approved","false","unknown","registry-v1"
"url_9a4b87743a5d","https://clinicaltrialfailures.com/trial/NCT01729104-phase-i-ii-carfilzomib-plus-lenalidomide-and-rituximab-in-the-treatment-of-relap","trial","REVIEW_HOLD","Inventory-only snapshot; no page-quality review or exclusion decision has been approved","false","unknown","registry-v1"
"url_673ce5b4f2eb","https://clinicaltrialfailures.com/trial/NCT03329885-a-study-of-experimental-medication-bms-986251-taken-by-mouth-in-healthy-particip","trial","REVIEW_HOLD","Inventory-only snapshot; no page-quality review or exclusion decision has been approved","false","unknown","registry-v1"
"url_f28fe9d64698","https://clinicaltrialfailures.com/trial/NCT02657369-a-phase-2-trial-of-lenvatinib-for-the-treatment-of-anaplastic-thyroid-cancer-atc","trial","REVIEW_HOLD","Inventory-only snapshot; no page-quality review or exclusion decision has been approved","false","unknown","registry-v1"
"url_8a695251203e","https://clinicaltrialfailures.com/trial/NCT03494231-a-study-of-hlx06-a-humanized-monoclonal-antibody-targeting-human-vascular-endoth","trial","REVIEW_HOLD","Inventory-only snapshot; no page-quality review or exclusion decision has been approved","false","unknown","registry-v1"
"url_ad9c4bc1f239","https://clinicaltrialfailures.com/trial/NCT03082833-phase-ii-trial-of-azd2014-in-tsc1-2-mutated-or-tsc1-2-null-gc-patients-as-second","trial","REVIEW_HOLD","Inventory-only snapshot; no page-quality review or exclusion decision has been approved","false","unknown","registry-v1"
"url_507679f852a1","https://clinicaltrialfailures.com/trial/NCT03335254-a-phase-1-2a-study-to-determine-the-dose-response-pharmacokinetics-of-tsx-011-te","trial","REVIEW_HOLD","Inventory-only snapshot; no page-quality review or exclusion decision has been approved","false","unknown","registry-v1"
"url_e82b5d21f86b","https://clinicaltrialfailures.com/trial/NCT02929498-safety-clinical-activity-pharmacokinetics-pk-and-pharmacodynamics-study-of-gsk28","trial","REVIEW_HOLD","Inventory-only snapshot; no page-quality review or exclusion decision has been approved","false","unknown","registry-v1"
"url_f32eb843c84d","https://clinicaltrialfailures.com/trial/NCT03051607-safety-and-tolerability-of-tozadenant-as-adjunctive-therapy-in-levodopa-treated-","trial","REVIEW_HOLD","Inventory-only snapshot; no page-quality review or exclusion decision has been approved","false","unknown","registry-v1"
"url_59e2ebb98363","https://clinicaltrialfailures.com/trial/NCT02418000-a-study-of-e6201-for-the-treatment-of-advanced-hematologic-malignancies-with-flt","trial","REVIEW_HOLD","Inventory-only snapshot; no page-quality review or exclusion decision has been approved","false","unknown","registry-v1"
"url_50453f804065","https://clinicaltrialfailures.com/trial/NCT01025882-margin-intense-combo-therapy-in-pts-w-potentially-resectable-pancreatic-cancer","trial","REVIEW_HOLD","Inventory-only snapshot; no page-quality review or exclusion decision has been approved","false","unknown","registry-v1"
"url_8d3a0a7aa8e1","https://clinicaltrialfailures.com/trial/NCT01394003-a-study-of-ly2584702-in-participants-with-advanced-cancer","trial","REVIEW_HOLD","Inventory-only snapshot; no page-quality review or exclusion decision has been approved","false","unknown","registry-v1"
"url_e164695caabe","https://clinicaltrialfailures.com/trial/NCT03222622-study-of-icotinib-hydrochloride-cream-in-patients-with-mild-to-moderate-psoriasi","trial","REVIEW_HOLD","Inventory-only snapshot; no page-quality review or exclusion decision has been approved","false","unknown","registry-v1"
"url_bf73195f9948","https://clinicaltrialfailures.com/trial/NCT00796510-study-providing-monotherapy-sitaxsentan-and-combination-therapy-sitaxsentan-sild","trial","REVIEW_HOLD","Inventory-only snapshot; no page-quality review or exclusion decision has been approved","false","unknown","registry-v1"
"url_1b75160c1ed1","https://clinicaltrialfailures.com/trial/NCT02496598-in-vitro-follicle-activation","trial","REVIEW_HOLD","Inventory-only snapshot; no page-quality review or exclusion decision has been approved","false","unknown","registry-v1"
"url_b0b6df4a1cb0","https://clinicaltrialfailures.com/trial/NCT03200080-a-study-to-determine-the-abuse-potential-of-tozadenant-relative-to-d-amphetamine","trial","REVIEW_HOLD","Inventory-only snapshot; no page-quality review or exclusion decision has been approved","false","unknown","registry-v1"
"url_f65415e61b1b","https://clinicaltrialfailures.com/trial/NCT00428116-optimizing-pediatric-hiv-1-treatment-nairobi-kenya","trial","REVIEW_HOLD","Inventory-only snapshot; no page-quality review or exclusion decision has been approved","false","unknown","registry-v1"
"url_ba9858b7762e","https://clinicaltrialfailures.com/trial/NCT01582672-phase-3-trial-of-autologous-dendritic-cell-immunotherapy-plus-standard-treatment","trial","REVIEW_HOLD","Inventory-only snapshot; no page-quality review or exclusion decision has been approved","false","unknown","registry-v1"
"url_1763b8c3ed95","https://clinicaltrialfailures.com/trial/NCT02454608-trial-of-verapamil-in-chronic-rhinosinusitis","trial","REVIEW_HOLD","Inventory-only snapshot; no page-quality review or exclusion decision has been approved","false","unknown","registry-v1"
"url_2c1b72913262","https://clinicaltrialfailures.com/trial/NCT01561430-study-of-ly2886721-in-mild-cognitive-impairment-due-to-alzheimer-s-disease-or-mi","trial","REVIEW_HOLD","Inventory-only snapshot; no page-quality review or exclusion decision has been approved","false","unknown","registry-v1"
"url_a290e87460ec","https://clinicaltrialfailures.com/trial/NCT01202773-a-study-in-participants-with-rheumatoid-arthritis","trial","REVIEW_HOLD","Inventory-only snapshot; no page-quality review or exclusion decision has been approved","false","unknown","registry-v1"
"url_b0dbbdc34bb3","https://clinicaltrialfailures.com/trial/NCT02722902-carnitine-infusion-and-insulin-resistance","trial","REVIEW_HOLD","Inventory-only snapshot; no page-quality review or exclusion decision has been approved","false","unknown","registry-v1"
"url_7d48c5f6cba3","https://clinicaltrialfailures.com/trial/NCT02374489-a-phase-ii-trial-of-ldk378-in-ros1-and-or-alk-over-expressed-advanced-intrahepat","trial","REVIEW_HOLD","Inventory-only snapshot; no page-quality review or exclusion decision has been approved","false","unknown","registry-v1"
"url_ddfec2ba5837","https://clinicaltrialfailures.com/trial/NCT01953874-cardiovascular-improvements-with-mv-asv-therapy-in-heart-failure","trial","REVIEW_HOLD","Inventory-only snapshot; no page-quality review or exclusion decision has been approved","false","unknown","registry-v1"
"url_e8400581b9b4","https://clinicaltrialfailures.com/trial/NCT03002454-sodium-pertechnetate-99tc-injection-generator-99mtc-from-neutron-activation-99mo","trial","REVIEW_HOLD","Inventory-only snapshot; no page-quality review or exclusion decision has been approved","false","unknown","registry-v1"
"url_af0f690740a0","https://clinicaltrialfailures.com/trial/NCT01318993-open-label-extension-study-of-gsk1605786a","trial","REVIEW_HOLD","Inventory-only snapshot; no page-quality review or exclusion decision has been approved","false","unknown","registry-v1"
"url_e37e0e59d435","https://clinicaltrialfailures.com/trial/NCT01999192-study-to-investigate-the-safety-and-efficacy-of-tregalizumab-in-subjects-mtx-ir-","trial","REVIEW_HOLD","Inventory-only snapshot; no page-quality review or exclusion decision has been approved","false","unknown","registry-v1"
"url_b623b47468a8","https://clinicaltrialfailures.com/trial/NCT00811356-a-first-time-in-human-study-in-healthy-volunteers-to-investigate-a-new-medicine-","trial","REVIEW_HOLD","Inventory-only snapshot; no page-quality review or exclusion decision has been approved","false","unknown","registry-v1"
"url_839776f3e893","https://clinicaltrialfailures.com/trial/NCT00443729-mk0518-in-the-treatment-of-hiv-infected-patients-switched-from-a-protease-inhibi","trial","REVIEW_HOLD","Inventory-only snapshot; no page-quality review or exclusion decision has been approved","false","unknown","registry-v1"
"url_456f86fdc709","https://clinicaltrialfailures.com/trial/NCT00745823-a-study-to-determine-the-safety-and-efficacy-of-once-daily-raltegravir-compared-","trial","REVIEW_HOLD","Inventory-only snapshot; no page-quality review or exclusion decision has been approved","false","unknown","registry-v1"
"url_c3cf736c1775","https://clinicaltrialfailures.com/trial/NCT00856661-efficacy-and-safety-study-of-desmoteplase-to-treat-acute-ischemic-stroke-dias-4","trial","REVIEW_HOLD","Inventory-only snapshot; no page-quality review or exclusion decision has been approved","false","unknown","registry-v1"
"url_9fa866257170","https://clinicaltrialfailures.com/trial/NCT02120027-52-week-efficacy-and-safety-study-of-ibodutant-in-women-with-irritable-bowel-syn","trial","REVIEW_HOLD","Inventory-only snapshot; no page-quality review or exclusion decision has been approved","false","unknown","registry-v1"
"url_e4814e647284","https://clinicaltrialfailures.com/trial/NCT00240981-tom-testosterone-in-older-men-with-sarcopenia","trial","REVIEW_HOLD","Inventory-only snapshot; no page-quality review or exclusion decision has been approved","false","unknown","registry-v1"
"url_3f3fab45c500","https://clinicaltrialfailures.com/trial/NCT01912404-study-of-idn-6556-in-patients-with-severe-alcoholic-hepatitis-and-contraindicati","trial","REVIEW_HOLD","Inventory-only snapshot; no page-quality review or exclusion decision has been approved","false","unknown","registry-v1"
"url_ca199886405c","https://clinicaltrialfailures.com/trial/NCT01829971-a-multicenter-phase-i-study-of-mrx34-microrna-mir-rx34-liposomal-injection","trial","REVIEW_HOLD","Inventory-only snapshot; no page-quality review or exclusion decision has been approved","false","unknown","registry-v1"
"url_a379b87e746a","https://clinicaltrialfailures.com/trial/NCT01939548-an-outpatient-study-of-the-efficacy-safety-and-tolerability-of-pf-02545920-in-th","trial","REVIEW_HOLD","Inventory-only snapshot; no page-quality review or exclusion decision has been approved","false","unknown","registry-v1"
"url_8b3154c00d6e","https://clinicaltrialfailures.com/trial/NCT00830037-a-clinical-trial-of-oral-versus-iv-iron-in-patients-with-chronic-kidney-disease","trial","REVIEW_HOLD","Inventory-only snapshot; no page-quality review or exclusion decision has been approved","false","unknown","registry-v1"
"url_8dda2a6d07c3","https://clinicaltrialfailures.com/trial/NCT01798485-a-phase-3-study-of-ganetespib-in-combination-with-docetaxel-versus-docetaxel-alo","trial","REVIEW_HOLD","Inventory-only snapshot; no page-quality review or exclusion decision has been approved","false","unknown","registry-v1"
"url_7b8276e135e2","https://clinicaltrialfailures.com/trial/NCT00532311-efficacy-of-lapaquistat-acetate-co-administered-with-statins-in-subjects-with-hy","trial","REVIEW_HOLD","Inventory-only snapshot; no page-quality review or exclusion decision has been approved","false","unknown","registry-v1"
"url_ee8a4692664b","https://clinicaltrialfailures.com/trial/NCT01829464-tak-875-fasiglifam-in-combination-with-sitagliptin-in-adults-with-type-2-diabete","trial","REVIEW_HOLD","Inventory-only snapshot; no page-quality review or exclusion decision has been approved","false","unknown","registry-v1"
"url_e46b4fa6ad2a","https://clinicaltrialfailures.com/trial/NCT00642902-a-phase-2-study-of-atacicept-in-subjects-with-relapsing-multiple-sclerosis-atams","trial","REVIEW_HOLD","Inventory-only snapshot; no page-quality review or exclusion decision has been approved","false","unknown","registry-v1"
"url_497dd98dc84f","https://clinicaltrialfailures.com/trial/NCT00439634-efficacy-and-safety-of-ave1625-as-a-co-treatment-with-antipsychotic-therapy-in-s","trial","REVIEW_HOLD","Inventory-only snapshot; no page-quality review or exclusion decision has been approved","false","unknown","registry-v1"
"url_37a35fbb0071","https://clinicaltrialfailures.com/trial/NCT00741715-evaluation-of-efficacy-and-safety-of-ave5530-co-administered-with-atorvastatin-i","trial","REVIEW_HOLD","Inventory-only snapshot; no page-quality review or exclusion decision has been approved","false","unknown","registry-v1"
"url_e175b3ab52c5","https://clinicaltrialfailures.com/trial/NCT02031445-double-blind-trial-to-evaluate-the-safety-and-efficacy-of-mrx-6-cream-2","trial","REVIEW_HOLD","Inventory-only snapshot; no page-quality review or exclusion decision has been approved","false","unknown","registry-v1"
"url_f07a47ea079b","https://clinicaltrialfailures.com/trial/NCT00142168-cc-5013-lenalidomide-and-rituximab-in-waldenstrom-s-macroglobulinemia","trial","REVIEW_HOLD","Inventory-only snapshot; no page-quality review or exclusion decision has been approved","false","unknown","registry-v1"
"url_ada626a33c3e","https://clinicaltrialfailures.com/trial/NCT00510289-sorafenib-in-myelodysplastic-syndrome","trial","REVIEW_HOLD","Inventory-only snapshot; no page-quality review or exclusion decision has been approved","false","unknown","registry-v1"
"url_7cf5141ccbdb","https://clinicaltrialfailures.com/trial/NCT00624468-atacicept-in-subjects-with-optic-neuritis","trial","REVIEW_HOLD","Inventory-only snapshot; no page-quality review or exclusion decision has been approved","false","unknown","registry-v1"
"url_36ad8c9b5487","https://clinicaltrialfailures.com/trial/NCT02288208-phase-i-safety-and-tolerability-study-of-birinapant-in-chronic-hepatitis-b","trial","REVIEW_HOLD","Inventory-only snapshot; no page-quality review or exclusion decision has been approved","false","unknown","registry-v1"
"url_cf27182ceafa","https://clinicaltrialfailures.com/trial/NCT01236573-cell-therapy-for-metastatic-melanoma-using-cd8-enriched-tumor-infiltrating-lymph","trial","REVIEW_HOLD","Inventory-only snapshot; no page-quality review or exclusion decision has been approved","false","unknown","registry-v1"
"url_c5108d1db90a","https://clinicaltrialfailures.com/trial/NCT01095250-safety-and-efficacy-of-ain457-in-patients-with-active-non-infectious-uveitis","trial","REVIEW_HOLD","Inventory-only snapshot; no page-quality review or exclusion decision has been approved","false","unknown","registry-v1"
"url_0675d4d0af01","https://clinicaltrialfailures.com/trial/NCT01911377-botulinum-toxin-type-a-for-treating-allodynic-pain-in-sci-and-ms","trial","REVIEW_HOLD","Inventory-only snapshot; no page-quality review or exclusion decision has been approved","false","unknown","registry-v1"
"url_3b771fa55aaf","https://clinicaltrialfailures.com/trial/NCT02003794-randomized-controlled-study-of-the-effectiveness-of-iv-fluid-infusion-in-patient","trial","REVIEW_HOLD","Inventory-only snapshot; no page-quality review or exclusion decision has been approved","false","unknown","registry-v1"
"url_abc892195888","https://clinicaltrialfailures.com/trial/NCT02083666-safety-and-tolerability-of-sobi002-in-healthy-volunteers-following-single-and-re","trial","REVIEW_HOLD","Inventory-only snapshot; no page-quality review or exclusion decision has been approved","false","unknown","registry-v1"
"url_54bdd4b33378","https://clinicaltrialfailures.com/trial/NCT01862224-a-synovial-biopsy-study-of-jnj-38518168-in-participants-with-active-rheumatoid-a","trial","REVIEW_HOLD","Inventory-only snapshot; no page-quality review or exclusion decision has been approved","false","unknown","registry-v1"
"url_7ed718643ff8","https://clinicaltrialfailures.com/trial/NCT00534872-a-clinical-study-to-evaluate-the-pharmacokinetic-profile-of-sb-649868-in-elderly","trial","REVIEW_HOLD","Inventory-only snapshot; no page-quality review or exclusion decision has been approved","false","unknown","registry-v1"
"url_b90edb9cadd4","https://clinicaltrialfailures.com/trial/NCT00430677-efficacy-and-safety-study-of-abatacept-to-treat-lupus-nephritis","trial","REVIEW_HOLD","Inventory-only snapshot; no page-quality review or exclusion decision has been approved","false","unknown","registry-v1"
"url_acc15b9879a2","https://clinicaltrialfailures.com/trial/NCT00384605-an-investigational-drug-study-to-assess-weight-loss-in-obese-and-overweight-pati","trial","REVIEW_HOLD","Inventory-only snapshot; no page-quality review or exclusion decision has been approved","false","unknown","registry-v1"
"url_12c85c3afb97","https://clinicaltrialfailures.com/trial/NCT05226598-study-of-pembrolizumab-vibostolimab-coformulation-mk-7684a-in-combination-with-c","trial","REVIEW_HOLD","Inventory-only snapshot; no page-quality review or exclusion decision has been approved","false","unknown","registry-v1"
"url_b8c87324f8be","https://clinicaltrialfailures.com/trial/NCT05914467-tdm-optimized-teicoplanin-dosing-versus-standard-of-care","trial","REVIEW_HOLD","Inventory-only snapshot; no page-quality review or exclusion decision has been approved","false","unknown","registry-v1"
"url_2abfd6b7b9d4","https://clinicaltrialfailures.com/trial/NCT05731947-evaluation-of-revumenib-in-participants-with-colorectal-cancer-and-other-solid-t","trial","REVIEW_HOLD","Inventory-only snapshot; no page-quality review or exclusion decision has been approved","false","unknown","registry-v1"
"url_fa679153c698","https://clinicaltrialfailures.com/trial/NCT05975905-a-study-to-investigate-the-safety-and-efficacy-of-ker-012-in-combination-with-ba","trial","REVIEW_HOLD","Inventory-only snapshot; no page-quality review or exclusion decision has been approved","false","unknown","registry-v1"
"url_6a049a60c399","https://clinicaltrialfailures.com/trial/NCT05999968-abemaciclib-plus-darolutamide-in-prostate-cancer-that-has-spread-after-initial-t","trial","REVIEW_HOLD","Inventory-only snapshot; no page-quality review or exclusion decision has been approved","false","unknown","registry-v1"
"url_3b7e66c609be","https://clinicaltrialfailures.com/trial/NCT04669288-azithromycin-therapy-in-preschoolers-with-a-severe-wheezing-episode-diagnosed-at","trial","REVIEW_HOLD","Inventory-only snapshot; no page-quality review or exclusion decision has been approved","false","unknown","registry-v1"
"url_78ad5595606f","https://clinicaltrialfailures.com/trial/NCT03008616-study-of-the-efficacy-and-safety-of-amag-423-digoxin-immune-fab-in-antepartum-su","trial","REVIEW_HOLD","Inventory-only snapshot; no page-quality review or exclusion decision has been approved","false","unknown","registry-v1"
"url_b22f28bd3e7b","https://clinicaltrialfailures.com/trial/NCT05238116-safety-and-efficacy-of-pc945-opelconazole-in-combination-with-other-antifungal-t","trial","REVIEW_HOLD","Inventory-only snapshot; no page-quality review or exclusion decision has been approved","false","unknown","registry-v1"
"url_e2131e4f97e0","https://clinicaltrialfailures.com/trial/NCT04801641-a-pilot-trial-of-nabilone-for-the-treatment-of-obesity","trial","REVIEW_HOLD","Inventory-only snapshot; no page-quality review or exclusion decision has been approved","false","unknown","registry-v1"
"url_7021f3b01f70","https://clinicaltrialfailures.com/trial/NCT06692452-tazemetostat-plus-chop-in-1l-t-cell-lymphoma","trial","REVIEW_HOLD","Inventory-only snapshot; no page-quality review or exclusion decision has been approved","false","unknown","registry-v1"
"url_62f45c35a0b5","https://clinicaltrialfailures.com/trial/NCT04854889-efficacy-and-safety-of-low-dose-decitabine-in-refractory-aplastic-anemia","trial","REVIEW_HOLD","Inventory-only snapshot; no page-quality review or exclusion decision has been approved","false","unknown","registry-v1"
"url_feda9bfdea08","https://clinicaltrialfailures.com/trial/NCT03926624-trial-of-dfp-10917-vs-non-intensive-or-intensive-reinduction-for-aml-patients-in","trial","REVIEW_HOLD","Inventory-only snapshot; no page-quality review or exclusion decision has been approved","false","unknown","registry-v1"
"url_5605cf0c1c99","https://clinicaltrialfailures.com/trial/NCT05517668-evaluation-of-the-efficacy-of-fomepizole-in-the-treatment-of-acetaminophen-overd","trial","REVIEW_HOLD","Inventory-only snapshot; no page-quality review or exclusion decision has been approved","false","unknown","registry-v1"
"url_6da409029b02","https://clinicaltrialfailures.com/trial/NCT02711137-open-label-safety-and-tolerability-study-of-incb057643-in-subjects-with-advanced","trial","REVIEW_HOLD","Inventory-only snapshot; no page-quality review or exclusion decision has been approved","false","unknown","registry-v1"
"url_59ee332317c2","https://clinicaltrialfailures.com/trial/NCT04390763-study-of-efficacy-and-safety-of-nis793-with-and-without-spartalizumab-in-combina","trial","REVIEW_HOLD","Inventory-only snapshot; no page-quality review or exclusion decision has been approved","false","unknown","registry-v1"
"url_c428f237a6d2","https://clinicaltrialfailures.com/trial/NCT04878432-stimulus-mds-us-sabatolimab-added-to-hma-in-higher-risk-mds","trial","REVIEW_HOLD","Inventory-only snapshot; no page-quality review or exclusion decision has been approved","false","unknown","registry-v1"
"url_b2456180c431","https://clinicaltrialfailures.com/trial/NCT04501614-a-study-of-ponatinib-with-chemotherapy-in-children-teenagers-and-adults-with-phi","trial","REVIEW_HOLD","Inventory-only snapshot; no page-quality review or exclusion decision has been approved","false","unknown","registry-v1"
"url_c8af08e76605","https://clinicaltrialfailures.com/trial/NCT02855268-study-of-lademirsen-sar339375-in-patients-with-alport-syndrome","trial","REVIEW_HOLD","Inventory-only snapshot; no page-quality review or exclusion decision has been approved","false","unknown","registry-v1"
"url_13da13b33f1a","https://clinicaltrialfailures.com/trial/NCT03860844-isatuximab-in-combination-with-chemotherapy-in-pediatric-patients-with-relapsed-","trial","REVIEW_HOLD","Inventory-only snapshot; no page-quality review or exclusion decision has been approved","false","unknown","registry-v1"
"url_4562d24b5af0","https://clinicaltrialfailures.com/trial/NCT02438761-pf-05212384-pki-587-for-t-aml-mds-or-de-novo-relapsed-or-refractory-acute-myeloi","trial","REVIEW_HOLD","Inventory-only snapshot; no page-quality review or exclusion decision has been approved","false","unknown","registry-v1"
"url_8fb803c69de9","https://clinicaltrialfailures.com/trial/NCT02850406-study-to-evaluate-the-effect-of-gbt440-in-pediatrics-with-sickle-cell-disease","trial","REVIEW_HOLD","Inventory-only snapshot; no page-quality review or exclusion decision has been approved","false","unknown","registry-v1"
"url_0c8d0d997040","https://clinicaltrialfailures.com/trial/NCT04757610-opt-302-with-ranibizumab-in-neovascular-age-related-macular-degeneration-namd","trial","REVIEW_HOLD","Inventory-only snapshot; no page-quality review or exclusion decision has been approved","false","unknown","registry-v1"
"url_803061c5f5c8","https://clinicaltrialfailures.com/trial/NCT04217447-assessment-of-quitting-versus-using-aspirin-therapy-in-patients-treated-with-ora","trial","REVIEW_HOLD","Inventory-only snapshot; no page-quality review or exclusion decision has been approved","false","unknown","registry-v1"
"url_54b672f18654","https://clinicaltrialfailures.com/trial/NCT03333486-fludarabine-phosphate-cyclophosphamide-total-body-irradiation-and-donor-stem-cel","trial","REVIEW_HOLD","Inventory-only snapshot; no page-quality review or exclusion decision has been approved","false","unknown","registry-v1"
"url_7563448ccf4d","https://clinicaltrialfailures.com/trial/NCT04633447-a-study-to-evaluate-guselkumab-for-the-treatment-of-participants-with-new-onset-","trial","REVIEW_HOLD","Inventory-only snapshot; no page-quality review or exclusion decision has been approved","false","unknown","registry-v1"
"url_5c0e4ca44fa8","https://clinicaltrialfailures.com/trial/NCT06370663-first-line-treatment-for-unresectable-locally-advanced-distal-cholangiocarcinoma","trial","REVIEW_HOLD","Inventory-only snapshot; no page-quality review or exclusion decision has been approved","false","unknown","registry-v1"
"url_52a42a2f2828","https://clinicaltrialfailures.com/trial/NCT05609825-a-study-of-ly3875383-in-healthy-participants-and-participants-with-hypertriglyce","trial","REVIEW_HOLD","Inventory-only snapshot; no page-quality review or exclusion decision has been approved","false","unknown","registry-v1"
"url_007a724ff8dc","https://clinicaltrialfailures.com/trial/NCT04379492-a-study-of-hydroxycholoroquine-compared-to-placebo-as-treatment-for-people-with-","trial","REVIEW_HOLD","Inventory-only snapshot; no page-quality review or exclusion decision has been approved","false","unknown","registry-v1"
"url_69d25d5c6151","https://clinicaltrialfailures.com/trial/NCT05732454-a-study-to-learn-about-the-study-medicine-etrasimod-in-adults-with-moderate-to-s","trial","REVIEW_HOLD","Inventory-only snapshot; no page-quality review or exclusion decision has been approved","false","unknown","registry-v1"
"url_37855873d5b0","https://clinicaltrialfailures.com/trial/NCT03267680-irx-2-regimen-in-treating-women-with-cervical-squamous-intraepithelial-neoplasia","trial","REVIEW_HOLD","Inventory-only snapshot; no page-quality review or exclusion decision has been approved","false","unknown","registry-v1"
"url_50ddc5b54f30","https://clinicaltrialfailures.com/trial/NCT05904236-safety-and-tolerability-of-intravenous-administration-of-icvb-1042","trial","REVIEW_HOLD","Inventory-only snapshot; no page-quality review or exclusion decision has been approved","false","unknown","registry-v1"
"url_0c9de705512e","https://clinicaltrialfailures.com/trial/NCT04421222-oral-epi-7386-in-patients-with-castration-resistant-prostate-cancer","trial","REVIEW_HOLD","Inventory-only snapshot; no page-quality review or exclusion decision has been approved","false","unknown","registry-v1"
"url_884c2b83cef3","https://clinicaltrialfailures.com/trial/NCT04061798-act-guided-heparinization-during-open-abdominal-aortic-aneurysm-repair","trial","REVIEW_HOLD","Inventory-only snapshot; no page-quality review or exclusion decision has been approved","false","unknown","registry-v1"
"url_289845d1d899","https://clinicaltrialfailures.com/trial/NCT05181540-a-study-of-the-effects-of-ab-205-in-patients-with-lymphoma-undergoing-autologous","trial","REVIEW_HOLD","Inventory-only snapshot; no page-quality review or exclusion decision has been approved","false","unknown","registry-v1"
"url_5cd9091699af","https://clinicaltrialfailures.com/trial/NCT05938023-a-study-of-atl1102-or-placebo-in-participants-with-non-ambulatory-duchenne-muscu","trial","REVIEW_HOLD","Inventory-only snapshot; no page-quality review or exclusion decision has been approved","false","unknown","registry-v1"
"url_699679ebdf6a","https://clinicaltrialfailures.com/trial/NCT03976544-natural-cycle-versus-hormone-replacement-therapy-cycle-for-a-frozen-thawed-embry","trial","REVIEW_HOLD","Inventory-only snapshot; no page-quality review or exclusion decision has been approved","false","unknown","registry-v1"
"url_cd964e2816bc","https://clinicaltrialfailures.com/trial/NCT06055777-study-of-the-safety-tolerability-and-pk-of-szey-2108-administered-intravenously-","trial","REVIEW_HOLD","Inventory-only snapshot; no page-quality review or exclusion decision has been approved","false","unknown","registry-v1"
"url_68f5bdd7c78a","https://clinicaltrialfailures.com/trial/NCT06610279-a-study-of-tak-951-in-healthy-adults","trial","REVIEW_HOLD","Inventory-only snapshot; no page-quality review or exclusion decision has been approved","false","unknown","registry-v1"
"url_af56759cbd0c","https://clinicaltrialfailures.com/trial/NCT05510245-a-clinical-trial-of-the-study-medicine-pf-07081532-in-people-with-diabetes-and-k","trial","REVIEW_HOLD","Inventory-only snapshot; no page-quality review or exclusion decision has been approved","false","unknown","registry-v1"
"url_29a6e18f19b8","https://clinicaltrialfailures.com/trial/NCT03065959-a-study-to-assess-the-anti-fatigability-effect-of-ck-2127107-in-elderly-male-and","trial","REVIEW_HOLD","Inventory-only snapshot; no page-quality review or exclusion decision has been approved","false","unknown","registry-v1"
"url_7ede5924c89b","https://clinicaltrialfailures.com/trial/NCT01002339-optimum-immunosuppression-in-renal-transplant-recipients-new-onset-diabetes-afte","trial","REVIEW_HOLD","Inventory-only snapshot; no page-quality review or exclusion decision has been approved","false","unknown","registry-v1"
"url_abe5ab30f58b","https://clinicaltrialfailures.com/trial/NCT04323436-study-of-capmatinib-and-spartalizumab-placebo-in-advanced-nsclc-patients-with-me","trial","REVIEW_HOLD","Inventory-only snapshot; no page-quality review or exclusion decision has been approved","false","unknown","registry-v1"
"url_5769bb4e7b78","https://clinicaltrialfailures.com/trial/NCT04632940-phase-3-trial-of-pamrevlumab-or-placebo-in-combination-with-systemic-corticoster","trial","REVIEW_HOLD","Inventory-only snapshot; no page-quality review or exclusion decision has been approved","false","unknown","registry-v1"
"url_7f0f3f316edb","https://clinicaltrialfailures.com/trial/NCT05036135-a-study-of-av-101-dry-powder-inhaled-imatinib-in-patients-with-pulmonary-arteria","trial","REVIEW_HOLD","Inventory-only snapshot; no page-quality review or exclusion decision has been approved","false","unknown","registry-v1"
"url_3ba3a814e827","https://clinicaltrialfailures.com/trial/NCT04806503-a-dose-ranging-study-to-evaluate-the-safety-and-efficacy-of-unr844-in-subjects-w","trial","REVIEW_HOLD","Inventory-only snapshot; no page-quality review or exclusion decision has been approved","false","unknown","registry-v1"
"url_ecc084e9d7c5","https://clinicaltrialfailures.com/trial/NCT04161391-study-of-tpx-0046-a-ret-src-inhibitor-in-adult-subjects-with-advanced-solid-tumo","trial","REVIEW_HOLD","Inventory-only snapshot; no page-quality review or exclusion decision has been approved","false","unknown","registry-v1"
"url_5e4dcbd6e78b","https://clinicaltrialfailures.com/trial/NCT02691182-treatment-of-impulsive-aggression-in-subjects-with-adhd-in-conjunction-with-stan","trial","REVIEW_HOLD","Inventory-only snapshot; no page-quality review or exclusion decision has been approved","false","unknown","registry-v1"
"url_392288f1d767","https://clinicaltrialfailures.com/trial/NCT04349280-a-study-to-evaluate-the-efficacy-and-safety-of-bintrafusp-alfa-m7824-monotherapy","trial","REVIEW_HOLD","Inventory-only snapshot; no page-quality review or exclusion decision has been approved","false","unknown","registry-v1"
"url_ce19c0a22cb1","https://clinicaltrialfailures.com/trial/NCT04610658-immune-checkpoint-inhibition-with-lurbinectedin-relapsed-recurrent-sclc","trial","REVIEW_HOLD","Inventory-only snapshot; no page-quality review or exclusion decision has been approved","false","unknown","registry-v1"
"url_c634b7dea0c1","https://clinicaltrialfailures.com/trial/NCT03972709-a-study-assessing-the-safety-tolerability-and-efficacy-of-galegenimab-fhtr2163-i","trial","REVIEW_HOLD","Inventory-only snapshot; no page-quality review or exclusion decision has been approved","false","unknown","registry-v1"
"url_3401a90f3de7","https://clinicaltrialfailures.com/trial/NCT03834220-basket-trial-in-solid-tumors-harboring-a-fusion-of-fgfr1-fgfr2-or-fgfr3-fuze-cli","trial","REVIEW_HOLD","Inventory-only snapshot; no page-quality review or exclusion decision has been approved","false","unknown","registry-v1"
"url_12eac98f9c7b","https://clinicaltrialfailures.com/trial/NCT04820842-a-study-of-tak-994-in-adults-with-narcolepsy","trial","REVIEW_HOLD","Inventory-only snapshot; no page-quality review or exclusion decision has been approved","false","unknown","registry-v1"
"url_0229948dbf55","https://clinicaltrialfailures.com/trial/NCT03786094-pivotal-study-in-her2-negative-locally-recurrent-or-metastatic-breast-cancer","trial","REVIEW_HOLD","Inventory-only snapshot; no page-quality review or exclusion decision has been approved","false","unknown","registry-v1"
"url_10e54d5bca28","https://clinicaltrialfailures.com/trial/NCT01377389-ipilimumab-androgen-depravation-therapy-in-prostate-cancer","trial","REVIEW_HOLD","Inventory-only snapshot; no page-quality review or exclusion decision has been approved","false","unknown","registry-v1"
"url_21c544438245","https://clinicaltrialfailures.com/trial/NCT03650413-an-extension-study-to-evaluate-the-long-term-safety-and-tolerability-of-uttr1147","trial","REVIEW_HOLD","Inventory-only snapshot; no page-quality review or exclusion decision has been approved","false","unknown","registry-v1"
"url_4323cdc08314","https://clinicaltrialfailures.com/trial/NCT05330286-study-to-compare-the-pharmacokinetics-safety-and-tolerability-of-the-pediatric-a","trial","REVIEW_HOLD","Inventory-only snapshot; no page-quality review or exclusion decision has been approved","false","unknown","registry-v1"
"url_3f0bc179c3f4","https://clinicaltrialfailures.com/trial/NCT04545385-a-study-to-test-if-tev-48574-is-effective-in-relieving-asthma","trial","REVIEW_HOLD","Inventory-only snapshot; no page-quality review or exclusion decision has been approved","false","unknown","registry-v1"
"url_082d2a2a1f39","https://clinicaltrialfailures.com/trial/NCT04606563-host-response-mediators-in-coronavirus-covid-19-infection-is-there-a-protective-","trial","REVIEW_HOLD","Inventory-only snapshot; no page-quality review or exclusion decision has been approved","false","unknown","registry-v1"
"url_096bd9a04f0f","https://clinicaltrialfailures.com/trial/NCT03935594-use-of-autologous-platelet-rich-plasma-to-treat-hypertrophic-burn-scars","trial","REVIEW_HOLD","Inventory-only snapshot; no page-quality review or exclusion decision has been approved","false","unknown","registry-v1"
"url_05dace9c84a5","https://clinicaltrialfailures.com/trial/NCT02052193-evaluation-of-photosensitivity-in-dabrafenib-or-vemurafenib-treated-metastatic-m","trial","REVIEW_HOLD","Inventory-only snapshot; no page-quality review or exclusion decision has been approved","false","unknown","registry-v1"
"url_0b4aaf4126d4","https://clinicaltrialfailures.com/trial/NCT03758443-efficacy-and-safety-of-td-1473-in-ulcerative-colitis","trial","REVIEW_HOLD","Inventory-only snapshot; no page-quality review or exclusion decision has been approved","false","unknown","registry-v1"
"url_d19facf26545","https://clinicaltrialfailures.com/trial/NCT04639843-doxorubicin-cc-486-5-azacitidine-romidepsin-and-duvelisib-hard-for-t-cell-lympho","trial","REVIEW_HOLD","Inventory-only snapshot; no page-quality review or exclusion decision has been approved","false","unknown","registry-v1"
"url_946bc724f65d","https://clinicaltrialfailures.com/trial/NCT03100006-phase-ib-iia-trial-to-evaluate-oregovomab-and-nivolumab-in-epithelial-cancer-of-","trial","REVIEW_HOLD","Inventory-only snapshot; no page-quality review or exclusion decision has been approved","false","unknown","registry-v1"
"url_9b83359202e7","https://clinicaltrialfailures.com/trial/NCT05127525-efficacy-safety-and-tolerability-of-a-novel-ocular-antiseptic-for-ocular-use-cle","trial","REVIEW_HOLD","Inventory-only snapshot; no page-quality review or exclusion decision has been approved","false","unknown","registry-v1"
"url_6839f9c874e4","https://clinicaltrialfailures.com/trial/NCT04860258-covid-19-a-study-to-evaluate-safety-reactogenicity-and-immunogenicity-of-the-sar","trial","REVIEW_HOLD","Inventory-only snapshot; no page-quality review or exclusion decision has been approved","false","unknown","registry-v1"
"url_8f3cf28ae8a4","https://clinicaltrialfailures.com/trial/NCT03628391-haloperidol-for-delirium-in-adult-critically-ill-patients","trial","REVIEW_HOLD","Inventory-only snapshot; no page-quality review or exclusion decision has been approved","false","unknown","registry-v1"
"url_ce2e2e545f44","https://clinicaltrialfailures.com/trial/NCT04258150-ipilimumab-nivolumab-tocilizumab-and-radiation-in-pretreated-patients-with-advan","trial","REVIEW_HOLD","Inventory-only snapshot; no page-quality review or exclusion decision has been approved","false","unknown","registry-v1"
"url_003156074bae","https://clinicaltrialfailures.com/trial/NCT04435808-efficacy-of-hydroxychloroquine-prophylaxis-for-health-care-workers-at-high-risk-","trial","REVIEW_HOLD","Inventory-only snapshot; no page-quality review or exclusion decision has been approved","false","unknown","registry-v1"
"url_855d8a255d9b","https://clinicaltrialfailures.com/trial/NCT04568174-first-in-human-study-to-test-the-safety-and-preliminary-efficacy-of-ppsgg-in-pat","trial","REVIEW_HOLD","Inventory-only snapshot; no page-quality review or exclusion decision has been approved","false","unknown","registry-v1"
"url_3cf81424f75a","https://clinicaltrialfailures.com/trial/NCT01741155-study-of-spi-1620-in-combination-with-docetaxel-versus-docetaxel-alone-for-patie","trial","REVIEW_HOLD","Inventory-only snapshot; no page-quality review or exclusion decision has been approved","false","unknown","registry-v1"
"url_a5f7f525fa45","https://clinicaltrialfailures.com/trial/NCT02963051-a-phase-ib-study-of-intravenous-copper-loading-with-oral-disulfiram-in-metastati","trial","REVIEW_HOLD","Inventory-only snapshot; no page-quality review or exclusion decision has been approved","false","unknown","registry-v1"
"url_753555a4de3e","https://clinicaltrialfailures.com/trial/NCT04480879-evaluation-of-azd8154-concentrations-in-blood","trial","REVIEW_HOLD","Inventory-only snapshot; no page-quality review or exclusion decision has been approved","false","unknown","registry-v1"
"url_a6a19d321dae","https://clinicaltrialfailures.com/trial/NCT04117607-safety-and-pharmacokinetics-of-rezafungin","trial","REVIEW_HOLD","Inventory-only snapshot; no page-quality review or exclusion decision has been approved","false","unknown","registry-v1"
"url_f07538441485","https://clinicaltrialfailures.com/trial/NCT03630952-efficacy-and-safety-trial-of-conbercept-intravitreal-injection-for-neovascular-a","trial","REVIEW_HOLD","Inventory-only snapshot; no page-quality review or exclusion decision has been approved","false","unknown","registry-v1"
"url_bd0b8a8b8907","https://clinicaltrialfailures.com/trial/NCT02566759-a-tak-831-1001-single-and-multiple-rising-dose-study-in-healthy-participants","trial","REVIEW_HOLD","Inventory-only snapshot; no page-quality review or exclusion decision has been approved","false","unknown","registry-v1"
"url_325f2b7ca7ae","https://clinicaltrialfailures.com/trial/NCT02080364-evaluation-of-the-efficacy-and-safety-of-azeliragon-ttp488-in-patients-with-mild","trial","REVIEW_HOLD","Inventory-only snapshot; no page-quality review or exclusion decision has been approved","false","unknown","registry-v1"
"url_d94a316f7ef8","https://clinicaltrialfailures.com/trial/NCT04449380-clinical-study-for-the-treatment-with-interferon-1a-ifn-1a-of-covid-19-patients","trial","REVIEW_HOLD","Inventory-only snapshot; no page-quality review or exclusion decision has been approved","false","unknown","registry-v1"
"url_665d30d96be7","https://clinicaltrialfailures.com/trial/NCT02608229-bvd-523-plus-nab-paclitaxel-and-gemcitabine-in-patients-with-metastatic-pancreat","trial","REVIEW_HOLD","Inventory-only snapshot; no page-quality review or exclusion decision has been approved","false","unknown","registry-v1"
"url_1935721ff5b9","https://clinicaltrialfailures.com/trial/NCT02508649-selepressin-evaluation-programme-for-sepsis-induced-shock-adaptive-clinical-tria","trial","REVIEW_HOLD","Inventory-only snapshot; no page-quality review or exclusion decision has been approved","false","unknown","registry-v1"
"url_a9e734527ec7","https://clinicaltrialfailures.com/trial/NCT02322021-dose-finding-study-to-evaluate-safety-tolerability-and-efficacy-of-e2609-in-part","trial","REVIEW_HOLD","Inventory-only snapshot; no page-quality review or exclusion decision has been approved","false","unknown","registry-v1"
"url_ecc07a80592f","https://clinicaltrialfailures.com/trial/NCT03197025-immunotherapy-with-e6-t-cell-receptor-tcr-t-cells-for-vulvar-high-grade-squamous","trial","REVIEW_HOLD","Inventory-only snapshot; no page-quality review or exclusion decision has been approved","false","unknown","registry-v1"
"url_ba9c76781b8c","https://clinicaltrialfailures.com/trial/NCT03149679-the-p53-colorectal-cancer-trial","trial","REVIEW_HOLD","Inventory-only snapshot; no page-quality review or exclusion decision has been approved","false","unknown","registry-v1"
"url_f02c236d8a6a","https://clinicaltrialfailures.com/trial/NCT00581997-qax576-in-patients-with-pulmonary-fibrosis-secondary-to-systemic-sclerosis","trial","REVIEW_HOLD","Inventory-only snapshot; no page-quality review or exclusion decision has been approved","false","unknown","registry-v1"
"url_2ec4d50d02e9","https://clinicaltrialfailures.com/trial/NCT02310763-a-phase-2-study-to-evaluate-the-safety-efficacy-pharmacokinetics-and-pharmacodyn","trial","REVIEW_HOLD","Inventory-only snapshot; no page-quality review or exclusion decision has been approved","false","unknown","registry-v1"
"url_55aa0277a8f8","https://clinicaltrialfailures.com/trial/NCT04212065-long-acting-subcutaneous-vs-short-acting-sublingual-buprenorphine-in-pregnant-an","trial","REVIEW_HOLD","Inventory-only snapshot; no page-quality review or exclusion decision has been approved","false","unknown","registry-v1"
"url_7942e4d9d2d5","https://clinicaltrialfailures.com/trial/NCT01731691-safety-and-efficacy-of-1proteinase-inhibitor-1pi-in-hiv-disease","trial","REVIEW_HOLD","Inventory-only snapshot; no page-quality review or exclusion decision has been approved","false","unknown","registry-v1"
"url_4b6b7109cf2e","https://clinicaltrialfailures.com/trial/NCT02658916-extension-study-of-biib092-in-participants-with-progressive-supranuclear-palsy-p","trial","REVIEW_HOLD","Inventory-only snapshot; no page-quality review or exclusion decision has been approved","false","unknown","registry-v1"
"url_121cc835c403","https://clinicaltrialfailures.com/trial/NCT01133678-study-in-locally-advanced-squamous-cell-carcinoma-of-head-and-neck","trial","REVIEW_HOLD","Inventory-only snapshot; no page-quality review or exclusion decision has been approved","false","unknown","registry-v1"
"url_0ad525739fb0","https://clinicaltrialfailures.com/trial/NCT04341870-study-of-immune-modulatory-drugs-and-other-treatments-in-covid-19-patients-saril","trial","REVIEW_HOLD","Inventory-only snapshot; no page-quality review or exclusion decision has been approved","false","unknown","registry-v1"
"url_0578b41cf032","https://clinicaltrialfailures.com/trial/NCT03932513-evaluating-the-effects-of-inarigivir-on-immune-response-and-viral-markers-in-chr","trial","REVIEW_HOLD","Inventory-only snapshot; no page-quality review or exclusion decision has been approved","false","unknown","registry-v1"
"url_964791f74871","https://clinicaltrialfailures.com/trial/NCT01673061-vapocoolant-spray-for-numbing-small-boils-before-incision-and-drainage","trial","REVIEW_HOLD","Inventory-only snapshot; no page-quality review or exclusion decision has been approved","false","unknown","registry-v1"
"url_8fa14cd90130","https://clinicaltrialfailures.com/trial/NCT03689829-a-study-to-test-safety-tolerability-and-the-way-the-body-absorbs-distributes-and","trial","REVIEW_HOLD","Inventory-only snapshot; no page-quality review or exclusion decision has been approved","false","unknown","registry-v1"
"url_12bfb2d23168","https://clinicaltrialfailures.com/trial/NCT00955240-radiation-therapy-cisplatin-fluorouracil-and-cetuximab-in-treating-patients-with","trial","REVIEW_HOLD","Inventory-only snapshot; no page-quality review or exclusion decision has been approved","false","unknown","registry-v1"
"url_03f5f3d1a0f6","https://clinicaltrialfailures.com/trial/NCT01887587-vincristine-doxorubicin-and-dexamethasone-ixazomib-in-acute-lymphoblastic-leukem","trial","REVIEW_HOLD","Inventory-only snapshot; no page-quality review or exclusion decision has been approved","false","unknown","registry-v1"
"url_a61da28a668e","https://clinicaltrialfailures.com/trial/NCT03119467-safety-and-efficacy-study-of-rp4010-in-patients-with-relapsed-or-refractory-lymp","trial","REVIEW_HOLD","Inventory-only snapshot; no page-quality review or exclusion decision has been approved","false","unknown","registry-v1"
"url_3f144bd327c6","https://clinicaltrialfailures.com/trial/NCT03000686-study-of-gsk2586881-on-acute-hypoxia-and-exercise","trial","REVIEW_HOLD","Inventory-only snapshot; no page-quality review or exclusion decision has been approved","false","unknown","registry-v1"
"url_8c899bc4174c","https://clinicaltrialfailures.com/trial/NCT02245737-an-efficacy-and-safety-study-of-lanabecestat-ly3314814-in-early-alzheimer-s-dise","trial","REVIEW_HOLD","Inventory-only snapshot; no page-quality review or exclusion decision has been approved","false","unknown","registry-v1"
"url_a2d1a4d2db8c","https://clinicaltrialfailures.com/trial/NCT00140140-a-phase-i-ii-study-of-abi-007-abraxane-nab-paclitaxel-and-vinorelbine-in-patient","trial","REVIEW_HOLD","Inventory-only snapshot; no page-quality review or exclusion decision has been approved","false","unknown","registry-v1"
"url_c17b05669c8f","https://clinicaltrialfailures.com/trial/NCT01466725-a-research-study-to-assess-if-cc-930-is-safe-in-treating-subjects-with-discoid-l","trial","REVIEW_HOLD","Inventory-only snapshot; no page-quality review or exclusion decision has been approved","false","unknown","registry-v1"
"url_36f7241b6c49","https://clinicaltrialfailures.com/trial/NCT00407407-abi-007-with-carboplatin-as-first-line-therapy-in-patients-with-epithelial-ovari","trial","REVIEW_HOLD","Inventory-only snapshot; no page-quality review or exclusion decision has been approved","false","unknown","registry-v1"
"url_43b03b7da540","https://clinicaltrialfailures.com/trial/NCT03373422-a-study-to-test-whether-study-drug-bay1128688-brings-pain-relief-to-women-with-e","trial","REVIEW_HOLD","Inventory-only snapshot; no page-quality review or exclusion decision has been approved","false","unknown","registry-v1"
"url_054707feba8d","https://clinicaltrialfailures.com/trial/NCT02092909-phase-1-2-dose-escalation-study-in-patients-with-relapsed-or-refractory-waldenst","trial","REVIEW_HOLD","Inventory-only snapshot; no page-quality review or exclusion decision has been approved","false","unknown","registry-v1"
"url_e7de47124813","https://clinicaltrialfailures.com/trial/NCT03879278-multiple-ascending-dose-study-in-healthy-subjects","trial","REVIEW_HOLD","Inventory-only snapshot; no page-quality review or exclusion decision has been approved","false","unknown","registry-v1"
"url_aebf595a918f","https://clinicaltrialfailures.com/trial/NCT02284906-ad-4833-tomm40-303-extension-study-of-the-safety-and-efficacy-of-pioglitazone-to","trial","REVIEW_HOLD","Inventory-only snapshot; no page-quality review or exclusion decision has been approved","false","unknown","registry-v1"
"url_a91d742b6ae0","https://clinicaltrialfailures.com/trial/NCT03334240-icvt-in-hpv-induced-genital-lesions-of-immunocompromised-and-immunocompetent-pat","trial","REVIEW_HOLD","Inventory-only snapshot; no page-quality review or exclusion decision has been approved","false","unknown","registry-v1"
"url_d1e61012c975","https://clinicaltrialfailures.com/trial/NCT01186406-gliadel-xrt-temodar-avastin-followed-by-avastin-temodar-for-newly-diagnosed-glio","trial","REVIEW_HOLD","Inventory-only snapshot; no page-quality review or exclusion decision has been approved","false","unknown","registry-v1"
"url_125de6188e58","https://clinicaltrialfailures.com/trial/NCT02337387-a-study-of-2-different-formulations-of-blosozumab-ly2541546-in-post-menopausal-w","trial","REVIEW_HOLD","Inventory-only snapshot; no page-quality review or exclusion decision has been approved","false","unknown","registry-v1"
"url_5ccf651b6288","https://clinicaltrialfailures.com/trial/NCT02785900-vadastuximab-talirine-sgn-cd33a-33a-combined-with-azacitidine-or-decitabine-in-o","trial","REVIEW_HOLD","Inventory-only snapshot; no page-quality review or exclusion decision has been approved","false","unknown","registry-v1"
"url_89af2b7e8160","https://clinicaltrialfailures.com/trial/NCT03349346-idelalisib-with-rituximab-ifosfamide-carboplatin-etoposide-rice-in-children-and-","trial","REVIEW_HOLD","Inventory-only snapshot; no page-quality review or exclusion decision has been approved","false","unknown","registry-v1"
"url_7c284cd7b31d","https://clinicaltrialfailures.com/trial/NCT02641002-a-study-of-cc-90002-in-subjects-with-acute-myeloid-leukemia-aml-and-high-risk-my","trial","REVIEW_HOLD","Inventory-only snapshot; no page-quality review or exclusion decision has been approved","false","unknown","registry-v1"
"url_e217a2d3e18d","https://clinicaltrialfailures.com/trial/NCT02095717-multicenter-study-comparing-taxotere-plus-curcumin-versus-taxotere-plus-placebo-","trial","REVIEW_HOLD","Inventory-only snapshot; no page-quality review or exclusion decision has been approved","false","unknown","registry-v1"
"url_f06295d637e4","https://clinicaltrialfailures.com/trial/NCT00852332-docetaxel-with-or-without-a-phytochemical-in-treating-patients-with-breast-cance","trial","REVIEW_HOLD","Inventory-only snapshot; no page-quality review or exclusion decision has been approved","false","unknown","registry-v1"
"url_72b344ad48a5","https://clinicaltrialfailures.com/trial/NCT00889187-neoadjuvant-accelerated-short-course-radiation-therapy-with-photons-and-capecita","trial","REVIEW_HOLD","Inventory-only snapshot; no page-quality review or exclusion decision has been approved","false","unknown","registry-v1"
"url_785f8ca3453c","https://clinicaltrialfailures.com/trial/NCT01576549-a-study-of-ly2127399-in-rheumatoid-arthritis","trial","REVIEW_HOLD","Inventory-only snapshot; no page-quality review or exclusion decision has been approved","false","unknown","registry-v1"
"url_c723ebb0e3a7","https://clinicaltrialfailures.com/trial/NCT00459108-dasatinib-in-treating-patients-with-advanced-liver-cancer-that-cannot-be-removed","trial","REVIEW_HOLD","Inventory-only snapshot; no page-quality review or exclusion decision has been approved","false","unknown","registry-v1"
"url_8e209e39d041","https://clinicaltrialfailures.com/trial/NCT01907815-trametinib-and-akt-inhibitor-gsk2141795-in-treating-patients-with-acute-myeloid-","trial","REVIEW_HOLD","Inventory-only snapshot; no page-quality review or exclusion decision has been approved","false","unknown","registry-v1"
"url_412afbd76774","https://clinicaltrialfailures.com/trial/NCT03145831-a-long-term-safety-study-of-somavaratan-in-japanese-children-with-growth-hormone","trial","REVIEW_HOLD","Inventory-only snapshot; no page-quality review or exclusion decision has been approved","false","unknown","registry-v1"
"url_27f2a56fe329","https://clinicaltrialfailures.com/trial/NCT01290601-study-to-evaluate-the-efficacy-and-safety-of-tafenoquine-for-the-treatment-of-pl","trial","REVIEW_HOLD","Inventory-only snapshot; no page-quality review or exclusion decision has been approved","false","unknown","registry-v1"
"url_49815d63aa71","https://clinicaltrialfailures.com/trial/NCT00638820-reduced-intensity-allotransplant-for-osteopetrosis","trial","REVIEW_HOLD","Inventory-only snapshot; no page-quality review or exclusion decision has been approved","false","unknown","registry-v1"
"url_97bada448469","https://clinicaltrialfailures.com/trial/NCT00652899-allogeneic-natural-killer-cells-in-patients-with-recurrent-ovarian-cancer-fallop","trial","REVIEW_HOLD","Inventory-only snapshot; no page-quality review or exclusion decision has been approved","false","unknown","registry-v1"
"url_10f059c597eb","https://clinicaltrialfailures.com/trial/NCT01649258-fosaprepitant-dimeglumine-and-granisetron-transdermal-system-in-preventing-nause","trial","REVIEW_HOLD","Inventory-only snapshot; no page-quality review or exclusion decision has been approved","false","unknown","registry-v1"
"url_0c8820d9632c","https://clinicaltrialfailures.com/trial/NCT03057769-effect-of-papillary-epinephrine-spraying-on-post-ercp-pancreatitis-in-patients-r","trial","REVIEW_HOLD","Inventory-only snapshot; no page-quality review or exclusion decision has been approved","false","unknown","registry-v1"
"url_84d9e8f88d54","https://clinicaltrialfailures.com/trial/NCT02049385-does-enhanced-glutamate-transporter-function-produce-antidepressant-effects-in-p","trial","REVIEW_HOLD","Inventory-only snapshot; no page-quality review or exclusion decision has been approved","false","unknown","registry-v1"
"url_136350998dc2","https://clinicaltrialfailures.com/trial/NCT02485353-study-of-vosaroxin-and-cytarabine-for-the-treatment-of-adults-60-years-of-age-or","trial","REVIEW_HOLD","Inventory-only snapshot; no page-quality review or exclusion decision has been approved","false","unknown","registry-v1"
"url_22fb67780afa","https://clinicaltrialfailures.com/trial/NCT00485472-trial-to-assess-efficacy-and-safety-of-lacosamide-in-subjects-with-osteoarthriti","trial","REVIEW_HOLD","Inventory-only snapshot; no page-quality review or exclusion decision has been approved","false","unknown","registry-v1"
"url_ffb1cef2fa91","https://clinicaltrialfailures.com/trial/NCT00486759-a-study-of-bevacizumab-avastin-in-combination-with-rituximab-mabthera-and-chop-c","trial","REVIEW_HOLD","Inventory-only snapshot; no page-quality review or exclusion decision has been approved","false","unknown","registry-v1"
"url_e063bd679ab0","https://clinicaltrialfailures.com/trial/NCT02778477-topical-multiple-ascending-dose-study-for-pf-06423264","trial","REVIEW_HOLD","Inventory-only snapshot; no page-quality review or exclusion decision has been approved","false","unknown","registry-v1"
"url_c6500bb853d4","https://clinicaltrialfailures.com/trial/NCT00538980-dasatinib-in-polycythemia-vera","trial","REVIEW_HOLD","Inventory-only snapshot; no page-quality review or exclusion decision has been approved","false","unknown","registry-v1"
"url_953bedc149d5","https://clinicaltrialfailures.com/trial/NCT01808482-a-first-time-in-human-study-exploring-safety-tolerability-pharmacokinetics-pk-an","trial","REVIEW_HOLD","Inventory-only snapshot; no page-quality review or exclusion decision has been approved","false","unknown","registry-v1"
"url_5a238a958d4d","https://clinicaltrialfailures.com/trial/NCT02840162-pre-prostatectomy-celecoxib-or-placebo","trial","REVIEW_HOLD","Inventory-only snapshot; no page-quality review or exclusion decision has been approved","false","unknown","registry-v1"
"url_c58e637cba13","https://clinicaltrialfailures.com/trial/NCT01777256-an-adaptive-phase-ii-study-to-evaluate-the-efficacy-pharmacodynamics-safety-and-","trial","REVIEW_HOLD","Inventory-only snapshot; no page-quality review or exclusion decision has been approved","false","unknown","registry-v1"
"url_c3496d4572b5","https://clinicaltrialfailures.com/trial/NCT01944943-phase-ii-study-of-vismodegib-in-patients-with-refractory-or-relapsed-b-cell-lymp","trial","REVIEW_HOLD","Inventory-only snapshot; no page-quality review or exclusion decision has been approved","false","unknown","registry-v1"
"url_59524467cea2","https://clinicaltrialfailures.com/trial/NCT01574248-effect-of-bradykinin-receptor-antagonism-on-ace-inhibitor-associated-angioedema","trial","REVIEW_HOLD","Inventory-only snapshot; no page-quality review or exclusion decision has been approved","false","unknown","registry-v1"
"url_e2dc5b9067be","https://clinicaltrialfailures.com/trial/NCT00663910-topical-aminolevulinic-acid-in-patients-with-nonmelanoma-skin-cancer","trial","REVIEW_HOLD","Inventory-only snapshot; no page-quality review or exclusion decision has been approved","false","unknown","registry-v1"
"url_b46e89532bd0","https://clinicaltrialfailures.com/trial/NCT02240355-a-study-of-ro6885247-in-adult-and-pediatric-patients-with-spinal-muscular-atroph","trial","REVIEW_HOLD","Inventory-only snapshot; no page-quality review or exclusion decision has been approved","false","unknown","registry-v1"
"url_fade98213c7e","https://clinicaltrialfailures.com/trial/NCT00922467-influence-of-esmolol-on-a-closed-loop-anesthesia-system","trial","REVIEW_HOLD","Inventory-only snapshot; no page-quality review or exclusion decision has been approved","false","unknown","registry-v1"
"url_ec9f8adfc837","https://clinicaltrialfailures.com/trial/NCT02573935-clarithromycin-in-multiple-myeloma-induction-therapy","trial","REVIEW_HOLD","Inventory-only snapshot; no page-quality review or exclusion decision has been approved","false","unknown","registry-v1"
"url_859cdf6a44fd","https://clinicaltrialfailures.com/trial/NCT01948271-efficacy-study-of-trichuris-suis-ova-to-treat-chronic-plaque-psoriasis","trial","REVIEW_HOLD","Inventory-only snapshot; no page-quality review or exclusion decision has been approved","false","unknown","registry-v1"
"url_8d68316cca17","https://clinicaltrialfailures.com/trial/NCT02317419-a-study-of-ro6927005-either-as-monotherapy-part-a-or-in-combination-with-gemcita","trial","REVIEW_HOLD","Inventory-only snapshot; no page-quality review or exclusion decision has been approved","false","unknown","registry-v1"
"url_0123cdf3af57","https://clinicaltrialfailures.com/trial/NCT01829477-comparison-of-tak-875-to-placebo-as-an-add-on-to-glimepiride-in-patients-with-ty","trial","REVIEW_HOLD","Inventory-only snapshot; no page-quality review or exclusion decision has been approved","false","unknown","registry-v1"
"url_b1b0b0119796","https://clinicaltrialfailures.com/trial/NCT01552993-registration-and-treatment-of-pain-during-eye-examination-of-prematurity","trial","REVIEW_HOLD","Inventory-only snapshot; no page-quality review or exclusion decision has been approved","false","unknown","registry-v1"
"url_acffef7e8546","https://clinicaltrialfailures.com/trial/NCT01578343-vorinostat-plus-fnd-in-relapsed-or-refractory-mantle-cell-lymphoma","trial","REVIEW_HOLD","Inventory-only snapshot; no page-quality review or exclusion decision has been approved","false","unknown","registry-v1"
"url_cc2bfb4174a7","https://clinicaltrialfailures.com/trial/NCT02517359-a-study-to-investigate-the-safety-tolerability-pharmacokinetics-and-pharmacodyna","trial","REVIEW_HOLD","Inventory-only snapshot; no page-quality review or exclusion decision has been approved","false","unknown","registry-v1"
"url_d3df1b755965","https://clinicaltrialfailures.com/trial/NCT00458861-bg9924-in-combination-with-methotrexate-for-participants-with-active-rheumatoid-","trial","REVIEW_HOLD","Inventory-only snapshot; no page-quality review or exclusion decision has been approved","false","unknown","registry-v1"
"url_002370c8de90","https://clinicaltrialfailures.com/trial/NCT00998764-a-long-term-safety-and-tolerability-extension-study-of-bapineuzumab-in-alzheimer","trial","REVIEW_HOLD","Inventory-only snapshot; no page-quality review or exclusion decision has been approved","false","unknown","registry-v1"
"url_0756f7e87442","https://clinicaltrialfailures.com/trial/NCT01543269-a-clinical-study-to-evaluate-the-safety-tolerability-and-pk-of-zyt1-following-or","trial","REVIEW_HOLD","Inventory-only snapshot; no page-quality review or exclusion decision has been approved","false","unknown","registry-v1"
"url_0c6b8be9d09b","https://clinicaltrialfailures.com/trial/NCT01609582-study-of-tak-875-in-adults-with-type-2-diabetes-and-cardiovascular-disease-or-ri","trial","REVIEW_HOLD","Inventory-only snapshot; no page-quality review or exclusion decision has been approved","false","unknown","registry-v1"
"url_6f93329c4426","https://clinicaltrialfailures.com/trial/NCT00953706-study-of-ivacaftor-in-cystic-fibrosis-subjects-aged-12-years-and-older-homozygou","trial","REVIEW_HOLD","Inventory-only snapshot; no page-quality review or exclusion decision has been approved","false","unknown","registry-v1"
"url_cfcc6b94e184","https://clinicaltrialfailures.com/trial/NCT01276782-levothyroxine-in-pregnant-sle-patients","trial","REVIEW_HOLD","Inventory-only snapshot; no page-quality review or exclusion decision has been approved","false","unknown","registry-v1"
"url_652b5b2597f1","https://clinicaltrialfailures.com/trial/NCT01388647-study-of-neoadjuvant-carboplatin-eribulin-and-trastuzumab-for-operable-her2-posi","trial","REVIEW_HOLD","Inventory-only snapshot; no page-quality review or exclusion decision has been approved","false","unknown","registry-v1"
"url_06de09b10d8d","https://clinicaltrialfailures.com/trial/NCT00515684-corneal-thinning-during-topical-bevacizumab-therapy","trial","REVIEW_HOLD","Inventory-only snapshot; no page-quality review or exclusion decision has been approved","false","unknown","registry-v1"
"url_5457c92f6497","https://clinicaltrialfailures.com/trial/NCT00058214-perifosine-in-treating-patients-with-recurrent-prostate-cancer","trial","REVIEW_HOLD","Inventory-only snapshot; no page-quality review or exclusion decision has been approved","false","unknown","registry-v1"
"url_f66fd81bcafb","https://clinicaltrialfailures.com/trial/NCT00363883-vorinostat-in-treating-patients-with-locally-recurrent-or-metastatic-cancer-of-t","trial","REVIEW_HOLD","Inventory-only snapshot; no page-quality review or exclusion decision has been approved","false","unknown","registry-v1"
"url_d9ed8e5ab6ea","https://clinicaltrialfailures.com/trial/NCT01493102-discontinuation-order-of-vasopressors-in-septic-shock","trial","REVIEW_HOLD","Inventory-only snapshot; no page-quality review or exclusion decision has been approved","false","unknown","registry-v1"
"url_9904519ad587","https://clinicaltrialfailures.com/trial/NCT03896945-efficacy-safety-and-tolerability-of-avp-786-for-the-treatment-of-negative-sympto","trial","REVIEW_HOLD","Inventory-only snapshot; no page-quality review or exclusion decision has been approved","false","unknown","registry-v1"
"url_bbbbe6bdbbc2","https://clinicaltrialfailures.com/trial/NCT04401020-first-in-human-single-agent-study-of-sar442257-in-rrmm-and-rr-nhl","trial","REVIEW_HOLD","Inventory-only snapshot; no page-quality review or exclusion decision has been approved","false","unknown","registry-v1"
"url_5ff4e80a46b1","https://clinicaltrialfailures.com/trial/NCT04191096-efficacy-and-safety-of-pembrolizumab-mk-3475-plus-enzalutamide-plus-androgen-dep","trial","REVIEW_HOLD","Inventory-only snapshot; no page-quality review or exclusion decision has been approved","false","unknown","registry-v1"
"url_3b1c027481b0","https://clinicaltrialfailures.com/trial/NCT03834493-study-of-pembrolizumab-mk-3475-plus-enzalutamide-versus-placebo-plus-enzalutamid","trial","REVIEW_HOLD","Inventory-only snapshot; no page-quality review or exclusion decision has been approved","false","unknown","registry-v1"
"url_d0012d723727","https://clinicaltrialfailures.com/trial/NCT06220669-a-study-of-ly3541860-in-adult-participants-with-relapsing-multiple-sclerosis","trial","REVIEW_HOLD","Inventory-only snapshot; no page-quality review or exclusion decision has been approved","false","unknown","registry-v1"
"url_8ab73a47f756","https://clinicaltrialfailures.com/trial/NCT04374136-a-phase-3-study-to-evaluate-efficacy-and-safety-of-al001-in-frontotemporal-demen","trial","REVIEW_HOLD","Inventory-only snapshot; no page-quality review or exclusion decision has been approved","false","unknown","registry-v1"
"url_85fa2695dcbc","https://clinicaltrialfailures.com/trial/NCT06029439-study-to-assess-the-safety-and-effectiveness-of-nmra-335140-501","trial","REVIEW_HOLD","Inventory-only snapshot; no page-quality review or exclusion decision has been approved","false","unknown","registry-v1"
"url_77d7b9265bea","https://clinicaltrialfailures.com/trial/NCT05491317-a-safety-and-antitumor-activity-trial-of-immunoradiotherapy-combinations-as-a-tr","trial","REVIEW_HOLD","Inventory-only snapshot; no page-quality review or exclusion decision has been approved","false","unknown","registry-v1"
"url_bcbc67f91817","https://clinicaltrialfailures.com/trial/NCT05746559-artemis-ravulizumab-to-protect-patients-with-ckd-from-csa-aki-and-make","trial","REVIEW_HOLD","Inventory-only snapshot; no page-quality review or exclusion decision has been approved","false","unknown","registry-v1"
"url_daa221cae2f4","https://clinicaltrialfailures.com/trial/NCT04926324-a-safety-study-adding-niraparib-and-dostarlimab-to-radiation-therapy-for-rectal-","trial","REVIEW_HOLD","Inventory-only snapshot; no page-quality review or exclusion decision has been approved","false","unknown","registry-v1"
"url_59dbf5d88eb3","https://clinicaltrialfailures.com/trial/NCT06635135-a-study-of-aticaprant-plus-an-antidepressant-to-prevent-return-of-depression-sym","trial","REVIEW_HOLD","Inventory-only snapshot; no page-quality review or exclusion decision has been approved","false","unknown","registry-v1"
"url_f4e16b88ec2b","https://clinicaltrialfailures.com/trial/NCT03324282-first-line-gemcitabine-cisplatin-avelumab-in-locally-advanced-or-metastatic-blad","trial","REVIEW_HOLD","Inventory-only snapshot; no page-quality review or exclusion decision has been approved","false","unknown","registry-v1"
"url_3f7f7393c7a3","https://clinicaltrialfailures.com/trial/NCT03437941-study-to-evaluate-exicorilant-cort125281-in-combination-with-enzalutamide-in-pat","trial","REVIEW_HOLD","Inventory-only snapshot; no page-quality review or exclusion decision has been approved","false","unknown","registry-v1"
"url_34e7b44cb13e","https://clinicaltrialfailures.com/trial/NCT05639543-fxr-effect-on-severe-alcohol-associated-hepatitis-fresh-study","trial","REVIEW_HOLD","Inventory-only snapshot; no page-quality review or exclusion decision has been approved","false","unknown","registry-v1"
"url_4b3a0ad11d99","https://clinicaltrialfailures.com/trial/NCT04504435-safety-tolerability-and-pharmacokinetics-pk-investigation-of-gsk3494245-in-healt","trial","REVIEW_HOLD","Inventory-only snapshot; no page-quality review or exclusion decision has been approved","false","unknown","registry-v1"
"url_a0722afff77e","https://clinicaltrialfailures.com/trial/NCT04651127-anti-pd-1-antibody-combined-with-histone-deacetylase-inhibitor-in-patients-with-","trial","REVIEW_HOLD","Inventory-only snapshot; no page-quality review or exclusion decision has been approved","false","unknown","registry-v1"
"url_1198791c361c","https://clinicaltrialfailures.com/trial/NCT04437368-explore-a-phase-ii-study-to-evaluate-the-safety-and-efficacy-of-two-doses-of-gt0","trial","REVIEW_HOLD","Inventory-only snapshot; no page-quality review or exclusion decision has been approved","false","unknown","registry-v1"
"url_35e6d2c33100","https://clinicaltrialfailures.com/trial/NCT04684914-heptcell-immunotherapy-in-patients-with-inactive-chronic-hepatitis-b-chb","trial","REVIEW_HOLD","Inventory-only snapshot; no page-quality review or exclusion decision has been approved","false","unknown","registry-v1"
"url_82fb26bbd734","https://clinicaltrialfailures.com/trial/NCT03573882-study-to-assess-the-effect-of-long-term-treatment-with-voxelotor-in-participants","trial","REVIEW_HOLD","Inventory-only snapshot; no page-quality review or exclusion decision has been approved","false","unknown","registry-v1"
"url_4e3f3d1297e9","https://clinicaltrialfailures.com/trial/NCT03770494-a-study-of-ly3405105-in-participants-with-advanced-cancer","trial","REVIEW_HOLD","Inventory-only snapshot; no page-quality review or exclusion decision has been approved","false","unknown","registry-v1"
"url_59f6348a6476","https://clinicaltrialfailures.com/trial/NCT05964413-phase-iii-trial-to-investigate-efficacy-and-safety-of-vilobelimab-in-ulcerative-","trial","REVIEW_HOLD","Inventory-only snapshot; no page-quality review or exclusion decision has been approved","false","unknown","registry-v1"
"url_9d120d2ce0fc","https://clinicaltrialfailures.com/trial/NCT06056310-phase-1b-safety-study-of-xevinapant-weekly-cisplatin-and-rt-in-participants-with","trial","REVIEW_HOLD","Inventory-only snapshot; no page-quality review or exclusion decision has been approved","false","unknown","registry-v1"
"url_8f27bf655e82","https://clinicaltrialfailures.com/trial/NCT05904496-a-study-of-bgb-30813-alone-or-in-combination-with-tislelizumab-in-participants-w","trial","REVIEW_HOLD","Inventory-only snapshot; no page-quality review or exclusion decision has been approved","false","unknown","registry-v1"
"url_360efea7b90d","https://clinicaltrialfailures.com/trial/NCT04457336-a-ph2b-to-evaluate-clinical-efficacy-and-safety-of-tildacerfont-in-adult-cah","trial","REVIEW_HOLD","Inventory-only snapshot; no page-quality review or exclusion decision has been approved","false","unknown","registry-v1"
"url_774f685b897c","https://clinicaltrialfailures.com/trial/NCT05657457-improving-neurological-outcome-for-acute-basilar-artery-occlusion-with-sufficien","trial","REVIEW_HOLD","Inventory-only snapshot; no page-quality review or exclusion decision has been approved","false","unknown","registry-v1"
"url_add02263d015","https://clinicaltrialfailures.com/trial/NCT04271475-a-study-to-evaluate-efficacy-and-safety-of-macitentan-75-mg-in-inoperable-or-per","trial","REVIEW_HOLD","Inventory-only snapshot; no page-quality review or exclusion decision has been approved","false","unknown","registry-v1"
"url_626034e7eed4","https://clinicaltrialfailures.com/trial/NCT04613492-a-study-of-medi9253-in-combination-with-durvalumab-in-select-solid-tumors","trial","REVIEW_HOLD","Inventory-only snapshot; no page-quality review or exclusion decision has been approved","false","unknown","registry-v1"
"url_bf1a3a0bf108","https://clinicaltrialfailures.com/trial/NCT01346930-safety-and-tolerability-study-of-macitentan-in-patients-with-idiopathic-pulmonar","trial","REVIEW_HOLD","Inventory-only snapshot; no page-quality review or exclusion decision has been approved","false","unknown","registry-v1"
"url_a618fded9067","https://clinicaltrialfailures.com/trial/NCT05960565-glucagon-enhanced-insulin-absorption-in-diabetes-mellitus-type-1","trial","REVIEW_HOLD","Inventory-only snapshot; no page-quality review or exclusion decision has been approved","false","unknown","registry-v1"
"url_800de29978d0","https://clinicaltrialfailures.com/trial/NCT03712371-study-of-chitosan-for-pharmacologic-manipulation-of-age-levels-in-prostate-cance","trial","REVIEW_HOLD","Inventory-only snapshot; no page-quality review or exclusion decision has been approved","false","unknown","registry-v1"
"url_3fbfffad23d8","https://clinicaltrialfailures.com/trial/NCT01251965-phase-l-ii-study-of-ruxolitinib-for-acute-leukemia","trial","REVIEW_HOLD","Inventory-only snapshot; no page-quality review or exclusion decision has been approved","false","unknown","registry-v1"
"url_a03fbfb6cd0e","https://clinicaltrialfailures.com/trial/NCT02975349-a-study-of-efficacy-and-safety-of-m2951-in-participants-with-relapsing-multiple-","trial","REVIEW_HOLD","Inventory-only snapshot; no page-quality review or exclusion decision has been approved","false","unknown","registry-v1"
"url_90a8d59b4dbf","https://clinicaltrialfailures.com/trial/NCT02145910-vemurafenib-combined-with-whole-brain-radiation-therapy-or-radiosurgery-in-patie","trial","REVIEW_HOLD","Inventory-only snapshot; no page-quality review or exclusion decision has been approved","false","unknown","registry-v1"
"url_10ca6ecf9ae7","https://clinicaltrialfailures.com/trial/NCT03610490-autologous-tumor-infiltrating-lymphocytes-mda-til-in-treating-patients-with-recu","trial","REVIEW_HOLD","Inventory-only snapshot; no page-quality review or exclusion decision has been approved","false","unknown","registry-v1"
"url_fb206452faa0","https://clinicaltrialfailures.com/trial/NCT05506930-itm-vs-ql-for-pediatric-open-lower-abdominal-procedures","trial","REVIEW_HOLD","Inventory-only snapshot; no page-quality review or exclusion decision has been approved","false","unknown","registry-v1"
"url_b9dd0e121f73","https://clinicaltrialfailures.com/trial/NCT05147766-safety-of-cultured-allogeneic-adult-umbilical-cord-derived-mesenchymal-stem-cell","trial","REVIEW_HOLD","Inventory-only snapshot; no page-quality review or exclusion decision has been approved","false","unknown","registry-v1"
"url_ad68bc2c6d2a","https://clinicaltrialfailures.com/trial/NCT05075577-epi-7386-in-combination-with-enzalutamide-compared-with-enzalutamide-alone-in-su","trial","REVIEW_HOLD","Inventory-only snapshot; no page-quality review or exclusion decision has been approved","false","unknown","registry-v1"
"url_b0b45dcdc347","https://clinicaltrialfailures.com/trial/NCT03325296-efficacy-of-twice-daily-application-of-leo-124249-ointment-30-mg-g-for-12-weeks-","trial","REVIEW_HOLD","Inventory-only snapshot; no page-quality review or exclusion decision has been approved","false","unknown","registry-v1"
"url_28418005a2ca","https://clinicaltrialfailures.com/trial/NCT03371381-an-efficacy-and-safety-study-of-jnj-64041757-a-live-attenuated-listeria-monocyto","trial","REVIEW_HOLD","Inventory-only snapshot; no page-quality review or exclusion decision has been approved","false","unknown","registry-v1"
"url_3bcb69fe6531","https://clinicaltrialfailures.com/trial/NCT03618160-a-study-to-assess-the-safety-tolerability-and-pharmacokinetics-of-subcutaneous-s","trial","REVIEW_HOLD","Inventory-only snapshot; no page-quality review or exclusion decision has been approved","false","unknown","registry-v1"
"url_53d91d0f8830","https://clinicaltrialfailures.com/trial/NCT04856176-a-study-of-sargramostim-plus-pembrolizumab-with-or-without-pemetrexed-in-patient","trial","REVIEW_HOLD","Inventory-only snapshot; no page-quality review or exclusion decision has been approved","false","unknown","registry-v1"
"url_4ea1565cdfae","https://clinicaltrialfailures.com/trial/NCT03606642-synergy-stent-system-implantation-with-mandatory-intra-vascularultra-sound-guida","trial","REVIEW_HOLD","Inventory-only snapshot; no page-quality review or exclusion decision has been approved","false","unknown","registry-v1"
"url_be574666076d","https://clinicaltrialfailures.com/trial/NCT03890289-idelalisib-obinutuzumab-in-patients-with-relapsed-refractory-follicular-lymphoma","trial","REVIEW_HOLD","Inventory-only snapshot; no page-quality review or exclusion decision has been approved","false","unknown","registry-v1"
"url_73f0366d9053","https://clinicaltrialfailures.com/trial/NCT03822455-a-phase-2b-randomised-placebo-controlled-study-of-oligog-in-patients-with-cystic","trial","REVIEW_HOLD","Inventory-only snapshot; no page-quality review or exclusion decision has been approved","false","unknown","registry-v1"
"url_d5e5ce9327e8","https://clinicaltrialfailures.com/trial/NCT03879798-ds-3201b-and-irinotecan-for-patients-with-recurrent-small-cell-lung-cancer","trial","REVIEW_HOLD","Inventory-only snapshot; no page-quality review or exclusion decision has been approved","false","unknown","registry-v1"
"url_d72954dc168a","https://clinicaltrialfailures.com/trial/NCT04272242-drug-drug-interactions-between-rifapentine-and-dolutegravir-in-hiv-ltbi-co-infec","trial","REVIEW_HOLD","Inventory-only snapshot; no page-quality review or exclusion decision has been approved","false","unknown","registry-v1"
"url_f728cd45b837","https://clinicaltrialfailures.com/trial/NCT01904253-a-phase-2-study-comparing-tas-102-versus-topotecan-or-amrubicin-to-treat-small-c","trial","REVIEW_HOLD","Inventory-only snapshot; no page-quality review or exclusion decision has been approved","false","unknown","registry-v1"
"url_60c0543a2142","https://clinicaltrialfailures.com/trial/NCT04768881-safety-and-efficacy-of-selinexor-in-combination-with-pembrolizumab-in-recurrent-","trial","REVIEW_HOLD","Inventory-only snapshot; no page-quality review or exclusion decision has been approved","false","unknown","registry-v1"
"url_5114c384b708","https://clinicaltrialfailures.com/trial/NCT03263091-efficacy-and-safety-of-roxadustat-for-treatment-of-anemia-in-participants-with-l","trial","REVIEW_HOLD","Inventory-only snapshot; no page-quality review or exclusion decision has been approved","false","unknown","registry-v1"
"url_b79124b88c5b","https://clinicaltrialfailures.com/trial/NCT04049266-a-study-to-evaluate-the-efficacy-and-safety-of-ksi-301-an-anti-vegf-antibody-bio","trial","REVIEW_HOLD","Inventory-only snapshot; no page-quality review or exclusion decision has been approved","false","unknown","registry-v1"
"url_fbf5d4f56dd9","https://clinicaltrialfailures.com/trial/NCT05267574-an-open-label-long-term-safety-study-of-ren001-in-primary-mitochondrial-myopathy","trial","REVIEW_HOLD","Inventory-only snapshot; no page-quality review or exclusion decision has been approved","false","unknown","registry-v1"
"url_bfcdc2f15e47","https://clinicaltrialfailures.com/trial/NCT04947579-a-study-of-cc-99677-in-participants-with-active-ankylosing-spondylitis","trial","REVIEW_HOLD","Inventory-only snapshot; no page-quality review or exclusion decision has been approved","false","unknown","registry-v1"
"url_d0a4ce4873f0","https://clinicaltrialfailures.com/trial/NCT04476797-phase-i-ii-study-of-sbrt-and-gc4711-for-centrally-located-or-large-nsclc","trial","REVIEW_HOLD","Inventory-only snapshot; no page-quality review or exclusion decision has been approved","false","unknown","registry-v1"
"url_5cf492922e5c","https://clinicaltrialfailures.com/trial/NCT03396471-study-of-pembrolizumab-and-concurrent-radiation-in-patients-with-previously-trea","trial","REVIEW_HOLD","Inventory-only snapshot; no page-quality review or exclusion decision has been approved","false","unknown","registry-v1"
"url_9d735f629141","https://clinicaltrialfailures.com/trial/NCT03448692-a-study-to-evaluate-pf-06730512-in-adults-with-focal-segmental-glomerulosclerosi","trial","REVIEW_HOLD","Inventory-only snapshot; no page-quality review or exclusion decision has been approved","false","unknown","registry-v1"
"url_3030f3d74193","https://clinicaltrialfailures.com/trial/NCT04128371-mepolizumab-in-episodic-angioedema-with-eosinophilia","trial","REVIEW_HOLD","Inventory-only snapshot; no page-quality review or exclusion decision has been approved","false","unknown","registry-v1"
"url_96e7e09fa37d","https://clinicaltrialfailures.com/trial/NCT04115059-dasatinib-in-waldenstr-m-macroglobulinemia","trial","REVIEW_HOLD","Inventory-only snapshot; no page-quality review or exclusion decision has been approved","false","unknown","registry-v1"
"url_11daefd0fe03","https://clinicaltrialfailures.com/trial/NCT04612725-a-study-to-investigate-the-use-of-benralizumab-in-patients-with-chronic-spontane","trial","REVIEW_HOLD","Inventory-only snapshot; no page-quality review or exclusion decision has been approved","false","unknown","registry-v1"
"url_269a41642b80","https://clinicaltrialfailures.com/trial/NCT06124144-safety-and-drug-absorption-of-orally-administered-oleylphosphocholine-olpc-in-he","trial","REVIEW_HOLD","Inventory-only snapshot; no page-quality review or exclusion decision has been approved","false","unknown","registry-v1"
"url_665a76688904","https://clinicaltrialfailures.com/trial/NCT03283826-phase-1-2-study-to-evaluate-the-safety-and-efficacy-of-ata188-in-subjects-with-p","trial","REVIEW_HOLD","Inventory-only snapshot; no page-quality review or exclusion decision has been approved","false","unknown","registry-v1"
"url_d79eeb44ba64","https://clinicaltrialfailures.com/trial/NCT03943550-double-blinded-placebo-controlled-phase-1b-study-for-safety-pk-efficacy-pd-of-ro","trial","REVIEW_HOLD","Inventory-only snapshot; no page-quality review or exclusion decision has been approved","false","unknown","registry-v1"
"url_0174764d4b06","https://clinicaltrialfailures.com/trial/NCT05124210-pharmacokinetics-pharmacodynamics-and-safety-of-single-dose-sotrovimab-in-high-r","trial","REVIEW_HOLD","Inventory-only snapshot; no page-quality review or exclusion decision has been approved","false","unknown","registry-v1"
"url_f0897d6963ea","https://clinicaltrialfailures.com/trial/NCT04985968-the-efficacy-and-safety-of-cobitolimod-in-participants-with-moderate-to-severe-a","trial","REVIEW_HOLD","Inventory-only snapshot; no page-quality review or exclusion decision has been approved","false","unknown","registry-v1"
"url_c93a21aadb20","https://clinicaltrialfailures.com/trial/NCT04826484-opioid-reduction-initiative-during-outpatient-pediatric-urologic-procedures-usin","trial","REVIEW_HOLD","Inventory-only snapshot; no page-quality review or exclusion decision has been approved","false","unknown","registry-v1"
"url_d09171399a0a","https://clinicaltrialfailures.com/trial/NCT00679029-chemotherapy-and-bevacizumab-for-human-epidermal-growth-factor-receptor-2-her2-n","trial","REVIEW_HOLD","Inventory-only snapshot; no page-quality review or exclusion decision has been approved","false","unknown","registry-v1"
"url_5d6099b6a52b","https://clinicaltrialfailures.com/trial/NCT01500798-a-pharmacodynamic-study-of-measured-glomerular-filtration-rate-in-patients-with-","trial","REVIEW_HOLD","Inventory-only snapshot; no page-quality review or exclusion decision has been approved","false","unknown","registry-v1"
"url_902eadaf7016","https://clinicaltrialfailures.com/trial/NCT03722108-regorafenib-combined-with-irinotecan-as-second-line-in-patients-with-metastatic-","trial","REVIEW_HOLD","Inventory-only snapshot; no page-quality review or exclusion decision has been approved","false","unknown","registry-v1"
"url_78f7d82bddce","https://clinicaltrialfailures.com/trial/NCT01303679-1st-line-treatment-of-bevacizumab-taxane-vs-bevacizumab-exemestane-in-metastatic","trial","REVIEW_HOLD","Inventory-only snapshot; no page-quality review or exclusion decision has been approved","false","unknown","registry-v1"
"url_f798229ee385","https://clinicaltrialfailures.com/trial/NCT03459443-a-proof-of-concept-study-for-a-12-month-treatment-in-patients-with-c3g-or-ic-mpg","trial","REVIEW_HOLD","Inventory-only snapshot; no page-quality review or exclusion decision has been approved","false","unknown","registry-v1"
"url_a26f26c8672c","https://clinicaltrialfailures.com/trial/NCT04729725-sar439459-and-cemiplimab-for-the-treatment-of-advanced-or-unresectable-solid-tum","trial","REVIEW_HOLD","Inventory-only snapshot; no page-quality review or exclusion decision has been approved","false","unknown","registry-v1"
"url_8e34e7dca5ce","https://clinicaltrialfailures.com/trial/NCT05222516-immunomodulation-by-om-85-broncho-vaxom-in-early-ad","trial","REVIEW_HOLD","Inventory-only snapshot; no page-quality review or exclusion decision has been approved","false","unknown","registry-v1"
"url_a717c73471f8","https://clinicaltrialfailures.com/trial/NCT05794672-a-study-to-investigate-the-safety-tolerability-and-pharmacokinetics-of-elarekibe","trial","REVIEW_HOLD","Inventory-only snapshot; no page-quality review or exclusion decision has been approved","false","unknown","registry-v1"
"url_2cc14779684a","https://clinicaltrialfailures.com/trial/NCT05614453-tislelizumab-in-combination-with-sitravatinib-for-recurrent-metastatic-cervical-","trial","REVIEW_HOLD","Inventory-only snapshot; no page-quality review or exclusion decision has been approved","false","unknown","registry-v1"
"url_08735b0d3b31","https://clinicaltrialfailures.com/trial/NCT04849273-a-study-of-tpx-0131-a-novel-oral-alk-tyrosine-kinase-inhibitor-in-patients-with-","trial","REVIEW_HOLD","Inventory-only snapshot; no page-quality review or exclusion decision has been approved","false","unknown","registry-v1"
"url_82c3115565f2","https://clinicaltrialfailures.com/trial/NCT03174522-the-efficacy-and-safety-of-rex-001-to-treat-ischemic-ulcers-in-subjects-with-cli","trial","REVIEW_HOLD","Inventory-only snapshot; no page-quality review or exclusion decision has been approved","false","unknown","registry-v1"
"url_3a3169b1fd38","https://clinicaltrialfailures.com/trial/NCT03030131-immune-neoadjuvant-therapy-study-of-durvalumab-in-early-stage-non-small-cell-lun","trial","REVIEW_HOLD","Inventory-only snapshot; no page-quality review or exclusion decision has been approved","false","unknown","registry-v1"
"url_67ac850bbb27","https://clinicaltrialfailures.com/trial/NCT04438902-osimertinib-combined-with-anlotinib-in-egfr-t790m-mutated-nsclc-patients-with-pr","trial","REVIEW_HOLD","Inventory-only snapshot; no page-quality review or exclusion decision has been approved","false","unknown","registry-v1"
"url_3b8d8b1b54e7","https://clinicaltrialfailures.com/trial/NCT05601648-pet-synaptogenesis-after-psilocybin-in-depression-recovery","trial","REVIEW_HOLD","Inventory-only snapshot; no page-quality review or exclusion decision has been approved","false","unknown","registry-v1"
"url_bfb3bff64dd8","https://clinicaltrialfailures.com/trial/NCT02352753-multicenter-single-arm-study-to-evaluate-efficacy-safety-and-pharmacokinetics-of","trial","REVIEW_HOLD","Inventory-only snapshot; no page-quality review or exclusion decision has been approved","false","unknown","registry-v1"
"url_f216e3e76685","https://clinicaltrialfailures.com/trial/NCT00887926-study-of-imc-eb10-in-participant-with-leukemia","trial","REVIEW_HOLD","Inventory-only snapshot; no page-quality review or exclusion decision has been approved","false","unknown","registry-v1"
"url_812b2e42f8e0","https://clinicaltrialfailures.com/trial/NCT03638128-open-label-extension-of-study-20130173-of-denosumab-in-children-and-young-adults","trial","REVIEW_HOLD","Inventory-only snapshot; no page-quality review or exclusion decision has been approved","false","unknown","registry-v1"
"url_bc7ad82f2fa8","https://clinicaltrialfailures.com/trial/NCT04775797-safety-tolerability-and-pharmacokinetics-of-ab-836-in-healthy-subjects-and-subje","trial","REVIEW_HOLD","Inventory-only snapshot; no page-quality review or exclusion decision has been approved","false","unknown","registry-v1"
"url_5ad632cc1475","https://clinicaltrialfailures.com/trial/NCT03920254-td-1473-long-term-safety-lts-ulcerative-colitis-uc-study","trial","REVIEW_HOLD","Inventory-only snapshot; no page-quality review or exclusion decision has been approved","false","unknown","registry-v1"
"url_38ec38199720","https://clinicaltrialfailures.com/trial/NCT03943290-extension-study-to-evaluate-the-long-term-effects-of-ace-083-in-patients-with-fa","trial","REVIEW_HOLD","Inventory-only snapshot; no page-quality review or exclusion decision has been approved","false","unknown","registry-v1"
"url_01569ab40335","https://clinicaltrialfailures.com/trial/NCT02499952-pembrolizumab-in-subjects-with-incurable-platinum-refractory-germ-cell-tumors","trial","REVIEW_HOLD","Inventory-only snapshot; no page-quality review or exclusion decision has been approved","false","unknown","registry-v1"
"url_72458fbb0f09","https://clinicaltrialfailures.com/trial/NCT02880371-a-study-of-arry-382-in-combination-with-pembrolizumab-for-the-treatment-of-patie","trial","REVIEW_HOLD","Inventory-only snapshot; no page-quality review or exclusion decision has been approved","false","unknown","registry-v1"
"url_9995f9445140","https://clinicaltrialfailures.com/trial/NCT04131192-gemcitabine-and-z650-in-treating-patients-with-metastatic-or-recurrent-pancreati","trial","REVIEW_HOLD","Inventory-only snapshot; no page-quality review or exclusion decision has been approved","false","unknown","registry-v1"
"url_2f81e319f0f0","https://clinicaltrialfailures.com/trial/NCT03720574-lorcaserin-and-behavioral-modification-for-overweight-and-obesity-management-in-","trial","REVIEW_HOLD","Inventory-only snapshot; no page-quality review or exclusion decision has been approved","false","unknown","registry-v1"
"url_98b26a887218","https://clinicaltrialfailures.com/trial/NCT03434366-intranasal-ketamine-with-dexmedetomidine-for-the-treatment-of-children-with-auti","trial","REVIEW_HOLD","Inventory-only snapshot; no page-quality review or exclusion decision has been approved","false","unknown","registry-v1"
"url_b8f1e9b035fc","https://clinicaltrialfailures.com/trial/NCT03809663-a-dose-ranging-placebo-controlled-double-blind-study-to-evaluate-the-safety-and-","trial","REVIEW_HOLD","Inventory-only snapshot; no page-quality review or exclusion decision has been approved","false","unknown","registry-v1"
"url_9de847d3891a","https://clinicaltrialfailures.com/trial/NCT01059448-safety-and-efficacy-of-amg-827-in-subjects-with-ra","trial","REVIEW_HOLD","Inventory-only snapshot; no page-quality review or exclusion decision has been approved","false","unknown","registry-v1"
"url_ce2b328216c5","https://clinicaltrialfailures.com/trial/NCT04617847-open-label-extension-study-to-evaluate-the-safety-and-tolerability-of-wve-120101","trial","REVIEW_HOLD","Inventory-only snapshot; no page-quality review or exclusion decision has been approved","false","unknown","registry-v1"
"url_08f1a0ac4058","https://clinicaltrialfailures.com/trial/NCT04344444-treatment-in-patients-with-suspected-or-confirmed-covid-19-with-early-moderate-o","trial","REVIEW_HOLD","Inventory-only snapshot; no page-quality review or exclusion decision has been approved","false","unknown","registry-v1"
"url_20bf4c760a50","https://clinicaltrialfailures.com/trial/NCT03937141-efficacy-and-safety-trial-of-adu-s100-and-pembrolizumab-in-head-and-neck-cancer","trial","REVIEW_HOLD","Inventory-only snapshot; no page-quality review or exclusion decision has been approved","false","unknown","registry-v1"
"url_75324f3202af","https://clinicaltrialfailures.com/trial/NCT04287348-intravitreal-brolucizumab-in-neovascular-age-related-macular-degeneration-with-l","trial","REVIEW_HOLD","Inventory-only snapshot; no page-quality review or exclusion decision has been approved","false","unknown","registry-v1"
"url_8419b8de3ce7","https://clinicaltrialfailures.com/trial/NCT04637555-open-label-extension-study-for-clcz696g2301-paradise-mi","trial","REVIEW_HOLD","Inventory-only snapshot; no page-quality review or exclusion decision has been approved","false","unknown","registry-v1"
"url_b1179a1fd8e3","https://clinicaltrialfailures.com/trial/NCT03071094-a-trial-to-evaluate-the-safety-and-efficacy-of-the-combination-of-the-oncolytic-","trial","REVIEW_HOLD","Inventory-only snapshot; no page-quality review or exclusion decision has been approved","false","unknown","registry-v1"
"url_f6b913bb3c64","https://clinicaltrialfailures.com/trial/NCT02964338-a-study-comparing-the-efficacy-and-safety-of-fremanezumab-tev-48125-for-the-prev","trial","REVIEW_HOLD","Inventory-only snapshot; no page-quality review or exclusion decision has been approved","false","unknown","registry-v1"
"url_6683731cd917","https://clinicaltrialfailures.com/trial/NCT03517566-a-study-to-assess-the-safety-and-efficacy-of-zpl389-in-patients-with-moderate-to","trial","REVIEW_HOLD","Inventory-only snapshot; no page-quality review or exclusion decision has been approved","false","unknown","registry-v1"
"url_4b21adfea6b8","https://clinicaltrialfailures.com/trial/NCT04344951-chloroquine-phosphate-against-infection-by-the-novel-coronavirus-sars-cov-2-covi","trial","REVIEW_HOLD","Inventory-only snapshot; no page-quality review or exclusion decision has been approved","false","unknown","registry-v1"
"url_b685b9e9fe10","https://clinicaltrialfailures.com/trial/NCT04342897-a-study-of-ly3127804-in-participants-with-covid-19","trial","REVIEW_HOLD","Inventory-only snapshot; no page-quality review or exclusion decision has been approved","false","unknown","registry-v1"
"url_35d29be4c2e6","https://clinicaltrialfailures.com/trial/NCT03490162-safety-and-pharmacokinetics-study-of-dm1157-to-treat-malaria","trial","REVIEW_HOLD","Inventory-only snapshot; no page-quality review or exclusion decision has been approved","false","unknown","registry-v1"
"url_8bf2b087c13f","https://clinicaltrialfailures.com/trial/NCT03510897-qpi-1002-phase-3-for-prevention-of-major-adverse-kidney-events-make-in-subjects-","trial","REVIEW_HOLD","Inventory-only snapshot; no page-quality review or exclusion decision has been approved","false","unknown","registry-v1"
"url_6814587ff293","https://clinicaltrialfailures.com/trial/NCT02817906-iti-007-for-the-treatment-of-agitation-in-patients-with-dementia-including-alzhe","trial","REVIEW_HOLD","Inventory-only snapshot; no page-quality review or exclusion decision has been approved","false","unknown","registry-v1"
"url_c6f2713d5e42","https://clinicaltrialfailures.com/trial/NCT03451773-m7824-msb0011359c-in-combination-with-gemcitabine-in-adults-with-previously-trea","trial","REVIEW_HOLD","Inventory-only snapshot; no page-quality review or exclusion decision has been approved","false","unknown","registry-v1"
"url_568cc48f8ad6","https://clinicaltrialfailures.com/trial/NCT03203447-suprachoroidal-injection-of-triamcinolone-acetonide-with-ivt-anti-vegf-in-subjec","trial","REVIEW_HOLD","Inventory-only snapshot; no page-quality review or exclusion decision has been approved","false","unknown","registry-v1"
"url_999ed10315be","https://clinicaltrialfailures.com/trial/NCT00742014-the-assessment-of-right-ventricular-contractility-in-response-to-sildenafil","trial","REVIEW_HOLD","Inventory-only snapshot; no page-quality review or exclusion decision has been approved","false","unknown","registry-v1"
"url_425f04734e8a","https://clinicaltrialfailures.com/trial/NCT04372082-hydroxychloroquine-or-diltiazem-niclosamide-for-the-treatment-of-covid-19","trial","REVIEW_HOLD","Inventory-only snapshot; no page-quality review or exclusion decision has been approved","false","unknown","registry-v1"
"url_84570ec5d449","https://clinicaltrialfailures.com/trial/NCT00066677-bevacizumab-with-or-without-docetaxel-in-treating-patients-with-previously-treat","trial","REVIEW_HOLD","Inventory-only snapshot; no page-quality review or exclusion decision has been approved","false","unknown","registry-v1"
"url_4b8b0c899e5c","https://clinicaltrialfailures.com/trial/NCT02796144-metformin-and-lorcaserin-for-weight-loss-in-schizophrenia","trial","REVIEW_HOLD","Inventory-only snapshot; no page-quality review or exclusion decision has been approved","false","unknown","registry-v1"
"url_0b713d3d7fca","https://clinicaltrialfailures.com/trial/NCT03490942-glucagon-infusion-in-t1d-patients-with-recurrent-severe-hypoglycemia-effects-on-","trial","REVIEW_HOLD","Inventory-only snapshot; no page-quality review or exclusion decision has been approved","false","unknown","registry-v1"
"url_9a48fcb1d0e5","https://clinicaltrialfailures.com/trial/NCT03382899-study-of-pegilodecakin-ly3500518-with-pembrolizumab-compared-to-pembrolizumab-al","trial","REVIEW_HOLD","Inventory-only snapshot; no page-quality review or exclusion decision has been approved","false","unknown","registry-v1"
"url_602d7c736ebb","https://clinicaltrialfailures.com/trial/NCT02763644-efficacy-and-safety-of-lfg316-in-transplant-associated-microangiopathy-tam-patie","trial","REVIEW_HOLD","Inventory-only snapshot; no page-quality review or exclusion decision has been approved","false","unknown","registry-v1"
"url_5cb699c2a882","https://clinicaltrialfailures.com/trial/NCT03407482-an-extension-study-of-gdc-0853-in-participants-with-moderate-to-severe-active-sy","trial","REVIEW_HOLD","Inventory-only snapshot; no page-quality review or exclusion decision has been approved","false","unknown","registry-v1"
"url_f76670c9f7d8","https://clinicaltrialfailures.com/trial/NCT04187508-a-study-to-evaluate-the-effect-of-azd8154-administered-via-nebulizer-once-daily-","trial","REVIEW_HOLD","Inventory-only snapshot; no page-quality review or exclusion decision has been approved","false","unknown","registry-v1"
"url_a2c744ff8c3d","https://clinicaltrialfailures.com/trial/NCT04334967-hydroxychloroquine-in-patients-with-newly-diagnosed-covid-19-compared-to-standar","trial","REVIEW_HOLD","Inventory-only snapshot; no page-quality review or exclusion decision has been approved","false","unknown","registry-v1"
"url_c5432456dcbc","https://clinicaltrialfailures.com/trial/NCT02989168-study-to-evaluate-the-effect-of-gbt440-administered-to-subjects-with-ipf-on-supp","trial","REVIEW_HOLD","Inventory-only snapshot; no page-quality review or exclusion decision has been approved","false","unknown","registry-v1"
"url_635331019ef2","https://clinicaltrialfailures.com/trial/NCT02614131-a-study-of-ly2599666-in-healthy-participants-and-participants-with-mild-cognitiv","trial","REVIEW_HOLD","Inventory-only snapshot; no page-quality review or exclusion decision has been approved","false","unknown","registry-v1"
"url_d908ebeb1a62","https://clinicaltrialfailures.com/trial/NCT01796470-entospletinib-in-combination-with-idelalisib-in-adults-with-relapsed-or-refracto","trial","REVIEW_HOLD","Inventory-only snapshot; no page-quality review or exclusion decision has been approved","false","unknown","registry-v1"
"url_a6f1ba9ce2db","https://clinicaltrialfailures.com/trial/NCT01548924-determination-of-dose-of-antiangiogenic-multitargeted-dovitinib-tki258-plus-pacl","trial","REVIEW_HOLD","Inventory-only snapshot; no page-quality review or exclusion decision has been approved","false","unknown","registry-v1"
"url_7d29a348a78c","https://clinicaltrialfailures.com/trial/NCT03303794-0-25-bupivacaine-versus-a-mixture-of-0-25-bupivacaine-and-1-3-liposomal-bupivaca","trial","REVIEW_HOLD","Inventory-only snapshot; no page-quality review or exclusion decision has been approved","false","unknown","registry-v1"
"url_82ec621b420c","https://clinicaltrialfailures.com/trial/NCT02858362-proof-of-concept-study-to-assess-activity-and-safety-of-smt-c1100-ezutromid-in-b","trial","REVIEW_HOLD","Inventory-only snapshot; no page-quality review or exclusion decision has been approved","false","unknown","registry-v1"
"url_210c691d4337","https://clinicaltrialfailures.com/trial/NCT00840827-efficacy-and-safety-of-lenalidomide-in-combination-with-cyclosporine-a-in-patien","trial","REVIEW_HOLD","Inventory-only snapshot; no page-quality review or exclusion decision has been approved","false","unknown","registry-v1"
"url_db27d5c1e1ad","https://clinicaltrialfailures.com/trial/NCT01370239-humanah-hu3s193-in-the-treatment-of-advanced-breast-cancer-after-hormonal-therap","trial","REVIEW_HOLD","Inventory-only snapshot; no page-quality review or exclusion decision has been approved","false","unknown","registry-v1"
"url_1eea1da27156","https://clinicaltrialfailures.com/trial/NCT01900665-progress-of-mild-alzheimer-s-disease-in-participants-on-solanezumab-versus-place","trial","REVIEW_HOLD","Inventory-only snapshot; no page-quality review or exclusion decision has been approved","false","unknown","registry-v1"
"url_292912869727","https://clinicaltrialfailures.com/trial/NCT01865084-a-study-of-tadalafil-for-duchenne-muscular-dystrophy","trial","REVIEW_HOLD","Inventory-only snapshot; no page-quality review or exclusion decision has been approved","false","unknown","registry-v1"
"url_89a9e35fec8a","https://clinicaltrialfailures.com/trial/NCT02111096-a-study-of-ly2409021-in-participants-with-type-2-diabetes-mellitus","trial","REVIEW_HOLD","Inventory-only snapshot; no page-quality review or exclusion decision has been approved","false","unknown","registry-v1"
"url_31f1cee43cdf","https://clinicaltrialfailures.com/trial/NCT02537080-the-effect-of-nimodipine-on-the-postoperative-cognitive-dysfunction","trial","REVIEW_HOLD","Inventory-only snapshot; no page-quality review or exclusion decision has been approved","false","unknown","registry-v1"
"url_e7eead62eac0","https://clinicaltrialfailures.com/trial/NCT02058108-study-of-efficacy-and-safety-tolerability-and-pharmacokinetics-of-telbivudine-in","trial","REVIEW_HOLD","Inventory-only snapshot; no page-quality review or exclusion decision has been approved","false","unknown","registry-v1"
"url_9bd57a631bc4","https://clinicaltrialfailures.com/trial/NCT00742001-feasibility-study-of-mirasol-treated-whole-blood-red-cell-recovery-and-survival","trial","REVIEW_HOLD","Inventory-only snapshot; no page-quality review or exclusion decision has been approved","false","unknown","registry-v1"
"url_a85efa6ea445","https://clinicaltrialfailures.com/trial/NCT02949492-low-dose-il-2-for-treg-expansion-and-tolerance-lite","trial","REVIEW_HOLD","Inventory-only snapshot; no page-quality review or exclusion decision has been approved","false","unknown","registry-v1"
"url_55059596670b","https://clinicaltrialfailures.com/trial/NCT03096444-antipruritic-effect-of-topical-ketamine-amitriptyline-and-lidocaine","trial","REVIEW_HOLD","Inventory-only snapshot; no page-quality review or exclusion decision has been approved","false","unknown","registry-v1"
"url_bfb314044499","https://clinicaltrialfailures.com/trial/NCT03333746-lenalidomide-and-nivolumab-in-treating-patients-with-relapsed-or-refractory-mult","trial","REVIEW_HOLD","Inventory-only snapshot; no page-quality review or exclusion decision has been approved","false","unknown","registry-v1"
"url_06fd5187700c","https://clinicaltrialfailures.com/trial/NCT02993783-a-dose-finding-study-of-vedolizumab-for-treatment-of-steroid-refractory-acute-in","trial","REVIEW_HOLD","Inventory-only snapshot; no page-quality review or exclusion decision has been approved","false","unknown","registry-v1"
"url_b1bd8ef76a6d","https://clinicaltrialfailures.com/trial/NCT02782325-safety-and-efficacy-of-fecal-microbiome-transplantation-fmt-in-the-treatment-of-","trial","REVIEW_HOLD","Inventory-only snapshot; no page-quality review or exclusion decision has been approved","false","unknown","registry-v1"
"url_3f708aacea26","https://clinicaltrialfailures.com/trial/NCT03381118-haploidentical-lymphocytes-with-nivolumab-ara-c-as-consolidation-in-elderly-aml-","trial","REVIEW_HOLD","Inventory-only snapshot; no page-quality review or exclusion decision has been approved","false","unknown","registry-v1"
"url_8d8254afc042","https://clinicaltrialfailures.com/trial/NCT00870519-brain-imaging-study-in-subjects-with-alzheimer-disease-in-comparison-to-healthy-","trial","REVIEW_HOLD","Inventory-only snapshot; no page-quality review or exclusion decision has been approved","false","unknown","registry-v1"
"url_aca333fedf45","https://clinicaltrialfailures.com/trial/NCT03154047-study-in-subjects-with-light-chain-al-amyloidosis","trial","REVIEW_HOLD","Inventory-only snapshot; no page-quality review or exclusion decision has been approved","false","unknown","registry-v1"
"url_14bf5a5157fa","https://clinicaltrialfailures.com/trial/NCT02699385-a-study-to-evaluate-the-safety-and-efficacy-of-domperidone-in-pediatric-particip","trial","REVIEW_HOLD","Inventory-only snapshot; no page-quality review or exclusion decision has been approved","false","unknown","registry-v1"
"url_7896c793b44c","https://clinicaltrialfailures.com/trial/NCT01230970-exploratory-study-to-assess-the-short-term-intratumoural-and-peripheral-effects-","trial","REVIEW_HOLD","Inventory-only snapshot; no page-quality review or exclusion decision has been approved","false","unknown","registry-v1"
"url_a7130ee7c7d7","https://clinicaltrialfailures.com/trial/NCT01602679-acute-effects-of-progesterone-on-lh-pulses-during-the-follicular-phase-crm006","trial","REVIEW_HOLD","Inventory-only snapshot; no page-quality review or exclusion decision has been approved","false","unknown","registry-v1"
"url_0d3e576c358d","https://clinicaltrialfailures.com/trial/NCT00847223-efficacy-and-safety-of-the-farnesyl-transferase-inhibitor-tipifarnib-in-mantle-c","trial","REVIEW_HOLD","Inventory-only snapshot; no page-quality review or exclusion decision has been approved","false","unknown","registry-v1"
"url_8fee077776b3","https://clinicaltrialfailures.com/trial/NCT02762617-safety-and-pharmacokinetics-pk-of-a-polyurethane-tenofovir-disoproxil-fumarate-t","trial","REVIEW_HOLD","Inventory-only snapshot; no page-quality review or exclusion decision has been approved","false","unknown","registry-v1"
"url_943691f68329","https://clinicaltrialfailures.com/trial/NCT01424501-safety-and-immunogenicity-of-a-candidate-tuberculosis-tb-vaccine-in-adults-with-","trial","REVIEW_HOLD","Inventory-only snapshot; no page-quality review or exclusion decision has been approved","false","unknown","registry-v1"
"url_063c3733253a","https://clinicaltrialfailures.com/trial/NCT00449150-cetrorelix-cet-pamoate-regimens-in-patients-with-symptomatic-benign-prostatic-hy","trial","REVIEW_HOLD","Inventory-only snapshot; no page-quality review or exclusion decision has been approved","false","unknown","registry-v1"
"url_766c3154a8a7","https://clinicaltrialfailures.com/trial/NCT01556347-multi-drug-desensitization-protocol-for-heart-transplant-candidates","trial","REVIEW_HOLD","Inventory-only snapshot; no page-quality review or exclusion decision has been approved","false","unknown","registry-v1"
"url_f2409e958efc","https://clinicaltrialfailures.com/trial/NCT02227576-prevention-of-thrombocytopenia-in-glioblastoma-patients","trial","REVIEW_HOLD","Inventory-only snapshot; no page-quality review or exclusion decision has been approved","false","unknown","registry-v1"
"url_9cfc9f766e24","https://clinicaltrialfailures.com/trial/NCT00491387-sympathetic-nervous-system-modulation-in-hypertension","trial","REVIEW_HOLD","Inventory-only snapshot; no page-quality review or exclusion decision has been approved","false","unknown","registry-v1"
"url_a84bcd937095","https://clinicaltrialfailures.com/trial/NCT02393209-docetaxel-with-or-without-tak-117-mln1117-in-participants-with-locally-advanced-","trial","REVIEW_HOLD","Inventory-only snapshot; no page-quality review or exclusion decision has been approved","false","unknown","registry-v1"
"url_33735d8a3702","https://clinicaltrialfailures.com/trial/NCT02333045-characterization-and-modulation-of-mucosal-immunity-for-hiv-prevention-in-women","trial","REVIEW_HOLD","Inventory-only snapshot; no page-quality review or exclusion decision has been approved","false","unknown","registry-v1"
"url_28201a3d77b9","https://clinicaltrialfailures.com/trial/NCT00226941-a-phase-1-2-trial-of-cetuximab-in-combination-with-oxaliplatin-capecitabine-and-","trial","REVIEW_HOLD","Inventory-only snapshot; no page-quality review or exclusion decision has been approved","false","unknown","registry-v1"
"url_ae0e1aee57c0","https://clinicaltrialfailures.com/trial/NCT01740401-ctla-4-blockade-and-low-dose-cyclophosphamide-in-patients-with-advanced-malignan","trial","REVIEW_HOLD","Inventory-only snapshot; no page-quality review or exclusion decision has been approved","false","unknown","registry-v1"
"url_74704ee710cf","https://clinicaltrialfailures.com/trial/NCT00912509-cross-linking-for-treatment-of-corneal-infection","trial","REVIEW_HOLD","Inventory-only snapshot; no page-quality review or exclusion decision has been approved","false","unknown","registry-v1"
"url_e108af9d90db","https://clinicaltrialfailures.com/trial/NCT01199731-dose-finding-study-of-gsk2248761-in-antiretroviral-therapy-experienced-subjects-","trial","REVIEW_HOLD","Inventory-only snapshot; no page-quality review or exclusion decision has been approved","false","unknown","registry-v1"
"url_1404fba76ae6","https://clinicaltrialfailures.com/trial/NCT01319539-mk2206-in-treating-patients-with-stage-i-stage-ii-or-stage-iii-breast-cancer","trial","REVIEW_HOLD","Inventory-only snapshot; no page-quality review or exclusion decision has been approved","false","unknown","registry-v1"
"url_9ed0c63e76db","https://clinicaltrialfailures.com/trial/NCT00730483-doxorubicin-beads-in-treating-patients-with-unresectable-liver-metastases-from-n","trial","REVIEW_HOLD","Inventory-only snapshot; no page-quality review or exclusion decision has been approved","false","unknown","registry-v1"
"url_15f26caf2a73","https://clinicaltrialfailures.com/trial/NCT00381810-a-study-to-evaluate-the-safety-of-rituximab-retreatment-in-subjects-with-systemi","trial","REVIEW_HOLD","Inventory-only snapshot; no page-quality review or exclusion decision has been approved","false","unknown","registry-v1"
"url_aeeb80c3d2db","https://clinicaltrialfailures.com/trial/NCT00004465-phase-iii-randomized-study-of-synsorb-pk-in-children-with-e-coli-associated-hemo","trial","REVIEW_HOLD","Inventory-only snapshot; no page-quality review or exclusion decision has been approved","false","unknown","registry-v1"
"url_ec6767535a2b","https://clinicaltrialfailures.com/trial/NCT00462202-open-label-tolerability-and-safety-study-of-krx-101-in-australia-new-zealand-and","trial","REVIEW_HOLD","Inventory-only snapshot; no page-quality review or exclusion decision has been approved","false","unknown","registry-v1"
"url_8576a4ff48a2","https://clinicaltrialfailures.com/trial/NCT01792635-a-6-week-study-of-pf-05175157-in-type-2-diabetes-mellitus","trial","REVIEW_HOLD","Inventory-only snapshot; no page-quality review or exclusion decision has been approved","false","unknown","registry-v1"
"url_dfa4d3c12bf0","https://clinicaltrialfailures.com/trial/NCT01550705-effect-of-isoniazid-on-protoporphyrin-levels-in-erythropoietic-protoporphyria","trial","REVIEW_HOLD","Inventory-only snapshot; no page-quality review or exclusion decision has been approved","false","unknown","registry-v1"
"url_518e806a80dd","https://clinicaltrialfailures.com/trial/NCT02213744-mm-302-plus-trastuzumab-vs-chemotherapy-of-physician-s-choice-plus-trastuzumab-i","trial","REVIEW_HOLD","Inventory-only snapshot; no page-quality review or exclusion decision has been approved","false","unknown","registry-v1"
"url_6fecaae55156","https://clinicaltrialfailures.com/trial/NCT01114997-effect-of-lidocaine-and-esmolol-to-improve-the-quality-of-recovery","trial","REVIEW_HOLD","Inventory-only snapshot; no page-quality review or exclusion decision has been approved","false","unknown","registry-v1"
"url_38a39b234f57","https://clinicaltrialfailures.com/trial/NCT01737593-can-acetaminophen-given-1-2-hours-to-children-before-ear-tube-surgery-reduce-agi","trial","REVIEW_HOLD","Inventory-only snapshot; no page-quality review or exclusion decision has been approved","false","unknown","registry-v1"
"url_e62db1325131","https://clinicaltrialfailures.com/trial/NCT00788606-r-chop-b-bevacizumab-for-diffuse-large-b-cell-lymphoma","trial","REVIEW_HOLD","Inventory-only snapshot; no page-quality review or exclusion decision has been approved","false","unknown","registry-v1"
"url_6f34b76e61cb","https://clinicaltrialfailures.com/trial/NCT00862836-addition-of-vandetanib-to-standard-therapy-pegliposomal-doxorubicin-pld","trial","REVIEW_HOLD","Inventory-only snapshot; no page-quality review or exclusion decision has been approved","false","unknown","registry-v1"
"url_8492c61e5075","https://clinicaltrialfailures.com/trial/NCT00117884-efficacy-of-851b-gel-for-treating-high-risk-cervical-human-papillomavirus-infect","trial","REVIEW_HOLD","Inventory-only snapshot; no page-quality review or exclusion decision has been approved","false","unknown","registry-v1"
"url_34e108aa343b","https://clinicaltrialfailures.com/trial/NCT00718965-evaluation-of-efficacy-and-safety-of-ave5530-in-patients-with-primary-hyperchole","trial","REVIEW_HOLD","Inventory-only snapshot; no page-quality review or exclusion decision has been approved","false","unknown","registry-v1"
"url_a481b3244151","https://clinicaltrialfailures.com/trial/NCT01499251-clinical-study-on-the-safety-and-tolerability-of-macitentan-in-combination-with-","trial","REVIEW_HOLD","Inventory-only snapshot; no page-quality review or exclusion decision has been approved","false","unknown","registry-v1"
"url_2602c53dc9df","https://clinicaltrialfailures.com/trial/NCT00971126-study-of-sorafenib-with-combination-of-thalidomide-in-hepatocellular-carcinoma-h","trial","REVIEW_HOLD","Inventory-only snapshot; no page-quality review or exclusion decision has been approved","false","unknown","registry-v1"
"url_a17c35d16b8a","https://clinicaltrialfailures.com/trial/NCT00608881-coenzyme-q10-in-huntington-s-disease-hd","trial","REVIEW_HOLD","Inventory-only snapshot; no page-quality review or exclusion decision has been approved","false","unknown","registry-v1"
"url_5e7b28067a40","https://clinicaltrialfailures.com/trial/NCT02720120-a-study-of-ocrelizumab-in-participants-with-moderate-to-severe-rheumatoid-arthri","trial","REVIEW_HOLD","Inventory-only snapshot; no page-quality review or exclusion decision has been approved","false","unknown","registry-v1"
"url_15be5e590216","https://clinicaltrialfailures.com/trial/NCT01573247-safety-study-of-akn-028-in-patients-with-acute-myelogenous-leukemia","trial","REVIEW_HOLD","Inventory-only snapshot; no page-quality review or exclusion decision has been approved","false","unknown","registry-v1"
"url_6cd5510366da","https://clinicaltrialfailures.com/trial/NCT01677182-safety-and-efficacy-study-of-ramelteon-tak-375-tablets-for-sublingual-administra","trial","REVIEW_HOLD","Inventory-only snapshot; no page-quality review or exclusion decision has been approved","false","unknown","registry-v1"
"url_8268b944d586","https://clinicaltrialfailures.com/trial/NCT00822900-progesterone-for-the-treatment-of-traumatic-brain-injury-iii","trial","REVIEW_HOLD","Inventory-only snapshot; no page-quality review or exclusion decision has been approved","false","unknown","registry-v1"
"url_e626af12e298","https://clinicaltrialfailures.com/trial/NCT00299390-safety-and-efficacy-study-of-a-new-chemotherapy-agent-to-treat-small-cell-lung-c","trial","REVIEW_HOLD","Inventory-only snapshot; no page-quality review or exclusion decision has been approved","false","unknown","registry-v1"
"url_893677321bb4","https://clinicaltrialfailures.com/trial/NCT00924287-gene-therapy-using-anti-her-2-cells-to-treat-metastatic-cancer","trial","REVIEW_HOLD","Inventory-only snapshot; no page-quality review or exclusion decision has been approved","false","unknown","registry-v1"
"url_82dac8a93747","https://clinicaltrialfailures.com/trial/NCT01167738-combination-chemotherapy-with-or-without-metformin-hydrochloride-in-treating-pat","trial","REVIEW_HOLD","Inventory-only snapshot; no page-quality review or exclusion decision has been approved","false","unknown","registry-v1"
"url_0e5f4706f431","https://clinicaltrialfailures.com/trial/NCT00217464-fulvestrant-in-treating-patients-with-recurrent-prostate-cancer","trial","REVIEW_HOLD","Inventory-only snapshot; no page-quality review or exclusion decision has been approved","false","unknown","registry-v1"
"url_f306754708f6","https://clinicaltrialfailures.com/trial/NCT00735345-chemotherapy-induction-and-chemoradiotherapy-in-patients-with-esophageal-carcino","trial","REVIEW_HOLD","Inventory-only snapshot; no page-quality review or exclusion decision has been approved","false","unknown","registry-v1"
"url_5b1ad5df7574","https://clinicaltrialfailures.com/trial/NCT01001585-anesthetic-effects-in-mitochondrial-disease","trial","REVIEW_HOLD","Inventory-only snapshot; no page-quality review or exclusion decision has been approved","false","unknown","registry-v1"
"url_81dfaf3e27ad","https://clinicaltrialfailures.com/trial/NCT02358642-drug-to-prevent-pneumonia-in-the-tube-fed","trial","REVIEW_HOLD","Inventory-only snapshot; no page-quality review or exclusion decision has been approved","false","unknown","registry-v1"
"url_182ff5612517","https://clinicaltrialfailures.com/trial/NCT05650567-study-of-m5049-in-dm-and-pm-participants-neptunia","trial","REVIEW_HOLD","Inventory-only snapshot; no page-quality review or exclusion decision has been approved","false","unknown","registry-v1"
"url_eb299a0ef5f0","https://clinicaltrialfailures.com/trial/NCT03635073-a-study-of-soticlestat-in-adults-and-children-with-rare-epilepsies","trial","REVIEW_HOLD","Inventory-only snapshot; no page-quality review or exclusion decision has been approved","false","unknown","registry-v1"
"url_7728d0222ff0","https://clinicaltrialfailures.com/trial/NCT06620302-testing-the-addition-of-an-anti-cancer-drug-dt2216-to-the-usual-chemotherapy-tre","trial","REVIEW_HOLD","Inventory-only snapshot; no page-quality review or exclusion decision has been approved","false","unknown","registry-v1"
"url_440bd8c93f06","https://clinicaltrialfailures.com/trial/NCT03417739-a-phase-ii-study-of-bvd-523-in-metastatic-uveal-melanoma","trial","REVIEW_HOLD","Inventory-only snapshot; no page-quality review or exclusion decision has been approved","false","unknown","registry-v1"
"url_e37989d66fa8","https://clinicaltrialfailures.com/trial/NCT06685068-a-phase-1-2-study-of-gen1286-in-patients-with-advanced-solid-tumors","trial","REVIEW_HOLD","Inventory-only snapshot; no page-quality review or exclusion decision has been approved","false","unknown","registry-v1"
"url_5d2711f72d84","https://clinicaltrialfailures.com/trial/NCT06685835-a-study-of-the-efficacy-and-safety-of-brensocatib-in-adults-with-moderate-to-sev","trial","REVIEW_HOLD","Inventory-only snapshot; no page-quality review or exclusion decision has been approved","false","unknown","registry-v1"
"url_2c8e3649800b","https://clinicaltrialfailures.com/trial/NCT03386240-antibacterial-coated-sutures-at-time-of-cesarean","trial","REVIEW_HOLD","Inventory-only snapshot; no page-quality review or exclusion decision has been approved","false","unknown","registry-v1"
"url_e2423e186abd","https://clinicaltrialfailures.com/trial/NCT06171789-pro1107-in-patients-with-advanced-solid-tumors","trial","REVIEW_HOLD","Inventory-only snapshot; no page-quality review or exclusion decision has been approved","false","unknown","registry-v1"
"url_6d75fc833267","https://clinicaltrialfailures.com/trial/NCT03895437-diabetes-autoimmunity-withdrawn-in-new-onset-and-in-established-patients","trial","REVIEW_HOLD","Inventory-only snapshot; no page-quality review or exclusion decision has been approved","false","unknown","registry-v1"
"url_9ad4b0de5ff0","https://clinicaltrialfailures.com/trial/NCT05517447-extension-study-to-assess-batoclimab-in-participants-with-thyroid-eye-disease","trial","REVIEW_HOLD","Inventory-only snapshot; no page-quality review or exclusion decision has been approved","false","unknown","registry-v1"
"url_8c530347e569","https://clinicaltrialfailures.com/trial/NCT05887882-intra-tumoral-injections-of-natural-killer-cells-for-recurrent-malignant-pediatr","trial","REVIEW_HOLD","Inventory-only snapshot; no page-quality review or exclusion decision has been approved","false","unknown","registry-v1"
"url_18b3131a884c","https://clinicaltrialfailures.com/trial/NCT04864392-study-of-efficacy-safety-and-tolerability-of-lna043-in-patients-with-knee-osteoa","trial","REVIEW_HOLD","Inventory-only snapshot; no page-quality review or exclusion decision has been approved","false","unknown","registry-v1"
"url_7f449e664f29","https://clinicaltrialfailures.com/trial/NCT04234113-study-of-nanrilkefusp-alfa-alone-and-with-pembrolizumab-in-adult-patients-with-a","trial","REVIEW_HOLD","Inventory-only snapshot; no page-quality review or exclusion decision has been approved","false","unknown","registry-v1"
"url_22dfb00672fb","https://clinicaltrialfailures.com/trial/NCT01113229-combined-use-of-oxytocin-and-misoprostol-in-the-prevention-of-post-partum-haemor","trial","REVIEW_HOLD","Inventory-only snapshot; no page-quality review or exclusion decision has been approved","false","unknown","registry-v1"
"url_84f7fa3ec95d","https://clinicaltrialfailures.com/trial/NCT05983367-a-study-to-investigate-ompenaclid-combined-with-folfiri-plus-bevacizumab-in-adva","trial","REVIEW_HOLD","Inventory-only snapshot; no page-quality review or exclusion decision has been approved","false","unknown","registry-v1"
"url_f9d12fe4857f","https://clinicaltrialfailures.com/trial/NCT04918147-elotuzumab-in-immunoglobulin-g4-related-disease-igg4-rd","trial","REVIEW_HOLD","Inventory-only snapshot; no page-quality review or exclusion decision has been approved","false","unknown","registry-v1"
"url_6c5fd472993f","https://clinicaltrialfailures.com/trial/NCT05814666-activity-and-safety-of-danvatirsen-and-pembrolizumab-in-hnscc","trial","REVIEW_HOLD","Inventory-only snapshot; no page-quality review or exclusion decision has been approved","false","unknown","registry-v1"
"url_2d9c40ed6197","https://clinicaltrialfailures.com/trial/NCT03760523-dose-escalation-study-of-minnelide-in-relapsed-or-refractory-acute-myeloid-leuke","trial","REVIEW_HOLD","Inventory-only snapshot; no page-quality review or exclusion decision has been approved","false","unknown","registry-v1"
"url_ca7e532b9477","https://clinicaltrialfailures.com/trial/NCT07283848-zimberelimab-domvanalimab-in-gastroesophageal-adenocarcinoma","trial","REVIEW_HOLD","Inventory-only snapshot; no page-quality review or exclusion decision has been approved","false","unknown","registry-v1"
"url_717261bc1447","https://clinicaltrialfailures.com/trial/NCT06488716-a-study-to-evaluate-the-safety-pharmacokinetics-and-activity-of-ro7759065-as-a-s","trial","REVIEW_HOLD","Inventory-only snapshot; no page-quality review or exclusion decision has been approved","false","unknown","registry-v1"
"url_bfcfc733e70c","https://clinicaltrialfailures.com/trial/NCT04445064-activity-and-safety-of-peptide-based-immunotherapy-in-patients-with-squamous-cel","trial","REVIEW_HOLD","Inventory-only snapshot; no page-quality review or exclusion decision has been approved","false","unknown","registry-v1"
"url_ca4cc01431d3","https://clinicaltrialfailures.com/trial/NCT05032066-a-multicenter-trial-to-evaluate-the-efficacy-safety-and-tolerability-of-hzn-825-","trial","REVIEW_HOLD","Inventory-only snapshot; no page-quality review or exclusion decision has been approved","false","unknown","registry-v1"
"url_a5a4325d08e1","https://clinicaltrialfailures.com/trial/NCT05478031-a-phase-2a-study-to-investigate-rem0046127-in-mild-to-moderate-alzheimer-s-disea","trial","REVIEW_HOLD","Inventory-only snapshot; no page-quality review or exclusion decision has been approved","false","unknown","registry-v1"
"url_5ca93bbed9ef","https://clinicaltrialfailures.com/trial/NCT05727878-trial-to-evaluate-safety-and-efficacy-of-kpi-012-ophthalmic-solution-in-particip","trial","REVIEW_HOLD","Inventory-only snapshot; no page-quality review or exclusion decision has been approved","false","unknown","registry-v1"
"url_9b35574c2d27","https://clinicaltrialfailures.com/trial/NCT04551053-to-evaluate-efficacy-and-safety-of-parsaclisib-and-ruxolitinib-in-participants-w","trial","REVIEW_HOLD","Inventory-only snapshot; no page-quality review or exclusion decision has been approved","false","unknown","registry-v1"
"url_2a94cb52f1a9","https://clinicaltrialfailures.com/trial/NCT05019521-a-study-of-danicopan-in-participants-with-geographic-atrophy-secondary-to-age-re","trial","REVIEW_HOLD","Inventory-only snapshot; no page-quality review or exclusion decision has been approved","false","unknown","registry-v1"
"url_2ce18d7aecf1","https://clinicaltrialfailures.com/trial/NCT04757636-opt-302-with-aflibercept-in-neovascular-age-related-macular-degeneration-namd","trial","REVIEW_HOLD","Inventory-only snapshot; no page-quality review or exclusion decision has been approved","false","unknown","registry-v1"
"url_ffc965caa51a","https://clinicaltrialfailures.com/trial/NCT03744910-clazakizumab-for-the-treatment-of-chronic-active-antibody-mediated-rejection-in-","trial","REVIEW_HOLD","Inventory-only snapshot; no page-quality review or exclusion decision has been approved","false","unknown","registry-v1"
"url_b1b9e09f82b7","https://clinicaltrialfailures.com/trial/NCT04517253-a-study-of-baricitinib-ly3009104-in-adult-and-pediatric-japanese-participants-wi","trial","REVIEW_HOLD","Inventory-only snapshot; no page-quality review or exclusion decision has been approved","false","unknown","registry-v1"
"url_ae926fbc9d3f","https://clinicaltrialfailures.com/trial/NCT04865419-study-of-azd0466-monotherapy-or-in-combination-in-patients-with-advanced-haemato","trial","REVIEW_HOLD","Inventory-only snapshot; no page-quality review or exclusion decision has been approved","false","unknown","registry-v1"
"url_edd9799cff2e","https://clinicaltrialfailures.com/trial/NCT02603146-strategy-to-prevent-the-onset-of-clinically-apparent-rheumatoid-arthritis","trial","REVIEW_HOLD","Inventory-only snapshot; no page-quality review or exclusion decision has been approved","false","unknown","registry-v1"
"url_1293853669a2","https://clinicaltrialfailures.com/trial/NCT01751425-ruxolitinib-in-treating-participants-with-chronic-myeloid-leukemia-with-minimal-","trial","REVIEW_HOLD","Inventory-only snapshot; no page-quality review or exclusion decision has been approved","false","unknown","registry-v1"
"url_a9e54b59ec9e","https://clinicaltrialfailures.com/trial/NCT02093962-study-of-th-302-or-placebo-in-combination-with-pemetrexed-in-patients-with-non-s","trial","REVIEW_HOLD","Inventory-only snapshot; no page-quality review or exclusion decision has been approved","false","unknown","registry-v1"
"url_63ed341bb826","https://clinicaltrialfailures.com/trial/NCT02438787-a-study-to-evaluate-the-efficacy-and-safety-of-ustekinumab-in-the-treatment-of-a","trial","REVIEW_HOLD","Inventory-only snapshot; no page-quality review or exclusion decision has been approved","false","unknown","registry-v1"
"url_24755553ff76","https://clinicaltrialfailures.com/trial/NCT05003908-safety-of-cultured-allogeneic-adult-umbilical-cord-derived-mesenchymal-stem-cell","trial","REVIEW_HOLD","Inventory-only snapshot; no page-quality review or exclusion decision has been approved","false","unknown","registry-v1"
"url_e8ef63e1c583","https://clinicaltrialfailures.com/trial/NCT04084366-phase-1-2-study-of-obi-999-in-patients-with-advanced-solid-tumors","trial","REVIEW_HOLD","Inventory-only snapshot; no page-quality review or exclusion decision has been approved","false","unknown","registry-v1"
"url_c90106311e00","https://clinicaltrialfailures.com/trial/NCT05360264-tailored-drug-repurposing-of-decitabine-in-kras-dependent-refractory-pancreatic-","trial","REVIEW_HOLD","Inventory-only snapshot; no page-quality review or exclusion decision has been approved","false","unknown","registry-v1"
"url_122623d75d08","https://clinicaltrialfailures.com/trial/NCT05770882-chidamide-regorafenib-in-hepatocellular-carcinoma-hcc","trial","REVIEW_HOLD","Inventory-only snapshot; no page-quality review or exclusion decision has been approved","false","unknown","registry-v1"
"url_ae24eb726bf4","https://clinicaltrialfailures.com/trial/NCT01032070-erlotinib-versus-oral-etoposide-in-patients-with-recurrent-or-refractory-pediatr","trial","REVIEW_HOLD","Inventory-only snapshot; no page-quality review or exclusion decision has been approved","false","unknown","registry-v1"
"url_dd69379437fa","https://clinicaltrialfailures.com/trial/NCT04111497-glasdegib-for-chronic-graft-versus-host-disease","trial","REVIEW_HOLD","Inventory-only snapshot; no page-quality review or exclusion decision has been approved","false","unknown","registry-v1"
"url_bfb07bff8e80","https://clinicaltrialfailures.com/trial/NCT04915846-tamoxifen-therapy-for-myotubular-myopathy","trial","REVIEW_HOLD","Inventory-only snapshot; no page-quality review or exclusion decision has been approved","false","unknown","registry-v1"
"url_2827d1cff985","https://clinicaltrialfailures.com/trial/NCT04267393-safety-and-effectiveness-of-bms-986263-in-adults-with-compensated-cirrhosis-live","trial","REVIEW_HOLD","Inventory-only snapshot; no page-quality review or exclusion decision has been approved","false","unknown","registry-v1"
"url_2aef0c94c5e6","https://clinicaltrialfailures.com/trial/NCT03669640-a-study-to-assess-the-effects-of-ro6889450-ralmitaront-in-participants-with-schi","trial","REVIEW_HOLD","Inventory-only snapshot; no page-quality review or exclusion decision has been approved","false","unknown","registry-v1"
"url_56a30d47b862","https://clinicaltrialfailures.com/trial/NCT02779777-tipifarnib-in-subjects-with-myelodysplastic-syndromes","trial","REVIEW_HOLD","Inventory-only snapshot; no page-quality review or exclusion decision has been approved","false","unknown","registry-v1"
"url_d5f48f4b9ff6","https://clinicaltrialfailures.com/trial/NCT05764239-efficacy-and-safety-of-synb1934-in-patients-with-pku-synpheny-3","trial","REVIEW_HOLD","Inventory-only snapshot; no page-quality review or exclusion decision has been approved","false","unknown","registry-v1"
"url_89d386125aaa","https://clinicaltrialfailures.com/trial/NCT02418572-testosterone-transdermal-gel-for-poor-ovarian-responders-trial","trial","REVIEW_HOLD","Inventory-only snapshot; no page-quality review or exclusion decision has been approved","false","unknown","registry-v1"
"url_9cb962068c5d","https://clinicaltrialfailures.com/trial/NCT05486208-a-study-of-ly3844583-in-healthy-participants-and-participants-with-atopic-dermat","trial","REVIEW_HOLD","Inventory-only snapshot; no page-quality review or exclusion decision has been approved","false","unknown","registry-v1"
"url_73c1b1a815f9","https://clinicaltrialfailures.com/trial/NCT03735433-the-effect-of-two-aspirin-dosing-strategies-for-obese-women-at-high-risk-for-pre","trial","REVIEW_HOLD","Inventory-only snapshot; no page-quality review or exclusion decision has been approved","false","unknown","registry-v1"
"url_c3b9cc29c566","https://clinicaltrialfailures.com/trial/NCT03353220-predictors-of-lorcaserin-induced-weight-loss","trial","REVIEW_HOLD","Inventory-only snapshot; no page-quality review or exclusion decision has been approved","false","unknown","registry-v1"
"url_66556a313a38","https://clinicaltrialfailures.com/trial/NCT04075136-optical-coherence-tomography-angiography-octa-directed-pdt-triple-therapy","trial","REVIEW_HOLD","Inventory-only snapshot; no page-quality review or exclusion decision has been approved","false","unknown","registry-v1"
"url_857af853415b","https://clinicaltrialfailures.com/trial/NCT05532046-a-study-to-learn-how-safe-study-drug-bay2413555-is-how-it-affects-the-body-and-h","trial","REVIEW_HOLD","Inventory-only snapshot; no page-quality review or exclusion decision has been approved","false","unknown","registry-v1"
"url_9f2d1fbd6b89","https://clinicaltrialfailures.com/trial/NCT03341962-phase-2-dose-finding-imu-838-for-ulcerative-colitis","trial","REVIEW_HOLD","Inventory-only snapshot; no page-quality review or exclusion decision has been approved","false","unknown","registry-v1"
"url_cfb7b62737b6","https://clinicaltrialfailures.com/trial/NCT05116046-continuation-study-of-long-term-safety-tolerability-pharmacokinetics-and-efficac","trial","REVIEW_HOLD","Inventory-only snapshot; no page-quality review or exclusion decision has been approved","false","unknown","registry-v1"
"url_3ccfcc141afa","https://clinicaltrialfailures.com/trial/NCT03444870-efficacy-and-safety-study-of-gantenerumab-in-participants-with-early-alzheimer-s","trial","REVIEW_HOLD","Inventory-only snapshot; no page-quality review or exclusion decision has been approved","false","unknown","registry-v1"
"url_83754245b263","https://clinicaltrialfailures.com/trial/NCT04025216-a-study-of-cart-tnmuc1-in-patients-with-tnmuc1-positive-advanced-cancers","trial","REVIEW_HOLD","Inventory-only snapshot; no page-quality review or exclusion decision has been approved","false","unknown","registry-v1"
"url_f2c612de01fd","https://clinicaltrialfailures.com/trial/NCT03840902-m7824-with-ccrt-in-unresectable-stage-iii-non-small-cell-lung-cancer-nsclc","trial","REVIEW_HOLD","Inventory-only snapshot; no page-quality review or exclusion decision has been approved","false","unknown","registry-v1"
"url_80bfb3942411","https://clinicaltrialfailures.com/trial/NCT04790916-effect-of-ro7049665-on-the-time-to-relapse-following-steroid-tapering-in-partici","trial","REVIEW_HOLD","Inventory-only snapshot; no page-quality review or exclusion decision has been approved","false","unknown","registry-v1"
"url_03b55f304c99","https://clinicaltrialfailures.com/trial/NCT02519439-a-two-year-open-label-extension-study-of-ganaxolone-in-patients-with-drug-resist","trial","REVIEW_HOLD","Inventory-only snapshot; no page-quality review or exclusion decision has been approved","false","unknown","registry-v1"
"url_9d97073cc9d0","https://clinicaltrialfailures.com/trial/NCT04033159-early-phase-human-drug-trial-to-investigate-dynamin-101-dyn101-in-patients-16-ye","trial","REVIEW_HOLD","Inventory-only snapshot; no page-quality review or exclusion decision has been approved","false","unknown","registry-v1"
"url_c30117848cb9","https://clinicaltrialfailures.com/trial/NCT05153408-harmony-study-of-blu-701-in-egfr-mutant-nsclc","trial","REVIEW_HOLD","Inventory-only snapshot; no page-quality review or exclusion decision has been approved","false","unknown","registry-v1"
"url_c08b08defcae","https://clinicaltrialfailures.com/trial/NCT03254927-a-study-of-cdx-3379-and-cetuximab-and-in-patients-with-advanced-head-and-neck-sq","trial","REVIEW_HOLD","Inventory-only snapshot; no page-quality review or exclusion decision has been approved","false","unknown","registry-v1"
"url_5a6705d41eb5","https://clinicaltrialfailures.com/trial/NCT03838848-kn046-in-patients-with-advanced-non-small-cell-lung-cancer","trial","REVIEW_HOLD","Inventory-only snapshot; no page-quality review or exclusion decision has been approved","false","unknown","registry-v1"
"url_ac005562d7ed","https://clinicaltrialfailures.com/trial/NCT04784520-a-study-of-ha121-28-tablets-in-advanced-biliary-tract-cancer","trial","REVIEW_HOLD","Inventory-only snapshot; no page-quality review or exclusion decision has been approved","false","unknown","registry-v1"
"url_a592e23285b8","https://clinicaltrialfailures.com/trial/NCT04969861-bempeg-with-pembrolizumab-vs-pembrolizumab-alone-in-patients-with-metastatic-or-","trial","REVIEW_HOLD","Inventory-only snapshot; no page-quality review or exclusion decision has been approved","false","unknown","registry-v1"
"url_7efbec2249bf","https://clinicaltrialfailures.com/trial/NCT05014919-vortioxetine-to-prevent-return-of-symptoms-in-children-with-depression","trial","REVIEW_HOLD","Inventory-only snapshot; no page-quality review or exclusion decision has been approved","false","unknown","registry-v1"
"url_ad42084f45a5","https://clinicaltrialfailures.com/trial/NCT02562443-controlled-study-of-rigosertib-versus-physician-s-choice-of-treatment-in-mds-pat","trial","REVIEW_HOLD","Inventory-only snapshot; no page-quality review or exclusion decision has been approved","false","unknown","registry-v1"
"url_60429f2534b3","https://clinicaltrialfailures.com/trial/NCT03500939-penumbral-rescue-by-normobaric-o2-administration-in-patients-with-ischemic-strok","trial","REVIEW_HOLD","Inventory-only snapshot; no page-quality review or exclusion decision has been approved","false","unknown","registry-v1"
"url_17606cfa94e6","https://clinicaltrialfailures.com/trial/NCT00936832-sunitinib-malate-and-combination-chemotherapy-as-front-line-therapy-in-treating-","trial","REVIEW_HOLD","Inventory-only snapshot; no page-quality review or exclusion decision has been approved","false","unknown","registry-v1"
"url_d6648ad866ac","https://clinicaltrialfailures.com/trial/NCT04832139-a-study-of-marstacimab-to-compare-prefilled-pen-pfp-device-to-prefilled-syringe-","trial","REVIEW_HOLD","Inventory-only snapshot; no page-quality review or exclusion decision has been approved","false","unknown","registry-v1"
"url_f4af81c9df47","https://clinicaltrialfailures.com/trial/NCT03367819-isatuximab-in-combination-with-regn2810-cemiplimab-in-patients-with-advanced-mal","trial","REVIEW_HOLD","Inventory-only snapshot; no page-quality review or exclusion decision has been approved","false","unknown","registry-v1"
"url_c1548d3ec3c7","https://clinicaltrialfailures.com/trial/NCT01067144-stanford-accelerated-recovery-trial-start","trial","REVIEW_HOLD","Inventory-only snapshot; no page-quality review or exclusion decision has been approved","false","unknown","registry-v1"
"url_596ca1e415dd","https://clinicaltrialfailures.com/trial/NCT02498444-perioperative-treprostinil-in-pediatric-patients-undergoing-the-fontan-operation","trial","REVIEW_HOLD","Inventory-only snapshot; no page-quality review or exclusion decision has been approved","false","unknown","registry-v1"
"url_a8c982c8fc3b","https://clinicaltrialfailures.com/trial/NCT04617860-open-label-extension-study-to-evaluate-the-safety-and-tolerability-of-wve-120102","trial","REVIEW_HOLD","Inventory-only snapshot; no page-quality review or exclusion decision has been approved","false","unknown","registry-v1"
"url_abb695a02eee","https://clinicaltrialfailures.com/trial/NCT02545283-a-study-of-idasanutlin-with-cytarabine-versus-cytarabine-plus-placebo-in-partici","trial","REVIEW_HOLD","Inventory-only snapshot; no page-quality review or exclusion decision has been approved","false","unknown","registry-v1"
"url_280f70ea91e3","https://clinicaltrialfailures.com/trial/NCT01312389-a-clinical-trial-of-autologous-oxidized-tumor-cell-lysate-vaccine-for-recurrent-","trial","REVIEW_HOLD","Inventory-only snapshot; no page-quality review or exclusion decision has been approved","false","unknown","registry-v1"
"url_8ab975486a56","https://clinicaltrialfailures.com/trial/NCT02890381-evaluating-the-infectivity-safety-and-immunogenicity-of-a-recombinant-live-atten","trial","REVIEW_HOLD","Inventory-only snapshot; no page-quality review or exclusion decision has been approved","false","unknown","registry-v1"
"url_9484dd527725","https://clinicaltrialfailures.com/trial/NCT03736967-efficacy-and-safety-of-regn3500-monotherapy-and-combination-of-regn3500-plus-dup","trial","REVIEW_HOLD","Inventory-only snapshot; no page-quality review or exclusion decision has been approved","false","unknown","registry-v1"
"url_0e7ef2a8467c","https://clinicaltrialfailures.com/trial/NCT00354432-soy-protein-effexor-hormone-therapy-for-prostate-cancer","trial","REVIEW_HOLD","Inventory-only snapshot; no page-quality review or exclusion decision has been approved","false","unknown","registry-v1"
"url_2f5fce685091","https://clinicaltrialfailures.com/trial/NCT02952586-study-to-compare-avelumab-in-combination-with-standard-of-care-chemoradiotherapy","trial","REVIEW_HOLD","Inventory-only snapshot; no page-quality review or exclusion decision has been approved","false","unknown","registry-v1"
"url_1fc90718d3e2","https://clinicaltrialfailures.com/trial/NCT03561090-a-trial-of-iw-3718-for-8-weeks-in-patients-with-persistent-gastroesophageal-refl","trial","REVIEW_HOLD","Inventory-only snapshot; no page-quality review or exclusion decision has been approved","false","unknown","registry-v1"
"url_1cb8fa21bad3","https://clinicaltrialfailures.com/trial/NCT03285646-evaluate-the-efficacy-and-safety-of-fasinumab-in-patients-with-moderate-to-sever","trial","REVIEW_HOLD","Inventory-only snapshot; no page-quality review or exclusion decision has been approved","false","unknown","registry-v1"
"url_6a617cd1b2d9","https://clinicaltrialfailures.com/trial/NCT01736579-long-term-study-of-igiv-10-in-alzheimer-s-disease","trial","REVIEW_HOLD","Inventory-only snapshot; no page-quality review or exclusion decision has been approved","false","unknown","registry-v1"
"url_22f85b53afb5","https://clinicaltrialfailures.com/trial/NCT04806529-an-efficacy-immunogenicity-and-safety-study-investigating-an-adjuvanted-sars-cov","trial","REVIEW_HOLD","Inventory-only snapshot; no page-quality review or exclusion decision has been approved","false","unknown","registry-v1"
"url_82e29f927af5","https://clinicaltrialfailures.com/trial/NCT02433158-safety-of-rivipansel-gmi-1070-in-the-treatment-of-one-or-more-vaso-occlusive-cri","trial","REVIEW_HOLD","Inventory-only snapshot; no page-quality review or exclusion decision has been approved","false","unknown","registry-v1"
"url_f5d791444971","https://clinicaltrialfailures.com/trial/NCT00673920-a-study-to-evaluate-ocrelizumab-compared-with-placebo-in-patients-with-rheumatoi","trial","REVIEW_HOLD","Inventory-only snapshot; no page-quality review or exclusion decision has been approved","false","unknown","registry-v1"
"url_ed8acf992b86","https://clinicaltrialfailures.com/trial/NCT01114503-a-safety-and-tolerability-study-of-otelixizumab-in-thyroid-eye-disease","trial","REVIEW_HOLD","Inventory-only snapshot; no page-quality review or exclusion decision has been approved","false","unknown","registry-v1"
"url_7ef9d4c5430e","https://clinicaltrialfailures.com/trial/NCT01801358-a-phase-ib-ii-study-of-aeb071-and-mek162-in-adult-patients-with-metastatic-uveal","trial","REVIEW_HOLD","Inventory-only snapshot; no page-quality review or exclusion decision has been approved","false","unknown","registry-v1"
"url_1acf8f3d41f9","https://clinicaltrialfailures.com/trial/NCT03382912-study-of-pegilodecakin-ly3500518-with-nivolumab-compared-to-nivolumab-alone-seco","trial","REVIEW_HOLD","Inventory-only snapshot; no page-quality review or exclusion decision has been approved","false","unknown","registry-v1"
"url_740c77a213d9","https://clinicaltrialfailures.com/trial/NCT03168906-renal-al-amyloid-involvement-and-neod001","trial","REVIEW_HOLD","Inventory-only snapshot; no page-quality review or exclusion decision has been approved","false","unknown","registry-v1"
"url_40181989eb2b","https://clinicaltrialfailures.com/trial/NCT03657095-a-study-with-bps-314d-mr-pah-303-in-participants-with-pulmonary-arterial-hyperte","trial","REVIEW_HOLD","Inventory-only snapshot; no page-quality review or exclusion decision has been approved","false","unknown","registry-v1"
"url_b9fdf32d7de8","https://clinicaltrialfailures.com/trial/NCT00780676-personalized-treatment-selection-for-metastatic-breast-cancer","trial","REVIEW_HOLD","Inventory-only snapshot; no page-quality review or exclusion decision has been approved","false","unknown","registry-v1"
"url_21bfc4ba024f","https://clinicaltrialfailures.com/trial/NCT03719300-codex-study-of-inodiftagene-vixteplasmid-bc-819-in-unresponsive-nmibc","trial","REVIEW_HOLD","Inventory-only snapshot; no page-quality review or exclusion decision has been approved","false","unknown","registry-v1"
"url_9395cd6770b8","https://clinicaltrialfailures.com/trial/NCT01009294-study-of-ataluren-ptc124-in-nonambulatory-participants-with-nonsense-mutation-me","trial","REVIEW_HOLD","Inventory-only snapshot; no page-quality review or exclusion decision has been approved","false","unknown","registry-v1"
"url_ebb9977bd421","https://clinicaltrialfailures.com/trial/NCT02955147-ustekinumab-for-the-treatment-of-giant-cell-arteritis","trial","REVIEW_HOLD","Inventory-only snapshot; no page-quality review or exclusion decision has been approved","false","unknown","registry-v1"
"url_d7a8f6e43a9d","https://clinicaltrialfailures.com/trial/NCT03001219-a-study-of-ro7123520-to-evaluate-the-safety-and-efficacy-in-participants-with-mo","trial","REVIEW_HOLD","Inventory-only snapshot; no page-quality review or exclusion decision has been approved","false","unknown","registry-v1"
"url_ff1f991e17ed","https://clinicaltrialfailures.com/trial/NCT01882764-hmpl-004-maintenance-treatment-in-subjects-with-mild-to-moderate-ulcerative-coli","trial","REVIEW_HOLD","Inventory-only snapshot; no page-quality review or exclusion decision has been approved","false","unknown","registry-v1"
"url_ec4a4bec8678","https://clinicaltrialfailures.com/trial/NCT03569033-study-of-gefapixant-mk-7264-in-acute-cough-for-participants-with-induced-viral-u","trial","REVIEW_HOLD","Inventory-only snapshot; no page-quality review or exclusion decision has been approved","false","unknown","registry-v1"
"url_e62bfd7ead5f","https://clinicaltrialfailures.com/trial/NCT04139915-effect-of-rtb101-on-illness-associated-with-respiratory-tract-infections-in-the-","trial","REVIEW_HOLD","Inventory-only snapshot; no page-quality review or exclusion decision has been approved","false","unknown","registry-v1"
"url_8a9dbc11e6cb","https://clinicaltrialfailures.com/trial/NCT03379584-a-safety-study-of-sgn-cd48a-in-patients-with-multiple-myeloma","trial","REVIEW_HOLD","Inventory-only snapshot; no page-quality review or exclusion decision has been approved","false","unknown","registry-v1"
"url_c8cc02e16bec","https://clinicaltrialfailures.com/trial/NCT02797704-subconjunctival-aflibercept-eylea-for-the-treatment-of-corneal-neovascularizatio","trial","REVIEW_HOLD","Inventory-only snapshot; no page-quality review or exclusion decision has been approved","false","unknown","registry-v1"
"url_fed58ca08195","https://clinicaltrialfailures.com/trial/NCT01611662-gemcitabine-hydrochloride-and-cisplatin-before-surgery-in-treating-patients-with","trial","REVIEW_HOLD","Inventory-only snapshot; no page-quality review or exclusion decision has been approved","false","unknown","registry-v1"
"url_44423624c06c","https://clinicaltrialfailures.com/trial/NCT01739400-clinical-study-to-assess-the-long-term-safety-tolerability-and-efficacy-of-macit","trial","REVIEW_HOLD","Inventory-only snapshot; no page-quality review or exclusion decision has been approved","false","unknown","registry-v1"
"url_5f98170208ee","https://clinicaltrialfailures.com/trial/NCT01365130-chemotherapy-for-patients-with-gastroesophageal-cancers-who-have-progressed-afte","trial","REVIEW_HOLD","Inventory-only snapshot; no page-quality review or exclusion decision has been approved","false","unknown","registry-v1"
"url_c10896941d93","https://clinicaltrialfailures.com/trial/NCT02453386-safety-and-efficacy-study-of-tozadenant-to-treat-end-of-dose-wearing-off-in-park","trial","REVIEW_HOLD","Inventory-only snapshot; no page-quality review or exclusion decision has been approved","false","unknown","registry-v1"
"url_baf8698c6af0","https://clinicaltrialfailures.com/trial/NCT00735878-pharmacokinetic-and-pharmacodynamic-study-of-abt-751-with-carboplatin-in-patient","trial","REVIEW_HOLD","Inventory-only snapshot; no page-quality review or exclusion decision has been approved","false","unknown","registry-v1"
"url_af4970e11efd","https://clinicaltrialfailures.com/trial/NCT02409095-study-comparing-dtp-hb-hib-by-disposable-syringe-jet-injector-to-vaccination-by-","trial","REVIEW_HOLD","Inventory-only snapshot; no page-quality review or exclusion decision has been approved","false","unknown","registry-v1"
"url_e27c18e92ff7","https://clinicaltrialfailures.com/trial/NCT00626574-treating-patients-with-aneurysmal-subarachnoid-hemorrhage-sah-with-epoetin-alfa","trial","REVIEW_HOLD","Inventory-only snapshot; no page-quality review or exclusion decision has been approved","false","unknown","registry-v1"
"url_44cfcc4d3175","https://clinicaltrialfailures.com/trial/NCT02540928-amg-319-in-hpv-positive-and-negative-hnscc","trial","REVIEW_HOLD","Inventory-only snapshot; no page-quality review or exclusion decision has been approved","false","unknown","registry-v1"
"url_1b6057009069","https://clinicaltrialfailures.com/trial/NCT01050764-haploidentical-allogeneic-transplant-with-post-transplant-infusion-of-regulatory","trial","REVIEW_HOLD","Inventory-only snapshot; no page-quality review or exclusion decision has been approved","false","unknown","registry-v1"
"url_b8823962b2b0","https://clinicaltrialfailures.com/trial/NCT01776008-akt-inhibitor-mk-2206-and-anastrozole-with-or-without-goserelin-acetate-in-treat","trial","REVIEW_HOLD","Inventory-only snapshot; no page-quality review or exclusion decision has been approved","false","unknown","registry-v1"
"url_b2258125456c","https://clinicaltrialfailures.com/trial/NCT01834638-long-term-safety-and-efficacy-of-abt-126-in-subjects-with-schizophrenia-an-exten","trial","REVIEW_HOLD","Inventory-only snapshot; no page-quality review or exclusion decision has been approved","false","unknown","registry-v1"
"url_10c5177cc9ce","https://clinicaltrialfailures.com/trial/NCT00754052-evaluating-the-efficacy-and-safety-of-donepezil-hydrochloride-aricept-in-the-tre","trial","REVIEW_HOLD","Inventory-only snapshot; no page-quality review or exclusion decision has been approved","false","unknown","registry-v1"
"url_be365cccc6ee","https://clinicaltrialfailures.com/trial/NCT01717898-a-multicenter-phase-i-ii-trial-of-abiraterone-acetate-bez235-in-metastatic-castr","trial","REVIEW_HOLD","Inventory-only snapshot; no page-quality review or exclusion decision has been approved","false","unknown","registry-v1"
"url_5e362fa661aa","https://clinicaltrialfailures.com/trial/NCT01252238-assessment-of-renin-inhibition-on-insulin-sensitivity-diastolic-function-and-aor","trial","REVIEW_HOLD","Inventory-only snapshot; no page-quality review or exclusion decision has been approved","false","unknown","registry-v1"
"url_64dec3f53538","https://clinicaltrialfailures.com/trial/NCT03401606-controlled-sedation-for-cataract-surgery","trial","REVIEW_HOLD","Inventory-only snapshot; no page-quality review or exclusion decision has been approved","false","unknown","registry-v1"
"url_963872381d0c","https://clinicaltrialfailures.com/trial/NCT01808261-proof-of-concept-poc-in-patients-with-ischaemic-stroke","trial","REVIEW_HOLD","Inventory-only snapshot; no page-quality review or exclusion decision has been approved","false","unknown","registry-v1"
"url_a3bf6e5b6ae7","https://clinicaltrialfailures.com/trial/NCT02864264-single-ascending-dose-and-multiple-ascending-dose-study-in-healthy-participants-","trial","REVIEW_HOLD","Inventory-only snapshot; no page-quality review or exclusion decision has been approved","false","unknown","registry-v1"
"url_816161bea41a","https://clinicaltrialfailures.com/trial/NCT00016523-inhaled-nitric-oxide-for-preterm-infants-with-severe-respiratory-failure","trial","REVIEW_HOLD","Inventory-only snapshot; no page-quality review or exclusion decision has been approved","false","unknown","registry-v1"
"url_ab69a7d0ced0","https://clinicaltrialfailures.com/trial/NCT01622660-gemcitabine-and-pazopanib-in-chemotherapy-na-ve-patients-with-advanced-metastati","trial","REVIEW_HOLD","Inventory-only snapshot; no page-quality review or exclusion decision has been approved","false","unknown","registry-v1"
"url_0176bcafd2fc","https://clinicaltrialfailures.com/trial/NCT00957580-trial-of-pimasertib-in-hematological-malignancies","trial","REVIEW_HOLD","Inventory-only snapshot; no page-quality review or exclusion decision has been approved","false","unknown","registry-v1"
"url_d74930b81604","https://clinicaltrialfailures.com/trial/NCT02075008-long-term-safety-study-of-qge031-in-patients-with-allergic-asthma-who-completed-","trial","REVIEW_HOLD","Inventory-only snapshot; no page-quality review or exclusion decision has been approved","false","unknown","registry-v1"
"url_fa473ac72a56","https://clinicaltrialfailures.com/trial/NCT01466764-immunomodulation-il-1-inhibition-and-postoperative-incisional-pain","trial","REVIEW_HOLD","Inventory-only snapshot; no page-quality review or exclusion decision has been approved","false","unknown","registry-v1"
"url_fd19eea7975b","https://clinicaltrialfailures.com/trial/NCT00916617-study-evaluating-the-long-term-safety-and-efficacy-of-subcutaneous-bapineuzumab","trial","REVIEW_HOLD","Inventory-only snapshot; no page-quality review or exclusion decision has been approved","false","unknown","registry-v1"
"url_ce10b5cceb90","https://clinicaltrialfailures.com/trial/NCT00868751-single-patient-use-of-tocilizumab-in-systemic-onset-juvenile-idiopathic-arthriti","trial","REVIEW_HOLD","Inventory-only snapshot; no page-quality review or exclusion decision has been approved","false","unknown","registry-v1"
"url_ac0e04d6c6ba","https://clinicaltrialfailures.com/trial/NCT00738699-an-efficacy-and-safety-study-of-morab-003-in-platinum-resistant-or-refractory-re","trial","REVIEW_HOLD","Inventory-only snapshot; no page-quality review or exclusion decision has been approved","false","unknown","registry-v1"
"url_aa066385c4f9","https://clinicaltrialfailures.com/trial/NCT02801799-effects-of-local-anaesthetic-infusion-rates-on-nerve-block-duration","trial","REVIEW_HOLD","Inventory-only snapshot; no page-quality review or exclusion decision has been approved","false","unknown","registry-v1"
"url_4194510922fa","https://clinicaltrialfailures.com/trial/NCT02299271-fascia-iliaca-block-for-post-operative-pain-control-after-total-hip-arthroplasty","trial","REVIEW_HOLD","Inventory-only snapshot; no page-quality review or exclusion decision has been approved","false","unknown","registry-v1"
"url_d138d0289648","https://clinicaltrialfailures.com/trial/NCT01930890-biib023-long-term-extension-study-in-subjects-with-lupus-nephritis","trial","REVIEW_HOLD","Inventory-only snapshot; no page-quality review or exclusion decision has been approved","false","unknown","registry-v1"
"url_4183abad7d41","https://clinicaltrialfailures.com/trial/NCT01386372-tolvaptan-for-in-hospital-hyponatremia","trial","REVIEW_HOLD","Inventory-only snapshot; no page-quality review or exclusion decision has been approved","false","unknown","registry-v1"
"url_d2982e8d4d06","https://clinicaltrialfailures.com/trial/NCT01555853-phase-i-ii-study-of-abraxane-in-recurrent-and-refractory-lymphoma","trial","REVIEW_HOLD","Inventory-only snapshot; no page-quality review or exclusion decision has been approved","false","unknown","registry-v1"
"url_dbe9f6074bbe","https://clinicaltrialfailures.com/trial/NCT02618499-delayed-cord-clamping-and-use-of-oxytocin","trial","REVIEW_HOLD","Inventory-only snapshot; no page-quality review or exclusion decision has been approved","false","unknown","registry-v1"
"url_5718c2ad5ea8","https://clinicaltrialfailures.com/trial/NCT01051011-a-study-to-compare-taspoglutide-and-insulin-glargine-in-insulin-na-ve-patients-w","trial","REVIEW_HOLD","Inventory-only snapshot; no page-quality review or exclusion decision has been approved","false","unknown","registry-v1"
"url_58b4414edf02","https://clinicaltrialfailures.com/trial/NCT01549964-comparison-of-fasiglifam-tak-875-to-placebo-and-sitagliptin-in-combination-with-","trial","REVIEW_HOLD","Inventory-only snapshot; no page-quality review or exclusion decision has been approved","false","unknown","registry-v1"
"url_b7ca79aa0422","https://clinicaltrialfailures.com/trial/NCT00543114-dose-escalation-study-of-revlimid-with-fludarabine-rituximab-for-cll-sll","trial","REVIEW_HOLD","Inventory-only snapshot; no page-quality review or exclusion decision has been approved","false","unknown","registry-v1"
"url_c09f9a4d9379","https://clinicaltrialfailures.com/trial/NCT00337792-comparing-the-effectiveness-of-oral-versus-intravenous-pain-medicine-for-suction","trial","REVIEW_HOLD","Inventory-only snapshot; no page-quality review or exclusion decision has been approved","false","unknown","registry-v1"
"url_9645c7a70ad0","https://clinicaltrialfailures.com/trial/NCT02670720-open-label-long-term-safety-study-of-avoralstat-in-subjects-with-hereditary-angi","trial","REVIEW_HOLD","Inventory-only snapshot; no page-quality review or exclusion decision has been approved","false","unknown","registry-v1"
"url_6caf6939a7c6","https://clinicaltrialfailures.com/trial/NCT00734851-multimodality-phase-ii-study-in-prostate-cancer","trial","REVIEW_HOLD","Inventory-only snapshot; no page-quality review or exclusion decision has been approved","false","unknown","registry-v1"
"url_40a676972270","https://clinicaltrialfailures.com/trial/NCT00344448-pilot-study-of-raptiva-to-treat-sjogren-s-syndrome","trial","REVIEW_HOLD","Inventory-only snapshot; no page-quality review or exclusion decision has been approved","false","unknown","registry-v1"
"url_ccea06bc8a13","https://clinicaltrialfailures.com/trial/NCT02049164-safety-and-efficacy-study-of-ar08-for-the-treatment-of-vasomotor-symptoms-vms","trial","REVIEW_HOLD","Inventory-only snapshot; no page-quality review or exclusion decision has been approved","false","unknown","registry-v1"
"url_878b8498750c","https://clinicaltrialfailures.com/trial/NCT00381836-effect-of-darbepoetin-alfa-aranesp-on-anemia-in-patients-with-advanced-hormone-i","trial","REVIEW_HOLD","Inventory-only snapshot; no page-quality review or exclusion decision has been approved","false","unknown","registry-v1"
"url_ae4b3ee40258","https://clinicaltrialfailures.com/trial/NCT02327182-safety-study-of-mt-4666-in-subjects-with-alzheimer-s-disease","trial","REVIEW_HOLD","Inventory-only snapshot; no page-quality review or exclusion decision has been approved","false","unknown","registry-v1"
"url_d0e65ca35e8a","https://clinicaltrialfailures.com/trial/NCT00671112-everolimus-and-bortezomib-in-treating-patients-with-relapsed-or-refractory-lymph","trial","REVIEW_HOLD","Inventory-only snapshot; no page-quality review or exclusion decision has been approved","false","unknown","registry-v1"
"url_d362d7e5ed7b","https://clinicaltrialfailures.com/trial/NCT00471692-local-anaesthetic-following-hernia-repair","trial","REVIEW_HOLD","Inventory-only snapshot; no page-quality review or exclusion decision has been approved","false","unknown","registry-v1"
"url_cbd461c2150f","https://clinicaltrialfailures.com/trial/NCT00428168-study-to-examine-the-effect-of-betahistine-on-body-weight-gain-due-to-olanzapine","trial","REVIEW_HOLD","Inventory-only snapshot; no page-quality review or exclusion decision has been approved","false","unknown","registry-v1"
"url_c2e9c7d2efeb","https://clinicaltrialfailures.com/trial/NCT00544908-dasatinib-in-treating-patients-with-stage-iv-pancreatic-cancer","trial","REVIEW_HOLD","Inventory-only snapshot; no page-quality review or exclusion decision has been approved","false","unknown","registry-v1"
"url_242e1ed00556","https://clinicaltrialfailures.com/trial/NCT02480010-a-study-of-pertuzumab-in-participants-with-prostate-cancer","trial","REVIEW_HOLD","Inventory-only snapshot; no page-quality review or exclusion decision has been approved","false","unknown","registry-v1"
"url_cf88d666b64c","https://clinicaltrialfailures.com/trial/NCT02108548-a-study-to-assess-the-safety-and-tolerability-including-gastrointestinal-safety-","trial","REVIEW_HOLD","Inventory-only snapshot; no page-quality review or exclusion decision has been approved","false","unknown","registry-v1"
"url_b36df8e650af","https://clinicaltrialfailures.com/trial/NCT01803399-a-study-to-evaluate-the-effect-of-gsk1322322-on-cardiac-conduction-as-assessed-b","trial","REVIEW_HOLD","Inventory-only snapshot; no page-quality review or exclusion decision has been approved","false","unknown","registry-v1"
"url_e51eb22c930a","https://clinicaltrialfailures.com/trial/NCT01400451-ph-i-ipilimumab-vemurafenib-combo-in-patients-with-v-raf-murine-sarcoma-viral-on","trial","REVIEW_HOLD","Inventory-only snapshot; no page-quality review or exclusion decision has been approved","false","unknown","registry-v1"
"url_4f5a93a1fe47","https://clinicaltrialfailures.com/trial/NCT06585488-a-first-in-human-study-of-bgb-53038-a-pan-kras-inhibitor-alone-or-in-combination","trial","REVIEW_HOLD","Inventory-only snapshot; no page-quality review or exclusion decision has been approved","false","unknown","registry-v1"
"url_feb3c8c84a44","https://clinicaltrialfailures.com/trial/NCT04037527-gemcitabine-and-docetaxel-with-radiation-in-adults-with-soft-tissue-sarcoma-of-t","trial","REVIEW_HOLD","Inventory-only snapshot; no page-quality review or exclusion decision has been approved","false","unknown","registry-v1"
"url_a2f1dbcd01e8","https://clinicaltrialfailures.com/trial/NCT06447506-long-term-study-atdvance-to-evaluate-gsk1070806-in-atopic-dermatitis","trial","REVIEW_HOLD","Inventory-only snapshot; no page-quality review or exclusion decision has been approved","false","unknown","registry-v1"
"url_f7e8bc5f442d","https://clinicaltrialfailures.com/trial/NCT05971602-efficacy-and-safety-evaluation-of-two-to-four-months-of-treatment-with-the-combi","trial","REVIEW_HOLD","Inventory-only snapshot; no page-quality review or exclusion decision has been approved","false","unknown","registry-v1"
"url_6f11576603ce","https://clinicaltrialfailures.com/trial/NCT04652700-oral-islatravir-mk-8591-once-monthly-as-preexposure-prophylaxis-prep-in-men-and-","trial","REVIEW_HOLD","Inventory-only snapshot; no page-quality review or exclusion decision has been approved","false","unknown","registry-v1"
"url_e7cee658c974","https://clinicaltrialfailures.com/trial/NCT05039515-a-study-to-assess-the-effectiveness-and-safety-of-2-dosage-regimens-of-oral-fidr","trial","REVIEW_HOLD","Inventory-only snapshot; no page-quality review or exclusion decision has been approved","false","unknown","registry-v1"
"url_59ced2008c9e","https://clinicaltrialfailures.com/trial/NCT04619420-a-study-of-jnj-63733657-in-participants-with-early-alzheimer-s-disease","trial","REVIEW_HOLD","Inventory-only snapshot; no page-quality review or exclusion decision has been approved","false","unknown","registry-v1"
"url_0cab58c9458d","https://clinicaltrialfailures.com/trial/NCT04179864-a-study-of-tazemetostat-with-enzalutamide-or-abiraterone-prednisone-in-participa","trial","REVIEW_HOLD","Inventory-only snapshot; no page-quality review or exclusion decision has been approved","false","unknown","registry-v1"
"url_cd60a8821740","https://clinicaltrialfailures.com/trial/NCT04157335-efficacy-and-safety-study-of-benralizumab-in-patient-with-eosinophilic-chronic-r","trial","REVIEW_HOLD","Inventory-only snapshot; no page-quality review or exclusion decision has been approved","false","unknown","registry-v1"
"url_eaacbd843779","https://clinicaltrialfailures.com/trial/NCT05676697-pi3k-delta-inhibitor-in-relapsed-refractory-autoimmune-hemolytic-anemia-patients","trial","REVIEW_HOLD","Inventory-only snapshot; no page-quality review or exclusion decision has been approved","false","unknown","registry-v1"
"url_870c80067ee2","https://clinicaltrialfailures.com/trial/NCT06381466-a-study-to-investigate-safety-tolerability-and-pharmacokinetics-of-oral-azd0233-","trial","REVIEW_HOLD","Inventory-only snapshot; no page-quality review or exclusion decision has been approved","false","unknown","registry-v1"
"url_8d3cb549ace3","https://clinicaltrialfailures.com/trial/NCT06388889-phase-iii-long-term-extension-study-with-dexpramipexole","trial","REVIEW_HOLD","Inventory-only snapshot; no page-quality review or exclusion decision has been approved","false","unknown","registry-v1"
"url_a62dc7f8d93f","https://clinicaltrialfailures.com/trial/NCT04044690-a-study-to-evaluate-the-efficacy-safety-and-pharmacokinetics-of-igpro20-in-adult","trial","REVIEW_HOLD","Inventory-only snapshot; no page-quality review or exclusion decision has been approved","false","unknown","registry-v1"
"url_0e1566de7ff9","https://clinicaltrialfailures.com/trial/NCT05838742-a-dose-finding-study-to-evaluate-the-efficacy-and-safety-of-gsk3858279-in-adults","trial","REVIEW_HOLD","Inventory-only snapshot; no page-quality review or exclusion decision has been approved","false","unknown","registry-v1"
"url_a6aa42f8f4be","https://clinicaltrialfailures.com/trial/NCT04551066-to-evaluate-the-efficacy-and-safety-of-parsaclisib-and-ruxolitinib-in-participan","trial","REVIEW_HOLD","Inventory-only snapshot; no page-quality review or exclusion decision has been approved","false","unknown","registry-v1"
"url_df98d170dc9a","https://clinicaltrialfailures.com/trial/NCT04544410-a-ph2b-to-evaluate-tildacerfont-in-the-reduction-of-glucocorticoid-steroid-doses","trial","REVIEW_HOLD","Inventory-only snapshot; no page-quality review or exclusion decision has been approved","false","unknown","registry-v1"
"url_a34fb5847158","https://clinicaltrialfailures.com/trial/NCT03094169-avid100-in-advanced-epithelial-carcinomas","trial","REVIEW_HOLD","Inventory-only snapshot; no page-quality review or exclusion decision has been approved","false","unknown","registry-v1"
"url_a2102d660633","https://clinicaltrialfailures.com/trial/NCT01655186-a-double-blind-randomized-placebo-controlled-study-evaluating-the-effects-of-bar","trial","REVIEW_HOLD","Inventory-only snapshot; no page-quality review or exclusion decision has been approved","false","unknown","registry-v1"
"url_0d4b51a37641","https://clinicaltrialfailures.com/trial/NCT03192215-atrial-cardiopathy-and-antithrombotic-drugs-in-prevention-after-cryptogenic-stro","trial","REVIEW_HOLD","Inventory-only snapshot; no page-quality review or exclusion decision has been approved","false","unknown","registry-v1"
"url_e760f4ab624d","https://clinicaltrialfailures.com/trial/NCT04778397-study-of-magrolimab-in-combination-with-azacitidine-versus-physician-s-choice-of","trial","REVIEW_HOLD","Inventory-only snapshot; no page-quality review or exclusion decision has been approved","false","unknown","registry-v1"
"url_da3820e17f3b","https://clinicaltrialfailures.com/trial/NCT04370834-tocilizumab-for-patients-with-cancer-and-covid-19-disease","trial","REVIEW_HOLD","Inventory-only snapshot; no page-quality review or exclusion decision has been approved","false","unknown","registry-v1"
"url_1f68801a1476","https://clinicaltrialfailures.com/trial/NCT02626455-study-of-copanlisib-in-combination-with-standard-immunochemotherapy-in-relapsed-","trial","REVIEW_HOLD","Inventory-only snapshot; no page-quality review or exclusion decision has been approved","false","unknown","registry-v1"
"url_fa26216fb2d8","https://clinicaltrialfailures.com/trial/NCT04944784-a-study-to-evaluate-the-efficacy-and-safety-of-reldesemtiv-in-patients-with-amyo","trial","REVIEW_HOLD","Inventory-only snapshot; no page-quality review or exclusion decision has been approved","false","unknown","registry-v1"
"url_aebf115c9f5b","https://clinicaltrialfailures.com/trial/NCT04287894-assess-the-safety-of-immunotherapy-induction-with-tremelimumab-and-durvalumab-pr","trial","REVIEW_HOLD","Inventory-only snapshot; no page-quality review or exclusion decision has been approved","false","unknown","registry-v1"
"url_14a25b384e15","https://clinicaltrialfailures.com/trial/NCT03755154-study-of-a-new-intravenous-drug-called-s65487-in-patients-with-acute-myeloid-leu","trial","REVIEW_HOLD","Inventory-only snapshot; no page-quality review or exclusion decision has been approved","false","unknown","registry-v1"
"url_3097172f09ac","https://clinicaltrialfailures.com/trial/NCT05695378-trial-to-evaluate-the-efficacy-and-safety-of-km-819-treatment-to-slow-the-progre","trial","REVIEW_HOLD","Inventory-only snapshot; no page-quality review or exclusion decision has been approved","false","unknown","registry-v1"
"url_12d9ed994b2e","https://clinicaltrialfailures.com/trial/NCT05953688-poc-study-to-evaluate-the-efficacy-and-safety-of-esk-001-in-patients-with-active","trial","REVIEW_HOLD","Inventory-only snapshot; no page-quality review or exclusion decision has been approved","false","unknown","registry-v1"
"url_4a8ccccedb55","https://clinicaltrialfailures.com/trial/NCT04159896-esk981-and-nivolumab-for-the-treatment-of-metastatic-castration-resistant-prosta","trial","REVIEW_HOLD","Inventory-only snapshot; no page-quality review or exclusion decision has been approved","false","unknown","registry-v1"
"url_bfaa1fae799a","https://clinicaltrialfailures.com/trial/NCT04524949-imcy-0098-proof-of-action-in-type-1-diabetes-impact-study","trial","REVIEW_HOLD","Inventory-only snapshot; no page-quality review or exclusion decision has been approved","false","unknown","registry-v1"
"url_b527485e2c34","https://clinicaltrialfailures.com/trial/NCT03690141-an-open-label-study-of-the-effect-of-tomivosertib-eft508-in-patients-with-advanc","trial","REVIEW_HOLD","Inventory-only snapshot; no page-quality review or exclusion decision has been approved","false","unknown","registry-v1"
"url_7fe30ed5e66a","https://clinicaltrialfailures.com/trial/NCT05048732-imaging-apoptosis-for-lymphoma-treatment-response","trial","REVIEW_HOLD","Inventory-only snapshot; no page-quality review or exclusion decision has been approved","false","unknown","registry-v1"
"url_1648cf81f3a9","https://clinicaltrialfailures.com/trial/NCT05126303-efficacy-and-safety-of-rmc-035-in-subjects-at-high-risk-for-acute-kidney-injury-","trial","REVIEW_HOLD","Inventory-only snapshot; no page-quality review or exclusion decision has been approved","false","unknown","registry-v1"
"url_1c95293c8602","https://clinicaltrialfailures.com/trial/NCT04697758-safety-and-bioactivity-of-axt107-in-subjects-with-diabetic-macular-edema","trial","REVIEW_HOLD","Inventory-only snapshot; no page-quality review or exclusion decision has been approved","false","unknown","registry-v1"
"url_824285e2a543","https://clinicaltrialfailures.com/trial/NCT04581785-gene-therapy-with-hlb-001-in-pediatric-patients-with-severe-methylmalonic-acidem","trial","REVIEW_HOLD","Inventory-only snapshot; no page-quality review or exclusion decision has been approved","false","unknown","registry-v1"
"url_ac2740e052ca","https://clinicaltrialfailures.com/trial/NCT03630224-plasmalyte-versus-saline-in-trauma-patients","trial","REVIEW_HOLD","Inventory-only snapshot; no page-quality review or exclusion decision has been approved","false","unknown","registry-v1"
"url_de90bbdf9920","https://clinicaltrialfailures.com/trial/NCT01996696-prevention-of-metabolic-syndrome-and-increased-weight-using-metformin-concurrent","trial","REVIEW_HOLD","Inventory-only snapshot; no page-quality review or exclusion decision has been approved","false","unknown","registry-v1"
"url_d01b22e79f83","https://clinicaltrialfailures.com/trial/NCT05673109-a-study-of-ac176-for-the-treatment-of-metastatic-castration-resistant-prostate-c","trial","REVIEW_HOLD","Inventory-only snapshot; no page-quality review or exclusion decision has been approved","false","unknown","registry-v1"
"url_2b6cb5363813","https://clinicaltrialfailures.com/trial/NCT03439514-a-study-of-arry-371797-pf-07265803-in-patients-with-symptomatic-dilated-cardiomy","trial","REVIEW_HOLD","Inventory-only snapshot; no page-quality review or exclusion decision has been approved","false","unknown","registry-v1"
"url_adca20481c4c","https://clinicaltrialfailures.com/trial/NCT04988308-a-study-of-bermekimab-for-the-treatment-of-participants-with-moderate-to-severe-","trial","REVIEW_HOLD","Inventory-only snapshot; no page-quality review or exclusion decision has been approved","false","unknown","registry-v1"
"url_1b177e616356","https://clinicaltrialfailures.com/trial/NCT05920408-study-to-assess-exs21546-in-combination-in-patients-with-advanced-solid-tumours","trial","REVIEW_HOLD","Inventory-only snapshot; no page-quality review or exclusion decision has been approved","false","unknown","registry-v1"
"url_60fb85031a4f","https://clinicaltrialfailures.com/trial/NCT05084560-development-of-awz1066s-a-small-molecule-anti-wolbachia-candidate-macrofilaricid","trial","REVIEW_HOLD","Inventory-only snapshot; no page-quality review or exclusion decision has been approved","false","unknown","registry-v1"
"url_959b9420fa34","https://clinicaltrialfailures.com/trial/NCT04088734-gene-transfer-study-of-abo-102-in-patients-with-middle-and-advanced-phases-of-mp","trial","REVIEW_HOLD","Inventory-only snapshot; no page-quality review or exclusion decision has been approved","false","unknown","registry-v1"
"url_b2ad9f945dd4","https://clinicaltrialfailures.com/trial/NCT00788125-dasatinib-ifosfamide-carboplatin-and-etoposide-in-treating-young-patients-with-m","trial","REVIEW_HOLD","Inventory-only snapshot; no page-quality review or exclusion decision has been approved","false","unknown","registry-v1"
"url_5d751f4dba8d","https://clinicaltrialfailures.com/trial/NCT04504734-bucillamine-in-treatment-of-patients-with-covid-19","trial","REVIEW_HOLD","Inventory-only snapshot; no page-quality review or exclusion decision has been approved","false","unknown","registry-v1"
"url_082bd556fcfe","https://clinicaltrialfailures.com/trial/NCT02450331-a-study-of-atezolizumab-versus-observation-as-adjuvant-therapy-in-participants-w","trial","REVIEW_HOLD","Inventory-only snapshot; no page-quality review or exclusion decision has been approved","false","unknown","registry-v1"
"url_d897655c83bd","https://clinicaltrialfailures.com/trial/NCT04940949-a-study-to-evaluate-lu-af90103-in-healthy-men","trial","REVIEW_HOLD","Inventory-only snapshot; no page-quality review or exclusion decision has been approved","false","unknown","registry-v1"
"url_3941b29541f5","https://clinicaltrialfailures.com/trial/NCT03948178-effects-of-oral-levosimendan-on-respiratory-function-in-patients-with-amyotrophi","trial","REVIEW_HOLD","Inventory-only snapshot; no page-quality review or exclusion decision has been approved","false","unknown","registry-v1"
"url_310393ee4b2c","https://clinicaltrialfailures.com/trial/NCT03713944-carboplatin-plus-pemetrexed-plus-atezolizumab-plus-bevacizumab-in-chemotherapy-a","trial","REVIEW_HOLD","Inventory-only snapshot; no page-quality review or exclusion decision has been approved","false","unknown","registry-v1"
"url_44ac9e3527a6","https://clinicaltrialfailures.com/trial/NCT05725343-a-prevention-trial-of-canakinumab-in-subjects-at-high-risk-for-lung-cancer","trial","REVIEW_HOLD","Inventory-only snapshot; no page-quality review or exclusion decision has been approved","false","unknown","registry-v1"
"url_05164874d665","https://clinicaltrialfailures.com/trial/NCT03523728-a-medical-research-study-designed-to-determine-if-venglustat-can-be-a-future-tre","trial","REVIEW_HOLD","Inventory-only snapshot; no page-quality review or exclusion decision has been approved","false","unknown","registry-v1"
"url_957e8e6689b4","https://clinicaltrialfailures.com/trial/NCT03616912-a-study-of-baricitinib-ly3009104-in-participants-with-systemic-lupus-erythematos","trial","REVIEW_HOLD","Inventory-only snapshot; no page-quality review or exclusion decision has been approved","false","unknown","registry-v1"
"url_5a21595d3044","https://clinicaltrialfailures.com/trial/NCT04248465-an-efficacy-and-safety-study-of-ravulizumab-in-als-participants","trial","REVIEW_HOLD","Inventory-only snapshot; no page-quality review or exclusion decision has been approved","false","unknown","registry-v1"
"url_078032b0e6d6","https://clinicaltrialfailures.com/trial/NCT03784599-t-dm1-and-osimertinib-combination-treatment-to-target-her2-bypass-track-resistan","trial","REVIEW_HOLD","Inventory-only snapshot; no page-quality review or exclusion decision has been approved","false","unknown","registry-v1"
"url_fde4ee64a788","https://clinicaltrialfailures.com/trial/NCT01286038-eltrombopag-in-myelodysplastic-syndrome-mds-patients-with-thrombocytopenia","trial","REVIEW_HOLD","Inventory-only snapshot; no page-quality review or exclusion decision has been approved","false","unknown","registry-v1"
"url_e54d4f632229","https://clinicaltrialfailures.com/trial/NCT01307800-a-study-of-ly2140023-in-patients-with-schizophrenia","trial","REVIEW_HOLD","Inventory-only snapshot; no page-quality review or exclusion decision has been approved","false","unknown","registry-v1"
"url_7827b5fc35a4","https://clinicaltrialfailures.com/trial/NCT04762771-colchicine-for-the-treatment-of-cardiac-injury-in-hospitalized-patients-with-cov","trial","REVIEW_HOLD","Inventory-only snapshot; no page-quality review or exclusion decision has been approved","false","unknown","registry-v1"
"url_7de84e0c58ef","https://clinicaltrialfailures.com/trial/NCT00015002-repeat-antenatal-steroids-trial","trial","REVIEW_HOLD","Inventory-only snapshot; no page-quality review or exclusion decision has been approved","false","unknown","registry-v1"
"url_d1e14eacc5d2","https://clinicaltrialfailures.com/trial/NCT03235986-a-study-to-investigatethe-safety-tolerability-and-efficacy-of-nebulised-curosurf","trial","REVIEW_HOLD","Inventory-only snapshot; no page-quality review or exclusion decision has been approved","false","unknown","registry-v1"
"url_e9408aac1ebc","https://clinicaltrialfailures.com/trial/NCT03696537-imrt-tmi-with-fludarabine-as-myeloablative-conditioning-for-allogeneic-hsct","trial","REVIEW_HOLD","Inventory-only snapshot; no page-quality review or exclusion decision has been approved","false","unknown","registry-v1"
"url_63e94c621d39","https://clinicaltrialfailures.com/trial/NCT02236572-neoadj-ph-2-ai-plus-everolimus-in-postmenopausal-women-w-er-pos-her2-neg-low-ris","trial","REVIEW_HOLD","Inventory-only snapshot; no page-quality review or exclusion decision has been approved","false","unknown","registry-v1"
"url_a813fe176413","https://clinicaltrialfailures.com/trial/NCT02790034-evaluation-of-the-efficacy-safety-and-tolerability-of-sarizotan-in-rett-syndrome","trial","REVIEW_HOLD","Inventory-only snapshot; no page-quality review or exclusion decision has been approved","false","unknown","registry-v1"
"url_6b1ae8451316","https://clinicaltrialfailures.com/trial/NCT03377309-safety-and-tolerability-of-perampanel-in-amyotrophic-lateral-sclerosis-patients","trial","REVIEW_HOLD","Inventory-only snapshot; no page-quality review or exclusion decision has been approved","false","unknown","registry-v1"
"url_c203ef4c809a","https://clinicaltrialfailures.com/trial/NCT04331665-study-of-the-efficacy-and-safety-of-ruxolitinib-to-treat-covid-19-pneumonia","trial","REVIEW_HOLD","Inventory-only snapshot; no page-quality review or exclusion decision has been approved","false","unknown","registry-v1"
"url_e5f834959189","https://clinicaltrialfailures.com/trial/NCT01524887-phase-3-igiv-10-in-alzheimer-s-disease","trial","REVIEW_HOLD","Inventory-only snapshot; no page-quality review or exclusion decision has been approved","false","unknown","registry-v1"
"url_dfd0fdd370e1","https://clinicaltrialfailures.com/trial/NCT03051672-phase-ii-pembrolizumab-palliative-radiotherapy-in-bc","trial","REVIEW_HOLD","Inventory-only snapshot; no page-quality review or exclusion decision has been approved","false","unknown","registry-v1"
"url_ea08f9386ffd","https://clinicaltrialfailures.com/trial/NCT03831191-a-study-of-ly3375880-in-adults-with-moderate-to-severe-atopic-dermatitis","trial","REVIEW_HOLD","Inventory-only snapshot; no page-quality review or exclusion decision has been approved","false","unknown","registry-v1"
"url_f850d714197b","https://clinicaltrialfailures.com/trial/NCT03265951-ramelteon-for-complex-insomnia-in-veterans-with-ptsd","trial","REVIEW_HOLD","Inventory-only snapshot; no page-quality review or exclusion decision has been approved","false","unknown","registry-v1"
"url_b0b6f30b707b","https://clinicaltrialfailures.com/trial/NCT03044249-a-study-of-mp-101-in-dementia-related-psychosis-and-or-agitation-and-aggression","trial","REVIEW_HOLD","Inventory-only snapshot; no page-quality review or exclusion decision has been approved","false","unknown","registry-v1"
"url_d388f24c19a6","https://clinicaltrialfailures.com/trial/NCT03729297-cabozantinib-in-advanced-salivary-gland-cancer-patients","trial","REVIEW_HOLD","Inventory-only snapshot; no page-quality review or exclusion decision has been approved","false","unknown","registry-v1"
"url_375b3b21e533","https://clinicaltrialfailures.com/trial/NCT02985879-a-study-to-assess-efficacy-safety-tolerability-and-pharmacokinetics-of-abbv-8e12","trial","REVIEW_HOLD","Inventory-only snapshot; no page-quality review or exclusion decision has been approved","false","unknown","registry-v1"
"url_279caae34beb","https://clinicaltrialfailures.com/trial/NCT02296476-a-dose-finding-study-of-birabresib-mk-8628-in-participants-with-recurrent-gliobl","trial","REVIEW_HOLD","Inventory-only snapshot; no page-quality review or exclusion decision has been approved","false","unknown","registry-v1"
"url_d2aee9343203","https://clinicaltrialfailures.com/trial/NCT00987545-efficacy-2-part-study-of-identification-of-keloid-biomarkers-and-effect-of-qax57","trial","REVIEW_HOLD","Inventory-only snapshot; no page-quality review or exclusion decision has been approved","false","unknown","registry-v1"
"url_3fe0f86d964f","https://clinicaltrialfailures.com/trial/NCT00406419-a-study-of-ocrelizumab-compared-to-placebo-in-patients-with-active-rheumatoid-ar","trial","REVIEW_HOLD","Inventory-only snapshot; no page-quality review or exclusion decision has been approved","false","unknown","registry-v1"
"url_017442123437","https://clinicaltrialfailures.com/trial/NCT03917719-an-open-label-extension-study-of-edasalonexent-in-boys-with-duchenne-muscular-dy","trial","REVIEW_HOLD","Inventory-only snapshot; no page-quality review or exclusion decision has been approved","false","unknown","registry-v1"
"url_4065a94bacca","https://clinicaltrialfailures.com/trial/NCT00467350-comparison-trial-of-enema-vs-peg-3350-for-constipation","trial","REVIEW_HOLD","Inventory-only snapshot; no page-quality review or exclusion decision has been approved","false","unknown","registry-v1"
"url_3c0c124d3dc5","https://clinicaltrialfailures.com/trial/NCT00671645-preoperative-combined-radiochemo-molecular-target-therapy-with-capecitabine-beva","trial","REVIEW_HOLD","Inventory-only snapshot; no page-quality review or exclusion decision has been approved","false","unknown","registry-v1"
"url_2f5f15afccf8","https://clinicaltrialfailures.com/trial/NCT04561817-to-evaluate-the-safety-and-efficacy-of-ipatasertib-gdc-0068-in-combination-with-","trial","REVIEW_HOLD","Inventory-only snapshot; no page-quality review or exclusion decision has been approved","false","unknown","registry-v1"
"url_1a0508e589ef","https://clinicaltrialfailures.com/trial/NCT03929497-flexible-dose-long-term-extension-study-of-lu-af11167-in-patients-with-schizophr","trial","REVIEW_HOLD","Inventory-only snapshot; no page-quality review or exclusion decision has been approved","false","unknown","registry-v1"
"url_91376d020f54","https://clinicaltrialfailures.com/trial/NCT04402580-efficacy-of-anti-cd20-antibodies-rituximab-biosimilar-in-the-treatment-of-childh","trial","REVIEW_HOLD","Inventory-only snapshot; no page-quality review or exclusion decision has been approved","false","unknown","registry-v1"
"url_d3cdc099671b","https://clinicaltrialfailures.com/trial/NCT01859741-a-phase-1b-2-study-of-omp-59r5-tarextumab-in-combination-with-etoposide-and-plat","trial","REVIEW_HOLD","Inventory-only snapshot; no page-quality review or exclusion decision has been approved","false","unknown","registry-v1"
"url_058e9fe624c2","https://clinicaltrialfailures.com/trial/NCT03002012-cryptococcal-antigen-screening-plus-sertraline","trial","REVIEW_HOLD","Inventory-only snapshot; no page-quality review or exclusion decision has been approved","false","unknown","registry-v1"
"url_f027f5128edd","https://clinicaltrialfailures.com/trial/NCT01826448-a-phase-1b-open-label-dose-escalation-study-of-plx3397-in-combination-with-vemur","trial","REVIEW_HOLD","Inventory-only snapshot; no page-quality review or exclusion decision has been approved","false","unknown","registry-v1"
"url_93988bcdf722","https://clinicaltrialfailures.com/trial/NCT01545882-a-phase-ii-study-of-degarelix-in-the-management-of-non-metastatic-hormone-refrac","trial","REVIEW_HOLD","Inventory-only snapshot; no page-quality review or exclusion decision has been approved","false","unknown","registry-v1"
"url_1b44849a15fa","https://clinicaltrialfailures.com/trial/NCT03015831-effect-of-low-dose-colchicine-on-the-incidence-of-poaf","trial","REVIEW_HOLD","Inventory-only snapshot; no page-quality review or exclusion decision has been approved","false","unknown","registry-v1"
"url_c87f35d4d5fa","https://clinicaltrialfailures.com/trial/NCT03281044-fecal-microbiota-transplantation-in-depression","trial","REVIEW_HOLD","Inventory-only snapshot; no page-quality review or exclusion decision has been approved","false","unknown","registry-v1"
"url_3edea55656ba","https://clinicaltrialfailures.com/trial/NCT03212690-study-of-renin-angiotensin-system-in-mechanically-ventilated-subjects","trial","REVIEW_HOLD","Inventory-only snapshot; no page-quality review or exclusion decision has been approved","false","unknown","registry-v1"
"url_1445a7701aea","https://clinicaltrialfailures.com/trial/NCT01629329-prochlorperazine-versus-acetaminophen-aspirin-and-caffeine-for-the-treatment-of-","trial","REVIEW_HOLD","Inventory-only snapshot; no page-quality review or exclusion decision has been approved","false","unknown","registry-v1"
"url_cbd532ff0530","https://clinicaltrialfailures.com/trial/NCT01313429-tumor-cell-vaccine-for-patients-undergoing-surgery-for-sarcomas-melanomas-germ-c","trial","REVIEW_HOLD","Inventory-only snapshot; no page-quality review or exclusion decision has been approved","false","unknown","registry-v1"
"url_b0503f409a31","https://clinicaltrialfailures.com/trial/NCT03230864-efficacy-of-lu-af35700-in-patients-with-early-in-disease-or-late-in-disease-trea","trial","REVIEW_HOLD","Inventory-only snapshot; no page-quality review or exclusion decision has been approved","false","unknown","registry-v1"
"url_e9fff62f2b19","https://clinicaltrialfailures.com/trial/NCT03154333-safety-and-efficacy-of-diacerein-1-ointment-for-subjects-with-epidermolysis-bull","trial","REVIEW_HOLD","Inventory-only snapshot; no page-quality review or exclusion decision has been approved","false","unknown","registry-v1"
"url_718660a6ab15","https://clinicaltrialfailures.com/trial/NCT02760602-a-study-of-solanezumab-ly2062430-in-participants-with-prodromal-alzheimer-s-dise","trial","REVIEW_HOLD","Inventory-only snapshot; no page-quality review or exclusion decision has been approved","false","unknown","registry-v1"
"url_323235985de1","https://clinicaltrialfailures.com/trial/NCT03592862-a-study-to-assess-safety-tolerability-and-efficacy-of-htl0018318-in-patients-wit","trial","REVIEW_HOLD","Inventory-only snapshot; no page-quality review or exclusion decision has been approved","false","unknown","registry-v1"
"url_b0eed539228c","https://clinicaltrialfailures.com/trial/NCT02759315-efficacy-and-safety-of-uprifosbuvir-mk-3682-with-ruzasvir-mk-8408-in-adults-with","trial","REVIEW_HOLD","Inventory-only snapshot; no page-quality review or exclusion decision has been approved","false","unknown","registry-v1"
"url_1c1f721681e6","https://clinicaltrialfailures.com/trial/NCT00290706-a-phase-i-ii-trial-of-velcade-and-gemcitabine-for-patients-with-relapsed-or-refr","trial","REVIEW_HOLD","Inventory-only snapshot; no page-quality review or exclusion decision has been approved","false","unknown","registry-v1"
"url_cee3411e6c2d","https://clinicaltrialfailures.com/trial/NCT00657813-evaluation-of-123i-mni-330-and-spect-as-a-marker-of-beta-amyloid-protein-deposit","trial","REVIEW_HOLD","Inventory-only snapshot; no page-quality review or exclusion decision has been approved","false","unknown","registry-v1"
"url_e50fc53430f2","https://clinicaltrialfailures.com/trial/NCT02377362-a-study-to-assess-the-safety-tolerability-pharmacokinetics-and-pharmacodynamics-","trial","REVIEW_HOLD","Inventory-only snapshot; no page-quality review or exclusion decision has been approved","false","unknown","registry-v1"
"url_710f1f1dda0f","https://clinicaltrialfailures.com/trial/NCT02472080-gemcitabine-oxaliplatin-for-advanced-refractory-thyroid-cancer-patients-a-phase-","trial","REVIEW_HOLD","Inventory-only snapshot; no page-quality review or exclusion decision has been approved","false","unknown","registry-v1"
"url_9de798435e0e","https://clinicaltrialfailures.com/trial/NCT02662036-analgesic-efficacy-of-liposomal-bupivacaine-vs-bupivacaine-hcl-as-a-tap-block-af","trial","REVIEW_HOLD","Inventory-only snapshot; no page-quality review or exclusion decision has been approved","false","unknown","registry-v1"
"url_71b4c0e3aedc","https://clinicaltrialfailures.com/trial/NCT01818011-a-three-part-study-to-determine-the-safety-tolerability-and-pharmacokinetics-of-","trial","REVIEW_HOLD","Inventory-only snapshot; no page-quality review or exclusion decision has been approved","false","unknown","registry-v1"
"url_19227eb2b05e","https://clinicaltrialfailures.com/trial/NCT00796575-effects-of-multiple-doses-of-cs-8080-in-healthy-volunteers","trial","REVIEW_HOLD","Inventory-only snapshot; no page-quality review or exclusion decision has been approved","false","unknown","registry-v1"
"url_d694f98f47cb","https://clinicaltrialfailures.com/trial/NCT02966171-a-dose-escalation-study-to-assess-the-safety-and-tolerability-of-hmpl-453-in-pat","trial","REVIEW_HOLD","Inventory-only snapshot; no page-quality review or exclusion decision has been approved","false","unknown","registry-v1"
"url_f238641334ba","https://clinicaltrialfailures.com/trial/NCT01740947-does-administration-of-antibiotics-in-patients-undergoing-surgery-for-colorectal","trial","REVIEW_HOLD","Inventory-only snapshot; no page-quality review or exclusion decision has been approved","false","unknown","registry-v1"
"url_5153b57f3d5b","https://clinicaltrialfailures.com/trial/NCT00090779-nine-month-course-of-anti-hiv-medications-for-people-recently-infected-with-hiv","trial","REVIEW_HOLD","Inventory-only snapshot; no page-quality review or exclusion decision has been approved","false","unknown","registry-v1"
"url_f8d38bd8e982","https://clinicaltrialfailures.com/trial/NCT02260635-a-study-of-evacetrapib-ly2484595-in-japanese-participants-with-primary-hyperchol","trial","REVIEW_HOLD","Inventory-only snapshot; no page-quality review or exclusion decision has been approved","false","unknown","registry-v1"
"url_b19cc2ba1f01","https://clinicaltrialfailures.com/trial/NCT01558674-a-study-of-mk-7145-in-participants-with-renal-insufficiency-part-i-and-heart-fai","trial","REVIEW_HOLD","Inventory-only snapshot; no page-quality review or exclusion decision has been approved","false","unknown","registry-v1"
"url_d8331df129db","https://clinicaltrialfailures.com/trial/NCT02489500-trial-of-high-dose-melphalan-stem-cell-transplant-with-or-without-bortezomib","trial","REVIEW_HOLD","Inventory-only snapshot; no page-quality review or exclusion decision has been approved","false","unknown","registry-v1"
"url_560b9d41a61a","https://clinicaltrialfailures.com/trial/NCT00699283-a-double-blind-randomized-conversion-to-monotherapy-study-to-evaluate-the-effica","trial","REVIEW_HOLD","Inventory-only snapshot; no page-quality review or exclusion decision has been approved","false","unknown","registry-v1"
"url_54647fdad0e3","https://clinicaltrialfailures.com/trial/NCT02372240-a-study-of-vlx1570-and-dexamethasone-in-myeloma-patients","trial","REVIEW_HOLD","Inventory-only snapshot; no page-quality review or exclusion decision has been approved","false","unknown","registry-v1"
"url_cd9e2a71f06f","https://clinicaltrialfailures.com/trial/NCT01676701-evaluation-of-tabalumab-using-auto-injector-or-prefilled-syringe-in-participants","trial","REVIEW_HOLD","Inventory-only snapshot; no page-quality review or exclusion decision has been approved","false","unknown","registry-v1"
"url_4069d1f2784a","https://clinicaltrialfailures.com/trial/NCT02342548-open-label-extension-study-to-investigate-long-term-safety-tolerability-and-effi","trial","REVIEW_HOLD","Inventory-only snapshot; no page-quality review or exclusion decision has been approved","false","unknown","registry-v1"
"url_ce61d5705a76","https://clinicaltrialfailures.com/trial/NCT01442714-azacitidine-lenalidomide-combo-in-the-elderly-with-previously-treated-aml-and-hi","trial","REVIEW_HOLD","Inventory-only snapshot; no page-quality review or exclusion decision has been approved","false","unknown","registry-v1"
"url_ce1c706f2718","https://clinicaltrialfailures.com/trial/NCT02977689-trial-of-idh305-in-idh1-mutant-grade-ii-or-iii-glioma","trial","REVIEW_HOLD","Inventory-only snapshot; no page-quality review or exclusion decision has been approved","false","unknown","registry-v1"
"url_41df25d254dd","https://clinicaltrialfailures.com/trial/NCT02777489-influence-of-carboxypeptidase-d-cpd-gene-on-body-weight-and-fat-mass-reduction-b","trial","REVIEW_HOLD","Inventory-only snapshot; no page-quality review or exclusion decision has been approved","false","unknown","registry-v1"
"url_25a686ca21b7","https://clinicaltrialfailures.com/trial/NCT00695448-phase-i-open-label-dose-escalation-study-of-gsk1059615-in-patients-with-solid-tu","trial","REVIEW_HOLD","Inventory-only snapshot; no page-quality review or exclusion decision has been approved","false","unknown","registry-v1"
"url_d5f4e7297244","https://clinicaltrialfailures.com/trial/NCT01709968-magnesium-oxide-monohydrate-for-nocturnal-leg-cramps","trial","REVIEW_HOLD","Inventory-only snapshot; no page-quality review or exclusion decision has been approved","false","unknown","registry-v1"
"url_9afa2f64a4c5","https://clinicaltrialfailures.com/trial/NCT01038739-two-doses-mesalazine-granules-versus-placebo-for-the-prevention-of-recurrence-of","trial","REVIEW_HOLD","Inventory-only snapshot; no page-quality review or exclusion decision has been approved","false","unknown","registry-v1"
"url_8351ac3ae46a","https://clinicaltrialfailures.com/trial/NCT02849951-a-study-to-investigate-the-safety-and-efficacy-of-lt-02-in-patients-with-mesalam","trial","REVIEW_HOLD","Inventory-only snapshot; no page-quality review or exclusion decision has been approved","false","unknown","registry-v1"
"url_0a5c93d41e75","https://clinicaltrialfailures.com/trial/NCT02167698-trial-of-an-alternate-mode-of-providing-artificial-breaths-to-children-with-very","trial","REVIEW_HOLD","Inventory-only snapshot; no page-quality review or exclusion decision has been approved","false","unknown","registry-v1"
"url_71f27fa000b3","https://clinicaltrialfailures.com/trial/NCT01417104-aliskiren-effect-on-aortic-plaque-progression","trial","REVIEW_HOLD","Inventory-only snapshot; no page-quality review or exclusion decision has been approved","false","unknown","registry-v1"
"url_7f45a75590d8","https://clinicaltrialfailures.com/trial/NCT00548496-a-phase-iia-study-of-men-and-post-menopausal-women-with-a-fractured-distal-radiu","trial","REVIEW_HOLD","Inventory-only snapshot; no page-quality review or exclusion decision has been approved","false","unknown","registry-v1"
"url_1831e140e2f7","https://clinicaltrialfailures.com/trial/NCT01611675-leflunomide-vemurafenib-in-v600-mutant-met-melanoma","trial","REVIEW_HOLD","Inventory-only snapshot; no page-quality review or exclusion decision has been approved","false","unknown","registry-v1"
"url_16178bd85c77","https://clinicaltrialfailures.com/trial/NCT01266070-tki-258-in-von-hippel-lindau-syndrome-vhl","trial","REVIEW_HOLD","Inventory-only snapshot; no page-quality review or exclusion decision has been approved","false","unknown","registry-v1"
"url_911380869b1f","https://clinicaltrialfailures.com/trial/NCT00414869-preliminary-efficacy-and-tolerability-of-ncx-1000-after-repeated-oral-doses-in-p","trial","REVIEW_HOLD","Inventory-only snapshot; no page-quality review or exclusion decision has been approved","false","unknown","registry-v1"
"url_74a4de210096","https://clinicaltrialfailures.com/trial/NCT00361114-ipt-and-efficacy-of-sulphadoxine-pyrimethamine-and-chlorproguanil-dapsone-in-6-5","trial","REVIEW_HOLD","Inventory-only snapshot; no page-quality review or exclusion decision has been approved","false","unknown","registry-v1"
"url_d3b730acd35c","https://clinicaltrialfailures.com/trial/NCT02074007-study-to-compare-efficacy-and-safety-of-ar01-to-a-placebo-solution-for-relief-of","trial","REVIEW_HOLD","Inventory-only snapshot; no page-quality review or exclusion decision has been approved","false","unknown","registry-v1"
"url_e385274916c1","https://clinicaltrialfailures.com/trial/NCT02035345-slowed-carboplatin-infusion-for-ovarian-cancer-patients-receiving-carboplatin-re","trial","REVIEW_HOLD","Inventory-only snapshot; no page-quality review or exclusion decision has been approved","false","unknown","registry-v1"
"url_ed19ec5dc1c0","https://clinicaltrialfailures.com/trial/NCT01405846-feasibility-study-to-estimate-number-of-patients-with-precancerous-areas-in-thei","trial","REVIEW_HOLD","Inventory-only snapshot; no page-quality review or exclusion decision has been approved","false","unknown","registry-v1"
"url_ebb4de52d596","https://clinicaltrialfailures.com/trial/NCT00123539-estrogen-replacement-to-reduce-risk-of-neurologic-injury-after-coronary-artery-b","trial","REVIEW_HOLD","Inventory-only snapshot; no page-quality review or exclusion decision has been approved","false","unknown","registry-v1"
"url_aa7fdb6af386","https://clinicaltrialfailures.com/trial/NCT00268437-radiation-therapy-pemetrexed-disodium-and-carboplatin-in-treating-patients-with-","trial","REVIEW_HOLD","Inventory-only snapshot; no page-quality review or exclusion decision has been approved","false","unknown","registry-v1"
"url_666333c1fb9b","https://clinicaltrialfailures.com/trial/NCT01481116-efficacy-and-safety-of-tak-875-compared-to-glimepiride-when-used-with-metformin-","trial","REVIEW_HOLD","Inventory-only snapshot; no page-quality review or exclusion decision has been approved","false","unknown","registry-v1"
"url_f57ceee88041","https://clinicaltrialfailures.com/trial/NCT02720926-study-of-tki-258-in-combination-with-xeloda-and-oxaliplatin-in-advanced-colorect","trial","REVIEW_HOLD","Inventory-only snapshot; no page-quality review or exclusion decision has been approved","false","unknown","registry-v1"
"url_0ad9a3c9bb0b","https://clinicaltrialfailures.com/trial/NCT01962909-phase-0-biodistribution-of-novel-imaging-for-resectable-pancreatic-cancer","trial","REVIEW_HOLD","Inventory-only snapshot; no page-quality review or exclusion decision has been approved","false","unknown","registry-v1"
"url_c3c4ca99d451","https://clinicaltrialfailures.com/trial/NCT00870298-computer-stop-order-alert-to-prevent-concurrent-prescribing-of-trimethoprim-sulf","trial","REVIEW_HOLD","Inventory-only snapshot; no page-quality review or exclusion decision has been approved","false","unknown","registry-v1"
"url_2f67a710d8d6","https://clinicaltrialfailures.com/trial/NCT01361555-long-term-safety-and-tolerability-of-bms-820836-in-the-treatment-of-patients-wit","trial","REVIEW_HOLD","Inventory-only snapshot; no page-quality review or exclusion decision has been approved","false","unknown","registry-v1"
"url_6c07fbdd0f98","https://clinicaltrialfailures.com/trial/NCT01348503-lenalidomide-in-combination-with-a-fixed-dose-of-sorafenib-for-the-treatment-of-","trial","REVIEW_HOLD","Inventory-only snapshot; no page-quality review or exclusion decision has been approved","false","unknown","registry-v1"
"url_65435313b0eb","https://clinicaltrialfailures.com/trial/NCT00954005-study-with-rituximab-gemcitabine-oxaliplatin-in-relapsed-indolent-lymphoma","trial","REVIEW_HOLD","Inventory-only snapshot; no page-quality review or exclusion decision has been approved","false","unknown","registry-v1"
"url_5add831960a4","https://clinicaltrialfailures.com/trial/NCT00005777-minimal-breathing-support-and-early-steroids-to-prevent-chronic-lung-disease-in-","trial","REVIEW_HOLD","Inventory-only snapshot; no page-quality review or exclusion decision has been approved","false","unknown","registry-v1"
"url_a7763831db04","https://clinicaltrialfailures.com/trial/NCT02170012-a-study-in-healthy-elderly-people-to-evaluate-safety-toleration-pharmacokinetics","trial","REVIEW_HOLD","Inventory-only snapshot; no page-quality review or exclusion decision has been approved","false","unknown","registry-v1"
"url_90c90556d11e","https://clinicaltrialfailures.com/trial/NCT00430742-an-investigational-drug-study-to-assess-weight-loss-in-patients-with-type-2-diab","trial","REVIEW_HOLD","Inventory-only snapshot; no page-quality review or exclusion decision has been approved","false","unknown","registry-v1"
"url_a8bf23e7bc70","https://clinicaltrialfailures.com/trial/NCT01111448-temsirolimus-in-myelodysplastic-syndrome-mds","trial","REVIEW_HOLD","Inventory-only snapshot; no page-quality review or exclusion decision has been approved","false","unknown","registry-v1"
"url_3d055a4deb4c","https://clinicaltrialfailures.com/trial/NCT01813656-an-study-of-aripiprazole-in-the-treatment-of-methamphetamine-dependence","trial","REVIEW_HOLD","Inventory-only snapshot; no page-quality review or exclusion decision has been approved","false","unknown","registry-v1"
"url_b813764b98c9","https://clinicaltrialfailures.com/trial/NCT01704599-addition-of-modulators-of-homocysteine-to-adalimumab-therapy-in-the-treatment-of","trial","REVIEW_HOLD","Inventory-only snapshot; no page-quality review or exclusion decision has been approved","false","unknown","registry-v1"
"url_1c1e51dcf4b5","https://clinicaltrialfailures.com/trial/NCT02333851-basal-bolus-and-premixed-insulin-regimens-in-hospitalized-patients-with-type-2-d","trial","REVIEW_HOLD","Inventory-only snapshot; no page-quality review or exclusion decision has been approved","false","unknown","registry-v1"
"url_acc2b1ea6714","https://clinicaltrialfailures.com/trial/NCT01517984-immune-monitoring-and-cni-withdrawal-in-low-risk-recipients-of-kidney-transplant","trial","REVIEW_HOLD","Inventory-only snapshot; no page-quality review or exclusion decision has been approved","false","unknown","registry-v1"
"url_94045b83296e","https://clinicaltrialfailures.com/trial/NCT06076837-the-seven-trial-exploiting-the-unfolded-protein-response","trial","REVIEW_HOLD","Inventory-only snapshot; no page-quality review or exclusion decision has been approved","false","unknown","registry-v1"
"url_36f066b12dda","https://clinicaltrialfailures.com/trial/NCT04965038-early-reperfusion-therapy-with-intravenous-thrombolysis-for-recovery-of-vision-i","trial","REVIEW_HOLD","Inventory-only snapshot; no page-quality review or exclusion decision has been approved","false","unknown","registry-v1"
"url_3bdb6bdbe274","https://clinicaltrialfailures.com/trial/NCT04746924-a-study-of-ociperlimab-with-tislelizumab-compared-to-pembrolizumab-in-participan","trial","REVIEW_HOLD","Inventory-only snapshot; no page-quality review or exclusion decision has been approved","false","unknown","registry-v1"
"url_3e5c5de305ea","https://clinicaltrialfailures.com/trial/NCT03643822-adjuncts-for-adductor-block-dexamethasone-dexmedetomidine-or-combination-to-redu","trial","REVIEW_HOLD","Inventory-only snapshot; no page-quality review or exclusion decision has been approved","false","unknown","registry-v1"
"url_39499adca1df","https://clinicaltrialfailures.com/trial/NCT05023655-phase-ii-study-of-tazemetostat-in-solid-tumors-harboring-an-arid1a-mutation","trial","REVIEW_HOLD","Inventory-only snapshot; no page-quality review or exclusion decision has been approved","false","unknown","registry-v1"
"url_1e39fe9d9b97","https://clinicaltrialfailures.com/trial/NCT04566445-horizon-a-phase-ii-study-to-evaluate-the-safety-and-efficacy-of-two-doses-of-gt0","trial","REVIEW_HOLD","Inventory-only snapshot; no page-quality review or exclusion decision has been approved","false","unknown","registry-v1"
"url_4e58dfa0937e","https://clinicaltrialfailures.com/trial/NCT05070247-a-study-of-tak-500-with-or-without-pembrolizumab-in-adults-with-select-locally-a","trial","REVIEW_HOLD","Inventory-only snapshot; no page-quality review or exclusion decision has been approved","false","unknown","registry-v1"
"url_a77976cb5138","https://clinicaltrialfailures.com/trial/NCT04987307-safety-and-efficacy-of-efavaleukin-alfa-in-participants-with-moderately-to-sever","trial","REVIEW_HOLD","Inventory-only snapshot; no page-quality review or exclusion decision has been approved","false","unknown","registry-v1"
"url_6fae4aabf134","https://clinicaltrialfailures.com/trial/NCT03946670-a-study-of-mbg453-in-combination-with-hypomethylating-agents-in-subjects-with-ip","trial","REVIEW_HOLD","Inventory-only snapshot; no page-quality review or exclusion decision has been approved","false","unknown","registry-v1"
"url_11c9a014862a","https://clinicaltrialfailures.com/trial/NCT06162351-a-study-to-evaluate-the-efficacy-and-toxicities-of-plx038-in-patients-with-local","trial","REVIEW_HOLD","Inventory-only snapshot; no page-quality review or exclusion decision has been approved","false","unknown","registry-v1"
"url_1bba252a25f6","https://clinicaltrialfailures.com/trial/NCT05267106-study-to-evaluate-the-efficacy-and-safety-of-pemigatinib-in-participants-with-pr","trial","REVIEW_HOLD","Inventory-only snapshot; no page-quality review or exclusion decision has been approved","false","unknown","registry-v1"
"url_33cd12380558","https://clinicaltrialfailures.com/trial/NCT05838755-a-study-to-evaluate-efficacy-and-safety-of-gsk3858279-in-diabetic-peripheral-neu","trial","REVIEW_HOLD","Inventory-only snapshot; no page-quality review or exclusion decision has been approved","false","unknown","registry-v1"
"url_e826fa5e9076","https://clinicaltrialfailures.com/trial/NCT05617313-study-of-gt103-in-combination-with-pembrolizumab-in-refractory-metastatic-non-sm","trial","REVIEW_HOLD","Inventory-only snapshot; no page-quality review or exclusion decision has been approved","false","unknown","registry-v1"
"url_6992b303afb0","https://clinicaltrialfailures.com/trial/NCT05879458-ritlecitinib-in-ctcl","trial","REVIEW_HOLD","Inventory-only snapshot; no page-quality review or exclusion decision has been approved","false","unknown","registry-v1"
"url_fc6839c26c36","https://clinicaltrialfailures.com/trial/NCT04789408-study-of-kite-222-in-participants-with-relapsed-refractory-acute-myeloid-leukemi","trial","REVIEW_HOLD","Inventory-only snapshot; no page-quality review or exclusion decision has been approved","false","unknown","registry-v1"
"url_f0ec05800044","https://clinicaltrialfailures.com/trial/NCT04641962-a-study-to-evaluate-asp0367-in-participants-with-primary-mitochondrial-myopathy","trial","REVIEW_HOLD","Inventory-only snapshot; no page-quality review or exclusion decision has been approved","false","unknown","registry-v1"
"url_dbf3188839d4","https://clinicaltrialfailures.com/trial/NCT06313632-erector-spinae-plane-block-with-bupivacaine-for-medical-thoracoscopy","trial","REVIEW_HOLD","Inventory-only snapshot; no page-quality review or exclusion decision has been approved","false","unknown","registry-v1"
"url_b1bb7c54899f","https://clinicaltrialfailures.com/trial/NCT04855201-a-study-to-evaluate-asp0367-in-participants-with-reduced-maximum-oxygen-uptake-d","trial","REVIEW_HOLD","Inventory-only snapshot; no page-quality review or exclusion decision has been approved","false","unknown","registry-v1"
"url_a581a847c95b","https://clinicaltrialfailures.com/trial/NCT03624101-novel-therapeutic-approaches-for-treatment-of-cf-patients-with-w1282x-premature-","trial","REVIEW_HOLD","Inventory-only snapshot; no page-quality review or exclusion decision has been approved","false","unknown","registry-v1"
"url_111af803673a","https://clinicaltrialfailures.com/trial/NCT05866926-study-to-investigate-the-long-term-safety-of-fab122-in-patients-with-amyotrophic","trial","REVIEW_HOLD","Inventory-only snapshot; no page-quality review or exclusion decision has been approved","false","unknown","registry-v1"
"url_10c830878d2c","https://clinicaltrialfailures.com/trial/NCT03854500-the-norwegian-tenecteplase-stroke-trial-2","trial","REVIEW_HOLD","Inventory-only snapshot; no page-quality review or exclusion decision has been approved","false","unknown","registry-v1"
"url_46a8bbfcabf8","https://clinicaltrialfailures.com/trial/NCT05903274-jsp191-briquilimab-in-subjects-with-lr-mds","trial","REVIEW_HOLD","Inventory-only snapshot; no page-quality review or exclusion decision has been approved","false","unknown","registry-v1"
"url_c63998bcc06b","https://clinicaltrialfailures.com/trial/NCT03110575-12-week-open-label-extension-study-of-tnx-102-sl-in-ptsd-patients","trial","REVIEW_HOLD","Inventory-only snapshot; no page-quality review or exclusion decision has been approved","false","unknown","registry-v1"
"url_5a6a7703cc29","https://clinicaltrialfailures.com/trial/NCT06424236-dominantly-inherited-alzheimer-network-trial-an-opportunity-to-prevent-dementia-","trial","REVIEW_HOLD","Inventory-only snapshot; no page-quality review or exclusion decision has been approved","false","unknown","registry-v1"
"url_461a914f9815","https://clinicaltrialfailures.com/trial/NCT03031470-pilot-study-of-reparixin-for-early-allograft-dysfunction-prevention-in-liver-tra","trial","REVIEW_HOLD","Inventory-only snapshot; no page-quality review or exclusion decision has been approved","false","unknown","registry-v1"
"url_a9646caf7926","https://clinicaltrialfailures.com/trial/NCT05205161-a-phase-i-ii-study-of-azd0466-as-monotherapy-or-in-combination-with-anticancer-a","trial","REVIEW_HOLD","Inventory-only snapshot; no page-quality review or exclusion decision has been approved","false","unknown","registry-v1"
"url_e38a79980f45","https://clinicaltrialfailures.com/trial/NCT04586920-a-study-of-ly3509754-in-healthy-non-japanese-and-japanese-participants","trial","REVIEW_HOLD","Inventory-only snapshot; no page-quality review or exclusion decision has been approved","false","unknown","registry-v1"
"url_352546d3efcd","https://clinicaltrialfailures.com/trial/NCT03478956-a-phase-i-study-of-etrolizumab-followed-by-open-label-extension-and-safety-monit","trial","REVIEW_HOLD","Inventory-only snapshot; no page-quality review or exclusion decision has been approved","false","unknown","registry-v1"
"url_c783069f3e74","https://clinicaltrialfailures.com/trial/NCT05602727-efficacy-and-safety-of-mk-1942-as-an-adjunct-therapy-in-participants-with-mild-t","trial","REVIEW_HOLD","Inventory-only snapshot; no page-quality review or exclusion decision has been approved","false","unknown","registry-v1"
"url_ebfa35ea639e","https://clinicaltrialfailures.com/trial/NCT05788328-a-drug-drug-interaction-study-to-estimate-the-effect-of-pf-07081532-on-the-pharm","trial","REVIEW_HOLD","Inventory-only snapshot; no page-quality review or exclusion decision has been approved","false","unknown","registry-v1"
"url_f5f9cb7ef13c","https://clinicaltrialfailures.com/trial/NCT02864290-a-study-to-evaluate-escalating-doses-of-asp1235-ags62p1-given-as-monotherapy-in-","trial","REVIEW_HOLD","Inventory-only snapshot; no page-quality review or exclusion decision has been approved","false","unknown","registry-v1"
"url_04643b7fd2bf","https://clinicaltrialfailures.com/trial/NCT06065059-study-to-evaluate-tng348-alone-and-with-a-parp-inhibitor-in-patients-with-brca-1","trial","REVIEW_HOLD","Inventory-only snapshot; no page-quality review or exclusion decision has been approved","false","unknown","registry-v1"
"url_826887236518","https://clinicaltrialfailures.com/trial/NCT02295722-gemhdm2014-gem-hdm-hdt-and-asct-for-relapsed-refractory-lymphoma","trial","REVIEW_HOLD","Inventory-only snapshot; no page-quality review or exclusion decision has been approved","false","unknown","registry-v1"
"url_146e7a5c939f","https://clinicaltrialfailures.com/trial/NCT05295784-pk-and-safety-of-caffeine-in-neonates-with-hypoxic-ischemic-encephalopathy-recei","trial","REVIEW_HOLD","Inventory-only snapshot; no page-quality review or exclusion decision has been approved","false","unknown","registry-v1"
"url_4ccfb2918e9f","https://clinicaltrialfailures.com/trial/NCT04876716-azole-echinocandin-combination-therapy-for-invasive-aspergillosis","trial","REVIEW_HOLD","Inventory-only snapshot; no page-quality review or exclusion decision has been approved","false","unknown","registry-v1"
"url_552f3c8e5944","https://clinicaltrialfailures.com/trial/NCT00199342-a-study-of-a-monoclonal-antibody-kw-2871-in-patients-with-advanced-melanoma","trial","REVIEW_HOLD","Inventory-only snapshot; no page-quality review or exclusion decision has been approved","false","unknown","registry-v1"
"url_033deb96eda7","https://clinicaltrialfailures.com/trial/NCT01898156-two-part-open-label-multi-center-phase-1-2-study-of-biw-8962-as-monotherapy-in-s","trial","REVIEW_HOLD","Inventory-only snapshot; no page-quality review or exclusion decision has been approved","false","unknown","registry-v1"
"url_15d1f6fa00bd","https://clinicaltrialfailures.com/trial/NCT04200352-a-study-to-test-if-tev-50717-is-safe-and-effective-in-relieving-abnormal-involun","trial","REVIEW_HOLD","Inventory-only snapshot; no page-quality review or exclusion decision has been approved","false","unknown","registry-v1"
"url_4741ce98a85a","https://clinicaltrialfailures.com/trial/NCT02498977-liver-immunosuppression-free-trial","trial","REVIEW_HOLD","Inventory-only snapshot; no page-quality review or exclusion decision has been approved","false","unknown","registry-v1"
"url_e32000748202","https://clinicaltrialfailures.com/trial/NCT03643562-niemann-pick-type-c-treatment-with-adrabetadex-for-symptoms-of-brain-and-nervous","trial","REVIEW_HOLD","Inventory-only snapshot; no page-quality review or exclusion decision has been approved","false","unknown","registry-v1"
"url_9b69aba86aad","https://clinicaltrialfailures.com/trial/NCT04196010-continuous-infusion-chemotherapy-ci-clam-for-the-treatment-of-relapsed-or-refrac","trial","REVIEW_HOLD","Inventory-only snapshot; no page-quality review or exclusion decision has been approved","false","unknown","registry-v1"
"url_fa7c232a6d92","https://clinicaltrialfailures.com/trial/NCT04267939-atr-inhibitor-elimusertib-bay1895344-plus-niraparib-phase-1b-study-in-advanced-s","trial","REVIEW_HOLD","Inventory-only snapshot; no page-quality review or exclusion decision has been approved","false","unknown","registry-v1"
"url_adcad5216c20","https://clinicaltrialfailures.com/trial/NCT02642094-aging-mammary-stem-cells-and-breast-cancer-prevention","trial","REVIEW_HOLD","Inventory-only snapshot; no page-quality review or exclusion decision has been approved","false","unknown","registry-v1"
"url_99ef923fec4b","https://clinicaltrialfailures.com/trial/NCT03458728-safety-tolerability-efficacy-and-pharmacokinetics-of-copanlisib-in-pediatric-pat","trial","REVIEW_HOLD","Inventory-only snapshot; no page-quality review or exclusion decision has been approved","false","unknown","registry-v1"
"url_96581554c214","https://clinicaltrialfailures.com/trial/NCT01133990-folfiri-alone-versus-folfiri-plus-bevacizumab-versus-folfiri-plus-e7820-as-secon","trial","REVIEW_HOLD","Inventory-only snapshot; no page-quality review or exclusion decision has been approved","false","unknown","registry-v1"
"url_56df1a8377f2","https://clinicaltrialfailures.com/trial/NCT04404140-a-study-evaluating-the-safety-efficacy-and-pharmacokinetics-of-ipatasertib-in-co","trial","REVIEW_HOLD","Inventory-only snapshot; no page-quality review or exclusion decision has been approved","false","unknown","registry-v1"
"url_f5c9fb563878","https://clinicaltrialfailures.com/trial/NCT04607148-a-study-assessing-the-long-term-safety-and-tolerability-of-galegenimab-fhtr2163-","trial","REVIEW_HOLD","Inventory-only snapshot; no page-quality review or exclusion decision has been approved","false","unknown","registry-v1"
"url_40f7a17bbbc3","https://clinicaltrialfailures.com/trial/NCT00745134-radiation-therapy-and-capecitabine-with-or-without-curcumin-before-surgery-in-tr","trial","REVIEW_HOLD","Inventory-only snapshot; no page-quality review or exclusion decision has been approved","false","unknown","registry-v1"
"url_c8cd0b98e74f","https://clinicaltrialfailures.com/trial/NCT05435053-irreversible-electroporation-nivolumab-for-patients-with-metastatic-pancreatic-c","trial","REVIEW_HOLD","Inventory-only snapshot; no page-quality review or exclusion decision has been approved","false","unknown","registry-v1"
"url_bf9baa30b0e6","https://clinicaltrialfailures.com/trial/NCT03508648-durability-extension-study-to-assess-clinical-activity-and-safety-of-enobosarm-g","trial","REVIEW_HOLD","Inventory-only snapshot; no page-quality review or exclusion decision has been approved","false","unknown","registry-v1"
"url_64ef6e0f2074","https://clinicaltrialfailures.com/trial/NCT04605094-efficacy-and-safety-study-of-the-use-of-benralizumab-for-patients-with-moderate-","trial","REVIEW_HOLD","Inventory-only snapshot; no page-quality review or exclusion decision has been approved","false","unknown","registry-v1"
"url_72fc1a0a309f","https://clinicaltrialfailures.com/trial/NCT03192995-treatment-with-lorcaserin-for-cocaine-use-the-tlc-study","trial","REVIEW_HOLD","Inventory-only snapshot; no page-quality review or exclusion decision has been approved","false","unknown","registry-v1"
"url_3845c33b27a2","https://clinicaltrialfailures.com/trial/NCT04157088-study-to-compare-the-effects-of-drug-darolutamide-and-drug-enzalutamide-on-physi","trial","REVIEW_HOLD","Inventory-only snapshot; no page-quality review or exclusion decision has been approved","false","unknown","registry-v1"
"url_e72bac52216b","https://clinicaltrialfailures.com/trial/NCT00792740-effect-of-itf2357-on-mucosal-healing-in-patients-with-moderate-to-severe-active-","trial","REVIEW_HOLD","Inventory-only snapshot; no page-quality review or exclusion decision has been approved","false","unknown","registry-v1"
"url_8696456c264e","https://clinicaltrialfailures.com/trial/NCT03965091-a-study-to-test-the-effectiveness-and-safety-of-fremanezumab-on-participants-wit","trial","REVIEW_HOLD","Inventory-only snapshot; no page-quality review or exclusion decision has been approved","false","unknown","registry-v1"
"url_a5397e30a48d","https://clinicaltrialfailures.com/trial/NCT02771626-study-cb-839-in-combination-with-nivolumab-in-patients-with-melanoma-clear-cell-","trial","REVIEW_HOLD","Inventory-only snapshot; no page-quality review or exclusion decision has been approved","false","unknown","registry-v1"
"url_373131ff8abf","https://clinicaltrialfailures.com/trial/NCT01709734-a-2-part-phase-2-trial-of-galeterone-in-the-treatment-of-castration-resistant-pr","trial","REVIEW_HOLD","Inventory-only snapshot; no page-quality review or exclusion decision has been approved","false","unknown","registry-v1"
"url_09f903401a64","https://clinicaltrialfailures.com/trial/NCT02138786-selinexor-in-initial-or-refractory-and-or-relapsed-richter-s-transformation","trial","REVIEW_HOLD","Inventory-only snapshot; no page-quality review or exclusion decision has been approved","false","unknown","registry-v1"
"url_e30dc11ccbc2","https://clinicaltrialfailures.com/trial/NCT02978222-folate-receptor-alpha-peptide-vaccine-with-gm-csf-versus-gm-csf-alone-in-patient","trial","REVIEW_HOLD","Inventory-only snapshot; no page-quality review or exclusion decision has been approved","false","unknown","registry-v1"
"url_ed1fce2ba417","https://clinicaltrialfailures.com/trial/NCT02703272-a-safety-and-efficacy-study-of-ibrutinib-in-pediatric-and-young-adult-participan","trial","REVIEW_HOLD","Inventory-only snapshot; no page-quality review or exclusion decision has been approved","false","unknown","registry-v1"
"url_5aa382cc21a2","https://clinicaltrialfailures.com/trial/NCT00394147-pemetrexed-and-gemcitabine-in-patients-with-advanced-head-and-neck-cancer","trial","REVIEW_HOLD","Inventory-only snapshot; no page-quality review or exclusion decision has been approved","false","unknown","registry-v1"
"url_e6f862c29101","https://clinicaltrialfailures.com/trial/NCT02820519-tolerability-and-analgesic-efficacy-of-loxapine-in-patients-with-refractory-chem","trial","REVIEW_HOLD","Inventory-only snapshot; no page-quality review or exclusion decision has been approved","false","unknown","registry-v1"
"url_ae06ab9ce6a4","https://clinicaltrialfailures.com/trial/NCT03063203-single-agent-decitabine-in-tp53-mutated-relapsed-refractory-acute-myeloid-leukem","trial","REVIEW_HOLD","Inventory-only snapshot; no page-quality review or exclusion decision has been approved","false","unknown","registry-v1"
"url_d431f18b0ca2","https://clinicaltrialfailures.com/trial/NCT02906020-a-global-study-to-assess-the-drug-dynamics-efficacy-and-safety-of-venglustat-gz-","trial","REVIEW_HOLD","Inventory-only snapshot; no page-quality review or exclusion decision has been approved","false","unknown","registry-v1"
"url_1800f267c55d","https://clinicaltrialfailures.com/trial/NCT01887912-study-of-a-candidate-clostridium-difficile-toxoid-vaccine-in-subjects-at-risk-fo","trial","REVIEW_HOLD","Inventory-only snapshot; no page-quality review or exclusion decision has been approved","false","unknown","registry-v1"
"url_2aac1f9ad278","https://clinicaltrialfailures.com/trial/NCT01150890-brodalumab-amg-827-in-adults-with-moderate-to-severe-crohn-s-disease","trial","REVIEW_HOLD","Inventory-only snapshot; no page-quality review or exclusion decision has been approved","false","unknown","registry-v1"
"url_ca611c54b412","https://clinicaltrialfailures.com/trial/NCT04750759-safety-and-preliminary-efficacy-of-the-combination-of-niclosamide-and-camostat","trial","REVIEW_HOLD","Inventory-only snapshot; no page-quality review or exclusion decision has been approved","false","unknown","registry-v1"
"url_0725bd162591","https://clinicaltrialfailures.com/trial/NCT04165031-a-study-of-ly3499446-in-participants-with-advanced-solid-tumors-with-kras-g12c-m","trial","REVIEW_HOLD","Inventory-only snapshot; no page-quality review or exclusion decision has been approved","false","unknown","registry-v1"
"url_844a7a001161","https://clinicaltrialfailures.com/trial/NCT03184558-bemcentinib-bgb324-in-combination-with-pembrolizumab-in-patients-with-tnbc","trial","REVIEW_HOLD","Inventory-only snapshot; no page-quality review or exclusion decision has been approved","false","unknown","registry-v1"
"url_ba32475535b3","https://clinicaltrialfailures.com/trial/NCT03645603-efficacy-and-safety-of-dexmedetomidine-during-weaning-from-analgesia-and-sedatio","trial","REVIEW_HOLD","Inventory-only snapshot; no page-quality review or exclusion decision has been approved","false","unknown","registry-v1"
"url_2cc1a14ab3ea","https://clinicaltrialfailures.com/trial/NCT03984812-evaluation-of-the-safety-tolerability-and-pharmacokinetics-pk-of-gsk3732394-firs","trial","REVIEW_HOLD","Inventory-only snapshot; no page-quality review or exclusion decision has been approved","false","unknown","registry-v1"
"url_692ca3e5ba52","https://clinicaltrialfailures.com/trial/NCT03909295-an-open-label-extension-study-evaluating-safety-and-tolerability-of-lcz696-in-su","trial","REVIEW_HOLD","Inventory-only snapshot; no page-quality review or exclusion decision has been approved","false","unknown","registry-v1"
"url_aec04090eae3","https://clinicaltrialfailures.com/trial/NCT01364389-a-3-arm-proof-of-concept-study-of-ain457-acz885-or-corticosteroids-in-patients-w","trial","REVIEW_HOLD","Inventory-only snapshot; no page-quality review or exclusion decision has been approved","false","unknown","registry-v1"
"url_f216009fa834","https://clinicaltrialfailures.com/trial/NCT03431337-treatment-of-acute-sinusitis-with-high-dose-vs-standard-dose-amoxicillin-clavula","trial","REVIEW_HOLD","Inventory-only snapshot; no page-quality review or exclusion decision has been approved","false","unknown","registry-v1"
"url_629ff09c7ece","https://clinicaltrialfailures.com/trial/NCT02573740-safety-tolerability-and-the-effects-on-cerebrospinal-fluid-spectrin-breakdown-pr","trial","REVIEW_HOLD","Inventory-only snapshot; no page-quality review or exclusion decision has been approved","false","unknown","registry-v1"
"url_b1e8389343bb","https://clinicaltrialfailures.com/trial/NCT03147690-contrast-enhanced-ultrasound-in-the-evaluation-of-abdominal-injuries-in-children","trial","REVIEW_HOLD","Inventory-only snapshot; no page-quality review or exclusion decision has been approved","false","unknown","registry-v1"
"url_392d73cedde4","https://clinicaltrialfailures.com/trial/NCT00317356-a-dose-finding-study-of-opc-6535-in-patients-with-active-ulcerative-colitis","trial","REVIEW_HOLD","Inventory-only snapshot; no page-quality review or exclusion decision has been approved","false","unknown","registry-v1"
"url_a4037aa6e5cd","https://clinicaltrialfailures.com/trial/NCT00866476-safety-and-efficacy-study-of-cvd-1208s-a-live-attenuated-oral-vaccine-to-prevent","trial","REVIEW_HOLD","Inventory-only snapshot; no page-quality review or exclusion decision has been approved","false","unknown","registry-v1"
"url_0567bbc8763c","https://clinicaltrialfailures.com/trial/NCT01125293-everolimus-bortezomib-and-or-rituximab-in-patients-with-relapsed-refractory-wald","trial","REVIEW_HOLD","Inventory-only snapshot; no page-quality review or exclusion decision has been approved","false","unknown","registry-v1"
"url_859351507404","https://clinicaltrialfailures.com/trial/NCT04239014-a-study-to-evaluate-the-effectiveness-and-tolerability-of-a-second-maintenance-t","trial","REVIEW_HOLD","Inventory-only snapshot; no page-quality review or exclusion decision has been approved","false","unknown","registry-v1"
"url_74943502a873","https://clinicaltrialfailures.com/trial/NCT00220844-tricyclic-antidepressants-tcas-on-gastric-emptying","trial","REVIEW_HOLD","Inventory-only snapshot; no page-quality review or exclusion decision has been approved","false","unknown","registry-v1"
"url_87a08b3c10e2","https://clinicaltrialfailures.com/trial/NCT04543916-venetoclax-and-irinotecan-in-relapsed-refractory-sclc","trial","REVIEW_HOLD","Inventory-only snapshot; no page-quality review or exclusion decision has been approved","false","unknown","registry-v1"
"url_2438aea32d9b","https://clinicaltrialfailures.com/trial/NCT03146663-nuc-1031-in-patients-with-platinum-resistant-ovarian-cancer","trial","REVIEW_HOLD","Inventory-only snapshot; no page-quality review or exclusion decision has been approved","false","unknown","registry-v1"
"url_5ccc05ced230","https://clinicaltrialfailures.com/trial/NCT04068259-single-ascending-dose-study-of-pbi-4547-in-healthy-subjects","trial","REVIEW_HOLD","Inventory-only snapshot; no page-quality review or exclusion decision has been approved","false","unknown","registry-v1"
"url_214f02343b0c","https://clinicaltrialfailures.com/trial/NCT02847650-efficacy-safety-and-tolerability-of-pf-06649751-in-parkinson-s-disease-patients-","trial","REVIEW_HOLD","Inventory-only snapshot; no page-quality review or exclusion decision has been approved","false","unknown","registry-v1"
"url_bdffd70a3795","https://clinicaltrialfailures.com/trial/NCT03234465-efficacy-safety-and-tolerability-of-ag013-in-oral-mucositis-compared-to-placebo-","trial","REVIEW_HOLD","Inventory-only snapshot; no page-quality review or exclusion decision has been approved","false","unknown","registry-v1"
"url_572c50f341e3","https://clinicaltrialfailures.com/trial/NCT02897830-ixazomib-lenalidomide-dexamethasone-induction-and-extended-consolidation-plus-le","trial","REVIEW_HOLD","Inventory-only snapshot; no page-quality review or exclusion decision has been approved","false","unknown","registry-v1"
"url_5da7f88a083c","https://clinicaltrialfailures.com/trial/NCT01483690-a-pilot-study-of-decitabine-and-vorinostat-with-chemotherapy-for-relapsed-all","trial","REVIEW_HOLD","Inventory-only snapshot; no page-quality review or exclusion decision has been approved","false","unknown","registry-v1"
"url_bd6b01760988","https://clinicaltrialfailures.com/trial/NCT04049578-a-study-to-investigate-the-pharmacokinetics-safety-and-tolerability-of-balovapta","trial","REVIEW_HOLD","Inventory-only snapshot; no page-quality review or exclusion decision has been approved","false","unknown","registry-v1"
"url_bd1b05f69acc","https://clinicaltrialfailures.com/trial/NCT02431663-ketamine-in-refractory-convulsive-status-epilepticus","trial","REVIEW_HOLD","Inventory-only snapshot; no page-quality review or exclusion decision has been approved","false","unknown","registry-v1"
"url_2668be03627c","https://clinicaltrialfailures.com/trial/NCT00330668-treatment-of-children-and-adolescents-with-growth-failure-associated-with-primar","trial","REVIEW_HOLD","Inventory-only snapshot; no page-quality review or exclusion decision has been approved","false","unknown","registry-v1"
"url_fa94c27b0240","https://clinicaltrialfailures.com/trial/NCT04023721-evaluating-the-safety-and-efficacy-of-inarigivir-in-non-cirrhotic-hepatitis-b-e-","trial","REVIEW_HOLD","Inventory-only snapshot; no page-quality review or exclusion decision has been approved","false","unknown","registry-v1"
"url_39d7df1e4611","https://clinicaltrialfailures.com/trial/NCT03114657-a-study-of-crenezumab-versus-placebo-to-evaluate-the-efficacy-and-safety-in-part","trial","REVIEW_HOLD","Inventory-only snapshot; no page-quality review or exclusion decision has been approved","false","unknown","registry-v1"
"url_473d88994c1f","https://clinicaltrialfailures.com/trial/NCT04199585-safety-and-tolerability-of-lu-af95245-in-healthy-young-men","trial","REVIEW_HOLD","Inventory-only snapshot; no page-quality review or exclusion decision has been approved","false","unknown","registry-v1"
"url_49f0b1d4d247","https://clinicaltrialfailures.com/trial/NCT01241513-induced-changes-in-ventilatory-responsiveness-and-altitude-exposure","trial","REVIEW_HOLD","Inventory-only snapshot; no page-quality review or exclusion decision has been approved","false","unknown","registry-v1"
"url_be7b9be3f5f3","https://clinicaltrialfailures.com/trial/NCT02082977-a-study-to-investigate-the-safety-pharmacokinetics-pharmacodynamics-and-clinical","trial","REVIEW_HOLD","Inventory-only snapshot; no page-quality review or exclusion decision has been approved","false","unknown","registry-v1"
"url_ff2a4ffddf90","https://clinicaltrialfailures.com/trial/NCT01736358-the-use-of-intranasal-ketoralac-for-pain-management-sprix","trial","REVIEW_HOLD","Inventory-only snapshot; no page-quality review or exclusion decision has been approved","false","unknown","registry-v1"
"url_db03eaa2b2ef","https://clinicaltrialfailures.com/trial/NCT02743975-near-infrared-image-guided-surgery-in-pancreatic-adenocarcinoma","trial","REVIEW_HOLD","Inventory-only snapshot; no page-quality review or exclusion decision has been approved","false","unknown","registry-v1"
"url_440ddaf45318","https://clinicaltrialfailures.com/trial/NCT02014116-a-study-of-ly3009120-in-participants-with-advanced-cancer-or-cancer-that-has-spr","trial","REVIEW_HOLD","Inventory-only snapshot; no page-quality review or exclusion decision has been approved","false","unknown","registry-v1"
"url_039fda0ebd23","https://clinicaltrialfailures.com/trial/NCT01437605-phase-ii-study-to-assess-the-safety-and-immunogenicity-of-recmage-a3-as15-asci-w","trial","REVIEW_HOLD","Inventory-only snapshot; no page-quality review or exclusion decision has been approved","false","unknown","registry-v1"
"url_bb7d9a11507a","https://clinicaltrialfailures.com/trial/NCT00625833-a-trial-of-s-s-reboxetine-in-patients-with-chronic-painful-diabetic-peripheral-n","trial","REVIEW_HOLD","Inventory-only snapshot; no page-quality review or exclusion decision has been approved","false","unknown","registry-v1"
"url_1ea8fee71c5b","https://clinicaltrialfailures.com/trial/NCT00458159-a-phase-i-open-label-dose-escalation-study-of-cc-11006-in-subjects-with-low-or-i","trial","REVIEW_HOLD","Inventory-only snapshot; no page-quality review or exclusion decision has been approved","false","unknown","registry-v1"
"url_598d31ef67ea","https://clinicaltrialfailures.com/trial/NCT01975727-dexamethasone-for-the-treatment-of-established-postoperative-nausea-and-vomiting","trial","REVIEW_HOLD","Inventory-only snapshot; no page-quality review or exclusion decision has been approved","false","unknown","registry-v1"
"url_63c229b41a0c","https://clinicaltrialfailures.com/trial/NCT00582816-haploidentical-transplant-with-nk-cell-infusion-for-pediatric-acute-leukemia-and","trial","REVIEW_HOLD","Inventory-only snapshot; no page-quality review or exclusion decision has been approved","false","unknown","registry-v1"
"url_9e9df24093e2","https://clinicaltrialfailures.com/trial/NCT00994214-study-to-assess-the-efficacy-and-safety-of-repeated-administration-of-bim-23a760","trial","REVIEW_HOLD","Inventory-only snapshot; no page-quality review or exclusion decision has been approved","false","unknown","registry-v1"
"url_36904261e496","https://clinicaltrialfailures.com/trial/NCT01747876-study-of-safety-and-efficacy-in-patients-with-malignant-rhabdoid-tumors-mrt-and-","trial","REVIEW_HOLD","Inventory-only snapshot; no page-quality review or exclusion decision has been approved","false","unknown","registry-v1"
"url_1ed3a7f9b461","https://clinicaltrialfailures.com/trial/NCT03028129-prevention-of-tuberculosis-in-prisons","trial","REVIEW_HOLD","Inventory-only snapshot; no page-quality review or exclusion decision has been approved","false","unknown","registry-v1"
"url_5731789f6ece","https://clinicaltrialfailures.com/trial/NCT03332524-clinical-trial-of-the-safety-and-efficacy-of-sp160412-in-the-temporary-relief-of","trial","REVIEW_HOLD","Inventory-only snapshot; no page-quality review or exclusion decision has been approved","false","unknown","registry-v1"
"url_23f09ee8a9ce","https://clinicaltrialfailures.com/trial/NCT02399917-lirilumab-and-azacitidine-in-treating-patients-with-refractory-or-relapsed-acute","trial","REVIEW_HOLD","Inventory-only snapshot; no page-quality review or exclusion decision has been approved","false","unknown","registry-v1"
"url_1e7592e12ee0","https://clinicaltrialfailures.com/trial/NCT02854059-ides-in-asymptomatic-antibody-mediated-thrombotic-thrombocytopenic-purpura-ttp-p","trial","REVIEW_HOLD","Inventory-only snapshot; no page-quality review or exclusion decision has been approved","false","unknown","registry-v1"
"url_cd86cc4f601f","https://clinicaltrialfailures.com/trial/NCT01662895-high-dose-deferoxamine-in-intracerebral-hemorrhage","trial","REVIEW_HOLD","Inventory-only snapshot; no page-quality review or exclusion decision has been approved","false","unknown","registry-v1"
"url_c9e6c547d518","https://clinicaltrialfailures.com/trial/NCT01601184-study-of-vismodegib-in-combination-with-temozolomide-versus-temozolomide-alone-i","trial","REVIEW_HOLD","Inventory-only snapshot; no page-quality review or exclusion decision has been approved","false","unknown","registry-v1"
"url_dd0d3c985ac0","https://clinicaltrialfailures.com/trial/NCT02910882-pegph20-plus-gemcitabine-with-radiotherapy-in-patients-with-localized-unresectab","trial","REVIEW_HOLD","Inventory-only snapshot; no page-quality review or exclusion decision has been approved","false","unknown","registry-v1"
"url_636e23bb066d","https://clinicaltrialfailures.com/trial/NCT00886951-single-photon-emission-computed-tomography-spect-imaging-study-to-develop-a-biom","trial","REVIEW_HOLD","Inventory-only snapshot; no page-quality review or exclusion decision has been approved","false","unknown","registry-v1"
"url_207f7f787468","https://clinicaltrialfailures.com/trial/NCT00968097-evaluation-of-123i-mni-340-and-spect-as-a-marker-of-beta-amyloid-protein-deposit","trial","REVIEW_HOLD","Inventory-only snapshot; no page-quality review or exclusion decision has been approved","false","unknown","registry-v1"
"url_464e8d9ba69e","https://clinicaltrialfailures.com/trial/NCT01478828-pre-prostatectomy-lovastatin-on-prostate-cancer","trial","REVIEW_HOLD","Inventory-only snapshot; no page-quality review or exclusion decision has been approved","false","unknown","registry-v1"
"url_b8d86a8081c7","https://clinicaltrialfailures.com/trial/NCT01232556-a-study-of-inotuzumab-ozogamicin-plus-rituximab-for-relapsed-refractory-aggressi","trial","REVIEW_HOLD","Inventory-only snapshot; no page-quality review or exclusion decision has been approved","false","unknown","registry-v1"
"url_957fc27d7caf","https://clinicaltrialfailures.com/trial/NCT00823979-a-phase-2b-multicenter-randomized-comparative-trial-of-uk-453-061-versus-etravir","trial","REVIEW_HOLD","Inventory-only snapshot; no page-quality review or exclusion decision has been approved","false","unknown","registry-v1"
"url_7c68cbae4704","https://clinicaltrialfailures.com/trial/NCT01820325-safety-and-efficacy-of-buparlisib-bkm120-in-patients-with-untreated-squamous-non","trial","REVIEW_HOLD","Inventory-only snapshot; no page-quality review or exclusion decision has been approved","false","unknown","registry-v1"
"url_ceca1be6371a","https://clinicaltrialfailures.com/trial/NCT02260648-a-study-of-evacetrapib-ly2484595-in-combination-with-atorvastatin-in-japanese-pa","trial","REVIEW_HOLD","Inventory-only snapshot; no page-quality review or exclusion decision has been approved","false","unknown","registry-v1"
"url_7aaafdfe8fe4","https://clinicaltrialfailures.com/trial/NCT03139500-a-study-to-investigate-the-safety-tolerability-pharmacokinetics-and-pharmacodyna","trial","REVIEW_HOLD","Inventory-only snapshot; no page-quality review or exclusion decision has been approved","false","unknown","registry-v1"
"url_ff1384f5da01","https://clinicaltrialfailures.com/trial/NCT01006252-a-study-of-tasisulam-sodium-versus-paclitaxel-as-treatment-for-metastatic-melano","trial","REVIEW_HOLD","Inventory-only snapshot; no page-quality review or exclusion decision has been approved","false","unknown","registry-v1"
"url_72d396062fb3","https://clinicaltrialfailures.com/trial/NCT03023527-nivolumab-role-in-the-treatment-of-patients-with-refractory-or-relapse-multiple-","trial","REVIEW_HOLD","Inventory-only snapshot; no page-quality review or exclusion decision has been approved","false","unknown","registry-v1"
"url_6914952bcc19","https://clinicaltrialfailures.com/trial/NCT01134497-carboplatin-with-or-without-zd4054-in-patients-with-metastatic-breast-cancer","trial","REVIEW_HOLD","Inventory-only snapshot; no page-quality review or exclusion decision has been approved","false","unknown","registry-v1"
"url_25f2c4d9b3dc","https://clinicaltrialfailures.com/trial/NCT01010854-valproic-acid-in-combination-with-fec100-for-primary-therapy-in-patients-with-br","trial","REVIEW_HOLD","Inventory-only snapshot; no page-quality review or exclusion decision has been approved","false","unknown","registry-v1"
"url_b60001e91dd1","https://clinicaltrialfailures.com/trial/NCT00638378-study-of-ruxolitinib-incb018424-administered-orally-to-patients-with-androgen-in","trial","REVIEW_HOLD","Inventory-only snapshot; no page-quality review or exclusion decision has been approved","false","unknown","registry-v1"
"url_fa5134cf6bf5","https://clinicaltrialfailures.com/trial/NCT01759407-femoral-nerve-block-for-femur-fracture-repair-in-pediatrics","trial","REVIEW_HOLD","Inventory-only snapshot; no page-quality review or exclusion decision has been approved","false","unknown","registry-v1"
"url_201c3056d163","https://clinicaltrialfailures.com/trial/NCT02593708-phase1-of-neratinib-trastuzumab-pertuzumab-paclitaxel-in-patients-with-advanced-","trial","REVIEW_HOLD","Inventory-only snapshot; no page-quality review or exclusion decision has been approved","false","unknown","registry-v1"
"url_ec4be217210c","https://clinicaltrialfailures.com/trial/NCT01554085-first-in-human-study-of-als-002158-single-dose-food-effect-in-healthy-volunteers","trial","REVIEW_HOLD","Inventory-only snapshot; no page-quality review or exclusion decision has been approved","false","unknown","registry-v1"
"url_90b6345170ed","https://clinicaltrialfailures.com/trial/NCT01646762-paclitaxel-albumin-stabilized-nanoparticle-formulation-in-treating-patients-with","trial","REVIEW_HOLD","Inventory-only snapshot; no page-quality review or exclusion decision has been approved","false","unknown","registry-v1"
"url_29afd1e6fe29","https://clinicaltrialfailures.com/trial/NCT01362348-12-week-patient-study-in-neovascular-age-related-macular-degeneration-amd","trial","REVIEW_HOLD","Inventory-only snapshot; no page-quality review or exclusion decision has been approved","false","unknown","registry-v1"
"url_47a622cc60e9","https://clinicaltrialfailures.com/trial/NCT02740387-open-label-study-of-oto-104-in-subjects-with-meniere-s-disease","trial","REVIEW_HOLD","Inventory-only snapshot; no page-quality review or exclusion decision has been approved","false","unknown","registry-v1"
"url_8320a323b9fb","https://clinicaltrialfailures.com/trial/NCT01381549-gsk2251052-in-complicated-urinary-tract-infection","trial","REVIEW_HOLD","Inventory-only snapshot; no page-quality review or exclusion decision has been approved","false","unknown","registry-v1"
"url_54ab03c359b0","https://clinicaltrialfailures.com/trial/NCT02336425-efficacy-and-safety-of-qge031-compared-with-placebo-in-patients-aged-18-75-years","trial","REVIEW_HOLD","Inventory-only snapshot; no page-quality review or exclusion decision has been approved","false","unknown","registry-v1"
"url_fd350eb0c26b","https://clinicaltrialfailures.com/trial/NCT00085410-bortezomib-in-treating-patients-with-unresectable-locally-advanced-or-metastatic","trial","REVIEW_HOLD","Inventory-only snapshot; no page-quality review or exclusion decision has been approved","false","unknown","registry-v1"
"url_398e74d11670","https://clinicaltrialfailures.com/trial/NCT01751724-caffeine-to-reduce-mechanical-ventilation-in-preterm-infants","trial","REVIEW_HOLD","Inventory-only snapshot; no page-quality review or exclusion decision has been approved","false","unknown","registry-v1"
"url_f14faf1430ad","https://clinicaltrialfailures.com/trial/NCT01025193-desensitization-with-belimumab-in-sensitized-patients-awaiting-kidney-transplant","trial","REVIEW_HOLD","Inventory-only snapshot; no page-quality review or exclusion decision has been approved","false","unknown","registry-v1"
"url_51ead7ed09fc","https://clinicaltrialfailures.com/trial/NCT00428207-glycemic-stability-of-insulin-aspart-versus-insulin-lispro-in-insulin-pump-thera","trial","REVIEW_HOLD","Inventory-only snapshot; no page-quality review or exclusion decision has been approved","false","unknown","registry-v1"
"url_d76ba339858a","https://clinicaltrialfailures.com/trial/NCT00995501-the-effects-of-corticosteroids-glucose-control-and-depth-of-anesthesia-on-periop","trial","REVIEW_HOLD","Inventory-only snapshot; no page-quality review or exclusion decision has been approved","false","unknown","registry-v1"
"url_0de07d6f0920","https://clinicaltrialfailures.com/trial/NCT02227108-study-in-pediatrics-with-relapsed-or-refractory-pediatric-acute-lymphoblastic-le","trial","REVIEW_HOLD","Inventory-only snapshot; no page-quality review or exclusion decision has been approved","false","unknown","registry-v1"
"url_44ed33429c92","https://clinicaltrialfailures.com/trial/NCT01483170-multiple-dose-study-to-evaluate-security-tolerance-and-pharmacokinetic-of-fexini","trial","REVIEW_HOLD","Inventory-only snapshot; no page-quality review or exclusion decision has been approved","false","unknown","registry-v1"
"url_8f67aef080c8","https://clinicaltrialfailures.com/trial/NCT00883116-a-study-of-ixabepilone-as-second-line-therapy-for-locally-advanced-recurrent-or-","trial","REVIEW_HOLD","Inventory-only snapshot; no page-quality review or exclusion decision has been approved","false","unknown","registry-v1"
"url_a926aacebdaf","https://clinicaltrialfailures.com/trial/NCT00806572-treatment-with-hokt3gamma1-ala-ala-in-t1dm","trial","REVIEW_HOLD","Inventory-only snapshot; no page-quality review or exclusion decision has been approved","false","unknown","registry-v1"
"url_26eb52df8cab","https://clinicaltrialfailures.com/trial/NCT02711462-study-in-healthy-subjects-to-evaluate-the-safety-tolerability-pharmacokinetics-a","trial","REVIEW_HOLD","Inventory-only snapshot; no page-quality review or exclusion decision has been approved","false","unknown","registry-v1"
"url_c214274bf0d4","https://clinicaltrialfailures.com/trial/NCT01838499-assessment-of-the-safety-tolerability-and-efficacy-of-medi8968-in-subjects-with-","trial","REVIEW_HOLD","Inventory-only snapshot; no page-quality review or exclusion decision has been approved","false","unknown","registry-v1"
"url_24833d4aa576","https://clinicaltrialfailures.com/trial/NCT02786979-efficacy-and-safety-of-dorner-tablets-and-aspirin-for-prevention-of-arterioscler","trial","REVIEW_HOLD","Inventory-only snapshot; no page-quality review or exclusion decision has been approved","false","unknown","registry-v1"
"url_10eff587bea2","https://clinicaltrialfailures.com/trial/NCT00831649-a-phase-ii-multicenter-open-label-long-term-study-of-the-safety-tolerability-and","trial","REVIEW_HOLD","Inventory-only snapshot; no page-quality review or exclusion decision has been approved","false","unknown","registry-v1"
"url_9e09b6c72f87","https://clinicaltrialfailures.com/trial/NCT01765803-feasibility-of-thioridazine-as-a-mobilizing-agent-for-cd34-hematopoietic-progeni","trial","REVIEW_HOLD","Inventory-only snapshot; no page-quality review or exclusion decision has been approved","false","unknown","registry-v1"
"url_47c2361d8f2d","https://clinicaltrialfailures.com/trial/NCT00556205-bevacizumab-with-or-without-sunitinib-in-sunitinib-refractory-renal-cell-carcino","trial","REVIEW_HOLD","Inventory-only snapshot; no page-quality review or exclusion decision has been approved","false","unknown","registry-v1"
"url_64cc50941256","https://clinicaltrialfailures.com/trial/NCT01545635-retic-trial-reversal-of-trauma-induced-coagulopathy-using-coagulation-factor-con","trial","REVIEW_HOLD","Inventory-only snapshot; no page-quality review or exclusion decision has been approved","false","unknown","registry-v1"
"url_b6214f2007a5","https://clinicaltrialfailures.com/trial/NCT01367210-switch-to-darunavir-r-maraviroc-quaque-die-in-patients-with-r5-tropism-by-viral-","trial","REVIEW_HOLD","Inventory-only snapshot; no page-quality review or exclusion decision has been approved","false","unknown","registry-v1"
"url_1dbd99e57eed","https://clinicaltrialfailures.com/trial/NCT00667810-study-evaluating-the-efficacy-and-safety-of-bapineuzumab-in-alzheimer-disease-pa","trial","REVIEW_HOLD","Inventory-only snapshot; no page-quality review or exclusion decision has been approved","false","unknown","registry-v1"
"url_7a242b240c0f","https://clinicaltrialfailures.com/trial/NCT01045928-lenalidomide-and-rituximab-as-maintenance-therapy-in-treating-patients-with-b-ce","trial","REVIEW_HOLD","Inventory-only snapshot; no page-quality review or exclusion decision has been approved","false","unknown","registry-v1"
"url_25fe60f7b36b","https://clinicaltrialfailures.com/trial/NCT01104298-doxorubicin-vs-trabectedin-plus-doxorubicin-in-non-operable-and-or-metastatic-st","trial","REVIEW_HOLD","Inventory-only snapshot; no page-quality review or exclusion decision has been approved","false","unknown","registry-v1"
"url_5fec248eb7b3","https://clinicaltrialfailures.com/trial/NCT00591019-use-of-modafinil-in-the-treatment-of-tinnitus","trial","REVIEW_HOLD","Inventory-only snapshot; no page-quality review or exclusion decision has been approved","false","unknown","registry-v1"
"url_f5c2552aa5f6","https://clinicaltrialfailures.com/trial/NCT01796522-utility-of-tocolytic-therapy-for-maintenance-tocolysis-in-the-management-of-thre","trial","REVIEW_HOLD","Inventory-only snapshot; no page-quality review or exclusion decision has been approved","false","unknown","registry-v1"
"url_6787d5ddd253","https://clinicaltrialfailures.com/trial/NCT02500524-cocamide-dea-vs-permethrin-for-head-lice","trial","REVIEW_HOLD","Inventory-only snapshot; no page-quality review or exclusion decision has been approved","false","unknown","registry-v1"
"url_25dd901690f7","https://clinicaltrialfailures.com/trial/NCT01760161-bilateral-dual-transversus-abdominis-plane-block-for-robotic-assisted-laparoscop","trial","REVIEW_HOLD","Inventory-only snapshot; no page-quality review or exclusion decision has been approved","false","unknown","registry-v1"
"url_f3f8952d3e2f","https://clinicaltrialfailures.com/trial/NCT00132002-suberoylanilide-hydroxamic-acid-in-treating-patients-with-progressive-stage-iv-b","trial","REVIEW_HOLD","Inventory-only snapshot; no page-quality review or exclusion decision has been approved","false","unknown","registry-v1"
"url_0796bfc65872","https://clinicaltrialfailures.com/trial/NCT05861050-glofitamab-with-obinutuzumab-venetoclax-and-lenalidomide-for-the-treatment-of-pa","trial","REVIEW_HOLD","Inventory-only snapshot; no page-quality review or exclusion decision has been approved","false","unknown","registry-v1"
"url_8c7ec129b7ff","https://clinicaltrialfailures.com/trial/NCT07500987-phase-i-study-of-111in-fpi-2107-in-egfr-mutation-positive-nsclc","trial","REVIEW_HOLD","Inventory-only snapshot; no page-quality review or exclusion decision has been approved","false","unknown","registry-v1"
"url_2c927e66b25e","https://clinicaltrialfailures.com/trial/NCT04910269-outpatient-treatment-with-anti-coronavirus-immunoglobulin","trial","REVIEW_HOLD","Inventory-only snapshot; no page-quality review or exclusion decision has been approved","false","unknown","registry-v1"
"url_97853c89fbb5","https://clinicaltrialfailures.com/trial/NCT05574335-siplizumab-in-t1dm","trial","REVIEW_HOLD","Inventory-only snapshot; no page-quality review or exclusion decision has been approved","false","unknown","registry-v1"
"url_05766e6861ad","https://clinicaltrialfailures.com/trial/NCT05327803-study-of-epetraborole-in-patients-with-treatment-refractory-mac-lung-disease","trial","REVIEW_HOLD","Inventory-only snapshot; no page-quality review or exclusion decision has been approved","false","unknown","registry-v1"
"url_bc80fa3b9e47","https://clinicaltrialfailures.com/trial/NCT07395258-a-study-to-test-different-doses-of-bi-3923948-alone-and-in-combination-with-an-a","trial","REVIEW_HOLD","Inventory-only snapshot; no page-quality review or exclusion decision has been approved","false","unknown","registry-v1"
"url_e6d7ba58d87f","https://clinicaltrialfailures.com/trial/NCT05999799-a-dose-finding-study-to-investigate-the-safety-and-effectiveness-of-gsk1070806-i","trial","REVIEW_HOLD","Inventory-only snapshot; no page-quality review or exclusion decision has been approved","false","unknown","registry-v1"
"url_41b07a772dd4","https://clinicaltrialfailures.com/trial/NCT06008249-platform-trial-to-assess-the-efficacy-of-multiple-drugs-in-amyotrophic-lateral-s","trial","REVIEW_HOLD","Inventory-only snapshot; no page-quality review or exclusion decision has been approved","false","unknown","registry-v1"
"url_45e792222c7d","https://clinicaltrialfailures.com/trial/NCT04644029-oral-isl-qm-as-prep-in-cisgender-women-at-high-risk-for-hiv-1-infection-mk-8591-","trial","REVIEW_HOLD","Inventory-only snapshot; no page-quality review or exclusion decision has been approved","false","unknown","registry-v1"
"url_4df5f5d71341","https://clinicaltrialfailures.com/trial/NCT05085366-a-study-to-evaluate-the-efficacy-safety-and-immunogenicity-of-mrna-1647-cytomega","trial","REVIEW_HOLD","Inventory-only snapshot; no page-quality review or exclusion decision has been approved","false","unknown","registry-v1"
"url_7228a15bac50","https://clinicaltrialfailures.com/trial/NCT04635059-pacritinib-for-biochemical-relapse-after-definitive-treatment-for-prostate-cance","trial","REVIEW_HOLD","Inventory-only snapshot; no page-quality review or exclusion decision has been approved","false","unknown","registry-v1"
"url_cc97b778c03d","https://clinicaltrialfailures.com/trial/NCT05256381-a-study-of-sot101-in-combination-with-pembrolizumab-to-evaluate-the-efficacy-and","trial","REVIEW_HOLD","Inventory-only snapshot; no page-quality review or exclusion decision has been approved","false","unknown","registry-v1"
"url_fa999b2f2124","https://clinicaltrialfailures.com/trial/NCT05678257-a-study-of-nuc-3373-in-combination-with-other-agents-in-patients-with-colorectal","trial","REVIEW_HOLD","Inventory-only snapshot; no page-quality review or exclusion decision has been approved","false","unknown","registry-v1"
"url_d45e2da3bc84","https://clinicaltrialfailures.com/trial/NCT00766142-chemotherapy-and-cetuximab-in-patients-undergoing-surgery-for-peritoneal-carcino","trial","REVIEW_HOLD","Inventory-only snapshot; no page-quality review or exclusion decision has been approved","false","unknown","registry-v1"
"url_c4454f25988e","https://clinicaltrialfailures.com/trial/NCT02697136-cer-001-therapy-as-a-novel-approach-to-treat-genetic-orphan-diseases","trial","REVIEW_HOLD","Inventory-only snapshot; no page-quality review or exclusion decision has been approved","false","unknown","registry-v1"
"url_5ff84fb8f63f","https://clinicaltrialfailures.com/trial/NCT05078710-telitacicept-in-primary-aps-patients","trial","REVIEW_HOLD","Inventory-only snapshot; no page-quality review or exclusion decision has been approved","false","unknown","registry-v1"
"url_050d6a930e62","https://clinicaltrialfailures.com/trial/NCT01576887-a-double-blind-randomized-placebo-controlled-safety-study-evaluating-the-effects","trial","REVIEW_HOLD","Inventory-only snapshot; no page-quality review or exclusion decision has been approved","false","unknown","registry-v1"
"url_a3ac172fdab4","https://clinicaltrialfailures.com/trial/NCT05930938-study-comparing-rt-with-cetuximab-xevinapant-to-rt-with-cetuximab-placebo-in-pat","trial","REVIEW_HOLD","Inventory-only snapshot; no page-quality review or exclusion decision has been approved","false","unknown","registry-v1"
"url_02bd8ef887cd","https://clinicaltrialfailures.com/trial/NCT02569398-an-efficacy-and-safety-study-of-atabecestat-in-participants-who-are-asymptomatic","trial","REVIEW_HOLD","Inventory-only snapshot; no page-quality review or exclusion decision has been approved","false","unknown","registry-v1"
"url_eec263abcb22","https://clinicaltrialfailures.com/trial/NCT03981744-a-study-of-ustekinumab-in-participants-with-active-polymyositis-and-dermatomyosi","trial","REVIEW_HOLD","Inventory-only snapshot; no page-quality review or exclusion decision has been approved","false","unknown","registry-v1"
"url_4d9be10737d4","https://clinicaltrialfailures.com/trial/NCT05079230-study-of-magrolimab-versus-placebo-in-combination-with-venetoclax-and-azacitidin","trial","REVIEW_HOLD","Inventory-only snapshot; no page-quality review or exclusion decision has been approved","false","unknown","registry-v1"
"url_d5a21ff02f06","https://clinicaltrialfailures.com/trial/NCT04251065-daratumumab-plus-gemcitabine-dexamethasone-cisplatin-in-pt-r-r-cd38-ptcl-nos-ait","trial","REVIEW_HOLD","Inventory-only snapshot; no page-quality review or exclusion decision has been approved","false","unknown","registry-v1"
"url_4dd9ab3f198b","https://clinicaltrialfailures.com/trial/NCT04952753-study-of-nis793-and-other-novel-investigational-combinations-with-soc-anti-cance","trial","REVIEW_HOLD","Inventory-only snapshot; no page-quality review or exclusion decision has been approved","false","unknown","registry-v1"
"url_b60f3fc62a88","https://clinicaltrialfailures.com/trial/NCT05653427-a-study-of-amivantamab-monotherapy-in-participants-with-previously-treated-advan","trial","REVIEW_HOLD","Inventory-only snapshot; no page-quality review or exclusion decision has been approved","false","unknown","registry-v1"
"url_a432f046c9b2","https://clinicaltrialfailures.com/trial/NCT04492722-a-study-to-evaluate-the-safety-and-efficacy-of-azd5718-in-participants-with-prot","trial","REVIEW_HOLD","Inventory-only snapshot; no page-quality review or exclusion decision has been approved","false","unknown","registry-v1"
"url_10cdca76fc42","https://clinicaltrialfailures.com/trial/NCT04939701-study-of-asp0739-alone-and-with-pembrolizumab-in-advanced-solid-tumors-with-ny-e","trial","REVIEW_HOLD","Inventory-only snapshot; no page-quality review or exclusion decision has been approved","false","unknown","registry-v1"
"url_5bbe1444cca3","https://clinicaltrialfailures.com/trial/NCT01247922-single-agent-erlotinib-in-patients-previously-treated-with-oral-etoposide-in-pro","trial","REVIEW_HOLD","Inventory-only snapshot; no page-quality review or exclusion decision has been approved","false","unknown","registry-v1"
"url_0f0ea04bb161","https://clinicaltrialfailures.com/trial/NCT04612790-a-study-to-investigate-the-use-of-benralizumab-in-patients-with-bullous-pemphigo","trial","REVIEW_HOLD","Inventory-only snapshot; no page-quality review or exclusion decision has been approved","false","unknown","registry-v1"
"url_cd98ac1183d3","https://clinicaltrialfailures.com/trial/NCT05601466-natural-killer-nk-cell-therapy-for-acute-myeloid-leukemia","trial","REVIEW_HOLD","Inventory-only snapshot; no page-quality review or exclusion decision has been approved","false","unknown","registry-v1"
"url_64a5ea1aee9f","https://clinicaltrialfailures.com/trial/NCT02118584-study-for-participants-with-ulcerative-colitis-previously-enrolled-in-etrolizuma","trial","REVIEW_HOLD","Inventory-only snapshot; no page-quality review or exclusion decision has been approved","false","unknown","registry-v1"
"url_13d750901ba0","https://clinicaltrialfailures.com/trial/NCT05557942-inhaled-imatinib-pulmonary-arterial-hypertension-clinical-trial-follow-up-long-t","trial","REVIEW_HOLD","Inventory-only snapshot; no page-quality review or exclusion decision has been approved","false","unknown","registry-v1"
"url_7b92aec92a04","https://clinicaltrialfailures.com/trial/NCT05397171-a-first-in-human-study-to-evaluate-the-safety-and-tolerability-of-azd8853-in-par","trial","REVIEW_HOLD","Inventory-only snapshot; no page-quality review or exclusion decision has been approved","false","unknown","registry-v1"
"url_fc0632530aa6","https://clinicaltrialfailures.com/trial/NCT04199351-single-and-multiple-ascending-dose-study-of-amg-171-in-subjects-with-obesity","trial","REVIEW_HOLD","Inventory-only snapshot; no page-quality review or exclusion decision has been approved","false","unknown","registry-v1"
"url_2889d18ac892","https://clinicaltrialfailures.com/trial/NCT02978235-a-dose-finding-study-followed-by-a-safety-and-efficacy-study-for-patients-with-m","trial","REVIEW_HOLD","Inventory-only snapshot; no page-quality review or exclusion decision has been approved","false","unknown","registry-v1"
"url_ca9a78b59767","https://clinicaltrialfailures.com/trial/NCT03025087-hydroxychloroquine-and-cognitive-function-after-surgery","trial","REVIEW_HOLD","Inventory-only snapshot; no page-quality review or exclusion decision has been approved","false","unknown","registry-v1"
"url_387c188b45b7","https://clinicaltrialfailures.com/trial/NCT03340727-moderately-preterm-infants-with-caffeine-at-home-for-apnea-mocha-trial","trial","REVIEW_HOLD","Inventory-only snapshot; no page-quality review or exclusion decision has been approved","false","unknown","registry-v1"
"url_cc255e661354","https://clinicaltrialfailures.com/trial/NCT04680637-efficacy-and-safety-of-efavaleukin-alfa-in-subjects-with-active-systemic-lupus-e","trial","REVIEW_HOLD","Inventory-only snapshot; no page-quality review or exclusion decision has been approved","false","unknown","registry-v1"
"url_256ab5c02a18","https://clinicaltrialfailures.com/trial/NCT03451825-phase-i-ii-study-of-avelumab-in-pediatric-cancer-participants","trial","REVIEW_HOLD","Inventory-only snapshot; no page-quality review or exclusion decision has been approved","false","unknown","registry-v1"
"url_2b8e0b38880e","https://clinicaltrialfailures.com/trial/NCT05609656-electroporation-and-immunotherapy-in-metastatic-colorectal-cancer","trial","REVIEW_HOLD","Inventory-only snapshot; no page-quality review or exclusion decision has been approved","false","unknown","registry-v1"
"url_754bcad16b24","https://clinicaltrialfailures.com/trial/NCT05179057-posoleucel-alvr105-for-the-treatment-of-adenovirus-infection-in-pediatric-and-ad","trial","REVIEW_HOLD","Inventory-only snapshot; no page-quality review or exclusion decision has been approved","false","unknown","registry-v1"
"url_dcd3907cfc2d","https://clinicaltrialfailures.com/trial/NCT02085304-tumor-resection-and-gliadel-wafers-followed-by-temodar-with-standard-radiation-o","trial","REVIEW_HOLD","Inventory-only snapshot; no page-quality review or exclusion decision has been approved","false","unknown","registry-v1"
"url_0fff05a13275","https://clinicaltrialfailures.com/trial/NCT02723006-study-to-evaluate-the-safety-tolerability-and-pharmacodynamics-of-investigationa","trial","REVIEW_HOLD","Inventory-only snapshot; no page-quality review or exclusion decision has been approved","false","unknown","registry-v1"
"url_624fe76423ef","https://clinicaltrialfailures.com/trial/NCT05387707-study-to-evaluate-the-efficacy-and-safety-of-oral-difelikefalin-as-adjunct-thera","trial","REVIEW_HOLD","Inventory-only snapshot; no page-quality review or exclusion decision has been approved","false","unknown","registry-v1"
"url_e46953d41b09","https://clinicaltrialfailures.com/trial/NCT00617656-study-to-evaluate-treatment-customized-according-to-rap80-and-brca1-in-patients-","trial","REVIEW_HOLD","Inventory-only snapshot; no page-quality review or exclusion decision has been approved","false","unknown","registry-v1"
"url_76a482896a54","https://clinicaltrialfailures.com/trial/NCT05124795-imu-935-in-patients-with-progressive-metastatic-castration-resistant-prostate-ca","trial","REVIEW_HOLD","Inventory-only snapshot; no page-quality review or exclusion decision has been approved","false","unknown","registry-v1"
"url_64ad048d2510","https://clinicaltrialfailures.com/trial/NCT05760703-evaluate-the-safety-and-efficacy-of-stsg-0002-injection-in-patients-with-chronic","trial","REVIEW_HOLD","Inventory-only snapshot; no page-quality review or exclusion decision has been approved","false","unknown","registry-v1"
"url_195d6ed9584d","https://clinicaltrialfailures.com/trial/NCT03552692-use-of-venetoclax-as-single-agent-in-patients-with-relapsed-refractory-bcl-2-pos","trial","REVIEW_HOLD","Inventory-only snapshot; no page-quality review or exclusion decision has been approved","false","unknown","registry-v1"
"url_4a9c186643fa","https://clinicaltrialfailures.com/trial/NCT04543409-a-study-of-benralizumab-in-patients-with-eosinophilic-esophagitis","trial","REVIEW_HOLD","Inventory-only snapshot; no page-quality review or exclusion decision has been approved","false","unknown","registry-v1"
"url_f500d380ff05","https://clinicaltrialfailures.com/trial/NCT04066491-gemcitabine-plus-cisplatin-with-or-without-bintrafusp-alfa-m7824-in-participants","trial","REVIEW_HOLD","Inventory-only snapshot; no page-quality review or exclusion decision has been approved","false","unknown","registry-v1"
"url_d0cda61a19e1","https://clinicaltrialfailures.com/trial/NCT05510843-a-study-to-evaluate-thb001-in-adult-patients-with-chronic-cold-urticaria","trial","REVIEW_HOLD","Inventory-only snapshot; no page-quality review or exclusion decision has been approved","false","unknown","registry-v1"
"url_e31e6a06e991","https://clinicaltrialfailures.com/trial/NCT03067571-daratumumab-in-treating-patients-with-relapsed-or-refractory-acute-myeloid-leuke","trial","REVIEW_HOLD","Inventory-only snapshot; no page-quality review or exclusion decision has been approved","false","unknown","registry-v1"
"url_1cf566abebc0","https://clinicaltrialfailures.com/trial/NCT03738800-a-safety-efficacy-and-systemic-exposure-study-of-cd5789-cream-in-adults-and-adol","trial","REVIEW_HOLD","Inventory-only snapshot; no page-quality review or exclusion decision has been approved","false","unknown","registry-v1"
"url_93dd2a1dcdb8","https://clinicaltrialfailures.com/trial/NCT02516670-docetaxel-with-or-without-ascorbic-acid-in-treating-patients-with-metastatic-pro","trial","REVIEW_HOLD","Inventory-only snapshot; no page-quality review or exclusion decision has been approved","false","unknown","registry-v1"
"url_00c34b087b8a","https://clinicaltrialfailures.com/trial/NCT03775421-an-upcoming-clinical-study-to-measure-the-safety-and-impact-of-a-drug-called-mac","trial","REVIEW_HOLD","Inventory-only snapshot; no page-quality review or exclusion decision has been approved","false","unknown","registry-v1"
"url_f759cbd74fe7","https://clinicaltrialfailures.com/trial/NCT03052725-a-study-of-reslizumab-in-patients-12-years-of-age-and-older-with-severe-eosinoph","trial","REVIEW_HOLD","Inventory-only snapshot; no page-quality review or exclusion decision has been approved","false","unknown","registry-v1"
"url_6dc8b16725d5","https://clinicaltrialfailures.com/trial/NCT01905592-a-phase-iii-trial-of-niraparib-versus-physician-s-choice-in-her2-negative-germli","trial","REVIEW_HOLD","Inventory-only snapshot; no page-quality review or exclusion decision has been approved","false","unknown","registry-v1"
"url_bb96526c2f74","https://clinicaltrialfailures.com/trial/NCT01881789-oprozomib-and-dexamethasone-in-combination-with-lenalidomide-or-oral-cyclophosph","trial","REVIEW_HOLD","Inventory-only snapshot; no page-quality review or exclusion decision has been approved","false","unknown","registry-v1"
"url_15c81d1ceb89","https://clinicaltrialfailures.com/trial/NCT02046135-sodium-bicarbonate-to-prevent-acute-kidney-injury-in-children-undergoing-cardiac","trial","REVIEW_HOLD","Inventory-only snapshot; no page-quality review or exclusion decision has been approved","false","unknown","registry-v1"
"url_03c2b11c05f5","https://clinicaltrialfailures.com/trial/NCT04880564-a-study-of-cn1-in-combination-with-cn401-in-adult-patients-with-relapsed-refract","trial","REVIEW_HOLD","Inventory-only snapshot; no page-quality review or exclusion decision has been approved","false","unknown","registry-v1"
"url_442da9edbf2b","https://clinicaltrialfailures.com/trial/NCT01174199-temsirolimus-and-vorinostat-in-treating-patients-with-metastatic-prostate-cancer","trial","REVIEW_HOLD","Inventory-only snapshot; no page-quality review or exclusion decision has been approved","false","unknown","registry-v1"
"url_113e4be84812","https://clinicaltrialfailures.com/trial/NCT01440179-sar3419-in-acute-lymphoblastic-leukemia","trial","REVIEW_HOLD","Inventory-only snapshot; no page-quality review or exclusion decision has been approved","false","unknown","registry-v1"
"url_8de00e6c6d34","https://clinicaltrialfailures.com/trial/NCT04060342-gb1275-monotherapy-and-in-combination-with-an-anti-pd1-antibody-in-patients-with","trial","REVIEW_HOLD","Inventory-only snapshot; no page-quality review or exclusion decision has been approved","false","unknown","registry-v1"
"url_832091be89c6","https://clinicaltrialfailures.com/trial/NCT03711162-a-clinical-study-to-test-how-effective-and-safe-glpg1690-is-for-subjects-with-id","trial","REVIEW_HOLD","Inventory-only snapshot; no page-quality review or exclusion decision has been approved","false","unknown","registry-v1"
"url_e5eeb6211ee6","https://clinicaltrialfailures.com/trial/NCT01529008-study-on-autologous-osteoblastic-cells-implantation-to-early-stage-osteonecrosis","trial","REVIEW_HOLD","Inventory-only snapshot; no page-quality review or exclusion decision has been approved","false","unknown","registry-v1"
"url_30cd2b0864bf","https://clinicaltrialfailures.com/trial/NCT02121405-randomized-trial-of-primary-surgery-followed-selective-radiochemotherapy-for-rec","trial","REVIEW_HOLD","Inventory-only snapshot; no page-quality review or exclusion decision has been approved","false","unknown","registry-v1"
"url_ddd4a0f77c4a","https://clinicaltrialfailures.com/trial/NCT03603639-a-study-to-evaluate-the-pharmacodynamic-activity-of-e2730-in-adult-participants-","trial","REVIEW_HOLD","Inventory-only snapshot; no page-quality review or exclusion decision has been approved","false","unknown","registry-v1"
"url_82f8c6ff7451","https://clinicaltrialfailures.com/trial/NCT03222973-efficacy-and-safety-of-biib033-opicinumab-as-an-add-on-therapy-to-disease-modify","trial","REVIEW_HOLD","Inventory-only snapshot; no page-quality review or exclusion decision has been approved","false","unknown","registry-v1"
"url_1d6957a25d5e","https://clinicaltrialfailures.com/trial/NCT00762554-depodur-vs-fentanyl-infusion-for-post-c-s-analgesia","trial","REVIEW_HOLD","Inventory-only snapshot; no page-quality review or exclusion decision has been approved","false","unknown","registry-v1"
"url_608efe3c89d4","https://clinicaltrialfailures.com/trial/NCT03404726-a-study-to-investigate-bay2402234-a-dihydroorotate-dehydrogenase-dhodh-inhibitor","trial","REVIEW_HOLD","Inventory-only snapshot; no page-quality review or exclusion decision has been approved","false","unknown","registry-v1"
"url_45a81d7d72cf","https://clinicaltrialfailures.com/trial/NCT03598777-dysport-in-vulvodynia-phase-ii-study","trial","REVIEW_HOLD","Inventory-only snapshot; no page-quality review or exclusion decision has been approved","false","unknown","registry-v1"
"url_0a2784b30f3e","https://clinicaltrialfailures.com/trial/NCT03954106-a-safety-and-efficacy-study-of-defibrotide-in-the-prevention-of-chimeric-antigen","trial","REVIEW_HOLD","Inventory-only snapshot; no page-quality review or exclusion decision has been approved","false","unknown","registry-v1"
"url_2ff3d04a0629","https://clinicaltrialfailures.com/trial/NCT03567291-evaluation-of-safety-and-tolerability-of-long-term-tev-50717-deutetrabenazine-fo","trial","REVIEW_HOLD","Inventory-only snapshot; no page-quality review or exclusion decision has been approved","false","unknown","registry-v1"
"url_a1f3dee54318","https://clinicaltrialfailures.com/trial/NCT04936113-continued-safety-evaluation-of-fb-401-in-children-adolescents-and-adults-2-years","trial","REVIEW_HOLD","Inventory-only snapshot; no page-quality review or exclusion decision has been approved","false","unknown","registry-v1"
"url_f1a5d3f1026b","https://clinicaltrialfailures.com/trial/NCT03094195-dose-response-study-of-ema401-in-patients-with-post-herpetic-neuralgia-phn","trial","REVIEW_HOLD","Inventory-only snapshot; no page-quality review or exclusion decision has been approved","false","unknown","registry-v1"
"url_c2e5577767f0","https://clinicaltrialfailures.com/trial/NCT03639987-a-study-of-aducanumab-in-participants-with-mild-cognitive-impairment-due-to-alzh","trial","REVIEW_HOLD","Inventory-only snapshot; no page-quality review or exclusion decision has been approved","false","unknown","registry-v1"
"url_d725bae07a13","https://clinicaltrialfailures.com/trial/NCT01767857-a-phase-iii-study-of-xilonix-in-patients-with-advanced-colorectal-cancer","trial","REVIEW_HOLD","Inventory-only snapshot; no page-quality review or exclusion decision has been approved","false","unknown","registry-v1"
"url_9e04c6e0057b","https://clinicaltrialfailures.com/trial/NCT01376700-early-prophylaxis-immunologic-challenge-epic-study","trial","REVIEW_HOLD","Inventory-only snapshot; no page-quality review or exclusion decision has been approved","false","unknown","registry-v1"
"url_02b6a47843af","https://clinicaltrialfailures.com/trial/NCT03447730-safety-tolerability-and-pharmacodynamics-of-synb1020","trial","REVIEW_HOLD","Inventory-only snapshot; no page-quality review or exclusion decision has been approved","false","unknown","registry-v1"
"url_7a92e486d98b","https://clinicaltrialfailures.com/trial/NCT01403064-safety-and-efficacy-of-ald518-for-reducing-oral-mucositis-in-head-and-neck-cance","trial","REVIEW_HOLD","Inventory-only snapshot; no page-quality review or exclusion decision has been approved","false","unknown","registry-v1"
"url_ea3354f4682a","https://clinicaltrialfailures.com/trial/NCT04084158-a-study-of-toripalimab-combined-with-concurrent-chemoradiotherapy-for-locally-ad","trial","REVIEW_HOLD","Inventory-only snapshot; no page-quality review or exclusion decision has been approved","false","unknown","registry-v1"
"url_4b703a07a2d2","https://clinicaltrialfailures.com/trial/NCT00317369-a-dose-finding-study-of-opc-6535-in-patients-with-active-crohn-s-disease","trial","REVIEW_HOLD","Inventory-only snapshot; no page-quality review or exclusion decision has been approved","false","unknown","registry-v1"
"url_e7cb678a091b","https://clinicaltrialfailures.com/trial/NCT02901431-a-study-to-investigate-the-efficacy-and-safety-of-balovaptan-ro5285119-in-partic","trial","REVIEW_HOLD","Inventory-only snapshot; no page-quality review or exclusion decision has been approved","false","unknown","registry-v1"
"url_2eb2be7d0864","https://clinicaltrialfailures.com/trial/NCT02368691-efficacy-and-safety-of-gtx-024-in-patients-with-androgen-receptor-positive-tripl","trial","REVIEW_HOLD","Inventory-only snapshot; no page-quality review or exclusion decision has been approved","false","unknown","registry-v1"
"url_34503859b605","https://clinicaltrialfailures.com/trial/NCT01656252-trial-of-eltrombopag-during-consolidation-therapy-in-adults-with-aml-in-complete","trial","REVIEW_HOLD","Inventory-only snapshot; no page-quality review or exclusion decision has been approved","false","unknown","registry-v1"
"url_effc18acbab1","https://clinicaltrialfailures.com/trial/NCT01222078-investigating-re-dosing-with-otelixizumab-in-adults-with-newly-diagnosed-type-1-","trial","REVIEW_HOLD","Inventory-only snapshot; no page-quality review or exclusion decision has been approved","false","unknown","registry-v1"
"url_48b143810bb7","https://clinicaltrialfailures.com/trial/NCT00539838-a-study-to-evaluate-two-doses-of-ocrelizumab-in-patients-with-active-systemic-lu","trial","REVIEW_HOLD","Inventory-only snapshot; no page-quality review or exclusion decision has been approved","false","unknown","registry-v1"
"url_c88250b1bb62","https://clinicaltrialfailures.com/trial/NCT01535157-fenretinide-lxs-oral-powder-plus-ketoconazole-in-recurrent-ovarian-cancer","trial","REVIEW_HOLD","Inventory-only snapshot; no page-quality review or exclusion decision has been approved","false","unknown","registry-v1"
"url_e9725bfb35dc","https://clinicaltrialfailures.com/trial/NCT03170232-a-pilot-study-of-danirixin-for-disease-progression-in-chronic-obstructive-pulmon","trial","REVIEW_HOLD","Inventory-only snapshot; no page-quality review or exclusion decision has been approved","false","unknown","registry-v1"
"url_f02208dee44c","https://clinicaltrialfailures.com/trial/NCT02341560-phase-2-3-randomized-double-masked-sham-controlled-trial-of-qpi-1007-in-subjects","trial","REVIEW_HOLD","Inventory-only snapshot; no page-quality review or exclusion decision has been approved","false","unknown","registry-v1"
"url_f3f7b24543a4","https://clinicaltrialfailures.com/trial/NCT02387125-phase-1b-safety-study-of-cmb305-in-patients-with-locally-advanced-relapsed-or-me","trial","REVIEW_HOLD","Inventory-only snapshot; no page-quality review or exclusion decision has been approved","false","unknown","registry-v1"
"url_e484b4e4ab37","https://clinicaltrialfailures.com/trial/NCT03051698-c1-inhibitor-in-allergic-asthma-patients","trial","REVIEW_HOLD","Inventory-only snapshot; no page-quality review or exclusion decision has been approved","false","unknown","registry-v1"
"url_2011b25d5242","https://clinicaltrialfailures.com/trial/NCT02816437-fmt-for-mdro-colonization-in-solid-organ-transplant","trial","REVIEW_HOLD","Inventory-only snapshot; no page-quality review or exclusion decision has been approved","false","unknown","registry-v1"
"url_d3ddefaf4a90","https://clinicaltrialfailures.com/trial/NCT01285310-study-of-apremilast-to-evaluate-the-safety-and-effectiveness-for-patients-with-r","trial","REVIEW_HOLD","Inventory-only snapshot; no page-quality review or exclusion decision has been approved","false","unknown","registry-v1"
"url_978c339af810","https://clinicaltrialfailures.com/trial/NCT00353457-capecitabine-oxaliplatin-and-erbitux-given-throughout-multi-modal-therapy-for-lo","trial","REVIEW_HOLD","Inventory-only snapshot; no page-quality review or exclusion decision has been approved","false","unknown","registry-v1"
"url_67ff956645a8","https://clinicaltrialfailures.com/trial/NCT03819699-study-with-lu-af20513-in-patients-with-mild-alzheimer-s-disease-ad-or-mild-cogni","trial","REVIEW_HOLD","Inventory-only snapshot; no page-quality review or exclusion decision has been approved","false","unknown","registry-v1"
"url_3448c8989cc0","https://clinicaltrialfailures.com/trial/NCT03306420-first-in-human-study-of-ms201408-0005a-as-single-agent-and-in-combinations","trial","REVIEW_HOLD","Inventory-only snapshot; no page-quality review or exclusion decision has been approved","false","unknown","registry-v1"
"url_f98ac93ac1c3","https://clinicaltrialfailures.com/trial/NCT02039219-trial-of-obeticholic-acid-in-patients-with-moderately-severe-alcoholic-hepatitis","trial","REVIEW_HOLD","Inventory-only snapshot; no page-quality review or exclusion decision has been approved","false","unknown","registry-v1"
"url_b7a2de0c8248","https://clinicaltrialfailures.com/trial/NCT00616122-sunitinib-cyclophosphamide-and-methotrexate-in-treating-patients-with-metastatic","trial","REVIEW_HOLD","Inventory-only snapshot; no page-quality review or exclusion decision has been approved","false","unknown","registry-v1"
"url_42905bc3ce7a","https://clinicaltrialfailures.com/trial/NCT02465983-pilot-study-of-autologous-t-cells-in-patients-with-metastatic-pancreatic-cancer","trial","REVIEW_HOLD","Inventory-only snapshot; no page-quality review or exclusion decision has been approved","false","unknown","registry-v1"
"url_9f4a38465981","https://clinicaltrialfailures.com/trial/NCT02388152-study-to-evaluate-the-safety-and-tolerability-of-a-new-drug-named-lu-af20513-in-","trial","REVIEW_HOLD","Inventory-only snapshot; no page-quality review or exclusion decision has been approved","false","unknown","registry-v1"
"url_53ef14eea9d0","https://clinicaltrialfailures.com/trial/NCT00975806-study-of-lenalidomide-in-combination-with-sunitinib-to-evaluate-the-safety-and-e","trial","REVIEW_HOLD","Inventory-only snapshot; no page-quality review or exclusion decision has been approved","false","unknown","registry-v1"
"url_44c6f5c76870","https://clinicaltrialfailures.com/trial/NCT03436732-mesothelin-targeted-immunotoxin-lmb-100-in-combination-with-sel-110-in-subjects-","trial","REVIEW_HOLD","Inventory-only snapshot; no page-quality review or exclusion decision has been approved","false","unknown","registry-v1"
"url_ef5eb9994984","https://clinicaltrialfailures.com/trial/NCT03668405-a-study-to-evaluate-the-long-term-safety-and-tolerability-of-lu-af20513-and-the-","trial","REVIEW_HOLD","Inventory-only snapshot; no page-quality review or exclusion decision has been approved","false","unknown","registry-v1"
"url_d39f72112482","https://clinicaltrialfailures.com/trial/NCT02628028-a-study-of-ly3337641-in-rheumatoid-arthritis","trial","REVIEW_HOLD","Inventory-only snapshot; no page-quality review or exclusion decision has been approved","false","unknown","registry-v1"
"url_8f09fde2dda3","https://clinicaltrialfailures.com/trial/NCT01687478-a-study-of-olanzapine-and-fluoxetine-for-treatment-resistant-depression","trial","REVIEW_HOLD","Inventory-only snapshot; no page-quality review or exclusion decision has been approved","false","unknown","registry-v1"
"url_577892db8303","https://clinicaltrialfailures.com/trial/NCT02076594-low-tox-vs-eox-in-patients-with-locally-advanced-unresectable-or-metastatic-gast","trial","REVIEW_HOLD","Inventory-only snapshot; no page-quality review or exclusion decision has been approved","false","unknown","registry-v1"
"url_95f910127a14","https://clinicaltrialfailures.com/trial/NCT01687998-a-study-of-evacetrapib-in-high-risk-vascular-disease","trial","REVIEW_HOLD","Inventory-only snapshot; no page-quality review or exclusion decision has been approved","false","unknown","registry-v1"
"url_5b7ec755b3f0","https://clinicaltrialfailures.com/trial/NCT00408252-efficacy-of-su-011248-in-head-and-neck-carcinoma","trial","REVIEW_HOLD","Inventory-only snapshot; no page-quality review or exclusion decision has been approved","false","unknown","registry-v1"
"url_70f53c2c26f7","https://clinicaltrialfailures.com/trial/NCT03166904-phase-ii-trial-of-azd2014-in-rictor-amplified-solid-cancer-patients-refractory-t","trial","REVIEW_HOLD","Inventory-only snapshot; no page-quality review or exclusion decision has been approved","false","unknown","registry-v1"
"url_1db828e4eda3","https://clinicaltrialfailures.com/trial/NCT02613182-open-label-extension-study-of-neod001-in-subjects-with-light-chain-al-amyloidosi","trial","REVIEW_HOLD","Inventory-only snapshot; no page-quality review or exclusion decision has been approved","false","unknown","registry-v1"
"url_43474ff2ef79","https://clinicaltrialfailures.com/trial/NCT01214655-a-study-for-patients-with-acute-leukemia","trial","REVIEW_HOLD","Inventory-only snapshot; no page-quality review or exclusion decision has been approved","false","unknown","registry-v1"
"url_5b8fa2f1ab0e","https://clinicaltrialfailures.com/trial/NCT00054704-riluzole-to-treat-depression-in-bipolar-disorder","trial","REVIEW_HOLD","Inventory-only snapshot; no page-quality review or exclusion decision has been approved","false","unknown","registry-v1"
"url_6a978a17c5c2","https://clinicaltrialfailures.com/trial/NCT02518971-trial-of-prophylactic-tamsulosin-for-postoperative-urinary-retention-in-primary-","trial","REVIEW_HOLD","Inventory-only snapshot; no page-quality review or exclusion decision has been approved","false","unknown","registry-v1"
"url_8b67cfd4a36e","https://clinicaltrialfailures.com/trial/NCT02313909-rivaroxaban-versus-aspirin-in-secondary-prevention-of-stroke-and-prevention-of-s","trial","REVIEW_HOLD","Inventory-only snapshot; no page-quality review or exclusion decision has been approved","false","unknown","registry-v1"
"url_a5d04b987ace","https://clinicaltrialfailures.com/trial/NCT03145909-a-study-evaluating-the-safety-pharmacokinetics-and-anti-tumor-activity-of-abbv-1","trial","REVIEW_HOLD","Inventory-only snapshot; no page-quality review or exclusion decision has been approved","false","unknown","registry-v1"
"url_a95356c25e48","https://clinicaltrialfailures.com/trial/NCT00910000-vorinostat-carboplatin-and-gemcitabine-in-women-with-recurrent-platinum-sensitiv","trial","REVIEW_HOLD","Inventory-only snapshot; no page-quality review or exclusion decision has been approved","false","unknown","registry-v1"
"url_46eea4b8542a","https://clinicaltrialfailures.com/trial/NCT00566462-assessment-of-perampanel-e2007-on-synaptic-dopamine-in-mild-moderate-pd-patients","trial","REVIEW_HOLD","Inventory-only snapshot; no page-quality review or exclusion decision has been approved","false","unknown","registry-v1"
"url_eea6525f5ab2","https://clinicaltrialfailures.com/trial/NCT02386098-strategy-confirming-study-of-bms-955176-to-treat-hiv-1-infected-treatment-experi","trial","REVIEW_HOLD","Inventory-only snapshot; no page-quality review or exclusion decision has been approved","false","unknown","registry-v1"
"url_50ac33933fc8","https://clinicaltrialfailures.com/trial/NCT02351037-study-of-ibrutinib-in-subjects-with-acute-myeloid-leukemia","trial","REVIEW_HOLD","Inventory-only snapshot; no page-quality review or exclusion decision has been approved","false","unknown","registry-v1"
"url_c5e54164047b","https://clinicaltrialfailures.com/trial/NCT00200382-phase-ii-study-of-therapy-with-ps-341-in-patients-with-advanced-stage-non-small-","trial","REVIEW_HOLD","Inventory-only snapshot; no page-quality review or exclusion decision has been approved","false","unknown","registry-v1"
"url_138202e21c1f","https://clinicaltrialfailures.com/trial/NCT02053311-orteronel-maintenance-therapy-in-patients-with-mcrpc-previously-treated-with-nov","trial","REVIEW_HOLD","Inventory-only snapshot; no page-quality review or exclusion decision has been approved","false","unknown","registry-v1"
"url_2905c5b1c453","https://clinicaltrialfailures.com/trial/NCT02286258-validation-of-new-markers-of-glomerular-filtration-rate-dota-gadolinium-and-calc","trial","REVIEW_HOLD","Inventory-only snapshot; no page-quality review or exclusion decision has been approved","false","unknown","registry-v1"
"url_8c542b24bd61","https://clinicaltrialfailures.com/trial/NCT01198002-a-rheumatoid-arthritis-study-in-participants-on-a-background-treatment-of-methot","trial","REVIEW_HOLD","Inventory-only snapshot; no page-quality review or exclusion decision has been approved","false","unknown","registry-v1"
"url_73b9891c6093","https://clinicaltrialfailures.com/trial/NCT00281021-second-line-erlotinib-tarceva-plus-digoxin-in-non-small-cell-lung-cancer","trial","REVIEW_HOLD","Inventory-only snapshot; no page-quality review or exclusion decision has been approved","false","unknown","registry-v1"
"url_d45adcd29872","https://clinicaltrialfailures.com/trial/NCT02686385-efficacy-of-n-acetylcysteine-with-or-without-steroids-in-drug-induced-liver-inju","trial","REVIEW_HOLD","Inventory-only snapshot; no page-quality review or exclusion decision has been approved","false","unknown","registry-v1"
"url_f0da23bb3e4e","https://clinicaltrialfailures.com/trial/NCT01381562-gsk2251052-in-the-treatment-of-complicated-intra-abdominal-infections","trial","REVIEW_HOLD","Inventory-only snapshot; no page-quality review or exclusion decision has been approved","false","unknown","registry-v1"
"url_1542ec3e4688","https://clinicaltrialfailures.com/trial/NCT01334710-a-phase-ii-trial-of-osi-906-and-sorafenib-in-advanced-hepatocellular-cancer","trial","REVIEW_HOLD","Inventory-only snapshot; no page-quality review or exclusion decision has been approved","false","unknown","registry-v1"
"url_9304eab9d4a3","https://clinicaltrialfailures.com/trial/NCT02151357-safety-tolerability-and-pharmacokinetics-of-dcbci0901-in-patients-with-advanced-","trial","REVIEW_HOLD","Inventory-only snapshot; no page-quality review or exclusion decision has been approved","false","unknown","registry-v1"
"url_06ba22b3c160","https://clinicaltrialfailures.com/trial/NCT00005047-4b951-combination-chemotherapy-in-treating-patients-with-bladder-cancer","trial","REVIEW_HOLD","Inventory-only snapshot; no page-quality review or exclusion decision has been approved","false","unknown","registry-v1"
"url_ca42866cb56e","https://clinicaltrialfailures.com/trial/NCT01564095-top-study-tacrolimus-organ-perfusion-treatment-of-ischemia-reperfusion-injury-in","trial","REVIEW_HOLD","Inventory-only snapshot; no page-quality review or exclusion decision has been approved","false","unknown","registry-v1"
"url_841e61a919e9","https://clinicaltrialfailures.com/trial/NCT00352690-a-phase-ii-study-of-radiation-therapy-paclitaxel-poliglumex-and-carboplatin-in-s","trial","REVIEW_HOLD","Inventory-only snapshot; no page-quality review or exclusion decision has been approved","false","unknown","registry-v1"
"url_cc338c43d53a","https://clinicaltrialfailures.com/trial/NCT02689726-safety-tolerability-and-immunogenicity-of-gtl001-vaccine-adjuvanted-with-imiquim","trial","REVIEW_HOLD","Inventory-only snapshot; no page-quality review or exclusion decision has been approved","false","unknown","registry-v1"
"url_b03bb15f912c","https://clinicaltrialfailures.com/trial/NCT02894515-bioequivalence-study-of-idalopirdine-in-healthy-subjects","trial","REVIEW_HOLD","Inventory-only snapshot; no page-quality review or exclusion decision has been approved","false","unknown","registry-v1"
"url_1c554103f7a9","https://clinicaltrialfailures.com/trial/NCT01078974-pomalidomide-dexamethasone-and-rituximab-in-waldenstrom-s-macroglobulinemia","trial","REVIEW_HOLD","Inventory-only snapshot; no page-quality review or exclusion decision has been approved","false","unknown","registry-v1"
"url_db28a7269c79","https://clinicaltrialfailures.com/trial/NCT00464061-efficacy-an-safety-of-volinanserin-on-sleep-maintenance-insomnia-with-a-sub-stud","trial","REVIEW_HOLD","Inventory-only snapshot; no page-quality review or exclusion decision has been approved","false","unknown","registry-v1"
"url_fc9388f1b1d5","https://clinicaltrialfailures.com/trial/NCT00979121-statins-for-acutely-injured-lungs-from-sepsis","trial","REVIEW_HOLD","Inventory-only snapshot; no page-quality review or exclusion decision has been approved","false","unknown","registry-v1"
"url_4e8baf77d97e","https://clinicaltrialfailures.com/trial/NCT01212094-double-blind-combination-of-rituximab-by-intravenous-and-intrathecal-injection-v","trial","REVIEW_HOLD","Inventory-only snapshot; no page-quality review or exclusion decision has been approved","false","unknown","registry-v1"
"url_f21b9525c5c0","https://clinicaltrialfailures.com/trial/NCT00670397-photodynamic-therapy-using-hpph-in-treating-patients-with-recurrent-dysplasia-ca","trial","REVIEW_HOLD","Inventory-only snapshot; no page-quality review or exclusion decision has been approved","false","unknown","registry-v1"
"url_ced4ca3c0dde","https://clinicaltrialfailures.com/trial/NCT02443194-the-effect-of-duloxetine-on-mood-quality-of-life-and-cognitive-functioning-in-gl","trial","REVIEW_HOLD","Inventory-only snapshot; no page-quality review or exclusion decision has been approved","false","unknown","registry-v1"
"url_995f3a0a1691","https://clinicaltrialfailures.com/trial/NCT01730495-tumor-necrosis-factor-alpha-inhibition-using-etanercept-in-chronic-fatigue-syndr","trial","REVIEW_HOLD","Inventory-only snapshot; no page-quality review or exclusion decision has been approved","false","unknown","registry-v1"
"url_a9ff34db2b86","https://clinicaltrialfailures.com/trial/NCT01647542-study-to-evaluate-the-efficacy-and-safety-of-daily-oral-tak-875-25-and-50mg-in-a","trial","REVIEW_HOLD","Inventory-only snapshot; no page-quality review or exclusion decision has been approved","false","unknown","registry-v1"
"url_7c8f59c86728","https://clinicaltrialfailures.com/trial/NCT01746875-a-study-testing-if-medicine-can-make-pigment-epithelium-detachments-regress-and-","trial","REVIEW_HOLD","Inventory-only snapshot; no page-quality review or exclusion decision has been approved","false","unknown","registry-v1"
"url_fe0936a91b47","https://clinicaltrialfailures.com/trial/NCT01771198-efficacy-study-of-simvastatin-to-treat-chronic-rhinosinusitis-after-failure-of-o","trial","REVIEW_HOLD","Inventory-only snapshot; no page-quality review or exclusion decision has been approved","false","unknown","registry-v1"
"url_eecd853765a7","https://clinicaltrialfailures.com/trial/NCT00905398-nilotinib-with-chemotherapy-for-the-treatment-of-philadelphia-chromosome-positiv","trial","REVIEW_HOLD","Inventory-only snapshot; no page-quality review or exclusion decision has been approved","false","unknown","registry-v1"
"url_441b2b1aa2ff","https://clinicaltrialfailures.com/trial/NCT00694200-vinorelbine-metronomic-plus-bevacizumab-as-salvage-therapy-for-breast-cancer","trial","REVIEW_HOLD","Inventory-only snapshot; no page-quality review or exclusion decision has been approved","false","unknown","registry-v1"
"url_baece596bfe9","https://clinicaltrialfailures.com/trial/NCT01238965-panobinostat-and-fluorouracil-followed-by-leucovorin-calcium-in-treating-patient","trial","REVIEW_HOLD","Inventory-only snapshot; no page-quality review or exclusion decision has been approved","false","unknown","registry-v1"
"url_81a924fefcf4","https://clinicaltrialfailures.com/trial/NCT00787644-pilot-study-of-pioglitazone-for-the-treatment-of-moderate-to-severe-asthma-in-ob","trial","REVIEW_HOLD","Inventory-only snapshot; no page-quality review or exclusion decision has been approved","false","unknown","registry-v1"
"url_d0b531897fce","https://clinicaltrialfailures.com/trial/NCT04843982-immunoinflammatory-regulation-of-esketamine-in-septic-patients","trial","REVIEW_HOLD","Inventory-only snapshot; no page-quality review or exclusion decision has been approved","false","unknown","registry-v1"
"url_d0f885a467dd","https://clinicaltrialfailures.com/trial/NCT04667078-reperfusion-with-p2y12-inhibitors-in-addition-to-mechanical-thrombectomy-for-per","trial","REVIEW_HOLD","Inventory-only snapshot; no page-quality review or exclusion decision has been approved","false","unknown","registry-v1"
"url_f6d23d051ae7","https://clinicaltrialfailures.com/trial/NCT01129674-a-long-term-open-label-study-on-schizophrenia","trial","REVIEW_HOLD","Inventory-only snapshot; no page-quality review or exclusion decision has been approved","false","unknown","registry-v1"
"url_48370de5af75","https://clinicaltrialfailures.com/trial/NCT03075527-a-phase-2-study-of-durvalumab-in-combination-with-tremelimumab-in-malignant-pleu","trial","REVIEW_HOLD","Inventory-only snapshot; no page-quality review or exclusion decision has been approved","false","unknown","registry-v1"
"url_52de49a9f944","https://clinicaltrialfailures.com/trial/NCT04311502-clofazimine-and-rifapentine-containing-treatment-shortening-regimens-in-drug-sus","trial","REVIEW_HOLD","Inventory-only snapshot; no page-quality review or exclusion decision has been approved","false","unknown","registry-v1"
"url_23e40f6876f6","https://clinicaltrialfailures.com/trial/NCT06169280-repeated-neural-stem-cell-based-virotherapy-for-newly-diagnosed-high-grade-gliom","trial","REVIEW_HOLD","Inventory-only snapshot; no page-quality review or exclusion decision has been approved","false","unknown","registry-v1"
"url_7e7608ced594","https://clinicaltrialfailures.com/trial/NCT07585734-clinical-trial-of-cd38-monoclonal-antibody-combined-with-chemotherapy-for-t-cell","trial","REVIEW_HOLD","Inventory-only snapshot; no page-quality review or exclusion decision has been approved","false","unknown","registry-v1"
"url_e9a965f1b6e9","https://clinicaltrialfailures.com/trial/NCT04516811-therapeutic-use-of-convalescent-plasma-in-the-treatment-of-patients-with-moderat","trial","REVIEW_HOLD","Inventory-only snapshot; no page-quality review or exclusion decision has been approved","false","unknown","registry-v1"
"url_bbefda7f305d","https://clinicaltrialfailures.com/trial/NCT03506373-ibrutinib-and-ixazomib-citrate-in-treating-newly-diagnosed-relapsed-or-refractor","trial","REVIEW_HOLD","Inventory-only snapshot; no page-quality review or exclusion decision has been approved","false","unknown","registry-v1"
"url_3435eb41e349","https://clinicaltrialfailures.com/trial/NCT03225547-study-of-pembrolizumab-and-mifepristone-in-patients-with-advanced-her2-negative-","trial","REVIEW_HOLD","Inventory-only snapshot; no page-quality review or exclusion decision has been approved","false","unknown","registry-v1"
"url_64782631f941","https://clinicaltrialfailures.com/trial/NCT06153420-study-of-the-research-medicine-cin-103-in-adults-with-irritable-bowel-syndrome-w","trial","REVIEW_HOLD","Inventory-only snapshot; no page-quality review or exclusion decision has been approved","false","unknown","registry-v1"
"url_831aba6f10d1","https://clinicaltrialfailures.com/trial/NCT04686786-an-open-label-extension-trial-of-cvl-865-as-adjunctive-therapy-in-the-treatment-","trial","REVIEW_HOLD","Inventory-only snapshot; no page-quality review or exclusion decision has been approved","false","unknown","registry-v1"
"url_014657af599f","https://clinicaltrialfailures.com/trial/NCT06964165-a-study-comparing-niraparib-versus-platinum-taxane-doublet-chemotherapy-as-neoad","trial","REVIEW_HOLD","Inventory-only snapshot; no page-quality review or exclusion decision has been approved","false","unknown","registry-v1"
"url_04ba2f166c5b","https://clinicaltrialfailures.com/trial/NCT02623439-a-study-of-haploidentical-bone-marrow-transplant-for-patients-with-hematologic-m","trial","REVIEW_HOLD","Inventory-only snapshot; no page-quality review or exclusion decision has been approved","false","unknown","registry-v1"
"url_334e119fc5f2","https://clinicaltrialfailures.com/trial/NCT04066244-study-of-safety-and-proof-of-the-mechanism-of-blz945-in-als-patients","trial","REVIEW_HOLD","Inventory-only snapshot; no page-quality review or exclusion decision has been approved","false","unknown","registry-v1"
"url_1147ab1759f9","https://clinicaltrialfailures.com/trial/NCT04459715-a-study-of-xevinapant-debio-1143-in-combination-with-platinum-based-chemotherapy","trial","REVIEW_HOLD","Inventory-only snapshot; no page-quality review or exclusion decision has been approved","false","unknown","registry-v1"
"url_108b3b451f25","https://clinicaltrialfailures.com/trial/NCT03071692-pemafibrate-to-reduce-cardiovascular-outcomes-by-reducing-triglycerides-in-patie","trial","REVIEW_HOLD","Inventory-only snapshot; no page-quality review or exclusion decision has been approved","false","unknown","registry-v1"
"url_7357d7e5b265","https://clinicaltrialfailures.com/trial/NCT06854861-premixed-glucagon-insulin-solution-for-faster-insulin-absorption-in-type-1-diabe","trial","REVIEW_HOLD","Inventory-only snapshot; no page-quality review or exclusion decision has been approved","false","unknown","registry-v1"
"url_d3548547bae7","https://clinicaltrialfailures.com/trial/NCT05256134-a-study-to-evaluate-the-efficacy-and-safety-of-gantenerumab-in-participants-at-r","trial","REVIEW_HOLD","Inventory-only snapshot; no page-quality review or exclusion decision has been approved","false","unknown","registry-v1"
"url_8642b1b27a26","https://clinicaltrialfailures.com/trial/NCT01549769-pharmacokinetic-and-pharmacodynamic-study-of-bardoxolone-methyl-in-patients-with","trial","REVIEW_HOLD","Inventory-only snapshot; no page-quality review or exclusion decision has been approved","false","unknown","registry-v1"
"url_55edc5943423","https://clinicaltrialfailures.com/trial/NCT04479436-a-study-to-evaluate-u3-1402-in-subjects-with-advanced-or-metastatic-colorectal-c","trial","REVIEW_HOLD","Inventory-only snapshot; no page-quality review or exclusion decision has been approved","false","unknown","registry-v1"
"url_f85b61fa7870","https://clinicaltrialfailures.com/trial/NCT04474314-a-study-of-imr-687-in-subjects-with-sickle-cell-disease","trial","REVIEW_HOLD","Inventory-only snapshot; no page-quality review or exclusion decision has been approved","false","unknown","registry-v1"
"url_6814d371f1cd","https://clinicaltrialfailures.com/trial/NCT04411082-a-study-of-imr-687-in-subjects-with-beta-thalassemia","trial","REVIEW_HOLD","Inventory-only snapshot; no page-quality review or exclusion decision has been approved","false","unknown","registry-v1"
"url_233beebbecd0","https://clinicaltrialfailures.com/trial/NCT05930951-study-of-obt076-associated-or-not-in-patients-with-recurrent-or-metastatic-adeno","trial","REVIEW_HOLD","Inventory-only snapshot; no page-quality review or exclusion decision has been approved","false","unknown","registry-v1"
"url_4b0d55ac0796","https://clinicaltrialfailures.com/trial/NCT04598477-a-study-to-assess-the-long-term-safety-and-efficacy-of-a-subcutaneous-formulatio","trial","REVIEW_HOLD","Inventory-only snapshot; no page-quality review or exclusion decision has been approved","false","unknown","registry-v1"
"url_78df8e91e562","https://clinicaltrialfailures.com/trial/NCT03387592-captem-or-folfiri-as-second-line-therapy-in-neuroendocrine-carcinomas","trial","REVIEW_HOLD","Inventory-only snapshot; no page-quality review or exclusion decision has been approved","false","unknown","registry-v1"
"url_5c008ff1f531","https://clinicaltrialfailures.com/trial/NCT03686345-midostaurin-associated-with-standard-chemotherapy-in-patients-with-core-binding-","trial","REVIEW_HOLD","Inventory-only snapshot; no page-quality review or exclusion decision has been approved","false","unknown","registry-v1"
"url_b438f3ac7508","https://clinicaltrialfailures.com/trial/NCT03381196-a-study-to-evaluate-the-efficacy-and-safety-of-pimodivir-in-combination-with-the","trial","REVIEW_HOLD","Inventory-only snapshot; no page-quality review or exclusion decision has been approved","false","unknown","registry-v1"
"url_b24225d836c8","https://clinicaltrialfailures.com/trial/NCT02592967-safety-and-immunogenicity-of-jnj-64041757-live-attenuated-double-deleted-listeri","trial","REVIEW_HOLD","Inventory-only snapshot; no page-quality review or exclusion decision has been approved","false","unknown","registry-v1"
"url_d03d1aad6085","https://clinicaltrialfailures.com/trial/NCT05144009-a-study-of-loncastuximab-tesirine-and-rituximab-lonca-r-in-previously-untreated-","trial","REVIEW_HOLD","Inventory-only snapshot; no page-quality review or exclusion decision has been approved","false","unknown","registry-v1"
"url_5956365ecff5","https://clinicaltrialfailures.com/trial/NCT02986698-in-utero-hematopoietic-stem-cell-transplantation-for-alpha-thalassemia-major-atm","trial","REVIEW_HOLD","Inventory-only snapshot; no page-quality review or exclusion decision has been approved","false","unknown","registry-v1"
"url_1a90c4722b73","https://clinicaltrialfailures.com/trial/NCT03701711-lenalidomide-in-anti-mag-neuropathy-phase-1b-study","trial","REVIEW_HOLD","Inventory-only snapshot; no page-quality review or exclusion decision has been approved","false","unknown","registry-v1"
"url_32bee5d2c2d8","https://clinicaltrialfailures.com/trial/NCT05280717-relative-bioavailability-safety-and-tolerability-of-single-dose-sotrovimab-injec","trial","REVIEW_HOLD","Inventory-only snapshot; no page-quality review or exclusion decision has been approved","false","unknown","registry-v1"
"url_972c77e670ef","https://clinicaltrialfailures.com/trial/NCT03955146-zephyrus-i-evaluation-of-efficacy-and-safety-of-pamrevlumab-in-participants-with","trial","REVIEW_HOLD","Inventory-only snapshot; no page-quality review or exclusion decision has been approved","false","unknown","registry-v1"
"url_5e501b0c8489","https://clinicaltrialfailures.com/trial/NCT04747470-study-to-assess-the-effects-of-gs-3583-in-participants-with-advanced-solid-tumor","trial","REVIEW_HOLD","Inventory-only snapshot; no page-quality review or exclusion decision has been approved","false","unknown","registry-v1"
"url_16a0a0774913","https://clinicaltrialfailures.com/trial/NCT05579977-trial-to-learn-about-the-study-medicine-pf-07081532-and-rybelsus-in-people-with-","trial","REVIEW_HOLD","Inventory-only snapshot; no page-quality review or exclusion decision has been approved","false","unknown","registry-v1"
"url_99a45781b8c5","https://clinicaltrialfailures.com/trial/NCT05062083-pet-imaging-of-cyclooxygenase-in-multiple-sclerosis","trial","REVIEW_HOLD","Inventory-only snapshot; no page-quality review or exclusion decision has been approved","false","unknown","registry-v1"
"url_60566b058ff0","https://clinicaltrialfailures.com/trial/NCT05978063-study-to-evaluate-the-efficacy-and-safety-of-oral-difelikefalin-for-moderate-to-","trial","REVIEW_HOLD","Inventory-only snapshot; no page-quality review or exclusion decision has been approved","false","unknown","registry-v1"
"url_1bc898d34369","https://clinicaltrialfailures.com/trial/NCT04552899-a-study-to-evaluate-the-efficacy-and-safety-of-recombinant-human-pentraxin-2-rhp","trial","REVIEW_HOLD","Inventory-only snapshot; no page-quality review or exclusion decision has been approved","false","unknown","registry-v1"
"url_d775e1b8410f","https://clinicaltrialfailures.com/trial/NCT04154826-recombinant-interleukin-7-cyt107-to-treat-patients-with-refractory-nontuberculou","trial","REVIEW_HOLD","Inventory-only snapshot; no page-quality review or exclusion decision has been approved","false","unknown","registry-v1"
"url_7f9b4461ee60","https://clinicaltrialfailures.com/trial/NCT03005379-microbiota-or-placebo-after-antimicrobial-therapy-for-recurrent-c-difficile-at-h","trial","REVIEW_HOLD","Inventory-only snapshot; no page-quality review or exclusion decision has been approved","false","unknown","registry-v1"
"url_332e6488ad11","https://clinicaltrialfailures.com/trial/NCT04638153-a-study-of-safety-tolerability-and-effectiveness-of-recifercept-in-children-with","trial","REVIEW_HOLD","Inventory-only snapshot; no page-quality review or exclusion decision has been approved","false","unknown","registry-v1"
"url_8c345798de09","https://clinicaltrialfailures.com/trial/NCT02841540-a-study-of-h3b-8800-rvt-2001-in-participants-with-lower-risk-myelodysplastic-syn","trial","REVIEW_HOLD","Inventory-only snapshot; no page-quality review or exclusion decision has been approved","false","unknown","registry-v1"
"url_d64b2c9bb75b","https://clinicaltrialfailures.com/trial/NCT03493568-switch-from-dual-regimens-based-on-dolutegravir-plus-a-reverse-transcriptase-inh","trial","REVIEW_HOLD","Inventory-only snapshot; no page-quality review or exclusion decision has been approved","false","unknown","registry-v1"
"url_54a7bbc51d1a","https://clinicaltrialfailures.com/trial/NCT04634825-enoblituzumab-plus-retifanlimab-or-tebotelimab-in-head-and-neck-cancer","trial","REVIEW_HOLD","Inventory-only snapshot; no page-quality review or exclusion decision has been approved","false","unknown","registry-v1"
"url_aaf35ea62b75","https://clinicaltrialfailures.com/trial/NCT03890120-study-of-cilofexor-in-adults-with-primary-sclerosing-cholangitis","trial","REVIEW_HOLD","Inventory-only snapshot; no page-quality review or exclusion decision has been approved","false","unknown","registry-v1"
"url_0b75808bb9e6","https://clinicaltrialfailures.com/trial/NCT05038020-a-study-to-evaluate-the-efficacy-of-oral-akst4290-in-participants-with-moderatel","trial","REVIEW_HOLD","Inventory-only snapshot; no page-quality review or exclusion decision has been approved","false","unknown","registry-v1"
"url_e2a43fbd6773","https://clinicaltrialfailures.com/trial/NCT04049097-arimoclomol-in-sporadic-inclusion-body-myositis-open-label-extension-trial","trial","REVIEW_HOLD","Inventory-only snapshot; no page-quality review or exclusion decision has been approved","false","unknown","registry-v1"
"url_b7f381b33dc9","https://clinicaltrialfailures.com/trial/NCT05439941-a-long-term-extension-trial-in-participants-with-atopic-dermatitis-who-participa","trial","REVIEW_HOLD","Inventory-only snapshot; no page-quality review or exclusion decision has been approved","false","unknown","registry-v1"
"url_9d74241db9fa","https://clinicaltrialfailures.com/trial/NCT04311489-refractory-ascites-in-patients-with-liver-cirrhosis-and-the-potential-treatment-","trial","REVIEW_HOLD","Inventory-only snapshot; no page-quality review or exclusion decision has been approved","false","unknown","registry-v1"
"url_4a1192823094","https://clinicaltrialfailures.com/trial/NCT05156034-a-multiple-dose-study-to-evaluate-the-safety-tolerability-and-pharmacokinetics-o","trial","REVIEW_HOLD","Inventory-only snapshot; no page-quality review or exclusion decision has been approved","false","unknown","registry-v1"
"url_d1c900d5a5ef","https://clinicaltrialfailures.com/trial/NCT04336332-randomized-comparison-of-combination-azithromycin-and-hydroxychloroquine-vs-hydr","trial","REVIEW_HOLD","Inventory-only snapshot; no page-quality review or exclusion decision has been approved","false","unknown","registry-v1"
"url_8a9e06f5ca7f","https://clinicaltrialfailures.com/trial/NCT05448391-a-study-to-evaluate-rist4721-in-familial-mediterranean-fever-fmf","trial","REVIEW_HOLD","Inventory-only snapshot; no page-quality review or exclusion decision has been approved","false","unknown","registry-v1"
"url_5db89a89f089","https://clinicaltrialfailures.com/trial/NCT03123393-tak-659-in-participants-with-relapsed-or-refractory-diffuse-large-b-cell-lymphom","trial","REVIEW_HOLD","Inventory-only snapshot; no page-quality review or exclusion decision has been approved","false","unknown","registry-v1"
"url_15a836a974b7","https://clinicaltrialfailures.com/trial/NCT02539459-sporadic-angiomyolipomas-amls-growth-kinetics-while-on-everolimus","trial","REVIEW_HOLD","Inventory-only snapshot; no page-quality review or exclusion decision has been approved","false","unknown","registry-v1"
"url_a776a4b28c24","https://clinicaltrialfailures.com/trial/NCT02374853-topical-use-of-vancomycin-in-reducing-sternal-wound-infection-in-cardiac-surgery","trial","REVIEW_HOLD","Inventory-only snapshot; no page-quality review or exclusion decision has been approved","false","unknown","registry-v1"
"url_4dc2186e55ea","https://clinicaltrialfailures.com/trial/NCT04952519-efficacy-of-amantadine-treatment-in-covid-19-patients","trial","REVIEW_HOLD","Inventory-only snapshot; no page-quality review or exclusion decision has been approved","false","unknown","registry-v1"
"url_ac918538f2c7","https://clinicaltrialfailures.com/trial/NCT03273153-a-study-of-cobimetinib-plus-atezolizumab-versus-pembrolizumab-in-participants-wi","trial","REVIEW_HOLD","Inventory-only snapshot; no page-quality review or exclusion decision has been approved","false","unknown","registry-v1"
"url_1ecf5b1ec9a6","https://clinicaltrialfailures.com/trial/NCT02698189-a-dose-exploration-study-with-birabresib-mk-8628-in-participants-with-selected-h","trial","REVIEW_HOLD","Inventory-only snapshot; no page-quality review or exclusion decision has been approved","false","unknown","registry-v1"
"url_3d24452dd618","https://clinicaltrialfailures.com/trial/NCT03759041-a-study-to-assess-efficacy-and-safety-of-ser-287-in-adults-with-active-mild-to-m","trial","REVIEW_HOLD","Inventory-only snapshot; no page-quality review or exclusion decision has been approved","false","unknown","registry-v1"
"url_8d6e3b17e890","https://clinicaltrialfailures.com/trial/NCT04345289-efficacy-and-safety-of-novel-treatment-options-for-adults-with-covid-19-pneumoni","trial","REVIEW_HOLD","Inventory-only snapshot; no page-quality review or exclusion decision has been approved","false","unknown","registry-v1"
"url_43338db4acc8","https://clinicaltrialfailures.com/trial/NCT03733444-a-clinical-study-to-test-how-effective-and-safe-glpg1690-is-for-participants-wit","trial","REVIEW_HOLD","Inventory-only snapshot; no page-quality review or exclusion decision has been approved","false","unknown","registry-v1"
"url_bbe5676674d5","https://clinicaltrialfailures.com/trial/NCT03591874-study-of-brimonidine-tartrate-nanoemulsion-eye-drops-in-patients-with-ocular-gra","trial","REVIEW_HOLD","Inventory-only snapshot; no page-quality review or exclusion decision has been approved","false","unknown","registry-v1"
"url_9abda7543eb5","https://clinicaltrialfailures.com/trial/NCT00573131-efficacy-and-safety-of-oncogel-added-to-chemotherapy-and-radiation-before-surger","trial","REVIEW_HOLD","Inventory-only snapshot; no page-quality review or exclusion decision has been approved","false","unknown","registry-v1"
"url_c0abdf9a823f","https://clinicaltrialfailures.com/trial/NCT04371393-mscs-in-covid-19-ards","trial","REVIEW_HOLD","Inventory-only snapshot; no page-quality review or exclusion decision has been approved","false","unknown","registry-v1"
"url_8ee7f764e6fe","https://clinicaltrialfailures.com/trial/NCT03976648-a-clinical-study-to-test-long-term-safety-of-glpg1690-for-patients-with-systemic","trial","REVIEW_HOLD","Inventory-only snapshot; no page-quality review or exclusion decision has been approved","false","unknown","registry-v1"
"url_93834bf769a0","https://clinicaltrialfailures.com/trial/NCT01199302-long-term-safety-study-of-brodalumab-in-adults-with-crohn-s-disease","trial","REVIEW_HOLD","Inventory-only snapshot; no page-quality review or exclusion decision has been approved","false","unknown","registry-v1"
"url_e749f352720c","https://clinicaltrialfailures.com/trial/NCT01018563-an-open-label-extension-study-of-the-efficacy-of-morab-003","trial","REVIEW_HOLD","Inventory-only snapshot; no page-quality review or exclusion decision has been approved","false","unknown","registry-v1"
"url_618a2cfc2ce5","https://clinicaltrialfailures.com/trial/NCT00402883-chemotherapy-radiotherapy-and-bevacizumab-in-patients-with-unresectable-stage-ii","trial","REVIEW_HOLD","Inventory-only snapshot; no page-quality review or exclusion decision has been approved","false","unknown","registry-v1"
"url_0c073225e7c4","https://clinicaltrialfailures.com/trial/NCT02221765-safety-tolerability-and-efficacy-study-of-pp1420-in-hv","trial","REVIEW_HOLD","Inventory-only snapshot; no page-quality review or exclusion decision has been approved","false","unknown","registry-v1"
"url_63a76a75f829","https://clinicaltrialfailures.com/trial/NCT01956812-phase-3-trial-of-90y-clivatuzumab-tetraxetan-and-gemcitabine-vs-placebo-and-gemc","trial","REVIEW_HOLD","Inventory-only snapshot; no page-quality review or exclusion decision has been approved","false","unknown","registry-v1"
"url_6a2229148656","https://clinicaltrialfailures.com/trial/NCT03325894-safety-and-tolerability-study-of-shp465-in-children-aged-4-to-12-years-diagnosed","trial","REVIEW_HOLD","Inventory-only snapshot; no page-quality review or exclusion decision has been approved","false","unknown","registry-v1"
"url_22091039f20e","https://clinicaltrialfailures.com/trial/NCT00866242-safety-and-efficacy-challenge-study-of-cvd-1208s-a-live-attenuated-oral-vaccine-","trial","REVIEW_HOLD","Inventory-only snapshot; no page-quality review or exclusion decision has been approved","false","unknown","registry-v1"
"url_d9febe22d4b1","https://clinicaltrialfailures.com/trial/NCT01557452-open-label-extension-of-the-dose-finding-study-dsc-08-2357-36-in-patients-with-p","trial","REVIEW_HOLD","Inventory-only snapshot; no page-quality review or exclusion decision has been approved","false","unknown","registry-v1"
"url_0e54c107b054","https://clinicaltrialfailures.com/trial/NCT04232397-anlotinib-treatment-in-steroid-depenent-refractory-cgvhd","trial","REVIEW_HOLD","Inventory-only snapshot; no page-quality review or exclusion decision has been approved","false","unknown","registry-v1"
"url_f3b29b55bdeb","https://clinicaltrialfailures.com/trial/NCT03449030-a-study-of-tak-164-in-participants-with-advanced-gastrointestinal-gi-cancer-expr","trial","REVIEW_HOLD","Inventory-only snapshot; no page-quality review or exclusion decision has been approved","false","unknown","registry-v1"
"url_9bf6959451ca","https://clinicaltrialfailures.com/trial/NCT03279809-the-effect-of-aspirin-on-patency-of-metal-stent-in-malignant-distal-bile-duct-ob","trial","REVIEW_HOLD","Inventory-only snapshot; no page-quality review or exclusion decision has been approved","false","unknown","registry-v1"
"url_212a0532d6ab","https://clinicaltrialfailures.com/trial/NCT02698176-a-dose-exploration-study-with-birabresib-mk-8628-in-participants-with-selected-a","trial","REVIEW_HOLD","Inventory-only snapshot; no page-quality review or exclusion decision has been approved","false","unknown","registry-v1"
"url_3d7a0abdef8c","https://clinicaltrialfailures.com/trial/NCT00515528-vaccination-plus-ontak-in-patients-with-metastatic-melanoma","trial","REVIEW_HOLD","Inventory-only snapshot; no page-quality review or exclusion decision has been approved","false","unknown","registry-v1"
"url_a472b8214373","https://clinicaltrialfailures.com/trial/NCT03472326-study-to-evaluate-the-efficacy-of-gs-9131-functional-monotherapy-in-human-immuno","trial","REVIEW_HOLD","Inventory-only snapshot; no page-quality review or exclusion decision has been approved","false","unknown","registry-v1"
"url_e918e4873adc","https://clinicaltrialfailures.com/trial/NCT01495247-phase-ib-ii-trial-of-bez235-with-paclitaxel-in-patients-with-her2-negative-local","trial","REVIEW_HOLD","Inventory-only snapshot; no page-quality review or exclusion decision has been approved","false","unknown","registry-v1"
"url_f5911c686492","https://clinicaltrialfailures.com/trial/NCT03358407-gsk2983559-first-time-in-human-study","trial","REVIEW_HOLD","Inventory-only snapshot; no page-quality review or exclusion decision has been approved","false","unknown","registry-v1"
"url_beeb6f51776d","https://clinicaltrialfailures.com/trial/NCT03037645-safety-pk-pd-and-antitumor-activity-of-vecabrutinib-sns-062-in-b-lymphoid-cancer","trial","REVIEW_HOLD","Inventory-only snapshot; no page-quality review or exclusion decision has been approved","false","unknown","registry-v1"
"url_7bbca13657f7","https://clinicaltrialfailures.com/trial/NCT03106753-success-of-external-cephalic-version-study","trial","REVIEW_HOLD","Inventory-only snapshot; no page-quality review or exclusion decision has been approved","false","unknown","registry-v1"
"url_5c3fee9fd1f0","https://clinicaltrialfailures.com/trial/NCT01532362-evaluation-of-apricoxib-selective-cyclooxygenase-2-inhibition-in-modulating-t-re","trial","REVIEW_HOLD","Inventory-only snapshot; no page-quality review or exclusion decision has been approved","false","unknown","registry-v1"
"url_f9a15e0d0528","https://clinicaltrialfailures.com/trial/NCT02997189-study-of-oto-104-in-subjects-at-risk-from-cisplatin-induced-hearing-loss","trial","REVIEW_HOLD","Inventory-only snapshot; no page-quality review or exclusion decision has been approved","false","unknown","registry-v1"
"url_8608bb3d1032","https://clinicaltrialfailures.com/trial/NCT03471559-cannabidiol-an-in-vivo-innovative-drug-delivery-study","trial","REVIEW_HOLD","Inventory-only snapshot; no page-quality review or exclusion decision has been approved","false","unknown","registry-v1"
"url_be235ffccc54","https://clinicaltrialfailures.com/trial/NCT04434378-tamsulosin-to-prevent-postoperative-urinary-retention-in-laparoscopic-inguinal-h","trial","REVIEW_HOLD","Inventory-only snapshot; no page-quality review or exclusion decision has been approved","false","unknown","registry-v1"
"url_a13ebc709ebe","https://clinicaltrialfailures.com/trial/NCT02061774-postoperative-opioid-use-and-pain-scores-in-patients-undergoing-transforaminal-l","trial","REVIEW_HOLD","Inventory-only snapshot; no page-quality review or exclusion decision has been approved","false","unknown","registry-v1"
"url_7a4aca913f8b","https://clinicaltrialfailures.com/trial/NCT02535364-study-evaluating-the-efficacy-and-safety-of-jcar015-in-adult-b-cell-acute-lympho","trial","REVIEW_HOLD","Inventory-only snapshot; no page-quality review or exclusion decision has been approved","false","unknown","registry-v1"
"url_877eecdae398","https://clinicaltrialfailures.com/trial/NCT02653131-the-use-of-dpp-4-inhibitors-in-short-bowel-syndrome","trial","REVIEW_HOLD","Inventory-only snapshot; no page-quality review or exclusion decision has been approved","false","unknown","registry-v1"
"url_8126751a354b","https://clinicaltrialfailures.com/trial/NCT03568071-a-study-to-assess-efficacy-safety-tolerability-and-pharmacokinetics-pk-pharmacod","trial","REVIEW_HOLD","Inventory-only snapshot; no page-quality review or exclusion decision has been approved","false","unknown","registry-v1"
"url_a95df9a29ebc","https://clinicaltrialfailures.com/trial/NCT02452424-a-combination-clinical-study-of-plx3397-and-pembrolizumab-to-treat-advanced-mela","trial","REVIEW_HOLD","Inventory-only snapshot; no page-quality review or exclusion decision has been approved","false","unknown","registry-v1"
"url_6a33169f4d81","https://clinicaltrialfailures.com/trial/NCT03828929-effect-of-iv-vitamin-c-thiamine-and-steroids-on-mortality-of-septic-shock","trial","REVIEW_HOLD","Inventory-only snapshot; no page-quality review or exclusion decision has been approved","false","unknown","registry-v1"
"url_87122b58e335","https://clinicaltrialfailures.com/trial/NCT02034123-investigation-of-gsk2879552-in-subjects-with-relapsed-refractory-small-cell-lung","trial","REVIEW_HOLD","Inventory-only snapshot; no page-quality review or exclusion decision has been approved","false","unknown","registry-v1"
"url_5bc607da9607","https://clinicaltrialfailures.com/trial/NCT03675854-defining-the-optimal-duration-of-treatment-for-low-risk-peritoneal-dialysis-rela","trial","REVIEW_HOLD","Inventory-only snapshot; no page-quality review or exclusion decision has been approved","false","unknown","registry-v1"
"url_e7e60e5a2a74","https://clinicaltrialfailures.com/trial/NCT01113801-a-study-in-participants-with-diabetic-kidney-disease","trial","REVIEW_HOLD","Inventory-only snapshot; no page-quality review or exclusion decision has been approved","false","unknown","registry-v1"
"url_10bb316b3c8d","https://clinicaltrialfailures.com/trial/NCT02337478-vincristine-sulfate-liposome-in-treating-patients-with-relapsed-or-refractory-ac","trial","REVIEW_HOLD","Inventory-only snapshot; no page-quality review or exclusion decision has been approved","false","unknown","registry-v1"
"url_3be1f8d382f0","https://clinicaltrialfailures.com/trial/NCT03418571-evaluation-of-alx-0171-in-japanese-children-hospitalized-for-respiratory-syncyti","trial","REVIEW_HOLD","Inventory-only snapshot; no page-quality review or exclusion decision has been approved","false","unknown","registry-v1"
"url_0545ccbc7cfe","https://clinicaltrialfailures.com/trial/NCT00325572-evaluation-and-treatment-of-copper-zinc-imbalance-in-children-with-autism","trial","REVIEW_HOLD","Inventory-only snapshot; no page-quality review or exclusion decision has been approved","false","unknown","registry-v1"
"url_db9d214669d8","https://clinicaltrialfailures.com/trial/NCT02723786-efficacy-safety-tolerability-and-pharmacokinetic-pk-study-of-gsk1070806-for-the-","trial","REVIEW_HOLD","Inventory-only snapshot; no page-quality review or exclusion decision has been approved","false","unknown","registry-v1"
"url_6ec5a8cd283f","https://clinicaltrialfailures.com/trial/NCT03832517-single-and-multiple-dose-escalation-trial-of-an-intravenous-antibiotic-rc-01","trial","REVIEW_HOLD","Inventory-only snapshot; no page-quality review or exclusion decision has been approved","false","unknown","registry-v1"
"url_e4dbc54e9fb6","https://clinicaltrialfailures.com/trial/NCT03061708-trial-of-single-agent-azd2014-in-rictor-amplified-gc-patients-as-second-line-the","trial","REVIEW_HOLD","Inventory-only snapshot; no page-quality review or exclusion decision has been approved","false","unknown","registry-v1"
"url_3666fcbc2dde","https://clinicaltrialfailures.com/trial/NCT01467076-inhaled-prostaglandin-e1-ipge1-for-hypoxemic-respiratory-failure-nhrf","trial","REVIEW_HOLD","Inventory-only snapshot; no page-quality review or exclusion decision has been approved","false","unknown","registry-v1"
"url_7d0c8f0276bc","https://clinicaltrialfailures.com/trial/NCT03892161-clinical-evaluation-of-adjusted-doses-of-darunavir-ritonavir-with-rifampicin-in-","trial","REVIEW_HOLD","Inventory-only snapshot; no page-quality review or exclusion decision has been approved","false","unknown","registry-v1"
"url_92c240d4171b","https://clinicaltrialfailures.com/trial/NCT02764229-open-label-extension-study-to-assess-safety-and-tolerability-of-lyc-30937-ec-in-","trial","REVIEW_HOLD","Inventory-only snapshot; no page-quality review or exclusion decision has been approved","false","unknown","registry-v1"
"url_4e94e46b0872","https://clinicaltrialfailures.com/trial/NCT03590860-a-study-of-ly3322207-in-healthy-participants-and-in-participants-with-hypertensi","trial","REVIEW_HOLD","Inventory-only snapshot; no page-quality review or exclusion decision has been approved","false","unknown","registry-v1"
"url_fee77e18d57a","https://clinicaltrialfailures.com/trial/NCT01195974-a-study-to-evaluate-the-pharmacokinetics-of-an-oral-contraceptive-when-co-admini","trial","REVIEW_HOLD","Inventory-only snapshot; no page-quality review or exclusion decision has been approved","false","unknown","registry-v1"
"url_e2307b5190eb","https://clinicaltrialfailures.com/trial/NCT00958412-study-evaluating-the-safety-and-efficacy-of-proellex-in-the-treatment-of-endomet","trial","REVIEW_HOLD","Inventory-only snapshot; no page-quality review or exclusion decision has been approved","false","unknown","registry-v1"
"url_0899828f0191","https://clinicaltrialfailures.com/trial/NCT02612428-randomized-open-label-multicenter-controlled-pivotal-study-to-assess-safety-and-","trial","REVIEW_HOLD","Inventory-only snapshot; no page-quality review or exclusion decision has been approved","false","unknown","registry-v1"
"url_64049493151d","https://clinicaltrialfailures.com/trial/NCT01852110-efficacy-and-safety-of-mk-7622-as-adjunct-therapy-in-participants-with-alzheimer","trial","REVIEW_HOLD","Inventory-only snapshot; no page-quality review or exclusion decision has been approved","false","unknown","registry-v1"
"url_b12840edac32","https://clinicaltrialfailures.com/trial/NCT02460354-metformin-and-congenital-nephrogenic-diabetes-insipidus","trial","REVIEW_HOLD","Inventory-only snapshot; no page-quality review or exclusion decision has been approved","false","unknown","registry-v1"
"url_760275ee29c5","https://clinicaltrialfailures.com/trial/NCT01009346-rad001-in-combination-with-cetuximab-and-cisplatin-in-recurrent-and-metastatic-s","trial","REVIEW_HOLD","Inventory-only snapshot; no page-quality review or exclusion decision has been approved","false","unknown","registry-v1"
"url_061b3ef3f72d","https://clinicaltrialfailures.com/trial/NCT01482949-a-rollover-protocol-for-subjects-previously-treated-with-ags-003","trial","REVIEW_HOLD","Inventory-only snapshot; no page-quality review or exclusion decision has been approved","false","unknown","registry-v1"
"url_4fbd8053bda2","https://clinicaltrialfailures.com/trial/NCT01215942-an-open-label-study-for-participants-with-rheumatoid-arthritis","trial","REVIEW_HOLD","Inventory-only snapshot; no page-quality review or exclusion decision has been approved","false","unknown","registry-v1"
"url_7d39c0993fbf","https://clinicaltrialfailures.com/trial/NCT01200589-single-agent-ofatumumab-vs-single-agent-rituximab-in-indolent-b-cell-non-hodgkin","trial","REVIEW_HOLD","Inventory-only snapshot; no page-quality review or exclusion decision has been approved","false","unknown","registry-v1"
"url_0937e187fa20","https://clinicaltrialfailures.com/trial/NCT03253185-a-study-of-sc-007-in-subjects-with-advanced-cancer","trial","REVIEW_HOLD","Inventory-only snapshot; no page-quality review or exclusion decision has been approved","false","unknown","registry-v1"
"url_c91afd249ba2","https://clinicaltrialfailures.com/trial/NCT01921985-terlipressin-administration-in-patients-undergoing-major-liver-resection","trial","REVIEW_HOLD","Inventory-only snapshot; no page-quality review or exclusion decision has been approved","false","unknown","registry-v1"
"url_6fa8486f6db8","https://clinicaltrialfailures.com/trial/NCT01402817-study-of-sutent-sunitinib-su11248-in-subjects-with-nf-1-plexiform-neurofibromas","trial","REVIEW_HOLD","Inventory-only snapshot; no page-quality review or exclusion decision has been approved","false","unknown","registry-v1"
"url_44a2fc23c785","https://clinicaltrialfailures.com/trial/NCT01668550-a-phase-i-study-of-azd0424-alone-and-in-combination-in-advanced-solid-tumours","trial","REVIEW_HOLD","Inventory-only snapshot; no page-quality review or exclusion decision has been approved","false","unknown","registry-v1"
"url_07f33c48bc5f","https://clinicaltrialfailures.com/trial/NCT00471237-a-phase-ii-study-evaluating-sb-751689-in-post-menopausal-women-with-osteoporosis","trial","REVIEW_HOLD","Inventory-only snapshot; no page-quality review or exclusion decision has been approved","false","unknown","registry-v1"
"url_a7f5e35b391e","https://clinicaltrialfailures.com/trial/NCT00964288-effect-of-gsk1014802-on-electrical-hyperalgesia-and-threshold-tracking-in-health","trial","REVIEW_HOLD","Inventory-only snapshot; no page-quality review or exclusion decision has been approved","false","unknown","registry-v1"
"url_5259b732edd5","https://clinicaltrialfailures.com/trial/NCT02496975-traumatic-brain-injury-and-effects-of-acute-cyclosporine-a","trial","REVIEW_HOLD","Inventory-only snapshot; no page-quality review or exclusion decision has been approved","false","unknown","registry-v1"
"url_de23e797d26c","https://clinicaltrialfailures.com/trial/NCT00994253-evaluating-the-effect-of-aliskiren-versus-hctz-on-coronary-flow-reserve-in-hyper","trial","REVIEW_HOLD","Inventory-only snapshot; no page-quality review or exclusion decision has been approved","false","unknown","registry-v1"
"url_0efd311869d8","https://clinicaltrialfailures.com/trial/NCT01702350-a-four-part-study-to-investigate-relative-bioavailability-safety-and-tolerabilit","trial","REVIEW_HOLD","Inventory-only snapshot; no page-quality review or exclusion decision has been approved","false","unknown","registry-v1"
"url_bd77e56d9666","https://clinicaltrialfailures.com/trial/NCT02753218-a-phase-i-study-with-leo-32731-and-midazolam-in-healthy-male-subjects","trial","REVIEW_HOLD","Inventory-only snapshot; no page-quality review or exclusion decision has been approved","false","unknown","registry-v1"
"url_8806474def9e","https://clinicaltrialfailures.com/trial/NCT02555085-single-ascending-doses-of-biib063-in-healthy-volunteers","trial","REVIEW_HOLD","Inventory-only snapshot; no page-quality review or exclusion decision has been approved","false","unknown","registry-v1"
"url_bb8ff494ee0f","https://clinicaltrialfailures.com/trial/NCT01712074-study-evaluating-thesafety-and-efficacy-of-pf-05212377-or-placebo-in-subjects-wi","trial","REVIEW_HOLD","Inventory-only snapshot; no page-quality review or exclusion decision has been approved","false","unknown","registry-v1"
"url_ac5379b1d0b4","https://clinicaltrialfailures.com/trial/NCT01261767-first-human-dose-study-of-anti-il-20-in-psoriasis-a-study-of-safety-tolerability","trial","REVIEW_HOLD","Inventory-only snapshot; no page-quality review or exclusion decision has been approved","false","unknown","registry-v1"
"url_72367820c372","https://clinicaltrialfailures.com/trial/NCT01480388-a-dose-range-finding-study-of-jnj-39758979-in-patients-with-active-rheumatoid-ar","trial","REVIEW_HOLD","Inventory-only snapshot; no page-quality review or exclusion decision has been approved","false","unknown","registry-v1"
"url_3caefb1713a7","https://clinicaltrialfailures.com/trial/NCT01450696-a-study-of-herceptin-trastuzumab-in-combination-with-cisplatin-capecitabine-chem","trial","REVIEW_HOLD","Inventory-only snapshot; no page-quality review or exclusion decision has been approved","false","unknown","registry-v1"
"url_a5915bdc8c40","https://clinicaltrialfailures.com/trial/NCT01538251-efficacy-safety-and-tolerability-of-propionyl-l-carnitine-hydrochloride-in-patie","trial","REVIEW_HOLD","Inventory-only snapshot; no page-quality review or exclusion decision has been approved","false","unknown","registry-v1"
"url_f2e78c70f5c3","https://clinicaltrialfailures.com/trial/NCT00023244-steroid-withdrawal-in-pediatric-kidney-transplant-recipients","trial","REVIEW_HOLD","Inventory-only snapshot; no page-quality review or exclusion decision has been approved","false","unknown","registry-v1"
"url_efe1cfb700dc","https://clinicaltrialfailures.com/trial/NCT00676559-combined-approach-to-treatment-using-ranibizumab-and-efalizumab-for-diabetic-mac","trial","REVIEW_HOLD","Inventory-only snapshot; no page-quality review or exclusion decision has been approved","false","unknown","registry-v1"
"url_8f1d6523eadb","https://clinicaltrialfailures.com/trial/NCT01888965-maintenance-dovitinib-for-colorectal-and-pancreas-cancer","trial","REVIEW_HOLD","Inventory-only snapshot; no page-quality review or exclusion decision has been approved","false","unknown","registry-v1"
"url_713adb78983f","https://clinicaltrialfailures.com/trial/NCT01515969-phase-1-erlotinib-and-dovitinib-tki258-in-advanced-non-small-cell-lung-cancer-ns","trial","REVIEW_HOLD","Inventory-only snapshot; no page-quality review or exclusion decision has been approved","false","unknown","registry-v1"
"url_67aee14470b1","https://clinicaltrialfailures.com/trial/NCT00366795-satavaptan-for-the-prevention-of-ascites-recurrence-in-patients-with-ascites-due","trial","REVIEW_HOLD","Inventory-only snapshot; no page-quality review or exclusion decision has been approved","false","unknown","registry-v1"
"url_d0ba52e11293","https://clinicaltrialfailures.com/trial/NCT00729027-evaluation-of-safety-and-efficacy-of-ave5530-as-add-on-to-ongoing-statins-in-pat","trial","REVIEW_HOLD","Inventory-only snapshot; no page-quality review or exclusion decision has been approved","false","unknown","registry-v1"
"url_8a9d42d8bf4a","https://clinicaltrialfailures.com/trial/NCT00859339-neoadjuvant-cisplatin-gemcitabine-sunitinib-malate-radical-cystectomy-for-tcc","trial","REVIEW_HOLD","Inventory-only snapshot; no page-quality review or exclusion decision has been approved","false","unknown","registry-v1"
"url_283e4f792766","https://clinicaltrialfailures.com/trial/NCT00585156-the-effects-of-celecoxib-on-bone-ingrowth","trial","REVIEW_HOLD","Inventory-only snapshot; no page-quality review or exclusion decision has been approved","false","unknown","registry-v1"
"url_a083b0795c1a","https://clinicaltrialfailures.com/trial/NCT00526799-sorafenib-topotecan-for-platinum-resistant-recurrent-ovarian-cancer","trial","REVIEW_HOLD","Inventory-only snapshot; no page-quality review or exclusion decision has been approved","false","unknown","registry-v1"
"url_9ac1546505bb","https://clinicaltrialfailures.com/trial/NCT02243787-safety-and-tolerability-study-of-cova322-in-patients-with-stable-chronic-moderat","trial","REVIEW_HOLD","Inventory-only snapshot; no page-quality review or exclusion decision has been approved","false","unknown","registry-v1"
"url_ad3be501e8e8","https://clinicaltrialfailures.com/trial/NCT01225159-tight-glycaemic-control-during-cardiac-surgery","trial","REVIEW_HOLD","Inventory-only snapshot; no page-quality review or exclusion decision has been approved","false","unknown","registry-v1"
"url_06eae7b5d9c1","https://clinicaltrialfailures.com/trial/NCT01539018-sorafenib-plus-tegafur-uracil-uft-versus-sorafenib-as-first-line-systemic-treatm","trial","REVIEW_HOLD","Inventory-only snapshot; no page-quality review or exclusion decision has been approved","false","unknown","registry-v1"
"url_a5d47feea6cb","https://clinicaltrialfailures.com/trial/NCT01413581-comparison-of-rhbssl-with-placebo-when-added-to-infant-formula-or-pasteurized-br","trial","REVIEW_HOLD","Inventory-only snapshot; no page-quality review or exclusion decision has been approved","false","unknown","registry-v1"
"url_f277f5b86580","https://clinicaltrialfailures.com/trial/NCT02083276-mecillinam-for-treatment-of-genital-chlamydia-infection","trial","REVIEW_HOLD","Inventory-only snapshot; no page-quality review or exclusion decision has been approved","false","unknown","registry-v1"
"url_257a456be452","https://clinicaltrialfailures.com/trial/NCT00690118-study-of-pioglitazone-in-patients-with-amyotrophic-lateral-sclerosis","trial","REVIEW_HOLD","Inventory-only snapshot; no page-quality review or exclusion decision has been approved","false","unknown","registry-v1"
"url_e9742bb46634","https://clinicaltrialfailures.com/trial/NCT01262274-randomized-phase-ii-trial-of-anastrozole-plus-metronomic-tegafur-uracil-as-neo-a","trial","REVIEW_HOLD","Inventory-only snapshot; no page-quality review or exclusion decision has been approved","false","unknown","registry-v1"
"url_48134f7ad2ac","https://clinicaltrialfailures.com/trial/NCT01615822-safety-tolerability-and-pharmacokinetics-pk-of-co-administered-single-doses-of-o","trial","REVIEW_HOLD","Inventory-only snapshot; no page-quality review or exclusion decision has been approved","false","unknown","registry-v1"
"url_8bbd538e10bb","https://clinicaltrialfailures.com/trial/NCT00740545-prevention-of-unexplained-recurrent-abortion-by-enoxaparine","trial","REVIEW_HOLD","Inventory-only snapshot; no page-quality review or exclusion decision has been approved","false","unknown","registry-v1"
"url_f1ccd1e55fec","https://clinicaltrialfailures.com/trial/NCT01592773-safety-study-of-memantine-in-pediatric-patients-with-autism-asperger-s-disorder-","trial","REVIEW_HOLD","Inventory-only snapshot; no page-quality review or exclusion decision has been approved","false","unknown","registry-v1"
"url_e8ce0eb23aba","https://clinicaltrialfailures.com/trial/NCT06079190-efficacy-and-safety-of-gsk4527226-al101-in-participants-with-early-alzheimer-s-d","trial","REVIEW_HOLD","Inventory-only snapshot; no page-quality review or exclusion decision has been approved","false","unknown","registry-v1"
"url_74487419f8db","https://clinicaltrialfailures.com/trial/NCT06441682-a-safety-and-efficacy-study-of-argx-119-in-adult-patients-with-amyotrophic-later","trial","REVIEW_HOLD","Inventory-only snapshot; no page-quality review or exclusion decision has been approved","false","unknown","registry-v1"
"url_ad7ac6160ad5","https://clinicaltrialfailures.com/trial/NCT05018585-a-phase-iii-study-to-investigate-if-the-study-drug-diamyd-can-preserve-insulin-p","trial","REVIEW_HOLD","Inventory-only snapshot; no page-quality review or exclusion decision has been approved","false","unknown","registry-v1"
"url_e9d0d0d42438","https://clinicaltrialfailures.com/trial/NCT04204252-phase-iii-efficacy-and-safety-of-kamada-aat-for-inhalation","trial","REVIEW_HOLD","Inventory-only snapshot; no page-quality review or exclusion decision has been approved","false","unknown","registry-v1"
"url_2492dc6895e6","https://clinicaltrialfailures.com/trial/NCT06961370-a-study-to-investigate-safety-tolerability-pharmacokinetics-pk-pharmacodynamics-","trial","REVIEW_HOLD","Inventory-only snapshot; no page-quality review or exclusion decision has been approved","false","unknown","registry-v1"
"url_4bdd968bc470","https://clinicaltrialfailures.com/trial/NCT06217939-early-intravenous-hydrocortisone-in-sepsis","trial","REVIEW_HOLD","Inventory-only snapshot; no page-quality review or exclusion decision has been approved","false","unknown","registry-v1"
"url_9353c1d51c5d","https://clinicaltrialfailures.com/trial/NCT04173273-a-study-evaluating-the-efficacy-and-safety-of-oral-etrasimod-in-the-treatment-of","trial","REVIEW_HOLD","Inventory-only snapshot; no page-quality review or exclusion decision has been approved","false","unknown","registry-v1"
"url_79bdb95a404d","https://clinicaltrialfailures.com/trial/NCT05419479-switch-maintenance-in-pancreatic","trial","REVIEW_HOLD","Inventory-only snapshot; no page-quality review or exclusion decision has been approved","false","unknown","registry-v1"
"url_b31eafa475c0","https://clinicaltrialfailures.com/trial/NCT05983965-study-of-tazemetostat-in-lymphoid-malignancies","trial","REVIEW_HOLD","Inventory-only snapshot; no page-quality review or exclusion decision has been approved","false","unknown","registry-v1"
"url_274ff39f907a","https://clinicaltrialfailures.com/trial/NCT06602453-a-study-to-evaluate-the-efficacy-and-safety-of-gdc-8264-in-preventing-cardiac-su","trial","REVIEW_HOLD","Inventory-only snapshot; no page-quality review or exclusion decision has been approved","false","unknown","registry-v1"
"url_bdf41556ef0e","https://clinicaltrialfailures.com/trial/NCT05534165-tecovirimat-in-non-hospitalized-patients-with-monkeypox","trial","REVIEW_HOLD","Inventory-only snapshot; no page-quality review or exclusion decision has been approved","false","unknown","registry-v1"
"url_1f1d6ede9852","https://clinicaltrialfailures.com/trial/NCT04217304-sonothrombolysis-in-patients-with-an-st-segment-elevation-myocardial-infarction-","trial","REVIEW_HOLD","Inventory-only snapshot; no page-quality review or exclusion decision has been approved","false","unknown","registry-v1"
"url_adece2eadd7a","https://clinicaltrialfailures.com/trial/NCT02744287-safety-and-activity-study-of-psca-targeted-car-t-cells-bpx-601-in-subjects-with-","trial","REVIEW_HOLD","Inventory-only snapshot; no page-quality review or exclusion decision has been approved","false","unknown","registry-v1"
"url_7c3a6ccff23a","https://clinicaltrialfailures.com/trial/NCT05592275-a-study-of-ly3540378-in-participants-with-worsening-chronic-heart-failure-with-p","trial","REVIEW_HOLD","Inventory-only snapshot; no page-quality review or exclusion decision has been approved","false","unknown","registry-v1"
"url_c367586a7d00","https://clinicaltrialfailures.com/trial/NCT06771921-a-first-in-human-trial-of-safety-and-efficacy-of-gen1078-in-participants-with-so","trial","REVIEW_HOLD","Inventory-only snapshot; no page-quality review or exclusion decision has been approved","false","unknown","registry-v1"
"url_1d519e531314","https://clinicaltrialfailures.com/trial/NCT05223647-chemo-immunotherapy-plus-thoracic-radiotherapy-in-extensive-stage-small-cell-lun","trial","REVIEW_HOLD","Inventory-only snapshot; no page-quality review or exclusion decision has been approved","false","unknown","registry-v1"
"url_ba61fc8d0c5b","https://clinicaltrialfailures.com/trial/NCT07029971-a-first-in-human-study-of-bb-tl1a-vial-hle-in-healthy-adults-and-people-with-ulc","trial","REVIEW_HOLD","Inventory-only snapshot; no page-quality review or exclusion decision has been approved","false","unknown","registry-v1"
"url_f10a53185eeb","https://clinicaltrialfailures.com/trial/NCT03902938-use-of-biodesign-otologic-graft-in-canal-wall-down-mastoidectomy-a-prospective-r","trial","REVIEW_HOLD","Inventory-only snapshot; no page-quality review or exclusion decision has been approved","false","unknown","registry-v1"
"url_ddf003aa0eae","https://clinicaltrialfailures.com/trial/NCT05028569-study-of-botox-injections-in-prevention-of-migraine-in-adult-participants-with-e","trial","REVIEW_HOLD","Inventory-only snapshot; no page-quality review or exclusion decision has been approved","false","unknown","registry-v1"
"url_ebf1f3fb9edf","https://clinicaltrialfailures.com/trial/NCT05516758-a-study-of-peresolimab-ly3462817-in-participants-with-moderately-to-severely-act","trial","REVIEW_HOLD","Inventory-only snapshot; no page-quality review or exclusion decision has been approved","false","unknown","registry-v1"
"url_fde220143d5a","https://clinicaltrialfailures.com/trial/NCT07116499-a-study-of-k-645-in-the-treatment-of-multiple-migraine-attacks","trial","REVIEW_HOLD","Inventory-only snapshot; no page-quality review or exclusion decision has been approved","false","unknown","registry-v1"
"url_4650d12b9024","https://clinicaltrialfailures.com/trial/NCT00688597-study-to-evaluate-the-safety-of-at2220-duvoglustat-in-pompe-disease","trial","REVIEW_HOLD","Inventory-only snapshot; no page-quality review or exclusion decision has been approved","false","unknown","registry-v1"
"url_724b939e5278","https://clinicaltrialfailures.com/trial/NCT04537299-covid-fis-pilot-in-covid-19-sars-cov-2-of-fisetin-in-older-adults-in-nursing-hom","trial","REVIEW_HOLD","Inventory-only snapshot; no page-quality review or exclusion decision has been approved","false","unknown","registry-v1"
"url_4db63eb9d446","https://clinicaltrialfailures.com/trial/NCT02813655-evaluation-of-the-effectiveness-and-tolerance-of-tetracosactide-synacthen-in-the","trial","REVIEW_HOLD","Inventory-only snapshot; no page-quality review or exclusion decision has been approved","false","unknown","registry-v1"
"url_19a21ddf32ed","https://clinicaltrialfailures.com/trial/NCT05630937-study-on-safety-and-efficacy-of-nms-01940153e-in-adult-patients-with-unresectabl","trial","REVIEW_HOLD","Inventory-only snapshot; no page-quality review or exclusion decision has been approved","false","unknown","registry-v1"
"url_d45a1b84d3d1","https://clinicaltrialfailures.com/trial/NCT04171219-talabostat-and-pembrolizumab-for-the-treatment-of-advanced-solid-cancers","trial","REVIEW_HOLD","Inventory-only snapshot; no page-quality review or exclusion decision has been approved","false","unknown","registry-v1"
"url_79e7397d3e29","https://clinicaltrialfailures.com/trial/NCT05111249-a-dose-range-finding-study-with-open-label-extension-to-evaluate-the-safety-of-o","trial","REVIEW_HOLD","Inventory-only snapshot; no page-quality review or exclusion decision has been approved","false","unknown","registry-v1"
"url_a05cb6ea997e","https://clinicaltrialfailures.com/trial/NCT05992922-a-study-to-assess-the-safety-and-efficacy-of-ic265-ophthalmic-solution-for-dry-e","trial","REVIEW_HOLD","Inventory-only snapshot; no page-quality review or exclusion decision has been approved","false","unknown","registry-v1"
"url_de3b19f03533","https://clinicaltrialfailures.com/trial/NCT06515418-efficacy-and-safety-of-oral-azelaprag-plus-once-weekly-tirzepatide-compared-with","trial","REVIEW_HOLD","Inventory-only snapshot; no page-quality review or exclusion decision has been approved","false","unknown","registry-v1"
"url_01c658179923","https://clinicaltrialfailures.com/trial/NCT02722512-trial-of-heat-shock-protein-peptide-complex-96-hsppc-96-vaccine","trial","REVIEW_HOLD","Inventory-only snapshot; no page-quality review or exclusion decision has been approved","false","unknown","registry-v1"
"url_e7d59a3dc2b5","https://clinicaltrialfailures.com/trial/NCT04102111-a-study-evaluating-participants-with-moderately-to-severely-active-crohn-s-disea","trial","REVIEW_HOLD","Inventory-only snapshot; no page-quality review or exclusion decision has been approved","false","unknown","registry-v1"
"url_140097dc3189","https://clinicaltrialfailures.com/trial/NCT04060888-a-study-of-ustekinumab-in-chinese-participants-with-active-systemic-lupus-erythe","trial","REVIEW_HOLD","Inventory-only snapshot; no page-quality review or exclusion decision has been approved","false","unknown","registry-v1"
"url_02ceebeb5186","https://clinicaltrialfailures.com/trial/NCT03411421-a-study-to-assess-the-safety-tolerability-and-pharmacokinetics-of-repeated-dosin","trial","REVIEW_HOLD","Inventory-only snapshot; no page-quality review or exclusion decision has been approved","false","unknown","registry-v1"
"url_b5a1f0ed5207","https://clinicaltrialfailures.com/trial/NCT03799003-a-study-of-asp1951-in-subjects-with-advanced-solid-tumors","trial","REVIEW_HOLD","Inventory-only snapshot; no page-quality review or exclusion decision has been approved","false","unknown","registry-v1"
"url_e907bb278e2d","https://clinicaltrialfailures.com/trial/NCT04627675-corvax12-sars-cov-2-spike-s-protein-plasmid-dna-vaccine-trial-for-covid-19-sars-","trial","REVIEW_HOLD","Inventory-only snapshot; no page-quality review or exclusion decision has been approved","false","unknown","registry-v1"
"url_6e988e07e1fe","https://clinicaltrialfailures.com/trial/NCT03447769-brief-title-study-of-efficacy-and-safety-of-canakinumab-as-adjuvant-therapy-in-a","trial","REVIEW_HOLD","Inventory-only snapshot; no page-quality review or exclusion decision has been approved","false","unknown","registry-v1"
"url_4daa23a51396","https://clinicaltrialfailures.com/trial/NCT03498716-a-study-comparing-atezolizumab-anti-pd-l1-antibody-in-combination-with-adjuvant-","trial","REVIEW_HOLD","Inventory-only snapshot; no page-quality review or exclusion decision has been approved","false","unknown","registry-v1"
"url_2e893bc745f2","https://clinicaltrialfailures.com/trial/NCT05456854-evaluation-of-kisspeptin-stimulated-insulin-secretion-with-hyperglycemic-clamp","trial","REVIEW_HOLD","Inventory-only snapshot; no page-quality review or exclusion decision has been approved","false","unknown","registry-v1"
"url_236e30b3c791","https://clinicaltrialfailures.com/trial/NCT05442775-a-phase-3-open-label-extension-of-courage-als-cy-5031","trial","REVIEW_HOLD","Inventory-only snapshot; no page-quality review or exclusion decision has been approved","false","unknown","registry-v1"
"url_c6f8a3c9dded","https://clinicaltrialfailures.com/trial/NCT04625114-the-potential-of-camostat-in-covid-19","trial","REVIEW_HOLD","Inventory-only snapshot; no page-quality review or exclusion decision has been approved","false","unknown","registry-v1"
"url_e399b3a21bb6","https://clinicaltrialfailures.com/trial/NCT00848601-safety-of-sgi-1776-a-pim-kinase-inhibitor-in-refractory-prostate-cancer-and-rela","trial","REVIEW_HOLD","Inventory-only snapshot; no page-quality review or exclusion decision has been approved","false","unknown","registry-v1"
"url_d3104950f093","https://clinicaltrialfailures.com/trial/NCT03616470-study-to-determine-the-efficacy-of-uproleselan-gmi-1271-in-combination-with-chem","trial","REVIEW_HOLD","Inventory-only snapshot; no page-quality review or exclusion decision has been approved","false","unknown","registry-v1"
"url_3bdcf7552ea4","https://clinicaltrialfailures.com/trial/NCT04907227-study-of-pembrolizumab-mk-3475-plus-docetaxel-versus-placebo-plus-docetaxel-in-c","trial","REVIEW_HOLD","Inventory-only snapshot; no page-quality review or exclusion decision has been approved","false","unknown","registry-v1"
"url_072d3ee4eae5","https://clinicaltrialfailures.com/trial/NCT04981717-a-study-to-examine-the-efficacy-and-safety-of-anti-fel-d-1-antibodies-injections","trial","REVIEW_HOLD","Inventory-only snapshot; no page-quality review or exclusion decision has been approved","false","unknown","registry-v1"
"url_3b7dd9fe700e","https://clinicaltrialfailures.com/trial/NCT05305040-study-of-posoleucel-alvr105-viralym-m-for-multi-virus-prevention-in-patients-pos","trial","REVIEW_HOLD","Inventory-only snapshot; no page-quality review or exclusion decision has been approved","false","unknown","registry-v1"
"url_334d53b615f4","https://clinicaltrialfailures.com/trial/NCT00779480-safety-tolerability-and-pharmacokinetic-pharmacodynamic-study-of-kw-2449-in-acut","trial","REVIEW_HOLD","Inventory-only snapshot; no page-quality review or exclusion decision has been approved","false","unknown","registry-v1"
"url_6a71237e8c49","https://clinicaltrialfailures.com/trial/NCT00648414-study-of-the-effect-of-clinical-procedures-on-drug-delivery-of-mylan-fentanyl-tr","trial","REVIEW_HOLD","Inventory-only snapshot; no page-quality review or exclusion decision has been approved","false","unknown","registry-v1"
"url_b5796f2d59c1","https://clinicaltrialfailures.com/trial/NCT06029530-delaying-the-onset-of-nearsightedness-until-treatment-study","trial","REVIEW_HOLD","Inventory-only snapshot; no page-quality review or exclusion decision has been approved","false","unknown","registry-v1"
"url_7d480893f384","https://clinicaltrialfailures.com/trial/NCT00310232-epoetin-alfa-in-advanced-non-small-cell-lung-cancer-epo-can-20","trial","REVIEW_HOLD","Inventory-only snapshot; no page-quality review or exclusion decision has been approved","false","unknown","registry-v1"
"url_f85dec1f2a1b","https://clinicaltrialfailures.com/trial/NCT04592341-a-study-to-evaluate-the-pharmacodynamic-pd-effects-of-once-weekly-administration","trial","REVIEW_HOLD","Inventory-only snapshot; no page-quality review or exclusion decision has been approved","false","unknown","registry-v1"
"url_002772d5b06b","https://clinicaltrialfailures.com/trial/NCT04746963-safety-and-bioactivity-of-axt107-in-subjects-with-neovascular-age-related-macula","trial","REVIEW_HOLD","Inventory-only snapshot; no page-quality review or exclusion decision has been approved","false","unknown","registry-v1"
"url_26c32873cb3a","https://clinicaltrialfailures.com/trial/NCT04371666-phase-3-trial-of-pamrevlumab-or-placebo-with-systemic-corticosteroids-in-partici","trial","REVIEW_HOLD","Inventory-only snapshot; no page-quality review or exclusion decision has been approved","false","unknown","registry-v1"
"url_71e7d6611955","https://clinicaltrialfailures.com/trial/NCT04339413-a-study-to-evaluate-the-safety-and-tolerability-of-long-term-administration-of-g","trial","REVIEW_HOLD","Inventory-only snapshot; no page-quality review or exclusion decision has been approved","false","unknown","registry-v1"
"url_8055450a7375","https://clinicaltrialfailures.com/trial/NCT04329949-study-of-relacorilant-in-combination-with-nab-paclitaxel-in-patients-with-metast","trial","REVIEW_HOLD","Inventory-only snapshot; no page-quality review or exclusion decision has been approved","false","unknown","registry-v1"
"url_1b464917dd0b","https://clinicaltrialfailures.com/trial/NCT04160468-direct-lysis-of-staph-aureus-resistant-pathogen-trial-of-exebacase","trial","REVIEW_HOLD","Inventory-only snapshot; no page-quality review or exclusion decision has been approved","false","unknown","registry-v1"
"url_595c250ce9eb","https://clinicaltrialfailures.com/trial/NCT01160926-dual-rectcal-angiogenesis-or-mek-inhibition-radiotherapy-trial","trial","REVIEW_HOLD","Inventory-only snapshot; no page-quality review or exclusion decision has been approved","false","unknown","registry-v1"
"url_891d74d63486","https://clinicaltrialfailures.com/trial/NCT04650451-safety-and-activity-study-of-her2-targeted-dual-switch-car-t-cells-bpx-603-in-su","trial","REVIEW_HOLD","Inventory-only snapshot; no page-quality review or exclusion decision has been approved","false","unknown","registry-v1"
"url_f895cd0ddf7f","https://clinicaltrialfailures.com/trial/NCT04489940-bintrafusp-alfa-in-high-mobility-group-at-hook-2-hmga2-expressing-triple-negativ","trial","REVIEW_HOLD","Inventory-only snapshot; no page-quality review or exclusion decision has been approved","false","unknown","registry-v1"
"url_dd53718f1c86","https://clinicaltrialfailures.com/trial/NCT03119064-bruog-329-onivyde-and-metronomic-temozolomide-in-recurrent-glioblastoma","trial","REVIEW_HOLD","Inventory-only snapshot; no page-quality review or exclusion decision has been approved","false","unknown","registry-v1"
"url_6ced577f6f83","https://clinicaltrialfailures.com/trial/NCT01902290-study-of-efficacy-and-safety-of-brodalumab-compared-with-placebo-in-adults-with-","trial","REVIEW_HOLD","Inventory-only snapshot; no page-quality review or exclusion decision has been approved","false","unknown","registry-v1"
"url_cd2fbcd00b28","https://clinicaltrialfailures.com/trial/NCT01328093-a-comparison-study-of-ly2140023-and-aripiprazole-in-schizophrenia-patients","trial","REVIEW_HOLD","Inventory-only snapshot; no page-quality review or exclusion decision has been approved","false","unknown","registry-v1"
"url_dbf7f585c1b6","https://clinicaltrialfailures.com/trial/NCT01507545-morphotek-investigation-in-colorectal-cancer-research-of-morab-004-micro","trial","REVIEW_HOLD","Inventory-only snapshot; no page-quality review or exclusion decision has been approved","false","unknown","registry-v1"
"url_d5bfe032b3e6","https://clinicaltrialfailures.com/trial/NCT03809234-pgp-transporter-and-cns-biodistribution-of-ondansetron-in-healthy-volunteers","trial","REVIEW_HOLD","Inventory-only snapshot; no page-quality review or exclusion decision has been approved","false","unknown","registry-v1"
"url_135632c3cafb","https://clinicaltrialfailures.com/trial/NCT02419664-ga-68-dotatoc-pet-in-the-management-of-pituitary-tumours","trial","REVIEW_HOLD","Inventory-only snapshot; no page-quality review or exclusion decision has been approved","false","unknown","registry-v1"
"url_913cf775793c","https://clinicaltrialfailures.com/trial/NCT04159701-a-study-of-ly3454738-in-adults-with-chronic-spontaneous-urticaria","trial","REVIEW_HOLD","Inventory-only snapshot; no page-quality review or exclusion decision has been approved","false","unknown","registry-v1"
"url_edd274c8f9c8","https://clinicaltrialfailures.com/trial/NCT04209621-duvelisib-for-ibrutinib-resistant-chronic-lymphocytic-leukemia-small-lymphocytic","trial","REVIEW_HOLD","Inventory-only snapshot; no page-quality review or exclusion decision has been approved","false","unknown","registry-v1"
"url_0535bb372fd9","https://clinicaltrialfailures.com/trial/NCT03592407-epacadostat-and-pembrolizumab-before-surgery-in-treating-participants-with-stage","trial","REVIEW_HOLD","Inventory-only snapshot; no page-quality review or exclusion decision has been approved","false","unknown","registry-v1"
"url_5bef69112f0b","https://clinicaltrialfailures.com/trial/NCT03549650-prevention-and-management-of-intravesical-bcg-related-lower-urinary-tract-sympto","trial","REVIEW_HOLD","Inventory-only snapshot; no page-quality review or exclusion decision has been approved","false","unknown","registry-v1"
"url_7a6a7edc0d03","https://clinicaltrialfailures.com/trial/NCT00457951-a-study-designed-to-evaluate-odsh-in-subjects-with-exacerbations-of-copd","trial","REVIEW_HOLD","Inventory-only snapshot; no page-quality review or exclusion decision has been approved","false","unknown","registry-v1"
"url_fafa0ac5cbc7","https://clinicaltrialfailures.com/trial/NCT02212574-study-assessing-the-feasibility-of-a-surgery-and-chemotherapy-only-in-children-w","trial","REVIEW_HOLD","Inventory-only snapshot; no page-quality review or exclusion decision has been approved","false","unknown","registry-v1"
"url_e2b39cdb97f2","https://clinicaltrialfailures.com/trial/NCT03467217-losartan-for-the-treatment-of-pediatric-nafld","trial","REVIEW_HOLD","Inventory-only snapshot; no page-quality review or exclusion decision has been approved","false","unknown","registry-v1"
"url_cba72806e9dd","https://clinicaltrialfailures.com/trial/NCT01773785-phase-ii-study-of-spi-1620-in-combination-with-docetaxel-as-a-second-line-to-tre","trial","REVIEW_HOLD","Inventory-only snapshot; no page-quality review or exclusion decision has been approved","false","unknown","registry-v1"
"url_388881766c7e","https://clinicaltrialfailures.com/trial/NCT03687125-tinostamustine-conditioning-and-autologous-stem-cell","trial","REVIEW_HOLD","Inventory-only snapshot; no page-quality review or exclusion decision has been approved","false","unknown","registry-v1"
"url_36ffb0f2b6ce","https://clinicaltrialfailures.com/trial/NCT02916056-2-year-extension-study-of-azeliragon-in-subjects-with-alzheimer-s-disease-steadf","trial","REVIEW_HOLD","Inventory-only snapshot; no page-quality review or exclusion decision has been approved","false","unknown","registry-v1"
"url_f674c3084814","https://clinicaltrialfailures.com/trial/NCT03716570-a-study-to-evaluate-safety-tolerability-pharmacokinetics-and-pharmacodynamics-of","trial","REVIEW_HOLD","Inventory-only snapshot; no page-quality review or exclusion decision has been approved","false","unknown","registry-v1"
"url_8d13ecb9f4a8","https://clinicaltrialfailures.com/trial/NCT02759120-cleanup-ipf-for-the-pulmonary-trials-cooperative","trial","REVIEW_HOLD","Inventory-only snapshot; no page-quality review or exclusion decision has been approved","false","unknown","registry-v1"
"url_86c27ddd6216","https://clinicaltrialfailures.com/trial/NCT03339999-agn-242428-in-the-treatment-of-plaque-psoriasis","trial","REVIEW_HOLD","Inventory-only snapshot; no page-quality review or exclusion decision has been approved","false","unknown","registry-v1"
"url_f52c7573f390","https://clinicaltrialfailures.com/trial/NCT00675025-evaluating-the-safety-of-donepezil-hydrochloride-aricept-for-up-to-1-year-in-the","trial","REVIEW_HOLD","Inventory-only snapshot; no page-quality review or exclusion decision has been approved","false","unknown","registry-v1"
"url_825dad86a379","https://clinicaltrialfailures.com/trial/NCT00040144-safety-and-antiviral-study-of-ach126-433-b-l-fd4c-in-adults-with-lamivudine-resi","trial","REVIEW_HOLD","Inventory-only snapshot; no page-quality review or exclusion decision has been approved","false","unknown","registry-v1"
"url_12e87ab6a717","https://clinicaltrialfailures.com/trial/NCT03125200-study-of-adct-502-in-patients-with-advanced-solid-tumors-withhuman-epidermal-gro","trial","REVIEW_HOLD","Inventory-only snapshot; no page-quality review or exclusion decision has been approved","false","unknown","registry-v1"
"url_65bd8fab33da","https://clinicaltrialfailures.com/trial/NCT02587351-beta-blockers-for-the-prevention-of-acute-exacerbations-of-chronic-obstructive-p","trial","REVIEW_HOLD","Inventory-only snapshot; no page-quality review or exclusion decision has been approved","false","unknown","registry-v1"
"url_71addcc72e16","https://clinicaltrialfailures.com/trial/NCT02007252-acz885-for-the-treatment-of-abdominal-aortic-aneurysm","trial","REVIEW_HOLD","Inventory-only snapshot; no page-quality review or exclusion decision has been approved","false","unknown","registry-v1"
"url_83bc298b7ec3","https://clinicaltrialfailures.com/trial/NCT02029274-safety-and-efficacy-of-baf312-in-dermatomyositis","trial","REVIEW_HOLD","Inventory-only snapshot; no page-quality review or exclusion decision has been approved","false","unknown","registry-v1"
"url_6daee2775b41","https://clinicaltrialfailures.com/trial/NCT03597022-multiple-escalating-dose-study-of-bay1093884-in-adults-with-hemophilia-a-or-b-wi","trial","REVIEW_HOLD","Inventory-only snapshot; no page-quality review or exclusion decision has been approved","false","unknown","registry-v1"
"url_d6c8b947fff6","https://clinicaltrialfailures.com/trial/NCT02495454-ga101-minichop-regimen-for-the-treatment-of-elderly-unfit-patients-with-diffuse-","trial","REVIEW_HOLD","Inventory-only snapshot; no page-quality review or exclusion decision has been approved","false","unknown","registry-v1"
"url_c48002a1ce97","https://clinicaltrialfailures.com/trial/NCT02515669-study-of-an-investigational-drug-ro7239361-bms-986089-in-ambulatory-boys-with-dm","trial","REVIEW_HOLD","Inventory-only snapshot; no page-quality review or exclusion decision has been approved","false","unknown","registry-v1"
"url_20a2e91c5363","https://clinicaltrialfailures.com/trial/NCT00485589-a-study-of-ocrelizumab-in-combination-with-methotrexate-in-patients-with-rheumat","trial","REVIEW_HOLD","Inventory-only snapshot; no page-quality review or exclusion decision has been approved","false","unknown","registry-v1"
"url_a83c0fdd6923","https://clinicaltrialfailures.com/trial/NCT04220632-a-study-of-ibi377-in-combination-with-corticosteroids-for-the-treatment-of-first","trial","REVIEW_HOLD","Inventory-only snapshot; no page-quality review or exclusion decision has been approved","false","unknown","registry-v1"
"url_efe973ac9cb2","https://clinicaltrialfailures.com/trial/NCT00915928-chronic-subdural-hematoma-reduction-of-recurrence-by-treatment-with-angiotensin-","trial","REVIEW_HOLD","Inventory-only snapshot; no page-quality review or exclusion decision has been approved","false","unknown","registry-v1"
"url_6983365e51f2","https://clinicaltrialfailures.com/trial/NCT04220892-pilot-study-of-pembrolizumab-combined-with-pemetrexed-or-abemaciclib-for-high-gr","trial","REVIEW_HOLD","Inventory-only snapshot; no page-quality review or exclusion decision has been approved","false","unknown","registry-v1"
"url_f771ea552bfc","https://clinicaltrialfailures.com/trial/NCT03998423-oral-fecal-microbiota-transplant-feasibility-study-in-alzheimer-s-disease","trial","REVIEW_HOLD","Inventory-only snapshot; no page-quality review or exclusion decision has been approved","false","unknown","registry-v1"
"url_b53f3c65016c","https://clinicaltrialfailures.com/trial/NCT02899156-flumazenil-for-hypoactive-delirium-secondary-to-benzodiazepine-exposure","trial","REVIEW_HOLD","Inventory-only snapshot; no page-quality review or exclusion decision has been approved","false","unknown","registry-v1"
"url_f744fd9373d6","https://clinicaltrialfailures.com/trial/NCT02718417-avelumab-in-previously-untreated-patients-with-epithelial-ovarian-cancer-javelin","trial","REVIEW_HOLD","Inventory-only snapshot; no page-quality review or exclusion decision has been approved","false","unknown","registry-v1"
"url_8b24078dbe7b","https://clinicaltrialfailures.com/trial/NCT04371926-prophylactic-benefit-of-hydroxychloroquine-in-covid-19-cases-with-mild-to-modera","trial","REVIEW_HOLD","Inventory-only snapshot; no page-quality review or exclusion decision has been approved","false","unknown","registry-v1"
"url_098df5791fbf","https://clinicaltrialfailures.com/trial/NCT01110226-trial-of-cisplatin-and-kml-001-in-platinum-responsive-malignancies","trial","REVIEW_HOLD","Inventory-only snapshot; no page-quality review or exclusion decision has been approved","false","unknown","registry-v1"
"url_cc904ed13ba9","https://clinicaltrialfailures.com/trial/NCT01805791-a-phase-iii-trial-of-hmpl-004-in-patients-with-mild-to-moderate-active-ulcerativ","trial","REVIEW_HOLD","Inventory-only snapshot; no page-quality review or exclusion decision has been approved","false","unknown","registry-v1"
"url_11e90a28027d","https://clinicaltrialfailures.com/trial/NCT01127633-continued-safety-monitoring-of-solanezumab-ly2062430-in-alzheimer-s-disease","trial","REVIEW_HOLD","Inventory-only snapshot; no page-quality review or exclusion decision has been approved","false","unknown","registry-v1"
"url_774a7285e27e","https://clinicaltrialfailures.com/trial/NCT01794000-a-study-of-prasugrel-in-pediatric-participants-with-sickle-cell-disease-scd","trial","REVIEW_HOLD","Inventory-only snapshot; no page-quality review or exclusion decision has been approved","false","unknown","registry-v1"
"url_e7d35118977f","https://clinicaltrialfailures.com/trial/NCT00837590-vascular-function-endothelin-and-inflammation-in-pre-diabetic-obesity-versus-lea","trial","REVIEW_HOLD","Inventory-only snapshot; no page-quality review or exclusion decision has been approved","false","unknown","registry-v1"
"url_c29d38d50781","https://clinicaltrialfailures.com/trial/NCT02940626-prevention-of-s-aureus-pneumonia-study-in-mechanically-ventilated-subjects-who-a","trial","REVIEW_HOLD","Inventory-only snapshot; no page-quality review or exclusion decision has been approved","false","unknown","registry-v1"
"url_b0ab9137307e","https://clinicaltrialfailures.com/trial/NCT02533336-the-effectiveness-of-non-pyrethroid-insecticide-treated-durable-wall-liners-as-a","trial","REVIEW_HOLD","Inventory-only snapshot; no page-quality review or exclusion decision has been approved","false","unknown","registry-v1"
"url_93b7dd5b85c3","https://clinicaltrialfailures.com/trial/NCT00418782-a-study-of-the-effect-of-ce-224535-on-knee-oa-osteoarthritis-pain","trial","REVIEW_HOLD","Inventory-only snapshot; no page-quality review or exclusion decision has been approved","false","unknown","registry-v1"
"url_f3938bb1ba42","https://clinicaltrialfailures.com/trial/NCT02626520-phase-2-evaluation-of-multi-modality-algorithm-for-non-metastatic-adenocarcinoma","trial","REVIEW_HOLD","Inventory-only snapshot; no page-quality review or exclusion decision has been approved","false","unknown","registry-v1"
"url_8c1c6ca033cc","https://clinicaltrialfailures.com/trial/NCT03180762-a-study-to-investigate-safety-and-tolerability-pharmacokinetics-and-pharmacodyna","trial","REVIEW_HOLD","Inventory-only snapshot; no page-quality review or exclusion decision has been approved","false","unknown","registry-v1"
"url_4135a43c797e","https://clinicaltrialfailures.com/trial/NCT02992860-single-agent-jnj-56022473-in-mds-and-aml-patients-failing-hypomethylating-agent-","trial","REVIEW_HOLD","Inventory-only snapshot; no page-quality review or exclusion decision has been approved","false","unknown","registry-v1"
"url_595357cbbab2","https://clinicaltrialfailures.com/trial/NCT00804830-avastin-and-doxorubicin-postoperatively-for-patients-with-anaplastic-thyroid-can","trial","REVIEW_HOLD","Inventory-only snapshot; no page-quality review or exclusion decision has been approved","false","unknown","registry-v1"
"url_f2f73411fbc8","https://clinicaltrialfailures.com/trial/NCT01965782-a-study-of-14c-ly3023703-in-healthy-participants","trial","REVIEW_HOLD","Inventory-only snapshot; no page-quality review or exclusion decision has been approved","false","unknown","registry-v1"
"url_6a284c306be2","https://clinicaltrialfailures.com/trial/NCT01182675-hematopoietic-stem-cell-transplantation-hsct-for-children-with-scid-utilizing-al","trial","REVIEW_HOLD","Inventory-only snapshot; no page-quality review or exclusion decision has been approved","false","unknown","registry-v1"
"url_c3dd57283de5","https://clinicaltrialfailures.com/trial/NCT00698581-a-double-blind-randomized-conversion-to-monotherapy-study-to-evaluate-the-effica","trial","REVIEW_HOLD","Inventory-only snapshot; no page-quality review or exclusion decision has been approved","false","unknown","registry-v1"
"url_fc022f7c6db4","https://clinicaltrialfailures.com/trial/NCT03506399-a-study-of-lanabecestat-in-healthy-female-participants-taking-oral-contraceptive","trial","REVIEW_HOLD","Inventory-only snapshot; no page-quality review or exclusion decision has been approved","false","unknown","registry-v1"
"url_55e463ba9b30","https://clinicaltrialfailures.com/trial/NCT03540953-endoscopic-injection-of-mitomycin-c-for-the-treatment-of-pharyngoesophageal-sten","trial","REVIEW_HOLD","Inventory-only snapshot; no page-quality review or exclusion decision has been approved","false","unknown","registry-v1"
"url_214b33f4bbf6","https://clinicaltrialfailures.com/trial/NCT01195480-cd19-car-immunotherapy-for-childhood-acute-lymphoblastic-leukemia-all","trial","REVIEW_HOLD","Inventory-only snapshot; no page-quality review or exclusion decision has been approved","false","unknown","registry-v1"
"url_83470373e9e9","https://clinicaltrialfailures.com/trial/NCT02365662-a-study-evaluating-safety-and-pharmacokinetics-of-abbv-221-in-subjects-with-adva","trial","REVIEW_HOLD","Inventory-only snapshot; no page-quality review or exclusion decision has been approved","false","unknown","registry-v1"
"url_5375647b4e3e","https://clinicaltrialfailures.com/trial/NCT01659099-ga-in-newly-diagnosed-diffuse-large-b-cell-lymphoma","trial","REVIEW_HOLD","Inventory-only snapshot; no page-quality review or exclusion decision has been approved","false","unknown","registry-v1"
"url_8f1215ce8a55","https://clinicaltrialfailures.com/trial/NCT00268242-gemcitabine-and-mitoxantrone-in-treating-patients-with-relapsed-acute-myeloid-le","trial","REVIEW_HOLD","Inventory-only snapshot; no page-quality review or exclusion decision has been approved","false","unknown","registry-v1"
"url_28fc02fde886","https://clinicaltrialfailures.com/trial/NCT00632541-a-phase-ii-study-of-bevacizumab-sorafenib-in-metastatic-breast-cancer","trial","REVIEW_HOLD","Inventory-only snapshot; no page-quality review or exclusion decision has been approved","false","unknown","registry-v1"
"url_4e77908b36ce","https://clinicaltrialfailures.com/trial/NCT02157272-rivaroxaban-in-thrombotic-antiphospholipid-syndrome","trial","REVIEW_HOLD","Inventory-only snapshot; no page-quality review or exclusion decision has been approved","false","unknown","registry-v1"
"url_ca0e64310394","https://clinicaltrialfailures.com/trial/NCT00818649-bortezomib-and-vorinostat-in-treating-patients-with-high-risk-myelodysplastic-sy","trial","REVIEW_HOLD","Inventory-only snapshot; no page-quality review or exclusion decision has been approved","false","unknown","registry-v1"
"url_8d5770108ec1","https://clinicaltrialfailures.com/trial/NCT01659346-non-selective-beta-blockers-versus-evl-for-primary-prophylaxis-of-esophageal-var","trial","REVIEW_HOLD","Inventory-only snapshot; no page-quality review or exclusion decision has been approved","false","unknown","registry-v1"
"url_30e17a88cd6f","https://clinicaltrialfailures.com/trial/NCT03145948-a-study-to-evaluate-the-pharmacokinetics-safety-and-tolerability-of-abbv-553-in-","trial","REVIEW_HOLD","Inventory-only snapshot; no page-quality review or exclusion decision has been approved","false","unknown","registry-v1"
"url_8d8fd2b3cc78","https://clinicaltrialfailures.com/trial/NCT01895127-efficacy-and-safety-of-eculizumab-for-treatment-of-antibody-mediated-rejection-f","trial","REVIEW_HOLD","Inventory-only snapshot; no page-quality review or exclusion decision has been approved","false","unknown","registry-v1"
"url_88f7e6be0267","https://clinicaltrialfailures.com/trial/NCT00721110-lidocaine-and-ketamine-in-abdominal-surgery","trial","REVIEW_HOLD","Inventory-only snapshot; no page-quality review or exclusion decision has been approved","false","unknown","registry-v1"
"url_601db2047cd5","https://clinicaltrialfailures.com/trial/NCT02484703-a-study-of-ro5186582-in-down-syndrome-among-children-6-to-11-years-of-age","trial","REVIEW_HOLD","Inventory-only snapshot; no page-quality review or exclusion decision has been approved","false","unknown","registry-v1"
"url_c79543578d67","https://clinicaltrialfailures.com/trial/NCT02925533-ph-1b-b-701-in-combination-with-pembrolizumab-in-metastatic-transitional-cell-ca","trial","REVIEW_HOLD","Inventory-only snapshot; no page-quality review or exclusion decision has been approved","false","unknown","registry-v1"
"url_be1e384b4b92","https://clinicaltrialfailures.com/trial/NCT01978327-gsk2647544-rd-ddi-in-healthy-young-and-elderly-volunteers","trial","REVIEW_HOLD","Inventory-only snapshot; no page-quality review or exclusion decision has been approved","false","unknown","registry-v1"
"url_01ae6c4eadb5","https://clinicaltrialfailures.com/trial/NCT01681368-birinapant-for-advanced-ovarian-fallopian-tube-and-peritoneal-cancer","trial","REVIEW_HOLD","Inventory-only snapshot; no page-quality review or exclusion decision has been approved","false","unknown","registry-v1"
"url_6da9137aa04e","https://clinicaltrialfailures.com/trial/NCT01445847-the-effect-of-intravenous-lidocaine-on-post-extubation-laryngospasm","trial","REVIEW_HOLD","Inventory-only snapshot; no page-quality review or exclusion decision has been approved","false","unknown","registry-v1"
"url_e0e556e3030f","https://clinicaltrialfailures.com/trial/NCT00315614-islet-cell-transplantation-alone-and-cd34-donor-bone-marrow-cell-infusion-in-typ","trial","REVIEW_HOLD","Inventory-only snapshot; no page-quality review or exclusion decision has been approved","false","unknown","registry-v1"
"url_7670bf5f56ec","https://clinicaltrialfailures.com/trial/NCT01692626-1-topical-pimecrolimus-cream-for-the-treatment-of-the-rash-associated-with-erbit","trial","REVIEW_HOLD","Inventory-only snapshot; no page-quality review or exclusion decision has been approved","false","unknown","registry-v1"
"url_9e86821a4bed","https://clinicaltrialfailures.com/trial/NCT02089425-an-efficacy-and-safety-study-for-the-treatment-of-mild-to-moderate-acute-pain-as","trial","REVIEW_HOLD","Inventory-only snapshot; no page-quality review or exclusion decision has been approved","false","unknown","registry-v1"
"url_bccc2c79bf98","https://clinicaltrialfailures.com/trial/NCT00947167-a-phase-ii-study-of-pertuzumab-and-erlotinib-for-metastatic-or-unresectable-neur","trial","REVIEW_HOLD","Inventory-only snapshot; no page-quality review or exclusion decision has been approved","false","unknown","registry-v1"
"url_4dc4c679cba2","https://clinicaltrialfailures.com/trial/NCT02254551-safety-efficacy-study-of-lde225-sonidegib-plus-bortezomib-in-patients-with-relap","trial","REVIEW_HOLD","Inventory-only snapshot; no page-quality review or exclusion decision has been approved","false","unknown","registry-v1"
"url_b5a251ddafbf","https://clinicaltrialfailures.com/trial/NCT01499355-biib023-proof-of-concept-study-in-participants-with-lupus-nephritis","trial","REVIEW_HOLD","Inventory-only snapshot; no page-quality review or exclusion decision has been approved","false","unknown","registry-v1"
"url_3a31bbbe33a2","https://clinicaltrialfailures.com/trial/NCT00046813-nicotine-patch-for-nicotine-dependence-in-individuals-with-schizophrenia-or-schi","trial","REVIEW_HOLD","Inventory-only snapshot; no page-quality review or exclusion decision has been approved","false","unknown","registry-v1"
"url_ffaffc321d9f","https://clinicaltrialfailures.com/trial/NCT02125266-safety-and-preliminary-efficacy-study-of-v404-pds-in-uveitis","trial","REVIEW_HOLD","Inventory-only snapshot; no page-quality review or exclusion decision has been approved","false","unknown","registry-v1"
"url_94e3f442fb2f","https://clinicaltrialfailures.com/trial/NCT01567956-propionyl-l-carnitine-hydrochloride-in-patients-with-mild-ulcerative-colitis-eff","trial","REVIEW_HOLD","Inventory-only snapshot; no page-quality review or exclusion decision has been approved","false","unknown","registry-v1"
"url_dd95b1cb415f","https://clinicaltrialfailures.com/trial/NCT01468636-a-rtc-to-examine-the-effectiveness-of-400-mg-of-oral-zinc-gluconate-as-adjunctiv","trial","REVIEW_HOLD","Inventory-only snapshot; no page-quality review or exclusion decision has been approved","false","unknown","registry-v1"
"url_3a9133a49e95","https://clinicaltrialfailures.com/trial/NCT00312286-efficacy-of-851b-gel-for-treating-high-risk-cervical-human-papillomavirus-infect","trial","REVIEW_HOLD","Inventory-only snapshot; no page-quality review or exclusion decision has been approved","false","unknown","registry-v1"
"url_fd80eb3a64d0","https://clinicaltrialfailures.com/trial/NCT02894554-renal-function-improvement-in-hbsag-positive-kidney-transplantation-patients-und","trial","REVIEW_HOLD","Inventory-only snapshot; no page-quality review or exclusion decision has been approved","false","unknown","registry-v1"
"url_3b7c0cb27129","https://clinicaltrialfailures.com/trial/NCT02414555-perioperative-fluid-management-in-patients-receiving-major-abdominal-surgery-eff","trial","REVIEW_HOLD","Inventory-only snapshot; no page-quality review or exclusion decision has been approved","false","unknown","registry-v1"
"url_bb8f60867015","https://clinicaltrialfailures.com/trial/NCT00872404-a-study-of-cp-751-871-in-patients-with-recurrent-squamous-head-and-neck-carcinom","trial","REVIEW_HOLD","Inventory-only snapshot; no page-quality review or exclusion decision has been approved","false","unknown","registry-v1"
"url_969cbfa232ce","https://clinicaltrialfailures.com/trial/NCT00468442-b-lymphocyte-immunotherapy-in-islet-transplantation","trial","REVIEW_HOLD","Inventory-only snapshot; no page-quality review or exclusion decision has been approved","false","unknown","registry-v1"
"url_0844c3453870","https://clinicaltrialfailures.com/trial/NCT02362321-role-of-dexamethasone-in-the-conservative-treatment-of-chronic-subdural-hematoma","trial","REVIEW_HOLD","Inventory-only snapshot; no page-quality review or exclusion decision has been approved","false","unknown","registry-v1"
"url_7eee66d38bd0","https://clinicaltrialfailures.com/trial/NCT01093846-38-week-extension-study-to-cain457c2303","trial","REVIEW_HOLD","Inventory-only snapshot; no page-quality review or exclusion decision has been approved","false","unknown","registry-v1"
"url_35cf1c66fb74","https://clinicaltrialfailures.com/trial/NCT00040157-safety-and-antiviral-study-of-ach-126-443-beta-l-fd4c-in-the-treatment-of-adults","trial","REVIEW_HOLD","Inventory-only snapshot; no page-quality review or exclusion decision has been approved","false","unknown","registry-v1"
"url_0ce4ee25c9df","https://clinicaltrialfailures.com/trial/NCT02629848-study-of-motesanib-amg-706-in-combination-with-paclitaxel-and-carboplatin-for-ad","trial","REVIEW_HOLD","Inventory-only snapshot; no page-quality review or exclusion decision has been approved","false","unknown","registry-v1"
"url_1488df40b6a1","https://clinicaltrialfailures.com/trial/NCT01953744-high-dose-fluconazole-in-cutaneous-leishmaniasis-in-bahia-and-manaus","trial","REVIEW_HOLD","Inventory-only snapshot; no page-quality review or exclusion decision has been approved","false","unknown","registry-v1"
"url_1649d29f0254","https://clinicaltrialfailures.com/trial/NCT01032915-safety-and-efficacy-of-ain457-in-patients-with-quiescent-non-infectious-uveitis","trial","REVIEW_HOLD","Inventory-only snapshot; no page-quality review or exclusion decision has been approved","false","unknown","registry-v1"
"url_02e7e7663281","https://clinicaltrialfailures.com/trial/NCT02140112-efficacy-and-safety-of-trichuris-suis-ova-tso-as-compared-to-placebo-in-autism-s","trial","REVIEW_HOLD","Inventory-only snapshot; no page-quality review or exclusion decision has been approved","false","unknown","registry-v1"
"url_c21dd41d7478","https://clinicaltrialfailures.com/trial/NCT01568216-20101299-study-to-evaluate-the-effect-of-amg-747-on-schizophrenia-negative-sympt","trial","REVIEW_HOLD","Inventory-only snapshot; no page-quality review or exclusion decision has been approved","false","unknown","registry-v1"
"url_7bde2c2c1d09","https://clinicaltrialfailures.com/trial/NCT01517776-cilengitide-and-metronomic-temozolomide-for-relapsed-or-refractory-high-grade-gl","trial","REVIEW_HOLD","Inventory-only snapshot; no page-quality review or exclusion decision has been approved","false","unknown","registry-v1"
"url_18db99e640a9","https://clinicaltrialfailures.com/trial/NCT02499549-two-treatment-regimens-of-cocamide-dea-lotion-for-head-lice","trial","REVIEW_HOLD","Inventory-only snapshot; no page-quality review or exclusion decision has been approved","false","unknown","registry-v1"
"url_4566edadc479","https://clinicaltrialfailures.com/trial/NCT00543959-efficacy-and-tolerability-of-mk0533-in-patients-with-type-2-diabetes-0533-005","trial","REVIEW_HOLD","Inventory-only snapshot; no page-quality review or exclusion decision has been approved","false","unknown","registry-v1"
"url_1586c3332424","https://clinicaltrialfailures.com/trial/NCT00555217-va-nephron-d-diabetes-in-nephropathy-study","trial","REVIEW_HOLD","Inventory-only snapshot; no page-quality review or exclusion decision has been approved","false","unknown","registry-v1"
"url_7cf9dab166c4","https://clinicaltrialfailures.com/trial/NCT05605093-strategies-and-treatments-for-respiratory-infections-and-viral-emergencies-striv","trial","REVIEW_HOLD","Inventory-only snapshot; no page-quality review or exclusion decision has been approved","false","unknown","registry-v1"
"url_0efab7c8c48d","https://clinicaltrialfailures.com/trial/NCT07217379-the-dart-deliver-02-study","trial","REVIEW_HOLD","Inventory-only snapshot; no page-quality review or exclusion decision has been approved","false","unknown","registry-v1"
"url_b196d4f060f1","https://clinicaltrialfailures.com/trial/NCT06317285-a-study-to-evaluate-the-efficacy-and-safety-of-gsk3915393-in-participants-with-i","trial","REVIEW_HOLD","Inventory-only snapshot; no page-quality review or exclusion decision has been approved","false","unknown","registry-v1"
"url_d3792113393a","https://clinicaltrialfailures.com/trial/NCT01487083-a-long-term-safety-study-of-pomaglumetad-methionil-in-schizophrenia","trial","REVIEW_HOLD","Inventory-only snapshot; no page-quality review or exclusion decision has been approved","false","unknown","registry-v1"
"url_1505585ab087","https://clinicaltrialfailures.com/trial/NCT06573294-trial-to-assess-the-safety-and-antitumor-activity-of-gen1057-in-malignant-solid-","trial","REVIEW_HOLD","Inventory-only snapshot; no page-quality review or exclusion decision has been approved","false","unknown","registry-v1"
"url_ceeb124693b6","https://clinicaltrialfailures.com/trial/NCT06598631-efficacy-and-safety-of-volenrelaxin-in-adults-with-chronic-kidney-disease","trial","REVIEW_HOLD","Inventory-only snapshot; no page-quality review or exclusion decision has been approved","false","unknown","registry-v1"
"url_ac9055b7e567","https://clinicaltrialfailures.com/trial/NCT05568225-a-study-of-etavopivat-for-the-treatment-of-anemia-in-patients-with-myelodysplast","trial","REVIEW_HOLD","Inventory-only snapshot; no page-quality review or exclusion decision has been approved","false","unknown","registry-v1"
"url_ddd0ce05e58f","https://clinicaltrialfailures.com/trial/NCT05580770-mirdametinib-bgb-3245-in-advanced-solid-tumors","trial","REVIEW_HOLD","Inventory-only snapshot; no page-quality review or exclusion decision has been approved","false","unknown","registry-v1"
"url_bfd778f90775","https://clinicaltrialfailures.com/trial/NCT05151471-efficacy-and-safety-extension-study-of-oral-edaravone-administered-in-subjects-w","trial","REVIEW_HOLD","Inventory-only snapshot; no page-quality review or exclusion decision has been approved","false","unknown","registry-v1"
"url_a2a1ef0afd35","https://clinicaltrialfailures.com/trial/NCT06315491-a-study-of-cbx-12-in-subjects-with-platinum-resistant-or-refractory-ovarian-canc","trial","REVIEW_HOLD","Inventory-only snapshot; no page-quality review or exclusion decision has been approved","false","unknown","registry-v1"
"url_3dfbcc6c3848","https://clinicaltrialfailures.com/trial/NCT05401058-low-dose-droperidol-for-prevention-of-postoperative-delirium-in-elderly-patients","trial","REVIEW_HOLD","Inventory-only snapshot; no page-quality review or exclusion decision has been approved","false","unknown","registry-v1"
"url_1ef09dfdf334","https://clinicaltrialfailures.com/trial/NCT06881251-a-study-of-jnj-95475939-in-the-treatment-of-participants-with-moderate-to-severe","trial","REVIEW_HOLD","Inventory-only snapshot; no page-quality review or exclusion decision has been approved","false","unknown","registry-v1"
"url_e7f7fdf3a742","https://clinicaltrialfailures.com/trial/NCT06815471-crf2-agonist-for-the-treatment-of-worsening-heart-failure","trial","REVIEW_HOLD","Inventory-only snapshot; no page-quality review or exclusion decision has been approved","false","unknown","registry-v1"
"url_fba1a6be12ed","https://clinicaltrialfailures.com/trial/NCT06351332-zap-it-zn-c3-carboplatin-pembrolizumab-in-mtnbc","trial","REVIEW_HOLD","Inventory-only snapshot; no page-quality review or exclusion decision has been approved","false","unknown","registry-v1"
"url_5ee02a8f13e6","https://clinicaltrialfailures.com/trial/NCT03630055-rivaroxaban-post-transradial-access-for-the-prevention-of-radial-artery-occlusio","trial","REVIEW_HOLD","Inventory-only snapshot; no page-quality review or exclusion decision has been approved","false","unknown","registry-v1"
"url_58e7ddcc66e3","https://clinicaltrialfailures.com/trial/NCT06732258-low-dose-radiotherapy-combined-with-concurrent-chemotherapy-toripalimab-and-tifc","trial","REVIEW_HOLD","Inventory-only snapshot; no page-quality review or exclusion decision has been approved","false","unknown","registry-v1"
"url_cf207d6c6e3c","https://clinicaltrialfailures.com/trial/NCT04781543-a-multicenter-trial-to-evaluate-the-efficacy-safety-tolerability-and-pharmacokin","trial","REVIEW_HOLD","Inventory-only snapshot; no page-quality review or exclusion decision has been approved","false","unknown","registry-v1"
"url_a658da16d03a","https://clinicaltrialfailures.com/trial/NCT04166383-vb-111-in-combination-with-nivolumab-in-people-with-metastatic-colorectal-cancer","trial","REVIEW_HOLD","Inventory-only snapshot; no page-quality review or exclusion decision has been approved","false","unknown","registry-v1"
"url_24f0137b89a6","https://clinicaltrialfailures.com/trial/NCT04218084-study-to-evaluate-the-effect-of-gbt440-on-tcd-in-pediatrics-with-sickle-cell-dis","trial","REVIEW_HOLD","Inventory-only snapshot; no page-quality review or exclusion decision has been approved","false","unknown","registry-v1"
"url_4cdb9ab45f43","https://clinicaltrialfailures.com/trial/NCT06625515-first-in-human-study-of-atx-559-an-oral-inhibitor-of-dhx9-in-patients-with-advan","trial","REVIEW_HOLD","Inventory-only snapshot; no page-quality review or exclusion decision has been approved","false","unknown","registry-v1"
"url_ff49b33a2984","https://clinicaltrialfailures.com/trial/NCT03290092-trial-of-taselisib-in-overgrowth","trial","REVIEW_HOLD","Inventory-only snapshot; no page-quality review or exclusion decision has been approved","false","unknown","registry-v1"
"url_7c4902ce4074","https://clinicaltrialfailures.com/trial/NCT02381548-phase-i-trial-of-azd1775-and-belinostat-in-treating-patients-with-relapsed-or-re","trial","REVIEW_HOLD","Inventory-only snapshot; no page-quality review or exclusion decision has been approved","false","unknown","registry-v1"
"url_17102d601baf","https://clinicaltrialfailures.com/trial/NCT04770272-study-to-compare-a-mono-atezolizumab-window-followed-by-a-atezolizumab-ctx-thera","trial","REVIEW_HOLD","Inventory-only snapshot; no page-quality review or exclusion decision has been approved","false","unknown","registry-v1"
"url_558ba33db058","https://clinicaltrialfailures.com/trial/NCT05128942-a-phase-2-study-to-evaluate-the-safety-efficacy-and-pk-of-tildacerfont-in-childr","trial","REVIEW_HOLD","Inventory-only snapshot; no page-quality review or exclusion decision has been approved","false","unknown","registry-v1"
"url_36048809050f","https://clinicaltrialfailures.com/trial/NCT03608033-study-of-the-safety-and-efficacy-of-oms721-in-patients-with-immunoglobulin-a-iga","trial","REVIEW_HOLD","Inventory-only snapshot; no page-quality review or exclusion decision has been approved","false","unknown","registry-v1"
"url_238fd2bbe692","https://clinicaltrialfailures.com/trial/NCT03721965-safety-and-efficacy-of-itacitinib-in-combination-with-corticosteroids-for-treatm","trial","REVIEW_HOLD","Inventory-only snapshot; no page-quality review or exclusion decision has been approved","false","unknown","registry-v1"
"url_7a2ba1b27af2","https://clinicaltrialfailures.com/trial/NCT05643495-a-study-to-evaluate-efficacy-and-safety-of-vx-864-in-participants-with-the-pizz-","trial","REVIEW_HOLD","Inventory-only snapshot; no page-quality review or exclusion decision has been approved","false","unknown","registry-v1"
"url_1f13aa5d13ac","https://clinicaltrialfailures.com/trial/NCT05619172-a-study-of-nanrilkefusp-alfa-sot101-in-combination-with-cetuximab-to-evaluate-th","trial","REVIEW_HOLD","Inventory-only snapshot; no page-quality review or exclusion decision has been approved","false","unknown","registry-v1"
"url_389e40466e9c","https://clinicaltrialfailures.com/trial/NCT00087776-study-of-taxoprexin-injection-vs-dacarbazine-in-patients-with-metastatic-maligna","trial","REVIEW_HOLD","Inventory-only snapshot; no page-quality review or exclusion decision has been approved","false","unknown","registry-v1"
"url_0960a83695c0","https://clinicaltrialfailures.com/trial/NCT03294694-ribociclib-pdr001-in-breast-cancer-and-ovarian-cancer","trial","REVIEW_HOLD","Inventory-only snapshot; no page-quality review or exclusion decision has been approved","false","unknown","registry-v1"
"url_0d94c3433187","https://clinicaltrialfailures.com/trial/NCT05232864-open-label-extension-study-of-efficacy-safety-and-tolerability-of-secukinumab-in","trial","REVIEW_HOLD","Inventory-only snapshot; no page-quality review or exclusion decision has been approved","false","unknown","registry-v1"
"url_e6635e4abec3","https://clinicaltrialfailures.com/trial/NCT02641639-focus-pcc-bevacizumab-ca4p-versus-pcc-bevacizumab-placebo-for-subjects-with-plat","trial","REVIEW_HOLD","Inventory-only snapshot; no page-quality review or exclusion decision has been approved","false","unknown","registry-v1"
"url_e84a7e76d74b","https://clinicaltrialfailures.com/trial/NCT05283304-monthly-injectable-bup-for-ma-use-disorder-murb-trial","trial","REVIEW_HOLD","Inventory-only snapshot; no page-quality review or exclusion decision has been approved","false","unknown","registry-v1"
"url_f0ac704b1ce0","https://clinicaltrialfailures.com/trial/NCT04004065-two-part-study-for-dose-determination-of-vesleteplirsen-srp-5051-part-a-then-dos","trial","REVIEW_HOLD","Inventory-only snapshot; no page-quality review or exclusion decision has been approved","false","unknown","registry-v1"
"url_5fa13bf802d4","https://clinicaltrialfailures.com/trial/NCT04989413-cannabidiol-133mg-cannabigerol-66mg-tetrahydrocannabinol-4mg-vs-placebo-as-adjuv","trial","REVIEW_HOLD","Inventory-only snapshot; no page-quality review or exclusion decision has been approved","false","unknown","registry-v1"
"url_e6d600cafab3","https://clinicaltrialfailures.com/trial/NCT06087406-a-phase-1b-study-of-imvotamab-in-moderate-to-severe-rheumatoid-arthritis","trial","REVIEW_HOLD","Inventory-only snapshot; no page-quality review or exclusion decision has been approved","false","unknown","registry-v1"
"url_7d454bbc227d","https://clinicaltrialfailures.com/trial/NCT05935085-this-study-will-evaluate-the-safety-tolerability-and-efficacy-of-anb032-in-subje","trial","REVIEW_HOLD","Inventory-only snapshot; no page-quality review or exclusion decision has been approved","false","unknown","registry-v1"
"url_01967093ed9c","https://clinicaltrialfailures.com/trial/NCT04024813-a-study-to-evaluate-the-safety-and-tolerability-and-efficacy-of-seladelpar-in-pa","trial","REVIEW_HOLD","Inventory-only snapshot; no page-quality review or exclusion decision has been approved","false","unknown","registry-v1"
"url_dc095bd92ad1","https://clinicaltrialfailures.com/trial/NCT05671653-a-study-to-evaluate-the-effect-of-the-experimental-glp-1-drug-pf-07081532-on-blo","trial","REVIEW_HOLD","Inventory-only snapshot; no page-quality review or exclusion decision has been approved","false","unknown","registry-v1"
"url_b0311ba01483","https://clinicaltrialfailures.com/trial/NCT02473445-a-long-term-extension-of-study-rp103-mito-001-nct02023866-to-assess-cysteamine-b","trial","REVIEW_HOLD","Inventory-only snapshot; no page-quality review or exclusion decision has been approved","false","unknown","registry-v1"
"url_ca5cd5f73a4b","https://clinicaltrialfailures.com/trial/NCT05355753-a-study-to-assess-the-safety-and-tolerability-of-cft8634-in-locally-advanced-or-","trial","REVIEW_HOLD","Inventory-only snapshot; no page-quality review or exclusion decision has been approved","false","unknown","registry-v1"
"url_2b08560d9f20","https://clinicaltrialfailures.com/trial/NCT03621605-a-phase1-study-of-vib9600","trial","REVIEW_HOLD","Inventory-only snapshot; no page-quality review or exclusion decision has been approved","false","unknown","registry-v1"
"url_b5f4f8ca4a99","https://clinicaltrialfailures.com/trial/NCT03943407-characterization-of-the-toll-like-receptor-7-agonist-imiquimod-3-75-as-a-new-sur","trial","REVIEW_HOLD","Inventory-only snapshot; no page-quality review or exclusion decision has been approved","false","unknown","registry-v1"
"url_595d03906139","https://clinicaltrialfailures.com/trial/NCT03452137-a-study-of-atezolizumab-anti-pd-l1-antibody-as-adjuvant-therapy-after-definitive","trial","REVIEW_HOLD","Inventory-only snapshot; no page-quality review or exclusion decision has been approved","false","unknown","registry-v1"
"url_ae2a067a8298","https://clinicaltrialfailures.com/trial/NCT04531176-emi-ehp-weight-management-and-type-2-diabetes-pragmatic-trial","trial","REVIEW_HOLD","Inventory-only snapshot; no page-quality review or exclusion decision has been approved","false","unknown","registry-v1"
"url_5f649a9f43a0","https://clinicaltrialfailures.com/trial/NCT00667628-phase-2-study-of-tac-101-combined-with-transcatheter-arterial-chemoembolization-","trial","REVIEW_HOLD","Inventory-only snapshot; no page-quality review or exclusion decision has been approved","false","unknown","registry-v1"
"url_315aa21e40ff","https://clinicaltrialfailures.com/trial/NCT00687596-study-of-tac-101-as-second-line-treatment-in-patients-with-advanced-hepatocellul","trial","REVIEW_HOLD","Inventory-only snapshot; no page-quality review or exclusion decision has been approved","false","unknown","registry-v1"
"url_6acec45f6f10","https://clinicaltrialfailures.com/trial/NCT03199976-efficacy-of-intermittent-tiotropium-in-early-childhood-wheezing","trial","REVIEW_HOLD","Inventory-only snapshot; no page-quality review or exclusion decision has been approved","false","unknown","registry-v1"
"url_ec02f3118dfe","https://clinicaltrialfailures.com/trial/NCT03410927-a-study-of-tas0728-in-patients-with-solid-tumors-with-her2-or-her3-abnormalities","trial","REVIEW_HOLD","Inventory-only snapshot; no page-quality review or exclusion decision has been approved","false","unknown","registry-v1"
"url_10fc9fbf0591","https://clinicaltrialfailures.com/trial/NCT06084845-testing-the-addition-of-an-investigational-drug-xevinapant-to-usual-radiation-th","trial","REVIEW_HOLD","Inventory-only snapshot; no page-quality review or exclusion decision has been approved","false","unknown","registry-v1"
"url_32b33f8a179f","https://clinicaltrialfailures.com/trial/NCT05338346-a-study-of-atg-018-atr-inhibitor-treatment-in-patients-with-advanced-solid-tumor","trial","REVIEW_HOLD","Inventory-only snapshot; no page-quality review or exclusion decision has been approved","false","unknown","registry-v1"
"url_743c1e228f3c","https://clinicaltrialfailures.com/trial/NCT00848107-open-label-study-of-oral-treprostinil-in-digital-ulcers","trial","REVIEW_HOLD","Inventory-only snapshot; no page-quality review or exclusion decision has been approved","false","unknown","registry-v1"
"url_e9e50004c1f7","https://clinicaltrialfailures.com/trial/NCT05160168-a-study-of-the-630-in-patients-with-advanced-gastrointestinal-stromal-tumors-gis","trial","REVIEW_HOLD","Inventory-only snapshot; no page-quality review or exclusion decision has been approved","false","unknown","registry-v1"
"url_068d80da13f0","https://clinicaltrialfailures.com/trial/NCT04390113-study-to-evaluate-viralym-m-alvr105-for-the-treatment-of-virus-associated-hemorr","trial","REVIEW_HOLD","Inventory-only snapshot; no page-quality review or exclusion decision has been approved","false","unknown","registry-v1"
"url_f8b513228064","https://clinicaltrialfailures.com/trial/NCT04374253-a-study-to-evaluate-the-safety-tolerability-and-efficacy-of-long-term-gantenerum","trial","REVIEW_HOLD","Inventory-only snapshot; no page-quality review or exclusion decision has been approved","false","unknown","registry-v1"
"url_f5f387f7e140","https://clinicaltrialfailures.com/trial/NCT04114656-effects-of-intravenous-gsk3858279-on-a-battery-of-evoked-pain-tests-in-healthy-v","trial","REVIEW_HOLD","Inventory-only snapshot; no page-quality review or exclusion decision has been approved","false","unknown","registry-v1"
"url_a49f430f677f","https://clinicaltrialfailures.com/trial/NCT06160609-platform-sub-study-of-belantamab-mafodotin-gsk2857916-in-combination-with-aox40-","trial","REVIEW_HOLD","Inventory-only snapshot; no page-quality review or exclusion decision has been approved","false","unknown","registry-v1"
"url_e1c59b6135f0","https://clinicaltrialfailures.com/trial/NCT03550443-a-phase-3-study-of-bardoxolone-methyl-in-patients-with-diabetic-kidney-disease-a","trial","REVIEW_HOLD","Inventory-only snapshot; no page-quality review or exclusion decision has been approved","false","unknown","registry-v1"
"url_58bbf1b7408f","https://clinicaltrialfailures.com/trial/NCT03201250-cabozantinib-as-a-targeted-strategy-to-reverse-carfilzomib-resistance-in-refract","trial","REVIEW_HOLD","Inventory-only snapshot; no page-quality review or exclusion decision has been approved","false","unknown","registry-v1"
"url_2299f12c477d","https://clinicaltrialfailures.com/trial/NCT00489710-talabostat-in-treating-patients-with-metastatic-kidney-cancer","trial","REVIEW_HOLD","Inventory-only snapshot; no page-quality review or exclusion decision has been approved","false","unknown","registry-v1"
"url_5276d956c81b","https://clinicaltrialfailures.com/trial/NCT04964843-a-study-of-nac-for-aud","trial","REVIEW_HOLD","Inventory-only snapshot; no page-quality review or exclusion decision has been approved","false","unknown","registry-v1"
"url_3174fd620fd1","https://clinicaltrialfailures.com/trial/NCT05860075-exploratory-study-of-imm01-for-injection-in-the-treatment-of-refractory-or-recur","trial","REVIEW_HOLD","Inventory-only snapshot; no page-quality review or exclusion decision has been approved","false","unknown","registry-v1"
"url_40fa623f2afe","https://clinicaltrialfailures.com/trial/NCT03884517-clinical-trial-of-bat8003-for-injection-for-patients-with-advanced-epithelial-ca","trial","REVIEW_HOLD","Inventory-only snapshot; no page-quality review or exclusion decision has been approved","false","unknown","registry-v1"
"url_0a06c55b4ebb","https://clinicaltrialfailures.com/trial/NCT00603109-effect-of-rimonabant-on-weight-gain-and-body-composition-in-adults-with-prader-w","trial","REVIEW_HOLD","Inventory-only snapshot; no page-quality review or exclusion decision has been approved","false","unknown","registry-v1"
"url_28fa0f96d83a","https://clinicaltrialfailures.com/trial/NCT04404712-faah-availability-in-psychiatric-disorders-a-pet-study","trial","REVIEW_HOLD","Inventory-only snapshot; no page-quality review or exclusion decision has been approved","false","unknown","registry-v1"
"url_71e32c9c40fc","https://clinicaltrialfailures.com/trial/NCT05135845-combination-of-capmatinib-spartalizumab-in-advanced-oesogastric-adenocarcinoma","trial","REVIEW_HOLD","Inventory-only snapshot; no page-quality review or exclusion decision has been approved","false","unknown","registry-v1"
"url_127506c0d0ac","https://clinicaltrialfailures.com/trial/NCT00543712-a-study-of-pro95780-in-patients-with-advanced-chondrosarcoma-apm4171g","trial","REVIEW_HOLD","Inventory-only snapshot; no page-quality review or exclusion decision has been approved","false","unknown","registry-v1"
"url_fd01df2c0fa1","https://clinicaltrialfailures.com/trial/NCT03352557-phase-2-study-of-biib092-in-participants-with-early-alzheimer-s-disease","trial","REVIEW_HOLD","Inventory-only snapshot; no page-quality review or exclusion decision has been approved","false","unknown","registry-v1"
"url_8da00bef72df","https://clinicaltrialfailures.com/trial/NCT01416428-open-label-study-of-the-safety-and-activity-of-oprozomib-in-patients-with-hemato","trial","REVIEW_HOLD","Inventory-only snapshot; no page-quality review or exclusion decision has been approved","false","unknown","registry-v1"
"url_e1af3a0a6ff8","https://clinicaltrialfailures.com/trial/NCT04142060-targeting-the-pam50-her2-enriched-phenotype-with-enzalutamide-in-hormone-recepto","trial","REVIEW_HOLD","Inventory-only snapshot; no page-quality review or exclusion decision has been approved","false","unknown","registry-v1"
"url_f2cbb1eaf676","https://clinicaltrialfailures.com/trial/NCT05475821-study-to-assess-adverse-events-and-how-oral-abbv-990-moves-through-the-body-of-a","trial","REVIEW_HOLD","Inventory-only snapshot; no page-quality review or exclusion decision has been approved","false","unknown","registry-v1"
"url_7f744b79a0df","https://clinicaltrialfailures.com/trial/NCT02927080-study-of-ace-083-in-patients-with-facioscapulohumeral-muscular-dystrophy-fshd","trial","REVIEW_HOLD","Inventory-only snapshot; no page-quality review or exclusion decision has been approved","false","unknown","registry-v1"
"url_e7b6dc1ee719","https://clinicaltrialfailures.com/trial/NCT03124459-study-of-ace-083-in-patients-with-charcot-marie-tooth-disease","trial","REVIEW_HOLD","Inventory-only snapshot; no page-quality review or exclusion decision has been approved","false","unknown","registry-v1"
"url_e950f6a995be","https://clinicaltrialfailures.com/trial/NCT03150056-dose-escalation-and-dose-expansion-study-of-gsk525762-in-combination-with-androg","trial","REVIEW_HOLD","Inventory-only snapshot; no page-quality review or exclusion decision has been approved","false","unknown","registry-v1"
"url_41b103491f22","https://clinicaltrialfailures.com/trial/NCT03763175-efficacy-and-safety-of-syn-010-in-ibs-c","trial","REVIEW_HOLD","Inventory-only snapshot; no page-quality review or exclusion decision has been approved","false","unknown","registry-v1"
"url_eb5a451fc4f2","https://clinicaltrialfailures.com/trial/NCT03191526-a-study-of-kw-0761-in-subjects-with-htlv-1-associated-myelopathy-ham","trial","REVIEW_HOLD","Inventory-only snapshot; no page-quality review or exclusion decision has been approved","false","unknown","registry-v1"
"url_a8ca83510877","https://clinicaltrialfailures.com/trial/NCT03225833-safety-and-tolerability-of-wve-120101-in-patients-with-huntington-s-disease","trial","REVIEW_HOLD","Inventory-only snapshot; no page-quality review or exclusion decision has been approved","false","unknown","registry-v1"
"url_d240559e0aa1","https://clinicaltrialfailures.com/trial/NCT02818023-dose-seeking-study-of-pembrolizumab-plus-vemurafenib-and-cobimetinib-advanced-me","trial","REVIEW_HOLD","Inventory-only snapshot; no page-quality review or exclusion decision has been approved","false","unknown","registry-v1"
"url_b7dab18eb331","https://clinicaltrialfailures.com/trial/NCT02675439-safety-and-efficacy-of-miw815-adu-s100-ipilimumab-in-patients-with-advanced-meta","trial","REVIEW_HOLD","Inventory-only snapshot; no page-quality review or exclusion decision has been approved","false","unknown","registry-v1"
"url_a6adc017ab50","https://clinicaltrialfailures.com/trial/NCT03938272-an-extension-study-to-evaluate-the-long-term-efficacy-and-safety-of-oxabact-in-p","trial","REVIEW_HOLD","Inventory-only snapshot; no page-quality review or exclusion decision has been approved","false","unknown","registry-v1"
"url_8e61226ab77d","https://clinicaltrialfailures.com/trial/NCT04230122-a-study-of-ly3478006-in-healthy-participants","trial","REVIEW_HOLD","Inventory-only snapshot; no page-quality review or exclusion decision has been approved","false","unknown","registry-v1"
"url_aac4556956ac","https://clinicaltrialfailures.com/trial/NCT03107052-a-study-to-explore-the-long-term-safety-and-efficacy-of-fremanezumab-tev-48125-f","trial","REVIEW_HOLD","Inventory-only snapshot; no page-quality review or exclusion decision has been approved","false","unknown","registry-v1"
"url_7db1a7dd7ef1","https://clinicaltrialfailures.com/trial/NCT03821038-recombinant-interleukin-7-cyt107-to-restore-absolute-lymphocyte-counts-in-sepsis","trial","REVIEW_HOLD","Inventory-only snapshot; no page-quality review or exclusion decision has been approved","false","unknown","registry-v1"
"url_7963a55ef19f","https://clinicaltrialfailures.com/trial/NCT03685344-safety-and-antitumor-activity-study-of-loncastuximab-tesirine-and-durvalumab-in-","trial","REVIEW_HOLD","Inventory-only snapshot; no page-quality review or exclusion decision has been approved","false","unknown","registry-v1"
"url_fc5dd2340bc1","https://clinicaltrialfailures.com/trial/NCT04504032-a-trial-to-evaluate-safety-and-efficacy-of-rivaroxaban-covid-19","trial","REVIEW_HOLD","Inventory-only snapshot; no page-quality review or exclusion decision has been approved","false","unknown","registry-v1"
"url_0e2cc3c01c81","https://clinicaltrialfailures.com/trial/NCT04052204-avelumab-with-bempegaldesleukin-with-or-without-talazoparib-or-enzalutamide-in-a","trial","REVIEW_HOLD","Inventory-only snapshot; no page-quality review or exclusion decision has been approved","false","unknown","registry-v1"
"url_17b36d1f7d60","https://clinicaltrialfailures.com/trial/NCT04540393-azd1222-vaccine-for-the-prevention-of-covid-19","trial","REVIEW_HOLD","Inventory-only snapshot; no page-quality review or exclusion decision has been approved","false","unknown","registry-v1"
"url_c3fbf9603707","https://clinicaltrialfailures.com/trial/NCT01125358-a-study-in-schizophrenic-patients","trial","REVIEW_HOLD","Inventory-only snapshot; no page-quality review or exclusion decision has been approved","false","unknown","registry-v1"
"url_919b41fb10e1","https://clinicaltrialfailures.com/trial/NCT02477800-221ad301-phase-3-study-of-aducanumab-biib037-in-early-alzheimer-s-disease","trial","REVIEW_HOLD","Inventory-only snapshot; no page-quality review or exclusion decision has been approved","false","unknown","registry-v1"
"url_8250d922846f","https://clinicaltrialfailures.com/trial/NCT04432103-treatment-of-severe-and-critical-covid-19-pneumonia-with-convalescent-plasma","trial","REVIEW_HOLD","Inventory-only snapshot; no page-quality review or exclusion decision has been approved","false","unknown","registry-v1"
"url_1ea65a2de1ff","https://clinicaltrialfailures.com/trial/NCT01999335-a-study-of-oprozomib-pomalidomide-and-dexamethasone-in-adults-with-primary-refra","trial","REVIEW_HOLD","Inventory-only snapshot; no page-quality review or exclusion decision has been approved","false","unknown","registry-v1"
"url_d681cd995f6e","https://clinicaltrialfailures.com/trial/NCT04428268-chloroquine-losartan-compared-to-chloroquine-alone-for-the-treatment-of-covid-19","trial","REVIEW_HOLD","Inventory-only snapshot; no page-quality review or exclusion decision has been approved","false","unknown","registry-v1"
"url_a2e7a2fd9db1","https://clinicaltrialfailures.com/trial/NCT03429101-a-study-of-poziotinib-in-combination-with-t-dm1-in-her2-positive-breast-cancer","trial","REVIEW_HOLD","Inventory-only snapshot; no page-quality review or exclusion decision has been approved","false","unknown","registry-v1"
"url_104c0e1c6226","https://clinicaltrialfailures.com/trial/NCT01721317-dose-optimization-adjunctive-treatment-study-of-ezogabine-retigabine-immediate-r","trial","REVIEW_HOLD","Inventory-only snapshot; no page-quality review or exclusion decision has been approved","false","unknown","registry-v1"
"url_6b941acaa622","https://clinicaltrialfailures.com/trial/NCT02907619-an-open-label-extension-study-to-evaluate-safety-of-pf-06252616-in-boys-with-duc","trial","REVIEW_HOLD","Inventory-only snapshot; no page-quality review or exclusion decision has been approved","false","unknown","registry-v1"
"url_60b9a6f497e6","https://clinicaltrialfailures.com/trial/NCT04262375-a-phase-2-study-of-durvalumab-medi4736-and-oleclumab-medi9447-in-multi-cancer-po","trial","REVIEW_HOLD","Inventory-only snapshot; no page-quality review or exclusion decision has been approved","false","unknown","registry-v1"
"url_507dd63640fc","https://clinicaltrialfailures.com/trial/NCT00633061-identification-and-treatment-of-clinically-silent-catheter-related-deep-vein-thr","trial","REVIEW_HOLD","Inventory-only snapshot; no page-quality review or exclusion decision has been approved","false","unknown","registry-v1"
"url_4734db29889a","https://clinicaltrialfailures.com/trial/NCT03029988-an-evaluation-of-tilmanocept-by-iv-injection-using-spect-ct-vs-pet-imaging-in-su","trial","REVIEW_HOLD","Inventory-only snapshot; no page-quality review or exclusion decision has been approved","false","unknown","registry-v1"
"url_bad701184df0","https://clinicaltrialfailures.com/trial/NCT04403685-safety-and-efficacy-of-tocilizumab-in-moderate-to-severe-covid-19-with-inflammat","trial","REVIEW_HOLD","Inventory-only snapshot; no page-quality review or exclusion decision has been approved","false","unknown","registry-v1"
"url_9b2693330fc6","https://clinicaltrialfailures.com/trial/NCT02395627-reversing-therapy-resistance-with-epigenetic-immune-modification","trial","REVIEW_HOLD","Inventory-only snapshot; no page-quality review or exclusion decision has been approved","false","unknown","registry-v1"
"url_d261c73de3ae","https://clinicaltrialfailures.com/trial/NCT02996448-safety-tolerability-and-immunogenicity-of-one-dose-of-ndv-3a-vaccine-in-people-w","trial","REVIEW_HOLD","Inventory-only snapshot; no page-quality review or exclusion decision has been approved","false","unknown","registry-v1"
"url_0787f663f024","https://clinicaltrialfailures.com/trial/NCT02671084-sevoflurane-and-percutaneous-coronary-intervention-by-stent","trial","REVIEW_HOLD","Inventory-only snapshot; no page-quality review or exclusion decision has been approved","false","unknown","registry-v1"
"url_0d4bde99a892","https://clinicaltrialfailures.com/trial/NCT03075553-nivolumab-in-treating-patients-with-relapsed-or-refractory-peripheral-t-cell-lym","trial","REVIEW_HOLD","Inventory-only snapshot; no page-quality review or exclusion decision has been approved","false","unknown","registry-v1"
"url_58089c8ac413","https://clinicaltrialfailures.com/trial/NCT01203943-a-study-to-characterize-the-safety-pk-and-biological-activity-of-cc-930-in-idiop","trial","REVIEW_HOLD","Inventory-only snapshot; no page-quality review or exclusion decision has been approved","false","unknown","registry-v1"
"url_94463a0e7b05","https://clinicaltrialfailures.com/trial/NCT01938664-a-pilot-study-of-candesartan-as-a-treatment-for-cocaine-dependence","trial","REVIEW_HOLD","Inventory-only snapshot; no page-quality review or exclusion decision has been approved","false","unknown","registry-v1"
"url_e944ab4b70ba","https://clinicaltrialfailures.com/trial/NCT03417830-biodistribution-of-89zirconium-labelled-gsk2398852-using-pet-imaging","trial","REVIEW_HOLD","Inventory-only snapshot; no page-quality review or exclusion decision has been approved","false","unknown","registry-v1"
"url_02ef0e3b115c","https://clinicaltrialfailures.com/trial/NCT02106091-safety-study-to-assess-afm11-in-patients-with-relapsed-and-or-refractory-cd19-po","trial","REVIEW_HOLD","Inventory-only snapshot; no page-quality review or exclusion decision has been approved","false","unknown","registry-v1"
"url_e4528efa9add","https://clinicaltrialfailures.com/trial/NCT00731874-thymoglobulin-induction-therapy-with-minimal-immunosuppression-and-evaluation-of","trial","REVIEW_HOLD","Inventory-only snapshot; no page-quality review or exclusion decision has been approved","false","unknown","registry-v1"
"url_d6b1f3f52d98","https://clinicaltrialfailures.com/trial/NCT03166176-phase-ii-trial-of-vistusertib-azd2014-single-agent-in-tsc1or-2-null-or-tsc-1-2-m","trial","REVIEW_HOLD","Inventory-only snapshot; no page-quality review or exclusion decision has been approved","false","unknown","registry-v1"
"url_5df29941650d","https://clinicaltrialfailures.com/trial/NCT02720484-nivolumab-in-treating-patients-with-metastatic-adrenocortical-cancer","trial","REVIEW_HOLD","Inventory-only snapshot; no page-quality review or exclusion decision has been approved","false","unknown","registry-v1"
"url_99d89eee4adf","https://clinicaltrialfailures.com/trial/NCT01097707-a-study-in-men-with-benign-prostatic-hyperplasia","trial","REVIEW_HOLD","Inventory-only snapshot; no page-quality review or exclusion decision has been approved","false","unknown","registry-v1"
"url_9d36c4798a8d","https://clinicaltrialfailures.com/trial/NCT01988077-clinical-evaluation-of-yervoy-in-combination-with-adoptive-t-cell-transfer-for-m","trial","REVIEW_HOLD","Inventory-only snapshot; no page-quality review or exclusion decision has been approved","false","unknown","registry-v1"
"url_09e944b3cdfe","https://clinicaltrialfailures.com/trial/NCT02372578-study-to-assess-analgesic-efficacy-and-safety-of-asp3662-in-subjects-with-painfu","trial","REVIEW_HOLD","Inventory-only snapshot; no page-quality review or exclusion decision has been approved","false","unknown","registry-v1"
"url_452bdce060c7","https://clinicaltrialfailures.com/trial/NCT01209832-a-tasisulam-and-midazolam-drug-interaction-study-in-cancer-patients","trial","REVIEW_HOLD","Inventory-only snapshot; no page-quality review or exclusion decision has been approved","false","unknown","registry-v1"
"url_dc97c11ff41e","https://clinicaltrialfailures.com/trial/NCT02124265-oral-rehydration-therapy-in-burn-patients","trial","REVIEW_HOLD","Inventory-only snapshot; no page-quality review or exclusion decision has been approved","false","unknown","registry-v1"
"url_5bf5ca00d0ac","https://clinicaltrialfailures.com/trial/NCT01185509-trastuzumab-and-vinorelbine-in-advanced-breast-cancer","trial","REVIEW_HOLD","Inventory-only snapshot; no page-quality review or exclusion decision has been approved","false","unknown","registry-v1"
"url_300a24e7a9ba","https://clinicaltrialfailures.com/trial/NCT00621036-vaccine-therapy-and-gm-csf-in-treating-patients-with-cns-lymphoma","trial","REVIEW_HOLD","Inventory-only snapshot; no page-quality review or exclusion decision has been approved","false","unknown","registry-v1"
"url_fe7a12026017","https://clinicaltrialfailures.com/trial/NCT02596334-study-to-evaluate-the-efficacy-of-monotherapy-of-tivicay-versus-a-triple-therapy","trial","REVIEW_HOLD","Inventory-only snapshot; no page-quality review or exclusion decision has been approved","false","unknown","registry-v1"
"url_1384b0e9a866","https://clinicaltrialfailures.com/trial/NCT00797667-mk0974-telcagepant-for-migraine-prophylaxis-in-patients-with-episodic-migraine-0","trial","REVIEW_HOLD","Inventory-only snapshot; no page-quality review or exclusion decision has been approved","false","unknown","registry-v1"
"url_09aee1aedaac","https://clinicaltrialfailures.com/trial/NCT00867308-trial-of-high-dose-lenalidomide-in-patients-with-mds-and-aml-with-trilineage-dys","trial","REVIEW_HOLD","Inventory-only snapshot; no page-quality review or exclusion decision has been approved","false","unknown","registry-v1"
"url_4fa814f1927c","https://clinicaltrialfailures.com/trial/NCT02415595-dose-finding-study-of-bms-955176-to-treat-hiv-1-infected-treatment-naive-adults","trial","REVIEW_HOLD","Inventory-only snapshot; no page-quality review or exclusion decision has been approved","false","unknown","registry-v1"
"url_88065a7039c7","https://clinicaltrialfailures.com/trial/NCT00953576-ketoconazole-hydrocortisone-dutasteride-and-lapatinib-khad-l-in-prostate-cancer","trial","REVIEW_HOLD","Inventory-only snapshot; no page-quality review or exclusion decision has been approved","false","unknown","registry-v1"
"url_6715dd7d553c","https://clinicaltrialfailures.com/trial/NCT02790632-study-of-eg-1962-compared-to-standard-of-care-oral-nimodipine-in-adults-with-ane","trial","REVIEW_HOLD","Inventory-only snapshot; no page-quality review or exclusion decision has been approved","false","unknown","registry-v1"
"url_7a6f01322698","https://clinicaltrialfailures.com/trial/NCT01183468-a-research-trial-of-aralast-in-new-onset-diabetes-retain","trial","REVIEW_HOLD","Inventory-only snapshot; no page-quality review or exclusion decision has been approved","false","unknown","registry-v1"
"url_5510fd0bcb24","https://clinicaltrialfailures.com/trial/NCT03119077-single-ascending-dose-first-in-human-study-on-safety-tolerability-and-pharmacoki","trial","REVIEW_HOLD","Inventory-only snapshot; no page-quality review or exclusion decision has been approved","false","unknown","registry-v1"
"url_45d5a2f11a02","https://clinicaltrialfailures.com/trial/NCT02357225-a-pilot-study-of-pyridostigmine-in-pompe-disease","trial","REVIEW_HOLD","Inventory-only snapshot; no page-quality review or exclusion decision has been approved","false","unknown","registry-v1"
"url_8b006671e1cd","https://clinicaltrialfailures.com/trial/NCT00014560-antibody-therapy-in-treating-patients-with-refractory-or-relapsed-non-hodgkin-s-","trial","REVIEW_HOLD","Inventory-only snapshot; no page-quality review or exclusion decision has been approved","false","unknown","registry-v1"
"url_d5b90564a953","https://clinicaltrialfailures.com/trial/NCT00005097-green-tea-extract-in-treating-patients-with-actinic-keratosis","trial","REVIEW_HOLD","Inventory-only snapshot; no page-quality review or exclusion decision has been approved","false","unknown","registry-v1"
"url_b6e2ac565226","https://clinicaltrialfailures.com/trial/NCT02119650-ruxolitinib-in-combination-with-pemetrexed-cisplatin-in-non-small-cell-lung-canc","trial","REVIEW_HOLD","Inventory-only snapshot; no page-quality review or exclusion decision has been approved","false","unknown","registry-v1"
"url_9fae479f349a","https://clinicaltrialfailures.com/trial/NCT02120417-a-study-of-ruxolitinib-in-combination-with-capecitabine-in-subjects-with-advance","trial","REVIEW_HOLD","Inventory-only snapshot; no page-quality review or exclusion decision has been approved","false","unknown","registry-v1"
"url_023d589aa808","https://clinicaltrialfailures.com/trial/NCT02119663-a-study-of-ruxolitinib-in-pancreatic-cancer-patients","trial","REVIEW_HOLD","Inventory-only snapshot; no page-quality review or exclusion decision has been approved","false","unknown","registry-v1"
"url_027179ec68e9","https://clinicaltrialfailures.com/trial/NCT02047214-safety-and-efficacy-study-of-tpi-287-avastin-in-adults-with-glioblastoma-that-pr","trial","REVIEW_HOLD","Inventory-only snapshot; no page-quality review or exclusion decision has been approved","false","unknown","registry-v1"
"url_a0bb7a3d48d1","https://clinicaltrialfailures.com/trial/NCT00574951-amg-706-in-treating-patients-with-persistent-or-recurrent-ovarian-epithelial-can","trial","REVIEW_HOLD","Inventory-only snapshot; no page-quality review or exclusion decision has been approved","false","unknown","registry-v1"
"url_ec40f65b26df","https://clinicaltrialfailures.com/trial/NCT00376805-allogeneic-natural-killer-nk-cells-in-patients-with-advanced-metastatic-breast-c","trial","REVIEW_HOLD","Inventory-only snapshot; no page-quality review or exclusion decision has been approved","false","unknown","registry-v1"
"url_64c95b066446","https://clinicaltrialfailures.com/trial/NCT02920424-a-study-to-evaluate-the-safety-pharmacokinetics-and-pharmacodynamics-of-jnj-5602","trial","REVIEW_HOLD","Inventory-only snapshot; no page-quality review or exclusion decision has been approved","false","unknown","registry-v1"
"url_f5076fc3d3bc","https://clinicaltrialfailures.com/trial/NCT00569062-a-study-of-gw856553x-for-the-treatment-of-depression","trial","REVIEW_HOLD","Inventory-only snapshot; no page-quality review or exclusion decision has been approved","false","unknown","registry-v1"
"url_bed09e40f301","https://clinicaltrialfailures.com/trial/NCT01769196-study-to-assess-the-efficacy-and-safety-of-simtuzumab-gs-6624-in-adults-with-idi","trial","REVIEW_HOLD","Inventory-only snapshot; no page-quality review or exclusion decision has been approved","false","unknown","registry-v1"
"url_91ab58366cd3","https://clinicaltrialfailures.com/trial/NCT02381288-effects-of-tak-448-in-middle-aged-and-older-men-with-low-testosterone","trial","REVIEW_HOLD","Inventory-only snapshot; no page-quality review or exclusion decision has been approved","false","unknown","registry-v1"
"url_93ae4b5c023f","https://clinicaltrialfailures.com/trial/NCT01629667-a-phase-2-randomized-dose-ranging-study-to-evaluate-the-efficacy-of-tralokinumab","trial","REVIEW_HOLD","Inventory-only snapshot; no page-quality review or exclusion decision has been approved","false","unknown","registry-v1"
"url_a63048841f62","https://clinicaltrialfailures.com/trial/NCT00537316-efficacy-and-safety-of-infliximab-monotherapy-vs-combination-therapy-vs-aza-mono","trial","REVIEW_HOLD","Inventory-only snapshot; no page-quality review or exclusion decision has been approved","false","unknown","registry-v1"
"url_a724d3704287","https://clinicaltrialfailures.com/trial/NCT01059305-phase-ii-trial-of-erlotinib-prior-to-surgery-or-radiation-in-patients-with-squam","trial","REVIEW_HOLD","Inventory-only snapshot; no page-quality review or exclusion decision has been approved","false","unknown","registry-v1"
"url_c364be17e78e","https://clinicaltrialfailures.com/trial/NCT02670317-phase-ii-study-about-combination-chop-21-obinutuzumab-and-ibrutinib-in-untreated","trial","REVIEW_HOLD","Inventory-only snapshot; no page-quality review or exclusion decision has been approved","false","unknown","registry-v1"
"url_e8c288c65fd2","https://clinicaltrialfailures.com/trial/NCT01108458-a-phase-2-study-of-pertuzumab-and-erlotinib-for-refractory-pancreatic-adenocarci","trial","REVIEW_HOLD","Inventory-only snapshot; no page-quality review or exclusion decision has been approved","false","unknown","registry-v1"
"url_6dc00d80654a","https://clinicaltrialfailures.com/trial/NCT01989091-efficacy-study-to-evaluate-b-lock-as-an-antimicrobial-lock-solution-in-dialysis-","trial","REVIEW_HOLD","Inventory-only snapshot; no page-quality review or exclusion decision has been approved","false","unknown","registry-v1"
"url_23855b65e4ac","https://clinicaltrialfailures.com/trial/NCT01338857-sorafenib-in-children-and-young-adults-with-recurrent-or-progressive-low-grade-a","trial","REVIEW_HOLD","Inventory-only snapshot; no page-quality review or exclusion decision has been approved","false","unknown","registry-v1"
"url_69a4a12280a7","https://clinicaltrialfailures.com/trial/NCT02236130-peripheral-nerve-blocks-in-pediatric-orthopedic-patients","trial","REVIEW_HOLD","Inventory-only snapshot; no page-quality review or exclusion decision has been approved","false","unknown","registry-v1"
"url_90400cf2efa3","https://clinicaltrialfailures.com/trial/NCT01485536-a-study-of-the-hsp90-inhibitor-auy922","trial","REVIEW_HOLD","Inventory-only snapshot; no page-quality review or exclusion decision has been approved","false","unknown","registry-v1"
"url_519b34d8a26e","https://clinicaltrialfailures.com/trial/NCT00115687-nicotine-replacement-treatment-for-pregnant-smokers-1","trial","REVIEW_HOLD","Inventory-only snapshot; no page-quality review or exclusion decision has been approved","false","unknown","registry-v1"
"url_a07d30309000","https://clinicaltrialfailures.com/trial/NCT02439138-study-of-phosphatidylinositol-3-kinase-pi3k-inhibitor-idelalisib-gs-1101-in-wald","trial","REVIEW_HOLD","Inventory-only snapshot; no page-quality review or exclusion decision has been approved","false","unknown","registry-v1"
"url_c615a62c5082","https://clinicaltrialfailures.com/trial/NCT00565227-phase-i-study-of-vorinostat-in-combination-with-docetaxel-in-patients-with-advan","trial","REVIEW_HOLD","Inventory-only snapshot; no page-quality review or exclusion decision has been approved","false","unknown","registry-v1"
"url_5cd75b834644","https://clinicaltrialfailures.com/trial/NCT01179113-esmolol-infusion-during-laminectomy-effect-on-quality-of-recovery","trial","REVIEW_HOLD","Inventory-only snapshot; no page-quality review or exclusion decision has been approved","false","unknown","registry-v1"
"url_ccc2d1acca93","https://clinicaltrialfailures.com/trial/NCT02209506-safety-tolerability-pharmacokinetics-and-pharmacodynamics-of-mln3126-in-healthy-","trial","REVIEW_HOLD","Inventory-only snapshot; no page-quality review or exclusion decision has been approved","false","unknown","registry-v1"
"url_93f6282605d9","https://clinicaltrialfailures.com/trial/NCT01143272-probiotic-saccharomyces-boulardii-for-the-prevention-of-antibiotic-associated-di","trial","REVIEW_HOLD","Inventory-only snapshot; no page-quality review or exclusion decision has been approved","false","unknown","registry-v1"
"url_1a54d26bf502","https://clinicaltrialfailures.com/trial/NCT00722917-efficacy-and-safety-of-tak-379-in-adult-subjects-with-type-2-diabetes-mellitus","trial","REVIEW_HOLD","Inventory-only snapshot; no page-quality review or exclusion decision has been approved","false","unknown","registry-v1"
"url_dbc6520ec594","https://clinicaltrialfailures.com/trial/NCT00746980-efalizumab-in-the-treatment-of-alopecia-phase-ii","trial","REVIEW_HOLD","Inventory-only snapshot; no page-quality review or exclusion decision has been approved","false","unknown","registry-v1"
"url_1b2a307e6c6a","https://clinicaltrialfailures.com/trial/NCT00973024-a-dose-ranging-study-of-the-safety-and-effectiveness-of-jnj-42160443-as-add-on-t","trial","REVIEW_HOLD","Inventory-only snapshot; no page-quality review or exclusion decision has been approved","false","unknown","registry-v1"
"url_3ce82e7d8423","https://clinicaltrialfailures.com/trial/NCT00766688-evaluation-of-safety-and-efficacy-of-ave5530-as-add-on-to-ongoing-high-doses-of-","trial","REVIEW_HOLD","Inventory-only snapshot; no page-quality review or exclusion decision has been approved","false","unknown","registry-v1"
"url_60a4f4bd5315","https://clinicaltrialfailures.com/trial/NCT01536483-effects-of-recto-colic-enemas-of-butyrate-on-the-digestive-disorders-of-very-low","trial","REVIEW_HOLD","Inventory-only snapshot; no page-quality review or exclusion decision has been approved","false","unknown","registry-v1"
"url_b08e3f01e802","https://clinicaltrialfailures.com/trial/NCT02053103-a-6-week-study-to-determine-the-safety-and-effect-of-an-investigational-drug-on-","trial","REVIEW_HOLD","Inventory-only snapshot; no page-quality review or exclusion decision has been approved","false","unknown","registry-v1"
"url_1fa86babd69e","https://clinicaltrialfailures.com/trial/NCT00120289-niacin-plus-statin-to-prevent-vascular-events","trial","REVIEW_HOLD","Inventory-only snapshot; no page-quality review or exclusion decision has been approved","false","unknown","registry-v1"
"url_6ea29ede7702","https://clinicaltrialfailures.com/trial/NCT01230827-a-study-of-the-safety-and-efficacy-of-cnto-148-golimumab-in-children-with-juveni","trial","REVIEW_HOLD","Inventory-only snapshot; no page-quality review or exclusion decision has been approved","false","unknown","registry-v1"
"url_7d137d75b5a0","https://clinicaltrialfailures.com/trial/NCT00573157-the-efficacy-and-safety-of-atacicept-in-combination-with-mycophenolate-mofetil-u","trial","REVIEW_HOLD","Inventory-only snapshot; no page-quality review or exclusion decision has been approved","false","unknown","registry-v1"
"url_8153d356e56b","https://clinicaltrialfailures.com/trial/NCT00712426-creatine-safety-tolerability-and-efficacy-in-huntington-s-disease-crest-e","trial","REVIEW_HOLD","Inventory-only snapshot; no page-quality review or exclusion decision has been approved","false","unknown","registry-v1"
"url_206255271d76","https://clinicaltrialfailures.com/trial/NCT02486510-effect-of-cytoreductive-chemotherapy-and-a-ccr5-coreceptor-antagonist-on-hiv-1-e","trial","REVIEW_HOLD","Inventory-only snapshot; no page-quality review or exclusion decision has been approved","false","unknown","registry-v1"
"url_bfc65f91aaff","https://clinicaltrialfailures.com/trial/NCT00923117-sunitinib-to-treat-recurrent-brain-cancer","trial","REVIEW_HOLD","Inventory-only snapshot; no page-quality review or exclusion decision has been approved","false","unknown","registry-v1"
"url_bc007f74883c","https://clinicaltrialfailures.com/trial/NCT00498914-study-of-ym155-in-refractory-diffuse-large-b-cell-lymphoma-dlbcl-subjects","trial","REVIEW_HOLD","Inventory-only snapshot; no page-quality review or exclusion decision has been approved","false","unknown","registry-v1"
"url_316fed1a19cb","https://clinicaltrialfailures.com/trial/NCT00431340-a-phase-ii-study-of-belinostat-in-combination-with-bortezomib-in-patients-with-r","trial","REVIEW_HOLD","Inventory-only snapshot; no page-quality review or exclusion decision has been approved","false","unknown","registry-v1"
"url_e47006db992e","https://clinicaltrialfailures.com/trial/NCT00869856-study-to-evaluate-the-efficacy-safety-and-immunogenicity-of-subcutaneous-hx575-i","trial","REVIEW_HOLD","Inventory-only snapshot; no page-quality review or exclusion decision has been approved","false","unknown","registry-v1"
"url_ab5da3d7eb79","https://clinicaltrialfailures.com/trial/NCT00081900-a-safety-and-efficacy-study-of-denspm-in-patients-with-liver-cancer-who-are-not-","trial","REVIEW_HOLD","Inventory-only snapshot; no page-quality review or exclusion decision has been approved","false","unknown","registry-v1"
"url_c9555c84270f","https://clinicaltrialfailures.com/trial/NCT00586976-a-phase-ii-iii-study-of-continuous-local-anesthetic-infusion-in-median-sternotom","trial","REVIEW_HOLD","Inventory-only snapshot; no page-quality review or exclusion decision has been approved","false","unknown","registry-v1"
"url_22d5d71af290","https://clinicaltrialfailures.com/trial/NCT00420589-a-weight-maintenance-study-in-obese-patients-0364-012-terminated","trial","REVIEW_HOLD","Inventory-only snapshot; no page-quality review or exclusion decision has been approved","false","unknown","registry-v1"
"url_c3ca2eb51df9","https://clinicaltrialfailures.com/trial/NCT04569084-efficacy-and-safety-study-of-oral-edaravone-administered-in-subjects-with-als","trial","REVIEW_HOLD","Inventory-only snapshot; no page-quality review or exclusion decision has been approved","false","unknown","registry-v1"
"url_4c374b545e77","https://clinicaltrialfailures.com/trial/NCT03298802-postpartum-management-of-hypertension-in-pregnancy-with-hydrochlorothiazide","trial","REVIEW_HOLD","Inventory-only snapshot; no page-quality review or exclusion decision has been approved","false","unknown","registry-v1"
"url_58d8e153813c","https://clinicaltrialfailures.com/trial/NCT04867837-study-of-octaplex-in-patients-with-acute-major-bleeding-on-doac-therapy-with-fac","trial","REVIEW_HOLD","Inventory-only snapshot; no page-quality review or exclusion decision has been approved","false","unknown","registry-v1"
"url_0fdabb645898","https://clinicaltrialfailures.com/trial/NCT04303858-a-study-to-evaluate-safety-and-anti-tumor-activity-of-eciskafusp-alfa-ro7284755-","trial","REVIEW_HOLD","Inventory-only snapshot; no page-quality review or exclusion decision has been approved","false","unknown","registry-v1"
"url_0448ca0fba8a","https://clinicaltrialfailures.com/trial/NCT06243835-a-study-to-test-the-effects-of-kindolor-at-different-doses-in-healthy-adults","trial","REVIEW_HOLD","Inventory-only snapshot; no page-quality review or exclusion decision has been approved","false","unknown","registry-v1"
"url_46976ca81d80","https://clinicaltrialfailures.com/trial/NCT06844669-her2heart-us-prevention-of-cardiotoxicity-in-breast-cancer-patients-receiving-he","trial","REVIEW_HOLD","Inventory-only snapshot; no page-quality review or exclusion decision has been approved","false","unknown","registry-v1"
"url_290ff7b56e60","https://clinicaltrialfailures.com/trial/NCT04550897-a-phase-i-ii-study-with-bm7pe-immunotoxin-in-colorectal-cancer-patients","trial","REVIEW_HOLD","Inventory-only snapshot; no page-quality review or exclusion decision has been approved","false","unknown","registry-v1"
"url_48460dc6ca9e","https://clinicaltrialfailures.com/trial/NCT04396535-docetaxel-with-or-without-bintrafusp-alfa-for-the-treatment-of-advanced-non-smal","trial","REVIEW_HOLD","Inventory-only snapshot; no page-quality review or exclusion decision has been approved","false","unknown","registry-v1"
"url_e636d7bf038d","https://clinicaltrialfailures.com/trial/NCT05469178-a-clinical-study-of-bemcentinib-with-standard-of-care-chemoimmunotherapy-in-untr","trial","REVIEW_HOLD","Inventory-only snapshot; no page-quality review or exclusion decision has been approved","false","unknown","registry-v1"
"url_4d1bf545a82f","https://clinicaltrialfailures.com/trial/NCT05429502-study-of-efficacy-and-safety-of-ribociclib-lee011-in-combination-with-topotecan-","trial","REVIEW_HOLD","Inventory-only snapshot; no page-quality review or exclusion decision has been approved","false","unknown","registry-v1"
"url_26f8959c9646","https://clinicaltrialfailures.com/trial/NCT04968184-efficacy-and-safety-of-kbp-5074-in-uncontrolled-hypertension-and-moderate-or-sev","trial","REVIEW_HOLD","Inventory-only snapshot; no page-quality review or exclusion decision has been approved","false","unknown","registry-v1"
"url_7ac5cf6ae759","https://clinicaltrialfailures.com/trial/NCT02895100-safety-and-efficacy-study-of-ptg-100-in-the-treatment-of-moderate-to-severe-ulce","trial","REVIEW_HOLD","Inventory-only snapshot; no page-quality review or exclusion decision has been approved","false","unknown","registry-v1"
"url_46cf40c9217b","https://clinicaltrialfailures.com/trial/NCT04904185-immpact-expanded-multiple-antigen-specific-endogenously-derived-t-cells-mase-t-t","trial","REVIEW_HOLD","Inventory-only snapshot; no page-quality review or exclusion decision has been approved","false","unknown","registry-v1"
"url_2a8049bc7695","https://clinicaltrialfailures.com/trial/NCT02457598-dose-escalation-and-dose-expansion-study-of-tirabrutinib-in-combination-with-oth","trial","REVIEW_HOLD","Inventory-only snapshot; no page-quality review or exclusion decision has been approved","false","unknown","registry-v1"
"url_24bce7f2561d","https://clinicaltrialfailures.com/trial/NCT01351675-bardoxolone-methyl-evaluation-in-patients-with-chronic-kidney-disease-and-type-2","trial","REVIEW_HOLD","Inventory-only snapshot; no page-quality review or exclusion decision has been approved","false","unknown","registry-v1"
"url_a72a216e168f","https://clinicaltrialfailures.com/trial/NCT01834235-quilt-3-010-a-study-of-gemcitabine-and-nab-paclitaxel-with-or-without-npc-1c-to-","trial","REVIEW_HOLD","Inventory-only snapshot; no page-quality review or exclusion decision has been approved","false","unknown","registry-v1"
"url_8e18fe88125b","https://clinicaltrialfailures.com/trial/NCT03714815-a-long-term-study-to-find-out-if-macitentan-is-an-effective-and-safe-treatment-f","trial","REVIEW_HOLD","Inventory-only snapshot; no page-quality review or exclusion decision has been approved","false","unknown","registry-v1"
"url_54b0456f8a76","https://clinicaltrialfailures.com/trial/NCT05281276-chidamide-celecoxib-in-advanced-metastatic-colorectal-cancer-ccmcc","trial","REVIEW_HOLD","Inventory-only snapshot; no page-quality review or exclusion decision has been approved","false","unknown","registry-v1"
"url_e9f84dfe4919","https://clinicaltrialfailures.com/trial/NCT02403323-open-label-extension-and-safety-study-for-participants-with-crohn-s-disease-prev","trial","REVIEW_HOLD","Inventory-only snapshot; no page-quality review or exclusion decision has been approved","false","unknown","registry-v1"
"url_e0877f210551","https://clinicaltrialfailures.com/trial/NCT01318642-ganitumab-in-locally-advanced-unresectable-adenocarcinoma-of-the-pancreas","trial","REVIEW_HOLD","Inventory-only snapshot; no page-quality review or exclusion decision has been approved","false","unknown","registry-v1"
"url_d8ab66bf9f1f","https://clinicaltrialfailures.com/trial/NCT05216510-assessment-of-delayed-type-hypersensitivity-reactions-to-sars-cov-2-peptide-anti","trial","REVIEW_HOLD","Inventory-only snapshot; no page-quality review or exclusion decision has been approved","false","unknown","registry-v1"
"url_c9ebf73cac92","https://clinicaltrialfailures.com/trial/NCT05199090-study-to-assess-safety-tolerability-and-efficacy-of-sc-administered-mbl949-in-ob","trial","REVIEW_HOLD","Inventory-only snapshot; no page-quality review or exclusion decision has been approved","false","unknown","registry-v1"
"url_9fcda1ad70f4","https://clinicaltrialfailures.com/trial/NCT03716596-sbrt-and-anti-programmed-cell-death-protein-1-anti-pd-1-in-late-stage-or-recurre","trial","REVIEW_HOLD","Inventory-only snapshot; no page-quality review or exclusion decision has been approved","false","unknown","registry-v1"
"url_77d76befed79","https://clinicaltrialfailures.com/trial/NCT04578548-a-study-to-evaluate-the-effects-of-glpg2737-in-participants-with-autosomal-domin","trial","REVIEW_HOLD","Inventory-only snapshot; no page-quality review or exclusion decision has been approved","false","unknown","registry-v1"
"url_2cf4ad0bc152","https://clinicaltrialfailures.com/trial/NCT02400242-study-of-acy-241-alone-and-in-combination-with-pomalidomide-and-dexamethasone-in","trial","REVIEW_HOLD","Inventory-only snapshot; no page-quality review or exclusion decision has been approved","false","unknown","registry-v1"
"url_0b78d3e0c888","https://clinicaltrialfailures.com/trial/NCT04002037-differential-efficacy-of-corticosteroid-solutions-for-non-operative-treatment-of","trial","REVIEW_HOLD","Inventory-only snapshot; no page-quality review or exclusion decision has been approved","false","unknown","registry-v1"
"url_de06babb4bbb","https://clinicaltrialfailures.com/trial/NCT05116917-immunotherapy-combined-with-radiation-and-influenza-vaccine-for-pancreatic-cance","trial","REVIEW_HOLD","Inventory-only snapshot; no page-quality review or exclusion decision has been approved","false","unknown","registry-v1"
"url_1e1830a1ed5f","https://clinicaltrialfailures.com/trial/NCT03132155-quilt-3-031-amg-337-in-subjects-with-advanced-or-metastatic-clear-cell-sarcoma","trial","REVIEW_HOLD","Inventory-only snapshot; no page-quality review or exclusion decision has been approved","false","unknown","registry-v1"
"url_4d502ebbb35e","https://clinicaltrialfailures.com/trial/NCT04925947-a-study-of-kn046-in-patients-with-thymic-carcinoma-who-failed-immune-checkpoint-","trial","REVIEW_HOLD","Inventory-only snapshot; no page-quality review or exclusion decision has been approved","false","unknown","registry-v1"
"url_48103c8f79e9","https://clinicaltrialfailures.com/trial/NCT03172858-randomized-control-trial-of-intracervical-balloon-placement-vs-oxytocin-in-women","trial","REVIEW_HOLD","Inventory-only snapshot; no page-quality review or exclusion decision has been approved","false","unknown","registry-v1"
"url_8fb4f36b66c6","https://clinicaltrialfailures.com/trial/NCT03051516-hpv-vaccine-therapy-in-interrupting-progression-in-patients-with-high-grade-vulv","trial","REVIEW_HOLD","Inventory-only snapshot; no page-quality review or exclusion decision has been approved","false","unknown","registry-v1"
"url_0d90c804900d","https://clinicaltrialfailures.com/trial/NCT04220411-a-study-for-ar100dp1-in-mild-to-moderate-atopic-dermatitis-ad","trial","REVIEW_HOLD","Inventory-only snapshot; no page-quality review or exclusion decision has been approved","false","unknown","registry-v1"
"url_d34ed7840115","https://clinicaltrialfailures.com/trial/NCT05039359-flecainide-acetate-inhalation-solution-for-cardioversion-of-recent-onset-symptom","trial","REVIEW_HOLD","Inventory-only snapshot; no page-quality review or exclusion decision has been approved","false","unknown","registry-v1"
"url_0bcf1f72ce2f","https://clinicaltrialfailures.com/trial/NCT04890353-impact-of-an-immune-modulator-dimethyl-fumarate-on-acute-ischemic-stroke","trial","REVIEW_HOLD","Inventory-only snapshot; no page-quality review or exclusion decision has been approved","false","unknown","registry-v1"
"url_d35fad32b735","https://clinicaltrialfailures.com/trial/NCT02932475-medical-optimization-of-management-of-type-2-diabetes-complicating-pregnancy-mom","trial","REVIEW_HOLD","Inventory-only snapshot; no page-quality review or exclusion decision has been approved","false","unknown","registry-v1"
"url_bdbd96d6337b","https://clinicaltrialfailures.com/trial/NCT04079088-study-to-evaluate-oral-biib061-added-to-interferon-beta1-ifn-1-or-glatiramer-ace","trial","REVIEW_HOLD","Inventory-only snapshot; no page-quality review or exclusion decision has been approved","false","unknown","registry-v1"
"url_86dae4d29307","https://clinicaltrialfailures.com/trial/NCT05001724-kn046-plus-lenvatinib-in-subject-with-advanced-non-small-cell-lung-cancer-in-the","trial","REVIEW_HOLD","Inventory-only snapshot; no page-quality review or exclusion decision has been approved","false","unknown","registry-v1"
"url_c740626b0157","https://clinicaltrialfailures.com/trial/NCT02719990-open-label-extension-study-to-evaluate-the-safety-of-long-term-twice-monthly-adm","trial","REVIEW_HOLD","Inventory-only snapshot; no page-quality review or exclusion decision has been approved","false","unknown","registry-v1"
"url_0380c370997f","https://clinicaltrialfailures.com/trial/NCT02725372-clinical-study-of-pulsed-inhaled-nitric-oxide-versus-placebo-in-symptomatic-subj","trial","REVIEW_HOLD","Inventory-only snapshot; no page-quality review or exclusion decision has been approved","false","unknown","registry-v1"
"url_9dfb2ab58403","https://clinicaltrialfailures.com/trial/NCT04891133-eu-solidact-an-adaptive-pandemic-and-emerging-infection-platform-trial","trial","REVIEW_HOLD","Inventory-only snapshot; no page-quality review or exclusion decision has been approved","false","unknown","registry-v1"
"url_42a6fa092d3a","https://clinicaltrialfailures.com/trial/NCT01433328-lidocaine-subcutaneous-infusion-for-control-of-treprostinil-related-site-pain","trial","REVIEW_HOLD","Inventory-only snapshot; no page-quality review or exclusion decision has been approved","false","unknown","registry-v1"
"url_90da81e739fd","https://clinicaltrialfailures.com/trial/NCT04857840-randomized-study-of-extended-treatment-with-firibastat-in-treatment-resistant-hy","trial","REVIEW_HOLD","Inventory-only snapshot; no page-quality review or exclusion decision has been approved","false","unknown","registry-v1"
"url_a18a0d5194b7","https://clinicaltrialfailures.com/trial/NCT05065463-to-assess-the-pharmacokinetics-safety-and-tolerability-of-azd8233-in-participant","trial","REVIEW_HOLD","Inventory-only snapshot; no page-quality review or exclusion decision has been approved","false","unknown","registry-v1"
"url_6e84ec8dc561","https://clinicaltrialfailures.com/trial/NCT04641273-a-2-part-trial-to-learn-more-about-how-bay1817080-works-how-safe-it-is-and-what-","trial","REVIEW_HOLD","Inventory-only snapshot; no page-quality review or exclusion decision has been approved","false","unknown","registry-v1"
"url_ca13b5a2c983","https://clinicaltrialfailures.com/trial/NCT04729595-study-to-evaluate-the-effects-of-tempol-mbm-02-in-covid-19-patients","trial","REVIEW_HOLD","Inventory-only snapshot; no page-quality review or exclusion decision has been approved","false","unknown","registry-v1"
"url_73d68c926258","https://clinicaltrialfailures.com/trial/NCT04601077-the-evaluation-of-nitric-oxide-generating-lozenges-on-outcome-in-newly-diagnosed","trial","REVIEW_HOLD","Inventory-only snapshot; no page-quality review or exclusion decision has been approved","false","unknown","registry-v1"
"url_941f13f6f92c","https://clinicaltrialfailures.com/trial/NCT05231603-ivermectin-for-post-exposure-prophylaxis-of-covid-19","trial","REVIEW_HOLD","Inventory-only snapshot; no page-quality review or exclusion decision has been approved","false","unknown","registry-v1"
"url_1429c082d305","https://clinicaltrialfailures.com/trial/NCT01099761-study-of-ace-031-in-subjects-with-duchenne-muscular-dystrophy","trial","REVIEW_HOLD","Inventory-only snapshot; no page-quality review or exclusion decision has been approved","false","unknown","registry-v1"
"url_af5760ca8278","https://clinicaltrialfailures.com/trial/NCT04861948-ibi188-combination-therapy-in-solid-tumors","trial","REVIEW_HOLD","Inventory-only snapshot; no page-quality review or exclusion decision has been approved","false","unknown","registry-v1"
"url_fdeb52f2a1ce","https://clinicaltrialfailures.com/trial/NCT03308786-hiv-reservoir-reduction-with-interleukin-2","trial","REVIEW_HOLD","Inventory-only snapshot; no page-quality review or exclusion decision has been approved","false","unknown","registry-v1"
"url_c32e46f9e602","https://clinicaltrialfailures.com/trial/NCT03998709-effect-of-fasting-free-fatty-acids-and-fasting-glucose-on-1st-and-2nd-phase-insu","trial","REVIEW_HOLD","Inventory-only snapshot; no page-quality review or exclusion decision has been approved","false","unknown","registry-v1"
"url_594bd34d65cc","https://clinicaltrialfailures.com/trial/NCT05205759-non-inferiority-trial-on-monoclonal-antibodies-in-covid-19","trial","REVIEW_HOLD","Inventory-only snapshot; no page-quality review or exclusion decision has been approved","false","unknown","registry-v1"
"url_264086dd4f1d","https://clinicaltrialfailures.com/trial/NCT02856698-midazolam-versus-morphine-in-acute-pulmonary-edema-mimo-trial","trial","REVIEW_HOLD","Inventory-only snapshot; no page-quality review or exclusion decision has been approved","false","unknown","registry-v1"
"url_027186769e4c","https://clinicaltrialfailures.com/trial/NCT04727541-neoadjuvant-bintrafusp-alfa-in-patients-with-resectable-biliary-tract-cancer","trial","REVIEW_HOLD","Inventory-only snapshot; no page-quality review or exclusion decision has been approved","false","unknown","registry-v1"
"url_ebb49bd34666","https://clinicaltrialfailures.com/trial/NCT03225846-safety-and-tolerability-of-wve-120102-in-patients-with-huntington-s-disease","trial","REVIEW_HOLD","Inventory-only snapshot; no page-quality review or exclusion decision has been approved","false","unknown","registry-v1"
"url_a63f725dda41","https://clinicaltrialfailures.com/trial/NCT04381169-aggressive-versus-non-aggressive-goal-directed-fluid-resuscitation-in-acute-panc","trial","REVIEW_HOLD","Inventory-only snapshot; no page-quality review or exclusion decision has been approved","false","unknown","registry-v1"
"url_c01f15976828","https://clinicaltrialfailures.com/trial/NCT04348656-convalescent-plasma-for-hospitalized-adults-with-covid-19-respiratory-illness-co","trial","REVIEW_HOLD","Inventory-only snapshot; no page-quality review or exclusion decision has been approved","false","unknown","registry-v1"
"url_0601944c4f2b","https://clinicaltrialfailures.com/trial/NCT03318523-evaluating-the-efficacy-safety-pharmacokinetics-and-pharmacodynamics-of-biib054-","trial","REVIEW_HOLD","Inventory-only snapshot; no page-quality review or exclusion decision has been approved","false","unknown","registry-v1"
"url_a9ffe6e74c14","https://clinicaltrialfailures.com/trial/NCT04971512-a-2-part-study-evaluating-edp-721-in-healthy-subjects-and-edp-721-in-combination","trial","REVIEW_HOLD","Inventory-only snapshot; no page-quality review or exclusion decision has been approved","false","unknown","registry-v1"
"url_b26fd1d84d40","https://clinicaltrialfailures.com/trial/NCT03059446-rollover-study-of-cenicriviroc-for-the-treatment-of-liver-fibrosis-in-participan","trial","REVIEW_HOLD","Inventory-only snapshot; no page-quality review or exclusion decision has been approved","false","unknown","registry-v1"
"url_7f3b40e08f0b","https://clinicaltrialfailures.com/trial/NCT04353271-trial-of-hydroxychloroquine-in-covid-19-kinetics","trial","REVIEW_HOLD","Inventory-only snapshot; no page-quality review or exclusion decision has been approved","false","unknown","registry-v1"
"url_62fa151987ab","https://clinicaltrialfailures.com/trial/NCT03752177-a-study-of-ly3415244-in-participants-with-advanced-solid-tumors","trial","REVIEW_HOLD","Inventory-only snapshot; no page-quality review or exclusion decision has been approved","false","unknown","registry-v1"
"url_14c59866a7f4","https://clinicaltrialfailures.com/trial/NCT03971825-a-safety-study-of-cc-92252-in-healthy-adult-subjects-and-adult-subjects-with-pso","trial","REVIEW_HOLD","Inventory-only snapshot; no page-quality review or exclusion decision has been approved","false","unknown","registry-v1"
"url_895b32cf5cd3","https://clinicaltrialfailures.com/trial/NCT01988090-high-dose-vitamin-d-vs-standard-dose-vitamin-d-study","trial","REVIEW_HOLD","Inventory-only snapshot; no page-quality review or exclusion decision has been approved","false","unknown","registry-v1"
"url_969ca6c0cad2","https://clinicaltrialfailures.com/trial/NCT03345407-dose-finding-study-of-nemiralisib-gsk2269557-in-subjects-with-an-acute-moderate-","trial","REVIEW_HOLD","Inventory-only snapshot; no page-quality review or exclusion decision has been approved","false","unknown","registry-v1"
"url_aa04da518d23","https://clinicaltrialfailures.com/trial/NCT03869684-a-study-to-assess-the-safety-tolerability-and-effectiveness-of-mt-0814-for-the-t","trial","REVIEW_HOLD","Inventory-only snapshot; no page-quality review or exclusion decision has been approved","false","unknown","registry-v1"
"url_299abc3c41d5","https://clinicaltrialfailures.com/trial/NCT04341493-hydroxychloroquine-vs-nitazoxanide-in-patients-with-covid-19","trial","REVIEW_HOLD","Inventory-only snapshot; no page-quality review or exclusion decision has been approved","false","unknown","registry-v1"
"url_ed67067c990a","https://clinicaltrialfailures.com/trial/NCT03572478-rucaparib-and-nivolumab-in-patients-with-prostate-or-endometrial-cancer","trial","REVIEW_HOLD","Inventory-only snapshot; no page-quality review or exclusion decision has been approved","false","unknown","registry-v1"
"url_d3cf4be714fc","https://clinicaltrialfailures.com/trial/NCT02865915-mle4901-vs-placebo-for-the-treatment-of-pcos","trial","REVIEW_HOLD","Inventory-only snapshot; no page-quality review or exclusion decision has been approved","false","unknown","registry-v1"
"url_0c99dc6af147","https://clinicaltrialfailures.com/trial/NCT03412734-vaginal-preparation-prior-to-hysterectomy","trial","REVIEW_HOLD","Inventory-only snapshot; no page-quality review or exclusion decision has been approved","false","unknown","registry-v1"
"url_10fab28c9fae","https://clinicaltrialfailures.com/trial/NCT04410354-study-of-merimepodib-in-combination-with-remdesivir-in-adult-patients-with-advan","trial","REVIEW_HOLD","Inventory-only snapshot; no page-quality review or exclusion decision has been approved","false","unknown","registry-v1"
"url_dceb23977fd4","https://clinicaltrialfailures.com/trial/NCT04262388-a-multi-cancer-multi-state-platform-study-of-durvalumab-medi4736-and-oleclumab-m","trial","REVIEW_HOLD","Inventory-only snapshot; no page-quality review or exclusion decision has been approved","false","unknown","registry-v1"
"url_0a2d8e62a9a4","https://clinicaltrialfailures.com/trial/NCT04347889-preventing-covid-19-in-healthcare-workers-with-hcq-a-rct","trial","REVIEW_HOLD","Inventory-only snapshot; no page-quality review or exclusion decision has been approved","false","unknown","registry-v1"
"url_c24bbdd77177","https://clinicaltrialfailures.com/trial/NCT03287804-april-car-t-cells-auto2-targeting-bcma-and-taci-for-the-treatment-of-multiple-my","trial","REVIEW_HOLD","Inventory-only snapshot; no page-quality review or exclusion decision has been approved","false","unknown","registry-v1"
"url_986ec131c0c8","https://clinicaltrialfailures.com/trial/NCT01806064-randomized-phase-2-trial-of-axitinib-and-trc105-versus-axitinib-alone-in-patient","trial","REVIEW_HOLD","Inventory-only snapshot; no page-quality review or exclusion decision has been approved","false","unknown","registry-v1"
"url_35c46ebda934","https://clinicaltrialfailures.com/trial/NCT00914940-selective-depletion-of-cd45ra-t-cells-from-allogeneic-peripheral-blood-stem-cell","trial","REVIEW_HOLD","Inventory-only snapshot; no page-quality review or exclusion decision has been approved","false","unknown","registry-v1"
"url_b5cd14c13614","https://clinicaltrialfailures.com/trial/NCT04411134-e7-tcr-t-cell-immunotherapy-for-high-grade-cervical-intraepithelial-neoplasia","trial","REVIEW_HOLD","Inventory-only snapshot; no page-quality review or exclusion decision has been approved","false","unknown","registry-v1"
"url_556f393e0856","https://clinicaltrialfailures.com/trial/NCT03003390-catheter-related-early-thromboprophylaxis-with-enoxaparin-crete-trial","trial","REVIEW_HOLD","Inventory-only snapshot; no page-quality review or exclusion decision has been approved","false","unknown","registry-v1"
"url_32d4bf628915","https://clinicaltrialfailures.com/trial/NCT03053050-safety-and-efficacy-of-selonsertib-in-adults-with-nonalcoholic-steatohepatitis-n","trial","REVIEW_HOLD","Inventory-only snapshot; no page-quality review or exclusion decision has been approved","false","unknown","registry-v1"
"url_8b70263819a2","https://clinicaltrialfailures.com/trial/NCT04346355-efficacy-of-early-administration-of-tocilizumab-in-covid-19-patients","trial","REVIEW_HOLD","Inventory-only snapshot; no page-quality review or exclusion decision has been approved","false","unknown","registry-v1"
"url_3a28f067ae98","https://clinicaltrialfailures.com/trial/NCT03718143-azd1775-in-advanced-acute-myeloid-leukemia-myelodysplastic-syndrome-and-myelofib","trial","REVIEW_HOLD","Inventory-only snapshot; no page-quality review or exclusion decision has been approved","false","unknown","registry-v1"
"url_352e31ce1d15","https://clinicaltrialfailures.com/trial/NCT02263547-rapid-elimination-procedure-of-teriflunomide-with-colestipol-hydrochloride","trial","REVIEW_HOLD","Inventory-only snapshot; no page-quality review or exclusion decision has been approved","false","unknown","registry-v1"
"url_83e0e1d680b5","https://clinicaltrialfailures.com/trial/NCT01143545-pilot-study-of-allogeneic-tumor-cell-vaccine-with-metronomic-oral-cyclophosphami","trial","REVIEW_HOLD","Inventory-only snapshot; no page-quality review or exclusion decision has been approved","false","unknown","registry-v1"
"url_7293096f8cff","https://clinicaltrialfailures.com/trial/NCT01057017-first-line-folfox-bevacizumab-for-advanced-colorectal-cancer-with-wild-type-ras","trial","REVIEW_HOLD","Inventory-only snapshot; no page-quality review or exclusion decision has been approved","false","unknown","registry-v1"
"url_3b7755bf33e2","https://clinicaltrialfailures.com/trial/NCT01083641-estrogen-for-triple-negative-breast-cancer","trial","REVIEW_HOLD","Inventory-only snapshot; no page-quality review or exclusion decision has been approved","false","unknown","registry-v1"
"url_b163aa104437","https://clinicaltrialfailures.com/trial/NCT02972658-a-study-of-lanabecestat-ly3314814-in-early-alzheimer-s-disease-dementia","trial","REVIEW_HOLD","Inventory-only snapshot; no page-quality review or exclusion decision has been approved","false","unknown","registry-v1"
"url_ce26933e6dab","https://clinicaltrialfailures.com/trial/NCT02190838-comparison-of-melatonin-or-metformin-and-dacarbazine-combination-versus-dacarbaz","trial","REVIEW_HOLD","Inventory-only snapshot; no page-quality review or exclusion decision has been approved","false","unknown","registry-v1"
"url_2fd566255c46","https://clinicaltrialfailures.com/trial/NCT03610100-acelarin-first-line-randomised-pancreatic-study","trial","REVIEW_HOLD","Inventory-only snapshot; no page-quality review or exclusion decision has been approved","false","unknown","registry-v1"
"url_4b333e89e9a7","https://clinicaltrialfailures.com/trial/NCT04002804-immunotherapy-with-autologous-tumor-lysate-loaded-dendritic-cells-in-patients-wi","trial","REVIEW_HOLD","Inventory-only snapshot; no page-quality review or exclusion decision has been approved","false","unknown","registry-v1"
"url_dc0661de0b47","https://clinicaltrialfailures.com/trial/NCT00347646-a-study-to-evaluate-plasmin-for-the-creation-of-a-posterior-vitreous-detachment-","trial","REVIEW_HOLD","Inventory-only snapshot; no page-quality review or exclusion decision has been approved","false","unknown","registry-v1"
"url_9a9c114c2a9d","https://clinicaltrialfailures.com/trial/NCT02147834-effectiveness-of-ranolazine-on-reducing-chest-pain-in-patients-with-blockage-but","trial","REVIEW_HOLD","Inventory-only snapshot; no page-quality review or exclusion decision has been approved","false","unknown","registry-v1"
"url_33e8fba10633","https://clinicaltrialfailures.com/trial/NCT02449655-trial-of-azd5363-plus-paclitaxel-azd2014-plus-paclitaxel-in-biomarker-negative-p","trial","REVIEW_HOLD","Inventory-only snapshot; no page-quality review or exclusion decision has been approved","false","unknown","registry-v1"
"url_cb918f1c32e0","https://clinicaltrialfailures.com/trial/NCT00153842-a-study-of-paclitaxel-and-carboplatin-in-combination-with-bexarotene-oral-capsul","trial","REVIEW_HOLD","Inventory-only snapshot; no page-quality review or exclusion decision has been approved","false","unknown","registry-v1"
"url_1f43aea86a3a","https://clinicaltrialfailures.com/trial/NCT00080119-daily-isoniazid-to-prevent-tuberculosis-in-infants-born-to-mothers-with-hiv","trial","REVIEW_HOLD","Inventory-only snapshot; no page-quality review or exclusion decision has been approved","false","unknown","registry-v1"
"url_ac287b583b3b","https://clinicaltrialfailures.com/trial/NCT02641392-a-long-term-active-treatment-study-of-mongersen-ged-0301-in-subjects-with-crohn-","trial","REVIEW_HOLD","Inventory-only snapshot; no page-quality review or exclusion decision has been approved","false","unknown","registry-v1"
"url_baeaad74802c","https://clinicaltrialfailures.com/trial/NCT00764660-trial-investigating-the-efficacy-and-safety-of-sch-900435-org-25935-in-relapse-p","trial","REVIEW_HOLD","Inventory-only snapshot; no page-quality review or exclusion decision has been approved","false","unknown","registry-v1"
"url_31fd6fc848be","https://clinicaltrialfailures.com/trial/NCT01184508-a-study-in-migraine-prevention","trial","REVIEW_HOLD","Inventory-only snapshot; no page-quality review or exclusion decision has been approved","false","unknown","registry-v1"
"url_11700e304ee1","https://clinicaltrialfailures.com/trial/NCT00370942-gw823093c-for-the-treatment-of-type-2-diabetes-mellitus","trial","REVIEW_HOLD","Inventory-only snapshot; no page-quality review or exclusion decision has been approved","false","unknown","registry-v1"
"url_b612b68ee847","https://clinicaltrialfailures.com/trial/NCT01621243-m402-in-combination-with-nab-paclitaxel-and-gemcitabine-in-pancreatic-cancer","trial","REVIEW_HOLD","Inventory-only snapshot; no page-quality review or exclusion decision has been approved","false","unknown","registry-v1"
"url_6891dfda9703","https://clinicaltrialfailures.com/trial/NCT03545087-a-study-of-lanabecestat-in-participants-with-severe-kidney-impairment-compared-t","trial","REVIEW_HOLD","Inventory-only snapshot; no page-quality review or exclusion decision has been approved","false","unknown","registry-v1"
"url_733cbbc092c1","https://clinicaltrialfailures.com/trial/NCT02215161-selinexor-in-treating-patients-with-abiraterone-acetate-and-or-enzalutamide-refr","trial","REVIEW_HOLD","Inventory-only snapshot; no page-quality review or exclusion decision has been approved","false","unknown","registry-v1"
"url_4ff6ec97e77c","https://clinicaltrialfailures.com/trial/NCT03497715-gamma-scintigraphy-study-to-investigate-tablet-disintegration-in-healthy-volunte","trial","REVIEW_HOLD","Inventory-only snapshot; no page-quality review or exclusion decision has been approved","false","unknown","registry-v1"
"url_c63ca460fe1c","https://clinicaltrialfailures.com/trial/NCT02119676-study-of-ruxolitinib-in-colorectal-cancer-patients","trial","REVIEW_HOLD","Inventory-only snapshot; no page-quality review or exclusion decision has been approved","false","unknown","registry-v1"
"url_51c667182ab8","https://clinicaltrialfailures.com/trial/NCT02134015-study-of-patritumab-in-combination-with-erlotinib-in-subjects-with-locally-advan","trial","REVIEW_HOLD","Inventory-only snapshot; no page-quality review or exclusion decision has been approved","false","unknown","registry-v1"
"url_940e322ecdc3","https://clinicaltrialfailures.com/trial/NCT03020784-safety-and-tolerability-of-pf-06818883-in-healthy-subjects","trial","REVIEW_HOLD","Inventory-only snapshot; no page-quality review or exclusion decision has been approved","false","unknown","registry-v1"
"url_c6867f097feb","https://clinicaltrialfailures.com/trial/NCT01252095-study-of-the-safety-and-tolerability-of-pg545-in-patients-with-advanced-solid-tu","trial","REVIEW_HOLD","Inventory-only snapshot; no page-quality review or exclusion decision has been approved","false","unknown","registry-v1"
"url_bf31ddcb1b5b","https://clinicaltrialfailures.com/trial/NCT01416181-a-clinical-study-of-the-efficacy-of-natalizumab-on-reducing-disability-progressi","trial","REVIEW_HOLD","Inventory-only snapshot; no page-quality review or exclusion decision has been approved","false","unknown","registry-v1"
"url_fa02e9f70883","https://clinicaltrialfailures.com/trial/NCT02576119-a-study-to-determine-the-effect-of-multiple-doses-of-bms-955176-on-the-electroca","trial","REVIEW_HOLD","Inventory-only snapshot; no page-quality review or exclusion decision has been approved","false","unknown","registry-v1"
"url_2673d8f2153d","https://clinicaltrialfailures.com/trial/NCT02431221-efficacy-safety-and-tolerability-of-perhexiline-in-subjects-with-hypertrophic-ca","trial","REVIEW_HOLD","Inventory-only snapshot; no page-quality review or exclusion decision has been approved","false","unknown","registry-v1"
"url_b18ee2213f51","https://clinicaltrialfailures.com/trial/NCT01176565-antihypertensive-treatment-of-acute-cerebral-hemorrhage-ii","trial","REVIEW_HOLD","Inventory-only snapshot; no page-quality review or exclusion decision has been approved","false","unknown","registry-v1"
"url_2770aa176f21","https://clinicaltrialfailures.com/trial/NCT01391611-pazopanib-in-imatinib-refractory-or-intolerant-gastrointestinal-stromal-tumors-g","trial","REVIEW_HOLD","Inventory-only snapshot; no page-quality review or exclusion decision has been approved","false","unknown","registry-v1"
"url_956668a7aa3d","https://clinicaltrialfailures.com/trial/NCT01562873-ruxolitinib-in-patients-with-breast-cancer","trial","REVIEW_HOLD","Inventory-only snapshot; no page-quality review or exclusion decision has been approved","false","unknown","registry-v1"
"url_8a7a082ab8eb","https://clinicaltrialfailures.com/trial/NCT01708798-study-of-the-effect-of-eplerenone-on-heart-function-in-women-receiving-anthracyc","trial","REVIEW_HOLD","Inventory-only snapshot; no page-quality review or exclusion decision has been approved","false","unknown","registry-v1"
"url_9a29884c3877","https://clinicaltrialfailures.com/trial/NCT01374451-efficacy-of-everolimus-alone-or-in-combination-with-pasireotide-lar-in-advanced-","trial","REVIEW_HOLD","Inventory-only snapshot; no page-quality review or exclusion decision has been approved","false","unknown","registry-v1"
"url_be848d55ff71","https://clinicaltrialfailures.com/trial/NCT00352755-a-phase-ii-study-of-surgical-debulking-with-peritonectomy-and-biweekly-intraperi","trial","REVIEW_HOLD","Inventory-only snapshot; no page-quality review or exclusion decision has been approved","false","unknown","registry-v1"
"url_3b070ede34b7","https://clinicaltrialfailures.com/trial/NCT01589237-extension-to-a-randomized-double-blind-placebo-controlled-study-of-lcq908-in-sub","trial","REVIEW_HOLD","Inventory-only snapshot; no page-quality review or exclusion decision has been approved","false","unknown","registry-v1"
"url_ec69dfed0c70","https://clinicaltrialfailures.com/trial/NCT00487162-the-association-between-peri-operative-hyperglycemia-and-major-morbidity-and-mor","trial","REVIEW_HOLD","Inventory-only snapshot; no page-quality review or exclusion decision has been approved","false","unknown","registry-v1"
"url_cf3ee17cc678","https://clinicaltrialfailures.com/trial/NCT01348087-long-term-safety-tolerability-and-efficacy-study-of-afq056-in-adult-patients-wit","trial","REVIEW_HOLD","Inventory-only snapshot; no page-quality review or exclusion decision has been approved","false","unknown","registry-v1"
"url_26e270d7e103","https://clinicaltrialfailures.com/trial/NCT02144753-use-of-novel-prebiotic-fiber-for-targeted-dietary-management-of-irritable-bowel-","trial","REVIEW_HOLD","Inventory-only snapshot; no page-quality review or exclusion decision has been approved","false","unknown","registry-v1"
"url_588cf5acfd56","https://clinicaltrialfailures.com/trial/NCT02053116-a-6-week-study-to-determine-the-safety-and-effect-of-an-investigational-drug-giv","trial","REVIEW_HOLD","Inventory-only snapshot; no page-quality review or exclusion decision has been approved","false","unknown","registry-v1"
"url_cc38ff2838e7","https://clinicaltrialfailures.com/trial/NCT01925118-irradiated-donor-lymphocyte-infusion-plus-high-dose-il-2","trial","REVIEW_HOLD","Inventory-only snapshot; no page-quality review or exclusion decision has been approved","false","unknown","registry-v1"
"url_c823394496d3","https://clinicaltrialfailures.com/trial/NCT01628913-efficacy-and-safety-of-bez235-compared-to-everolimus-in-patients-with-advanced-p","trial","REVIEW_HOLD","Inventory-only snapshot; no page-quality review or exclusion decision has been approved","false","unknown","registry-v1"
"url_86f90c0e7d20","https://clinicaltrialfailures.com/trial/NCT02137343-a-phase-3-study-of-rilotumumab-amg-102-with-cisplatin-and-capecitabine-cx-as-fir","trial","REVIEW_HOLD","Inventory-only snapshot; no page-quality review or exclusion decision has been approved","false","unknown","registry-v1"
"url_15d861a065d7","https://clinicaltrialfailures.com/trial/NCT00664573-104ra204-assessment-of-the-safety-and-efficacy-of-bg9924-in-rheumatoid-arthritis","trial","REVIEW_HOLD","Inventory-only snapshot; no page-quality review or exclusion decision has been approved","false","unknown","registry-v1"
"url_eb0f5dbbdc9d","https://clinicaltrialfailures.com/trial/NCT00492531-sildenafil-therapy-for-pulmonary-hypertension-and-sickle-cell-disease","trial","REVIEW_HOLD","Inventory-only snapshot; no page-quality review or exclusion decision has been approved","false","unknown","registry-v1"
"url_3d43b945f96d","https://clinicaltrialfailures.com/trial/NCT02169336-placebo-controlled-evaluation-of-intranasal-dexmedetomidine-for-postoperative-an","trial","REVIEW_HOLD","Inventory-only snapshot; no page-quality review or exclusion decision has been approved","false","unknown","registry-v1"
"url_051a2edd1b2e","https://clinicaltrialfailures.com/trial/NCT01134835-ppar-gamma-a-novel-therapeutic-target-for-asthma","trial","REVIEW_HOLD","Inventory-only snapshot; no page-quality review or exclusion decision has been approved","false","unknown","registry-v1"
"url_c0731f8c3f43","https://clinicaltrialfailures.com/trial/NCT00796666-study-looking-at-combination-therapy-sitaxsentan-sildenafil-vs-monotherapy-sitax","trial","REVIEW_HOLD","Inventory-only snapshot; no page-quality review or exclusion decision has been approved","false","unknown","registry-v1"
"url_72c716b1de90","https://clinicaltrialfailures.com/trial/NCT00795639-sitaxsentan-efficacy-and-safety-trial-with-a-randomized-prospective-assessment-o","trial","REVIEW_HOLD","Inventory-only snapshot; no page-quality review or exclusion decision has been approved","false","unknown","registry-v1"
"url_6fada7fc44a8","https://clinicaltrialfailures.com/trial/NCT00593658-pilot-study-of-pentoxifylline-for-hepatopulmonary-syndrome","trial","REVIEW_HOLD","Inventory-only snapshot; no page-quality review or exclusion decision has been approved","false","unknown","registry-v1"
"url_5ae20960c8d4","https://clinicaltrialfailures.com/trial/NCT00072189-a-phase-ii-study-of-ucn-01-in-metastatic-melanoma","trial","REVIEW_HOLD","Inventory-only snapshot; no page-quality review or exclusion decision has been approved","false","unknown","registry-v1"
