"nct_id","url","stop_reason","reason_length","classification_category","classification_confidence","classification_source","detailed_description_evidence","required_page_fields_present","review_decision","required_action","review_reason"
"NCT00023881","https://clinicaltrialfailures.com/trial/NCT00023881-bortezomib-in-treating-patients-with-chronic-myelogenous-leukemia","Lack of efficacy","16","EFFICACY_FUTILITY","HIGH","REVIEWED_EXACT","","true","KEEP_INDEX","SHORT_BUT_SOURCE_BACKED","The registry wording is short but explicitly supports the structured reason; the page also has identity, study context, classification explanation, and a primary-source link."
"NCT00040144","https://clinicaltrialfailures.com/trial/NCT00040144-safety-and-antiviral-study-of-ach126-433-b-l-fd4c-in-adults-with-lamivudine-resi","Safety concerns","15","SAFETY","HIGH","RULE_V2","","true","KEEP_INDEX","SHORT_BUT_SOURCE_BACKED","The registry wording is short but explicitly supports the structured reason; the page also has identity, study context, classification explanation, and a primary-source link."
"NCT00040157","https://clinicaltrialfailures.com/trial/NCT00040157-safety-and-antiviral-study-of-ach-126-443-beta-l-fd4c-in-the-treatment-of-adults","Safety concerns","15","SAFETY","HIGH","RULE_V2","","true","KEEP_INDEX","SHORT_BUT_SOURCE_BACKED","The registry wording is short but explicitly supports the structured reason; the page also has identity, study context, classification explanation, and a primary-source link."
"NCT00117884","https://clinicaltrialfailures.com/trial/NCT00117884-efficacy-of-851b-gel-for-treating-high-risk-cervical-human-papillomavirus-infect","Lack of efficacy","16","EFFICACY_FUTILITY","HIGH","REVIEWED_EXACT","","true","KEEP_INDEX","SHORT_BUT_SOURCE_BACKED","The registry wording is short but explicitly supports the structured reason; the page also has identity, study context, classification explanation, and a primary-source link."
"NCT00142168","https://clinicaltrialfailures.com/trial/NCT00142168-cc-5013-lenalidomide-and-rituximab-in-waldenstrom-s-macroglobulinemia","Toxicity","8","SAFETY","HIGH","REVIEWED_EXACT","","true","KEEP_INDEX","SHORT_BUT_SOURCE_BACKED","The registry wording is short but explicitly supports the structured reason; the page also has identity, study context, classification explanation, and a primary-source link."
"NCT00217464","https://clinicaltrialfailures.com/trial/NCT00217464-fulvestrant-in-treating-patients-with-recurrent-prostate-cancer","Closed for futility","19","EFFICACY_FUTILITY","HIGH","RULE_V2","","true","KEEP_INDEX","SHORT_BUT_SOURCE_BACKED","The registry wording is short but explicitly supports the structured reason; the page also has identity, study context, classification explanation, and a primary-source link."
"NCT00278564","https://clinicaltrialfailures.com/trial/NCT00278564-stem-cell-transplantation-in-idiopathic-inflammatory-myopathy-diseases","high relapse rate","17","EFFICACY_FUTILITY","HIGH","RULE_V2","","true","KEEP_INDEX","SHORT_BUT_SOURCE_BACKED","The registry wording is short but explicitly supports the structured reason; the page also has identity, study context, classification explanation, and a primary-source link."
"NCT00312286","https://clinicaltrialfailures.com/trial/NCT00312286-efficacy-of-851b-gel-for-treating-high-risk-cervical-human-papillomavirus-infect","Lack of efficacy","16","EFFICACY_FUTILITY","HIGH","REVIEWED_EXACT","","true","KEEP_INDEX","SHORT_BUT_SOURCE_BACKED","The registry wording is short but explicitly supports the structured reason; the page also has identity, study context, classification explanation, and a primary-source link."
"NCT00347646","https://clinicaltrialfailures.com/trial/NCT00347646-a-study-to-evaluate-plasmin-for-the-creation-of-a-posterior-vitreous-detachment-","Lack of Efficacy","16","EFFICACY_FUTILITY","HIGH","REVIEWED_EXACT","","true","KEEP_INDEX","SHORT_BUT_SOURCE_BACKED","The registry wording is short but explicitly supports the structured reason; the page also has identity, study context, classification explanation, and a primary-source link."
"NCT00348439","https://clinicaltrialfailures.com/trial/NCT00348439-study-to-evaluate-plasmin-for-the-creation-of-a-posterior-vitreous-detachment","Lack of Efficacy","16","EFFICACY_FUTILITY","HIGH","REVIEWED_EXACT","","true","KEEP_INDEX","SHORT_BUT_SOURCE_BACKED","The registry wording is short but explicitly supports the structured reason; the page also has identity, study context, classification explanation, and a primary-source link."
"NCT00352690","https://clinicaltrialfailures.com/trial/NCT00352690-a-phase-ii-study-of-radiation-therapy-paclitaxel-poliglumex-and-carboplatin-in-s","Safety of patients","18","SAFETY","HIGH","RULE_V2","","true","KEEP_INDEX","SHORT_BUT_SOURCE_BACKED","The registry wording is short but explicitly supports the structured reason; the page also has identity, study context, classification explanation, and a primary-source link."
"NCT00370942","https://clinicaltrialfailures.com/trial/NCT00370942-gw823093c-for-the-treatment-of-type-2-diabetes-mellitus","Safety issue","12","SAFETY","HIGH","RULE_V2","","true","KEEP_INDEX","SHORT_BUT_SOURCE_BACKED","The registry wording is short but explicitly supports the structured reason; the page also has identity, study context, classification explanation, and a primary-source link."
"NCT00400205","https://clinicaltrialfailures.com/trial/NCT00400205-study-of-induction-docetaxel-cisplatin-and-5-fluorouracil","Safety reasons","14","SAFETY","HIGH","RULE_V2","","true","KEEP_INDEX","SHORT_BUT_SOURCE_BACKED","The registry wording is short but explicitly supports the structured reason; the page also has identity, study context, classification explanation, and a primary-source link."
"NCT00401947","https://clinicaltrialfailures.com/trial/NCT00401947-a-study-to-investigate-the-safety-tolerability-pharmacokinetics-and-antiviral-ac","Nephrotoxicity","14","SAFETY","HIGH","RULE_V2","","true","KEEP_INDEX","SHORT_BUT_SOURCE_BACKED","The registry wording is short but explicitly supports the structured reason; the page also has identity, study context, classification explanation, and a primary-source link."
"NCT00407407","https://clinicaltrialfailures.com/trial/NCT00407407-abi-007-with-carboplatin-as-first-line-therapy-in-patients-with-epithelial-ovari","MTD not determined","18","BIOLOGICAL_UNSPECIFIED","HIGH","RULE_V2","","true","KEEP_INDEX","SHORT_BUT_SOURCE_BACKED","The registry wording is short but explicitly supports the structured reason; the page also has identity, study context, classification explanation, and a primary-source link."
"NCT00423189","https://clinicaltrialfailures.com/trial/NCT00423189-lucentis-utilizing-visudyne-luv-trial-combination-therapy-in-the-treatment-of-ag","Lack of efficacy","16","EFFICACY_FUTILITY","HIGH","REVIEWED_EXACT","","true","KEEP_INDEX","SHORT_BUT_SOURCE_BACKED","The registry wording is short but explicitly supports the structured reason; the page also has identity, study context, classification explanation, and a primary-source link."
"NCT00437294","https://clinicaltrialfailures.com/trial/NCT00437294-enzastaurin-in-combination-of-capecitabine-to-treat-breast-cancer","Lack of efficacy","16","EFFICACY_FUTILITY","HIGH","REVIEWED_EXACT","","true","KEEP_INDEX","SHORT_BUT_SOURCE_BACKED","The registry wording is short but explicitly supports the structured reason; the page also has identity, study context, classification explanation, and a primary-source link."
"NCT00449865","https://clinicaltrialfailures.com/trial/NCT00449865-net-pd-ls-1-creatine-in-parkinson-s-disease","Futility","8","EFFICACY_FUTILITY","HIGH","REVIEWED_EXACT","","true","KEEP_INDEX","SHORT_BUT_SOURCE_BACKED","The registry wording is short but explicitly supports the structured reason; the page also has identity, study context, classification explanation, and a primary-source link."
"NCT00468442","https://clinicaltrialfailures.com/trial/NCT00468442-b-lymphocyte-immunotherapy-in-islet-transplantation","Lack of efficacy","16","EFFICACY_FUTILITY","HIGH","REVIEWED_EXACT","","true","KEEP_INDEX","SHORT_BUT_SOURCE_BACKED","The registry wording is short but explicitly supports the structured reason; the page also has identity, study context, classification explanation, and a primary-source link."
"NCT00489710","https://clinicaltrialfailures.com/trial/NCT00489710-talabostat-in-treating-patients-with-metastatic-kidney-cancer","safety reasons","14","SAFETY","HIGH","RULE_V2","","true","KEEP_INDEX","SHORT_BUT_SOURCE_BACKED","The registry wording is short but explicitly supports the structured reason; the page also has identity, study context, classification explanation, and a primary-source link."
"NCT00526890","https://clinicaltrialfailures.com/trial/NCT00526890-carboplatin-paclitaxel-selenomethionine-and-radiation-therapy-in-treating-patien","lack of efficacy","16","EFFICACY_FUTILITY","HIGH","REVIEWED_EXACT","","true","KEEP_INDEX","SHORT_BUT_SOURCE_BACKED","The registry wording is short but explicitly supports the structured reason; the page also has identity, study context, classification explanation, and a primary-source link."
"NCT00544908","https://clinicaltrialfailures.com/trial/NCT00544908-dasatinib-in-treating-patients-with-stage-iv-pancreatic-cancer","Toxicity","8","SAFETY","HIGH","REVIEWED_EXACT","","true","KEEP_INDEX","SHORT_BUT_SOURCE_BACKED","The registry wording is short but explicitly supports the structured reason; the page also has identity, study context, classification explanation, and a primary-source link."
"NCT00548496","https://clinicaltrialfailures.com/trial/NCT00548496-a-phase-iia-study-of-men-and-post-menopausal-women-with-a-fractured-distal-radiu","Lack of efficacy","16","EFFICACY_FUTILITY","HIGH","REVIEWED_EXACT","","true","KEEP_INDEX","SHORT_BUT_SOURCE_BACKED","The registry wording is short but explicitly supports the structured reason; the page also has identity, study context, classification explanation, and a primary-source link."
"NCT00582816","https://clinicaltrialfailures.com/trial/NCT00582816-haploidentical-transplant-with-nk-cell-infusion-for-pediatric-acute-leukemia-and","toxicity","8","SAFETY","HIGH","REVIEWED_EXACT","","true","KEEP_INDEX","SHORT_BUT_SOURCE_BACKED","The registry wording is short but explicitly supports the structured reason; the page also has identity, study context, classification explanation, and a primary-source link."
"NCT00638820","https://clinicaltrialfailures.com/trial/NCT00638820-reduced-intensity-allotransplant-for-osteopetrosis","Excess toxicity","15","SAFETY","HIGH","RULE_V2","","true","KEEP_INDEX","SHORT_BUT_SOURCE_BACKED","The registry wording is short but explicitly supports the structured reason; the page also has identity, study context, classification explanation, and a primary-source link."
"NCT00670397","https://clinicaltrialfailures.com/trial/NCT00670397-photodynamic-therapy-using-hpph-in-treating-patients-with-recurrent-dysplasia-ca","safety issues","13","SAFETY","HIGH","REVIEWED_EXACT","","true","KEEP_INDEX","SHORT_BUT_SOURCE_BACKED","The registry wording is short but explicitly supports the structured reason; the page also has identity, study context, classification explanation, and a primary-source link."
"NCT00671801","https://clinicaltrialfailures.com/trial/NCT00671801-irinotecan-plus-lenalidomide-in-adult-patients-with-recurrent-glioblastoma-multi","Toxicity","8","SAFETY","HIGH","REVIEWED_EXACT","","true","KEEP_INDEX","SHORT_BUT_SOURCE_BACKED","The registry wording is short but explicitly supports the structured reason; the page also has identity, study context, classification explanation, and a primary-source link."
"NCT00679029","https://clinicaltrialfailures.com/trial/NCT00679029-chemotherapy-and-bevacizumab-for-human-epidermal-growth-factor-receptor-2-her2-n","drug toxicity","13","SAFETY","HIGH","REVIEWED_EXACT","","true","KEEP_INDEX","SHORT_BUT_SOURCE_BACKED","The registry wording is short but explicitly supports the structured reason; the page also has identity, study context, classification explanation, and a primary-source link."
"NCT00721110","https://clinicaltrialfailures.com/trial/NCT00721110-lidocaine-and-ketamine-in-abdominal-surgery","Futility","8","EFFICACY_FUTILITY","HIGH","REVIEWED_EXACT","","true","KEEP_INDEX","SHORT_BUT_SOURCE_BACKED","The registry wording is short but explicitly supports the structured reason; the page also has identity, study context, classification explanation, and a primary-source link."
"NCT00740181","https://clinicaltrialfailures.com/trial/NCT00740181-decitabine-cytarabine-gcsf-for-refractory-aml-mds","Lack of efficacy","16","EFFICACY_FUTILITY","HIGH","REVIEWED_EXACT","","true","KEEP_INDEX","SHORT_BUT_SOURCE_BACKED","The registry wording is short but explicitly supports the structured reason; the page also has identity, study context, classification explanation, and a primary-source link."
"NCT00740545","https://clinicaltrialfailures.com/trial/NCT00740545-prevention-of-unexplained-recurrent-abortion-by-enoxaparine","Stopped for futility","20","EFFICACY_FUTILITY","HIGH","RULE_V2","","true","KEEP_INDEX","SHORT_BUT_SOURCE_BACKED","The registry wording is short but explicitly supports the structured reason; the page also has identity, study context, classification explanation, and a primary-source link."
"NCT00796575","https://clinicaltrialfailures.com/trial/NCT00796575-effects-of-multiple-doses-of-cs-8080-in-healthy-volunteers","Safety concerns","15","SAFETY","HIGH","RULE_V2","","true","KEEP_INDEX","SHORT_BUT_SOURCE_BACKED","The registry wording is short but explicitly supports the structured reason; the page also has identity, study context, classification explanation, and a primary-source link."
"NCT00804830","https://clinicaltrialfailures.com/trial/NCT00804830-avastin-and-doxorubicin-postoperatively-for-patients-with-anaplastic-thyroid-can","lack of response","16","EFFICACY_FUTILITY","HIGH","RULE_V2","","true","KEEP_INDEX","SHORT_BUT_SOURCE_BACKED","The registry wording is short but explicitly supports the structured reason; the page also has identity, study context, classification explanation, and a primary-source link."
"NCT00823342","https://clinicaltrialfailures.com/trial/NCT00823342-anrs-hb-05-multicenter-study-evaluating-efficacy-and-safety-of-clevudine-monothe","safety aspects","14","SAFETY","HIGH","RULE_V2","","true","KEEP_INDEX","SHORT_BUT_SOURCE_BACKED","The registry wording is short but explicitly supports the structured reason; the page also has identity, study context, classification explanation, and a primary-source link."
"NCT00840827","https://clinicaltrialfailures.com/trial/NCT00840827-efficacy-and-safety-of-lenalidomide-in-combination-with-cyclosporine-a-in-patien","Lack of efficacy.","17","EFFICACY_FUTILITY","HIGH","REVIEWED_EXACT","","true","KEEP_INDEX","SHORT_BUT_SOURCE_BACKED","The registry wording is short but explicitly supports the structured reason; the page also has identity, study context, classification explanation, and a primary-source link."
"NCT00849667","https://clinicaltrialfailures.com/trial/NCT00849667-efficacy-and-safety-of-farletuzumab-morab-003-in-combination-with-carboplatin-an","Lack of efficacy","16","EFFICACY_FUTILITY","HIGH","REVIEWED_EXACT","","true","KEEP_INDEX","SHORT_BUT_SOURCE_BACKED","The registry wording is short but explicitly supports the structured reason; the page also has identity, study context, classification explanation, and a primary-source link."
"NCT00859339","https://clinicaltrialfailures.com/trial/NCT00859339-neoadjuvant-cisplatin-gemcitabine-sunitinib-malate-radical-cystectomy-for-tcc","Patient Toxicities","18","SAFETY","HIGH","RULE_V2","","true","KEEP_INDEX","SHORT_BUT_SOURCE_BACKED","The registry wording is short but explicitly supports the structured reason; the page also has identity, study context, classification explanation, and a primary-source link."
"NCT00862836","https://clinicaltrialfailures.com/trial/NCT00862836-addition-of-vandetanib-to-standard-therapy-pegliposomal-doxorubicin-pld","Lack of efficacy","16","EFFICACY_FUTILITY","HIGH","REVIEWED_EXACT","","true","KEEP_INDEX","SHORT_BUT_SOURCE_BACKED","The registry wording is short but explicitly supports the structured reason; the page also has identity, study context, classification explanation, and a primary-source link."
"NCT00867308","https://clinicaltrialfailures.com/trial/NCT00867308-trial-of-high-dose-lenalidomide-in-patients-with-mds-and-aml-with-trilineage-dys","Lack of efficacy","16","EFFICACY_FUTILITY","HIGH","REVIEWED_EXACT","","true","KEEP_INDEX","SHORT_BUT_SOURCE_BACKED","The registry wording is short but explicitly supports the structured reason; the page also has identity, study context, classification explanation, and a primary-source link."
"NCT00872404","https://clinicaltrialfailures.com/trial/NCT00872404-a-study-of-cp-751-871-in-patients-with-recurrent-squamous-head-and-neck-carcinom","lack of efficacy","16","EFFICACY_FUTILITY","HIGH","REVIEWED_EXACT","","true","KEEP_INDEX","SHORT_BUT_SOURCE_BACKED","The registry wording is short but explicitly supports the structured reason; the page also has identity, study context, classification explanation, and a primary-source link."
"NCT00887926","https://clinicaltrialfailures.com/trial/NCT00887926-study-of-imc-eb10-in-participant-with-leukemia","Lack of efficacy","16","EFFICACY_FUTILITY","HIGH","REVIEWED_EXACT","","true","KEEP_INDEX","SHORT_BUT_SOURCE_BACKED","The registry wording is short but explicitly supports the structured reason; the page also has identity, study context, classification explanation, and a primary-source link."
"NCT00928772","https://clinicaltrialfailures.com/trial/NCT00928772-cranial-electro-therapy-stimulation-in-reducing-perioperative-anxiety","Lack of efficacy","16","EFFICACY_FUTILITY","HIGH","REVIEWED_EXACT","","true","KEEP_INDEX","SHORT_BUT_SOURCE_BACKED","The registry wording is short but explicitly supports the structured reason; the page also has identity, study context, classification explanation, and a primary-source link."
"NCT00955240","https://clinicaltrialfailures.com/trial/NCT00955240-radiation-therapy-cisplatin-fluorouracil-and-cetuximab-in-treating-patients-with","Inadequate toxicity","19","SAFETY","HIGH","RULE_V2","","true","KEEP_INDEX","SHORT_BUT_SOURCE_BACKED","The registry wording is short but explicitly supports the structured reason; the page also has identity, study context, classification explanation, and a primary-source link."
"NCT00976183","https://clinicaltrialfailures.com/trial/NCT00976183-paclitaxel-carboplatin-and-vorinostat-for-the-treatment-of-advanced-stage-ovaria","toxicities","10","SAFETY","HIGH","RULE_V2","","true","KEEP_INDEX","SHORT_BUT_SOURCE_BACKED","The registry wording is short but explicitly supports the structured reason; the page also has identity, study context, classification explanation, and a primary-source link."
"NCT00979121","https://clinicaltrialfailures.com/trial/NCT00979121-statins-for-acutely-injured-lungs-from-sepsis","stopped for futility","20","EFFICACY_FUTILITY","HIGH","RULE_V2","","true","KEEP_INDEX","SHORT_BUT_SOURCE_BACKED","The registry wording is short but explicitly supports the structured reason; the page also has identity, study context, classification explanation, and a primary-source link."
"NCT01009346","https://clinicaltrialfailures.com/trial/NCT01009346-rad001-in-combination-with-cetuximab-and-cisplatin-in-recurrent-and-metastatic-s","Toxicity","8","SAFETY","HIGH","REVIEWED_EXACT","","true","KEEP_INDEX","SHORT_BUT_SOURCE_BACKED","The registry wording is short but explicitly supports the structured reason; the page also has identity, study context, classification explanation, and a primary-source link."
"NCT01037907","https://clinicaltrialfailures.com/trial/NCT01037907-a-study-of-orally-administered-bgc20-0134-structured-lipid-in-patients-with-rela","Lack of efficacy","16","EFFICACY_FUTILITY","HIGH","REVIEWED_EXACT","","true","KEEP_INDEX","SHORT_BUT_SOURCE_BACKED","The registry wording is short but explicitly supports the structured reason; the page also has identity, study context, classification explanation, and a primary-source link."
"NCT01050764","https://clinicaltrialfailures.com/trial/NCT01050764-haploidentical-allogeneic-transplant-with-post-transplant-infusion-of-regulatory","Safety","6","SAFETY","HIGH","REVIEWED_EXACT","","true","KEEP_INDEX","SHORT_BUT_SOURCE_BACKED","The registry wording is short but explicitly supports the structured reason; the page also has identity, study context, classification explanation, and a primary-source link."
"NCT01061671","https://clinicaltrialfailures.com/trial/NCT01061671-simvastatin-therapy-for-moderate-and-severe-copd","Futility","8","EFFICACY_FUTILITY","HIGH","REVIEWED_EXACT","","true","KEEP_INDEX","SHORT_BUT_SOURCE_BACKED","The registry wording is short but explicitly supports the structured reason; the page also has identity, study context, classification explanation, and a primary-source link."
"NCT01205828","https://clinicaltrialfailures.com/trial/NCT01205828-abt-888-and-temozolomide-for-liver-cancer","Lack of efficacy","16","EFFICACY_FUTILITY","HIGH","REVIEWED_EXACT","","true","KEEP_INDEX","SHORT_BUT_SOURCE_BACKED","The registry wording is short but explicitly supports the structured reason; the page also has identity, study context, classification explanation, and a primary-source link."
"NCT01238965","https://clinicaltrialfailures.com/trial/NCT01238965-panobinostat-and-fluorouracil-followed-by-leucovorin-calcium-in-treating-patient","Adverse Events","14","SAFETY","HIGH","REVIEWED_EXACT","","true","KEEP_INDEX","SHORT_BUT_SOURCE_BACKED","The registry wording is short but explicitly supports the structured reason; the page also has identity, study context, classification explanation, and a primary-source link."
"NCT01286038","https://clinicaltrialfailures.com/trial/NCT01286038-eltrombopag-in-myelodysplastic-syndrome-mds-patients-with-thrombocytopenia","Lack of efficacy","16","EFFICACY_FUTILITY","HIGH","REVIEWED_EXACT","","true","KEEP_INDEX","SHORT_BUT_SOURCE_BACKED","The registry wording is short but explicitly supports the structured reason; the page also has identity, study context, classification explanation, and a primary-source link."
"NCT01370239","https://clinicaltrialfailures.com/trial/NCT01370239-humanah-hu3s193-in-the-treatment-of-advanced-breast-cancer-after-hormonal-therap","futility","8","EFFICACY_FUTILITY","HIGH","REVIEWED_EXACT","","true","KEEP_INDEX","SHORT_BUT_SOURCE_BACKED","The registry wording is short but explicitly supports the structured reason; the page also has identity, study context, classification explanation, and a primary-source link."
"NCT01386372","https://clinicaltrialfailures.com/trial/NCT01386372-tolvaptan-for-in-hospital-hyponatremia","futility","8","EFFICACY_FUTILITY","HIGH","REVIEWED_EXACT","","true","KEEP_INDEX","SHORT_BUT_SOURCE_BACKED","The registry wording is short but explicitly supports the structured reason; the page also has identity, study context, classification explanation, and a primary-source link."
"NCT01405846","https://clinicaltrialfailures.com/trial/NCT01405846-feasibility-study-to-estimate-number-of-patients-with-precancerous-areas-in-thei","Futility","8","EFFICACY_FUTILITY","HIGH","REVIEWED_EXACT","","true","KEEP_INDEX","SHORT_BUT_SOURCE_BACKED","The registry wording is short but explicitly supports the structured reason; the page also has identity, study context, classification explanation, and a primary-source link."
"NCT01482949","https://clinicaltrialfailures.com/trial/NCT01482949-a-rollover-protocol-for-subjects-previously-treated-with-ags-003","Lack of efficacy","16","EFFICACY_FUTILITY","HIGH","REVIEWED_EXACT","","true","KEEP_INDEX","SHORT_BUT_SOURCE_BACKED","The registry wording is short but explicitly supports the structured reason; the page also has identity, study context, classification explanation, and a primary-source link."
"NCT01483690","https://clinicaltrialfailures.com/trial/NCT01483690-a-pilot-study-of-decitabine-and-vorinostat-with-chemotherapy-for-relapsed-all","Toxicity","8","SAFETY","HIGH","REVIEWED_EXACT","","true","KEEP_INDEX","SHORT_BUT_SOURCE_BACKED","The registry wording is short but explicitly supports the structured reason; the page also has identity, study context, classification explanation, and a primary-source link."
"NCT01488708","https://clinicaltrialfailures.com/trial/NCT01488708-on-open-label-study-in-participants-with-systemic-lupus-erythematosus","Lack of efficacy","16","EFFICACY_FUTILITY","HIGH","REVIEWED_EXACT","","true","KEEP_INDEX","SHORT_BUT_SOURCE_BACKED","The registry wording is short but explicitly supports the structured reason; the page also has identity, study context, classification explanation, and a primary-source link."
"NCT01518153","https://clinicaltrialfailures.com/trial/NCT01518153-planned-donor-lymphocyte-infusion-dli-after-allogeneic-stem-cell-transplantation","Objectives not met.","19","EFFICACY_FUTILITY","HIGH","RULE_V2","","true","KEEP_INDEX","SHORT_BUT_SOURCE_BACKED","The registry wording is short but explicitly supports the structured reason; the page also has identity, study context, classification explanation, and a primary-source link."
"NCT01530399","https://clinicaltrialfailures.com/trial/NCT01530399-phase-ii-study-to-compare-mdco-2010-vs-placebo-and-tranexamic-acid-in-patients-u","Safety","6","SAFETY","HIGH","REVIEWED_EXACT","","true","KEEP_INDEX","SHORT_BUT_SOURCE_BACKED","The registry wording is short but explicitly supports the structured reason; the page also has identity, study context, classification explanation, and a primary-source link."
"NCT01543269","https://clinicaltrialfailures.com/trial/NCT01543269-a-clinical-study-to-evaluate-the-safety-tolerability-and-pk-of-zyt1-following-or","Safety concerns","15","SAFETY","HIGH","RULE_V2","","true","KEEP_INDEX","SHORT_BUT_SOURCE_BACKED","The registry wording is short but explicitly supports the structured reason; the page also has identity, study context, classification explanation, and a primary-source link."
"NCT01548924","https://clinicaltrialfailures.com/trial/NCT01548924-determination-of-dose-of-antiangiogenic-multitargeted-dovitinib-tki258-plus-pacl","Drug toxicity","13","SAFETY","HIGH","REVIEWED_EXACT","","true","KEEP_INDEX","SHORT_BUT_SOURCE_BACKED","The registry wording is short but explicitly supports the structured reason; the page also has identity, study context, classification explanation, and a primary-source link."
"NCT01556347","https://clinicaltrialfailures.com/trial/NCT01556347-multi-drug-desensitization-protocol-for-heart-transplant-candidates","Lack of efficacy","16","EFFICACY_FUTILITY","HIGH","REVIEWED_EXACT","","true","KEEP_INDEX","SHORT_BUT_SOURCE_BACKED","The registry wording is short but explicitly supports the structured reason; the page also has identity, study context, classification explanation, and a primary-source link."
"NCT01558674","https://clinicaltrialfailures.com/trial/NCT01558674-a-study-of-mk-7145-in-participants-with-renal-insufficiency-part-i-and-heart-fai","Lack of efficacy","16","EFFICACY_FUTILITY","HIGH","REVIEWED_EXACT","","true","KEEP_INDEX","SHORT_BUT_SOURCE_BACKED","The registry wording is short but explicitly supports the structured reason; the page also has identity, study context, classification explanation, and a primary-source link."
"NCT01582672","https://clinicaltrialfailures.com/trial/NCT01582672-phase-3-trial-of-autologous-dendritic-cell-immunotherapy-plus-standard-treatment","Lack of efficacy","16","EFFICACY_FUTILITY","HIGH","REVIEWED_EXACT","","true","KEEP_INDEX","SHORT_BUT_SOURCE_BACKED","The registry wording is short but explicitly supports the structured reason; the page also has identity, study context, classification explanation, and a primary-source link."
"NCT01611662","https://clinicaltrialfailures.com/trial/NCT01611662-gemcitabine-hydrochloride-and-cisplatin-before-surgery-in-treating-patients-with","Extreme Toxicity","16","SAFETY","HIGH","REVIEWED_EXACT","","true","KEEP_INDEX","SHORT_BUT_SOURCE_BACKED","The registry wording is short but explicitly supports the structured reason; the page also has identity, study context, classification explanation, and a primary-source link."
"NCT01611675","https://clinicaltrialfailures.com/trial/NCT01611675-leflunomide-vemurafenib-in-v600-mutant-met-melanoma","Adverse Events","14","SAFETY","HIGH","REVIEWED_EXACT","","true","KEEP_INDEX","SHORT_BUT_SOURCE_BACKED","The registry wording is short but explicitly supports the structured reason; the page also has identity, study context, classification explanation, and a primary-source link."
"NCT01622660","https://clinicaltrialfailures.com/trial/NCT01622660-gemcitabine-and-pazopanib-in-chemotherapy-na-ve-patients-with-advanced-metastati","Safety reasons","14","SAFETY","HIGH","RULE_V2","","true","KEEP_INDEX","SHORT_BUT_SOURCE_BACKED","The registry wording is short but explicitly supports the structured reason; the page also has identity, study context, classification explanation, and a primary-source link."
"NCT01649258","https://clinicaltrialfailures.com/trial/NCT01649258-fosaprepitant-dimeglumine-and-granisetron-transdermal-system-in-preventing-nause","Lack of Efficacy","16","EFFICACY_FUTILITY","HIGH","REVIEWED_EXACT","","true","KEEP_INDEX","SHORT_BUT_SOURCE_BACKED","The registry wording is short but explicitly supports the structured reason; the page also has identity, study context, classification explanation, and a primary-source link."
"NCT01668173","https://clinicaltrialfailures.com/trial/NCT01668173-hsp90-inhibitor-auy922-in-patients-with-primary-myelofibrosis-pmf-post-polycythe","patient safety","14","SAFETY","HIGH","REVIEWED_EXACT","","true","KEEP_INDEX","SHORT_BUT_SOURCE_BACKED","The registry wording is short but explicitly supports the structured reason; the page also has identity, study context, classification explanation, and a primary-source link."
"NCT01708798","https://clinicaltrialfailures.com/trial/NCT01708798-study-of-the-effect-of-eplerenone-on-heart-function-in-women-receiving-anthracyc","Futility","8","EFFICACY_FUTILITY","HIGH","REVIEWED_EXACT","","true","KEEP_INDEX","SHORT_BUT_SOURCE_BACKED","The registry wording is short but explicitly supports the structured reason; the page also has identity, study context, classification explanation, and a primary-source link."
"NCT01719861","https://clinicaltrialfailures.com/trial/NCT01719861-phase-2a-desipramine-in-small-cell-lung-cancer-and-other-high-grade-neuroendocri","Lack of efficacy","16","EFFICACY_FUTILITY","HIGH","REVIEWED_EXACT","","true","KEEP_INDEX","SHORT_BUT_SOURCE_BACKED","The registry wording is short but explicitly supports the structured reason; the page also has identity, study context, classification explanation, and a primary-source link."
"NCT01729104","https://clinicaltrialfailures.com/trial/NCT01729104-phase-i-ii-carfilzomib-plus-lenalidomide-and-rituximab-in-the-treatment-of-relap","Low response","12","EFFICACY_FUTILITY","MEDIUM","RULE_V2","","true","KEEP_INDEX","SHORT_BUT_SOURCE_BACKED","The registry wording is short but explicitly supports the structured reason; the page also has identity, study context, classification explanation, and a primary-source link."
"NCT01748240","https://clinicaltrialfailures.com/trial/NCT01748240-addition-of-vorinostat-to-azacitidine-in-higher-risk-mds-a-phase-ii-add-on-study","inefficiency","12","EFFICACY_FUTILITY","HIGH","RULE_V2","","true","KEEP_INDEX","SHORT_BUT_SOURCE_BACKED","The registry wording is short but explicitly supports the structured reason; the page also has identity, study context, classification explanation, and a primary-source link."
"NCT01751724","https://clinicaltrialfailures.com/trial/NCT01751724-caffeine-to-reduce-mechanical-ventilation-in-preterm-infants","Safety","6","SAFETY","HIGH","REVIEWED_EXACT","","true","KEEP_INDEX","SHORT_BUT_SOURCE_BACKED","The registry wording is short but explicitly supports the structured reason; the page also has identity, study context, classification explanation, and a primary-source link."
"NCT01774604","https://clinicaltrialfailures.com/trial/NCT01774604-rectal-indomethacin-to-prevent-post-endoscopic-retrograde-cholangiopancreatograp","Futility","8","EFFICACY_FUTILITY","HIGH","REVIEWED_EXACT","","true","KEEP_INDEX","SHORT_BUT_SOURCE_BACKED","The registry wording is short but explicitly supports the structured reason; the page also has identity, study context, classification explanation, and a primary-source link."
"NCT01793298","https://clinicaltrialfailures.com/trial/NCT01793298-safety-tolerability-and-pharmacokinetics-of-asm-024-administered-to-healthy-subj","Lack of efficacy","16","EFFICACY_FUTILITY","HIGH","REVIEWED_EXACT","","true","KEEP_INDEX","SHORT_BUT_SOURCE_BACKED","The registry wording is short but explicitly supports the structured reason; the page also has identity, study context, classification explanation, and a primary-source link."
"NCT01808950","https://clinicaltrialfailures.com/trial/NCT01808950-efficacy-and-safety-trial-of-topical-resiquimod-gel-0-06-in-patients-with-nodula","safety issues","13","SAFETY","HIGH","REVIEWED_EXACT","","true","KEEP_INDEX","SHORT_BUT_SOURCE_BACKED","The registry wording is short but explicitly supports the structured reason; the page also has identity, study context, classification explanation, and a primary-source link."
"NCT01813838","https://clinicaltrialfailures.com/trial/NCT01813838-gfm-acadesine-a-phase-i-ii-trial-of-acadesine","Renal toxicity","14","SAFETY","HIGH","RULE_V2","","true","KEEP_INDEX","SHORT_BUT_SOURCE_BACKED","The registry wording is short but explicitly supports the structured reason; the page also has identity, study context, classification explanation, and a primary-source link."
"NCT01818414","https://clinicaltrialfailures.com/trial/NCT01818414-same-day-dilapan-s-with-adjunctive-misoprostol","Concerns for safety","19","SAFETY","HIGH","RULE_V2","","true","KEEP_INDEX","SHORT_BUT_SOURCE_BACKED","The registry wording is short but explicitly supports the structured reason; the page also has identity, study context, classification explanation, and a primary-source link."
"NCT01838863","https://clinicaltrialfailures.com/trial/NCT01838863-control-of-major-bleeding-after-trauma-study","Futility","8","EFFICACY_FUTILITY","HIGH","REVIEWED_EXACT","","true","KEEP_INDEX","SHORT_BUT_SOURCE_BACKED","The registry wording is short but explicitly supports the structured reason; the page also has identity, study context, classification explanation, and a primary-source link."
"NCT01895127","https://clinicaltrialfailures.com/trial/NCT01895127-efficacy-and-safety-of-eculizumab-for-treatment-of-antibody-mediated-rejection-f","Lack of efficacy","16","EFFICACY_FUTILITY","HIGH","REVIEWED_EXACT","","true","KEEP_INDEX","SHORT_BUT_SOURCE_BACKED","The registry wording is short but explicitly supports the structured reason; the page also has identity, study context, classification explanation, and a primary-source link."
"NCT01898156","https://clinicaltrialfailures.com/trial/NCT01898156-two-part-open-label-multi-center-phase-1-2-study-of-biw-8962-as-monotherapy-in-s","lack of efficacy","16","EFFICACY_FUTILITY","HIGH","REVIEWED_EXACT","","true","KEEP_INDEX","SHORT_BUT_SOURCE_BACKED","The registry wording is short but explicitly supports the structured reason; the page also has identity, study context, classification explanation, and a primary-source link."
"NCT01907815","https://clinicaltrialfailures.com/trial/NCT01907815-trametinib-and-akt-inhibitor-gsk2141795-in-treating-patients-with-acute-myeloid-","Lack of efficacy.","17","EFFICACY_FUTILITY","HIGH","REVIEWED_EXACT","","true","KEEP_INDEX","SHORT_BUT_SOURCE_BACKED","The registry wording is short but explicitly supports the structured reason; the page also has identity, study context, classification explanation, and a primary-source link."
"NCT01925118","https://clinicaltrialfailures.com/trial/NCT01925118-irradiated-donor-lymphocyte-infusion-plus-high-dose-il-2","Ineffectiveness","15","EFFICACY_FUTILITY","HIGH","RULE_V2","","true","KEEP_INDEX","SHORT_BUT_SOURCE_BACKED","The registry wording is short but explicitly supports the structured reason; the page also has identity, study context, classification explanation, and a primary-source link."
"NCT01927718","https://clinicaltrialfailures.com/trial/NCT01927718-thalidomide-to-overcome-lenalidomide-resistance-after-autologous-hematopoietic-s","Poor Response Rate","18","EFFICACY_FUTILITY","MEDIUM","RULE_V2","","true","KEEP_INDEX","SHORT_BUT_SOURCE_BACKED","The registry wording is short but explicitly supports the structured reason; the page also has identity, study context, classification explanation, and a primary-source link."
"NCT01940796","https://clinicaltrialfailures.com/trial/NCT01940796-phase-i-trial-of-brentuximab-vedotin-for-refractory-chronic-graft-vs-host-diseas","Toxicity","8","SAFETY","HIGH","REVIEWED_EXACT","","true","KEEP_INDEX","SHORT_BUT_SOURCE_BACKED","The registry wording is short but explicitly supports the structured reason; the page also has identity, study context, classification explanation, and a primary-source link."
"NCT01944943","https://clinicaltrialfailures.com/trial/NCT01944943-phase-ii-study-of-vismodegib-in-patients-with-refractory-or-relapsed-b-cell-lymp","lack of efficacy","16","EFFICACY_FUTILITY","HIGH","REVIEWED_EXACT","","true","KEEP_INDEX","SHORT_BUT_SOURCE_BACKED","The registry wording is short but explicitly supports the structured reason; the page also has identity, study context, classification explanation, and a primary-source link."
"NCT01948271","https://clinicaltrialfailures.com/trial/NCT01948271-efficacy-study-of-trichuris-suis-ova-to-treat-chronic-plaque-psoriasis","lack of efficacy","16","EFFICACY_FUTILITY","HIGH","REVIEWED_EXACT","","true","KEEP_INDEX","SHORT_BUT_SOURCE_BACKED","The registry wording is short but explicitly supports the structured reason; the page also has identity, study context, classification explanation, and a primary-source link."
"NCT01980199","https://clinicaltrialfailures.com/trial/NCT01980199-trial-to-determine-efficacy-of-fexinidazole-in-visceral-leihmaniasis-patients-in","Lack of efficacy","16","EFFICACY_FUTILITY","HIGH","REVIEWED_EXACT","","true","KEEP_INDEX","SHORT_BUT_SOURCE_BACKED","The registry wording is short but explicitly supports the structured reason; the page also has identity, study context, classification explanation, and a primary-source link."
"NCT01999192","https://clinicaltrialfailures.com/trial/NCT01999192-study-to-investigate-the-safety-and-efficacy-of-tregalizumab-in-subjects-mtx-ir-","Lack of efficacy","16","EFFICACY_FUTILITY","HIGH","REVIEWED_EXACT","","true","KEEP_INDEX","SHORT_BUT_SOURCE_BACKED","The registry wording is short but explicitly supports the structured reason; the page also has identity, study context, classification explanation, and a primary-source link."
"NCT02020616","https://clinicaltrialfailures.com/trial/NCT02020616-a-study-of-the-safety-and-effectiveness-of-ly3053102-in-participants-with-type-2","Lack of Efficacy","16","EFFICACY_FUTILITY","HIGH","REVIEWED_EXACT","","true","KEEP_INDEX","SHORT_BUT_SOURCE_BACKED","The registry wording is short but explicitly supports the structured reason; the page also has identity, study context, classification explanation, and a primary-source link."
"NCT02041091","https://clinicaltrialfailures.com/trial/NCT02041091-a-study-of-tabalumab-ly2127399-using-two-different-injection-methods-in-particip","Lack of efficacy","16","EFFICACY_FUTILITY","HIGH","REVIEWED_EXACT","","true","KEEP_INDEX","SHORT_BUT_SOURCE_BACKED","The registry wording is short but explicitly supports the structured reason; the page also has identity, study context, classification explanation, and a primary-source link."
"NCT02055690","https://clinicaltrialfailures.com/trial/NCT02055690-pazofos-phase-ib-and-phase-ii-trial-of-pazopanib-fosbretabulin-in-advanced-recur","Safety","6","SAFETY","HIGH","REVIEWED_EXACT","","true","KEEP_INDEX","SHORT_BUT_SOURCE_BACKED","The registry wording is short but explicitly supports the structured reason; the page also has identity, study context, classification explanation, and a primary-source link."
"NCT02092909","https://clinicaltrialfailures.com/trial/NCT02092909-phase-1-2-dose-escalation-study-in-patients-with-relapsed-or-refractory-waldenst","Lack of efficacy","16","EFFICACY_FUTILITY","HIGH","REVIEWED_EXACT","","true","KEEP_INDEX","SHORT_BUT_SOURCE_BACKED","The registry wording is short but explicitly supports the structured reason; the page also has identity, study context, classification explanation, and a primary-source link."
"NCT02100007","https://clinicaltrialfailures.com/trial/NCT02100007-me-344-given-in-combination-with-hycamtin-in-patients-with-solid-tumors","lack of efficacy","16","EFFICACY_FUTILITY","HIGH","REVIEWED_EXACT","","true","KEEP_INDEX","SHORT_BUT_SOURCE_BACKED","The registry wording is short but explicitly supports the structured reason; the page also has identity, study context, classification explanation, and a primary-source link."
"NCT02131506","https://clinicaltrialfailures.com/trial/NCT02131506-a-study-of-lapatinib-in-combination-with-caelyx-in-patients-with-advanced-her2-p","Safety reasons","14","SAFETY","HIGH","RULE_V2","","true","KEEP_INDEX","SHORT_BUT_SOURCE_BACKED","The registry wording is short but explicitly supports the structured reason; the page also has identity, study context, classification explanation, and a primary-source link."
"NCT02147834","https://clinicaltrialfailures.com/trial/NCT02147834-effectiveness-of-ranolazine-on-reducing-chest-pain-in-patients-with-blockage-but","due to futility","15","EFFICACY_FUTILITY","HIGH","RULE_V2","","true","KEEP_INDEX","SHORT_BUT_SOURCE_BACKED","The registry wording is short but explicitly supports the structured reason; the page also has identity, study context, classification explanation, and a primary-source link."
"NCT02332928","https://clinicaltrialfailures.com/trial/NCT02332928-melatonin-supplementation-for-cancer-related-fatigue-in-patients-receiving-radio","Lack of efficacy","16","EFFICACY_FUTILITY","HIGH","REVIEWED_EXACT","","true","KEEP_INDEX","SHORT_BUT_SOURCE_BACKED","The registry wording is short but explicitly supports the structured reason; the page also has identity, study context, classification explanation, and a primary-source link."
"NCT02333851","https://clinicaltrialfailures.com/trial/NCT02333851-basal-bolus-and-premixed-insulin-regimens-in-hospitalized-patients-with-type-2-d","Safety reasons","14","SAFETY","HIGH","RULE_V2","","true","KEEP_INDEX","SHORT_BUT_SOURCE_BACKED","The registry wording is short but explicitly supports the structured reason; the page also has identity, study context, classification explanation, and a primary-source link."
"NCT02365662","https://clinicaltrialfailures.com/trial/NCT02365662-a-study-evaluating-safety-and-pharmacokinetics-of-abbv-221-in-subjects-with-adva","Safety","6","SAFETY","HIGH","REVIEWED_EXACT","","true","KEEP_INDEX","SHORT_BUT_SOURCE_BACKED","The registry wording is short but explicitly supports the structured reason; the page also has identity, study context, classification explanation, and a primary-source link."
"NCT02368691","https://clinicaltrialfailures.com/trial/NCT02368691-efficacy-and-safety-of-gtx-024-in-patients-with-androgen-receptor-positive-tripl","Lack of Efficacy","16","EFFICACY_FUTILITY","HIGH","REVIEWED_EXACT","","true","KEEP_INDEX","SHORT_BUT_SOURCE_BACKED","The registry wording is short but explicitly supports the structured reason; the page also has identity, study context, classification explanation, and a primary-source link."
"NCT02386098","https://clinicaltrialfailures.com/trial/NCT02386098-strategy-confirming-study-of-bms-955176-to-treat-hiv-1-infected-treatment-experi","GI Intolerability","17","SAFETY","HIGH","RULE_V2","","true","KEEP_INDEX","SHORT_BUT_SOURCE_BACKED","The registry wording is short but explicitly supports the structured reason; the page also has identity, study context, classification explanation, and a primary-source link."
"NCT02400242","https://clinicaltrialfailures.com/trial/NCT02400242-study-of-acy-241-alone-and-in-combination-with-pomalidomide-and-dexamethasone-in","Lack of efficacy","16","EFFICACY_FUTILITY","HIGH","REVIEWED_EXACT","","true","KEEP_INDEX","SHORT_BUT_SOURCE_BACKED","The registry wording is short but explicitly supports the structured reason; the page also has identity, study context, classification explanation, and a primary-source link."
"NCT02403622","https://clinicaltrialfailures.com/trial/NCT02403622-safety-of-fmt-openbiome-outcomes-and-longitudinal-follow-up-stool-for-recurrent-","for futility","12","EFFICACY_FUTILITY","HIGH","RULE_V2","","true","KEEP_INDEX","SHORT_BUT_SOURCE_BACKED","The registry wording is short but explicitly supports the structured reason; the page also has identity, study context, classification explanation, and a primary-source link."
"NCT02414555","https://clinicaltrialfailures.com/trial/NCT02414555-perioperative-fluid-management-in-patients-receiving-major-abdominal-surgery-eff","Patient Safety","14","SAFETY","HIGH","REVIEWED_EXACT","","true","KEEP_INDEX","SHORT_BUT_SOURCE_BACKED","The registry wording is short but explicitly supports the structured reason; the page also has identity, study context, classification explanation, and a primary-source link."
"NCT02431663","https://clinicaltrialfailures.com/trial/NCT02431663-ketamine-in-refractory-convulsive-status-epilepticus","Futility","8","EFFICACY_FUTILITY","HIGH","REVIEWED_EXACT","","true","KEEP_INDEX","SHORT_BUT_SOURCE_BACKED","The registry wording is short but explicitly supports the structured reason; the page also has identity, study context, classification explanation, and a primary-source link."
"NCT02449655","https://clinicaltrialfailures.com/trial/NCT02449655-trial-of-azd5363-plus-paclitaxel-azd2014-plus-paclitaxel-in-biomarker-negative-p","lack of efficacy","16","EFFICACY_FUTILITY","HIGH","REVIEWED_EXACT","","true","KEEP_INDEX","SHORT_BUT_SOURCE_BACKED","The registry wording is short but explicitly supports the structured reason; the page also has identity, study context, classification explanation, and a primary-source link."
"NCT02449681","https://clinicaltrialfailures.com/trial/NCT02449681-study-for-treatment-of-patients-with-recurrent-or-metastatic-squamous-cell-carci","Lack of efficacy","16","EFFICACY_FUTILITY","HIGH","REVIEWED_EXACT","","true","KEEP_INDEX","SHORT_BUT_SOURCE_BACKED","The registry wording is short but explicitly supports the structured reason; the page also has identity, study context, classification explanation, and a primary-source link."
"NCT02454842","https://clinicaltrialfailures.com/trial/NCT02454842-study-for-treatment-with-th-4000-tarloxotinib-in-epidermal-growth-factor-recepto","Lack of efficacy","16","EFFICACY_FUTILITY","HIGH","REVIEWED_EXACT","","true","KEEP_INDEX","SHORT_BUT_SOURCE_BACKED","The registry wording is short but explicitly supports the structured reason; the page also has identity, study context, classification explanation, and a primary-source link."
"NCT02472080","https://clinicaltrialfailures.com/trial/NCT02472080-gemcitabine-oxaliplatin-for-advanced-refractory-thyroid-cancer-patients-a-phase-","inefficiency","12","EFFICACY_FUTILITY","HIGH","RULE_V2","","true","KEEP_INDEX","SHORT_BUT_SOURCE_BACKED","The registry wording is short but explicitly supports the structured reason; the page also has identity, study context, classification explanation, and a primary-source link."
"NCT02485353","https://clinicaltrialfailures.com/trial/NCT02485353-study-of-vosaroxin-and-cytarabine-for-the-treatment-of-adults-60-years-of-age-or","Safety concerns","15","SAFETY","HIGH","RULE_V2","","true","KEEP_INDEX","SHORT_BUT_SOURCE_BACKED","The registry wording is short but explicitly supports the structured reason; the page also has identity, study context, classification explanation, and a primary-source link."
"NCT02486510","https://clinicaltrialfailures.com/trial/NCT02486510-effect-of-cytoreductive-chemotherapy-and-a-ccr5-coreceptor-antagonist-on-hiv-1-e","Futility criteria","17","EFFICACY_FUTILITY","HIGH","RULE_V2","","true","KEEP_INDEX","SHORT_BUT_SOURCE_BACKED","The registry wording is short but explicitly supports the structured reason; the page also has identity, study context, classification explanation, and a primary-source link."
"NCT02499549","https://clinicaltrialfailures.com/trial/NCT02499549-two-treatment-regimens-of-cocamide-dea-lotion-for-head-lice","Lack of efficacy","16","EFFICACY_FUTILITY","HIGH","REVIEWED_EXACT","","true","KEEP_INDEX","SHORT_BUT_SOURCE_BACKED","The registry wording is short but explicitly supports the structured reason; the page also has identity, study context, classification explanation, and a primary-source link."
"NCT02499952","https://clinicaltrialfailures.com/trial/NCT02499952-pembrolizumab-in-subjects-with-incurable-platinum-refractory-germ-cell-tumors","Lack of Efficacy","16","EFFICACY_FUTILITY","HIGH","REVIEWED_EXACT","","true","KEEP_INDEX","SHORT_BUT_SOURCE_BACKED","The registry wording is short but explicitly supports the structured reason; the page also has identity, study context, classification explanation, and a primary-source link."
"NCT02500524","https://clinicaltrialfailures.com/trial/NCT02500524-cocamide-dea-vs-permethrin-for-head-lice","Lack of efficacy","16","EFFICACY_FUTILITY","HIGH","REVIEWED_EXACT","","true","KEEP_INDEX","SHORT_BUT_SOURCE_BACKED","The registry wording is short but explicitly supports the structured reason; the page also has identity, study context, classification explanation, and a primary-source link."
"NCT02533336","https://clinicaltrialfailures.com/trial/NCT02533336-the-effectiveness-of-non-pyrethroid-insecticide-treated-durable-wall-liners-as-a","futility ground","15","EFFICACY_FUTILITY","HIGH","RULE_V2","","true","KEEP_INDEX","SHORT_BUT_SOURCE_BACKED","The registry wording is short but explicitly supports the structured reason; the page also has identity, study context, classification explanation, and a primary-source link."
"NCT02535364","https://clinicaltrialfailures.com/trial/NCT02535364-study-evaluating-the-efficacy-and-safety-of-jcar015-in-adult-b-cell-acute-lympho","Safety reasons","14","SAFETY","HIGH","RULE_V2","","true","KEEP_INDEX","SHORT_BUT_SOURCE_BACKED","The registry wording is short but explicitly supports the structured reason; the page also has identity, study context, classification explanation, and a primary-source link."
"NCT02540928","https://clinicaltrialfailures.com/trial/NCT02540928-amg-319-in-hpv-positive-and-negative-hnscc","Safety Reasons","14","SAFETY","HIGH","RULE_V2","","true","KEEP_INDEX","SHORT_BUT_SOURCE_BACKED","The registry wording is short but explicitly supports the structured reason; the page also has identity, study context, classification explanation, and a primary-source link."
"NCT02585388","https://clinicaltrialfailures.com/trial/NCT02585388-addition-of-aromatase-at-the-navelbine-in-pretreated-metastatic-breast-cancer","Treatment toxicity","18","SAFETY","HIGH","REVIEWED_EXACT","","true","KEEP_INDEX","SHORT_BUT_SOURCE_BACKED","The registry wording is short but explicitly supports the structured reason; the page also has identity, study context, classification explanation, and a primary-source link."
"NCT02587351","https://clinicaltrialfailures.com/trial/NCT02587351-beta-blockers-for-the-prevention-of-acute-exacerbations-of-chronic-obstructive-p","Futility","8","EFFICACY_FUTILITY","HIGH","REVIEWED_EXACT","","true","KEEP_INDEX","SHORT_BUT_SOURCE_BACKED","The registry wording is short but explicitly supports the structured reason; the page also has identity, study context, classification explanation, and a primary-source link."
"NCT02592863","https://clinicaltrialfailures.com/trial/NCT02592863-trental-for-the-treatment-of-vertigo-dizziness-imbalance","Placebo effect","14","EFFICACY_FUTILITY","HIGH","RULE_V2","","true","KEEP_INDEX","SHORT_BUT_SOURCE_BACKED","The registry wording is short but explicitly supports the structured reason; the page also has identity, study context, classification explanation, and a primary-source link."
"NCT02593708","https://clinicaltrialfailures.com/trial/NCT02593708-phase1-of-neratinib-trastuzumab-pertuzumab-paclitaxel-in-patients-with-advanced-","toxicity","8","SAFETY","HIGH","REVIEWED_EXACT","","true","KEEP_INDEX","SHORT_BUT_SOURCE_BACKED","The registry wording is short but explicitly supports the structured reason; the page also has identity, study context, classification explanation, and a primary-source link."
"NCT02595840","https://clinicaltrialfailures.com/trial/NCT02595840-biomarker-study-accompanying-the-aio-trk-0114-study-marble","Futility","8","EFFICACY_FUTILITY","HIGH","REVIEWED_EXACT","","true","KEEP_INDEX","SHORT_BUT_SOURCE_BACKED","The registry wording is short but explicitly supports the structured reason; the page also has identity, study context, classification explanation, and a primary-source link."
"NCT02608229","https://clinicaltrialfailures.com/trial/NCT02608229-bvd-523-plus-nab-paclitaxel-and-gemcitabine-in-patients-with-metastatic-pancreat","Adverse events","14","SAFETY","HIGH","REVIEWED_EXACT","","true","KEEP_INDEX","SHORT_BUT_SOURCE_BACKED","The registry wording is short but explicitly supports the structured reason; the page also has identity, study context, classification explanation, and a primary-source link."
"NCT02623439","https://clinicaltrialfailures.com/trial/NCT02623439-a-study-of-haploidentical-bone-marrow-transplant-for-patients-with-hematologic-m","Toxicity","8","SAFETY","HIGH","REVIEWED_EXACT","","true","KEEP_INDEX","SHORT_BUT_SOURCE_BACKED","The registry wording is short but explicitly supports the structured reason; the page also has identity, study context, classification explanation, and a primary-source link."
"NCT02635061","https://clinicaltrialfailures.com/trial/NCT02635061-selective-hdac6-inhibitor-acy-241-in-combination-with-nivolumab-in-patients-with","Lack of efficacy","16","EFFICACY_FUTILITY","HIGH","REVIEWED_EXACT","","true","KEEP_INDEX","SHORT_BUT_SOURCE_BACKED","The registry wording is short but explicitly supports the structured reason; the page also has identity, study context, classification explanation, and a primary-source link."
"NCT02635074","https://clinicaltrialfailures.com/trial/NCT02635074-ibrutinib-idarubicin-and-cytarabine-in-treating-patients-with-relapsed-or-refrac","safety","6","SAFETY","HIGH","REVIEWED_EXACT","","true","KEEP_INDEX","SHORT_BUT_SOURCE_BACKED","The registry wording is short but explicitly supports the structured reason; the page also has identity, study context, classification explanation, and a primary-source link."
"NCT02697136","https://clinicaltrialfailures.com/trial/NCT02697136-cer-001-therapy-as-a-novel-approach-to-treat-genetic-orphan-diseases","Lack of efficacy","16","EFFICACY_FUTILITY","HIGH","REVIEWED_EXACT","","true","KEEP_INDEX","SHORT_BUT_SOURCE_BACKED","The registry wording is short but explicitly supports the structured reason; the page also has identity, study context, classification explanation, and a primary-source link."
"NCT02723786","https://clinicaltrialfailures.com/trial/NCT02723786-efficacy-safety-tolerability-and-pharmacokinetic-pk-study-of-gsk1070806-for-the-","Lack of efficacy","16","EFFICACY_FUTILITY","HIGH","REVIEWED_EXACT","","true","KEEP_INDEX","SHORT_BUT_SOURCE_BACKED","The registry wording is short but explicitly supports the structured reason; the page also has identity, study context, classification explanation, and a primary-source link."
"NCT02762617","https://clinicaltrialfailures.com/trial/NCT02762617-safety-and-pharmacokinetics-pk-of-a-polyurethane-tenofovir-disoproxil-fumarate-t","Safety-related","14","SAFETY","HIGH","RULE_V2","","true","KEEP_INDEX","SHORT_BUT_SOURCE_BACKED","The registry wording is short but explicitly supports the structured reason; the page also has identity, study context, classification explanation, and a primary-source link."
"NCT02771626","https://clinicaltrialfailures.com/trial/NCT02771626-study-cb-839-in-combination-with-nivolumab-in-patients-with-melanoma-clear-cell-","lack of efficacy","16","EFFICACY_FUTILITY","HIGH","REVIEWED_EXACT","","true","KEEP_INDEX","SHORT_BUT_SOURCE_BACKED","The registry wording is short but explicitly supports the structured reason; the page also has identity, study context, classification explanation, and a primary-source link."
"NCT02777489","https://clinicaltrialfailures.com/trial/NCT02777489-influence-of-carboxypeptidase-d-cpd-gene-on-body-weight-and-fat-mass-reduction-b","Unproven hypothesis","19","EFFICACY_FUTILITY","HIGH","RULE_V2","","true","KEEP_INDEX","SHORT_BUT_SOURCE_BACKED","The registry wording is short but explicitly supports the structured reason; the page also has identity, study context, classification explanation, and a primary-source link."
"NCT02779777","https://clinicaltrialfailures.com/trial/NCT02779777-tipifarnib-in-subjects-with-myelodysplastic-syndromes","Lack of efficacy","16","EFFICACY_FUTILITY","HIGH","REVIEWED_EXACT","","true","KEEP_INDEX","SHORT_BUT_SOURCE_BACKED","The registry wording is short but explicitly supports the structured reason; the page also has identity, study context, classification explanation, and a primary-source link."
"NCT02790957","https://clinicaltrialfailures.com/trial/NCT02790957-plerixafor-in-diabetic-wound-healing","Safety reasons","14","SAFETY","HIGH","RULE_V2","","true","KEEP_INDEX","SHORT_BUT_SOURCE_BACKED","The registry wording is short but explicitly supports the structured reason; the page also has identity, study context, classification explanation, and a primary-source link."
"NCT02816437","https://clinicaltrialfailures.com/trial/NCT02816437-fmt-for-mdro-colonization-in-solid-organ-transplant","safety","6","SAFETY","HIGH","REVIEWED_EXACT","","true","KEEP_INDEX","SHORT_BUT_SOURCE_BACKED","The registry wording is short but explicitly supports the structured reason; the page also has identity, study context, classification explanation, and a primary-source link."
"NCT02840162","https://clinicaltrialfailures.com/trial/NCT02840162-pre-prostatectomy-celecoxib-or-placebo","Drug safety concerns","20","SAFETY","HIGH","RULE_V2","","true","KEEP_INDEX","SHORT_BUT_SOURCE_BACKED","The registry wording is short but explicitly supports the structured reason; the page also has identity, study context, classification explanation, and a primary-source link."
"NCT02862600","https://clinicaltrialfailures.com/trial/NCT02862600-open-label-study-of-perhexiline-in-patients-with-hypertrophic-cardiomyopathy-and","Lack of Efficacy","16","EFFICACY_FUTILITY","HIGH","REVIEWED_EXACT","","true","KEEP_INDEX","SHORT_BUT_SOURCE_BACKED","The registry wording is short but explicitly supports the structured reason; the page also has identity, study context, classification explanation, and a primary-source link."
"NCT02872649","https://clinicaltrialfailures.com/trial/NCT02872649-dabigatran-as-an-alternative-anticoagulant-in-patients-with-left-ventricular-ass","safety reasons","14","SAFETY","HIGH","RULE_V2","","true","KEEP_INDEX","SHORT_BUT_SOURCE_BACKED","The registry wording is short but explicitly supports the structured reason; the page also has identity, study context, classification explanation, and a primary-source link."
"NCT02894554","https://clinicaltrialfailures.com/trial/NCT02894554-renal-function-improvement-in-hbsag-positive-kidney-transplantation-patients-und","clinical myalgia","16","SAFETY","HIGH","RULE_V2","","true","KEEP_INDEX","SHORT_BUT_SOURCE_BACKED","The registry wording is short but explicitly supports the structured reason; the page also has identity, study context, classification explanation, and a primary-source link."
"NCT02897830","https://clinicaltrialfailures.com/trial/NCT02897830-ixazomib-lenalidomide-dexamethasone-induction-and-extended-consolidation-plus-le","negatives results","17","EFFICACY_FUTILITY","HIGH","REVIEWED_EXACT","","true","KEEP_INDEX","SHORT_BUT_SOURCE_BACKED","The registry wording is short but explicitly supports the structured reason; the page also has identity, study context, classification explanation, and a primary-source link."
"NCT02907918","https://clinicaltrialfailures.com/trial/NCT02907918-neoadjuvant-study-of-palbociclib-in-combination-with-letrozole-and-trastuzumab-i","Futility","8","EFFICACY_FUTILITY","HIGH","REVIEWED_EXACT","","true","KEEP_INDEX","SHORT_BUT_SOURCE_BACKED","The registry wording is short but explicitly supports the structured reason; the page also has identity, study context, classification explanation, and a primary-source link."
"NCT02910882","https://clinicaltrialfailures.com/trial/NCT02910882-pegph20-plus-gemcitabine-with-radiotherapy-in-patients-with-localized-unresectab","Safety","6","SAFETY","HIGH","REVIEWED_EXACT","","true","KEEP_INDEX","SHORT_BUT_SOURCE_BACKED","The registry wording is short but explicitly supports the structured reason; the page also has identity, study context, classification explanation, and a primary-source link."
"NCT02949492","https://clinicaltrialfailures.com/trial/NCT02949492-low-dose-il-2-for-treg-expansion-and-tolerance-lite","Safety concerns","15","SAFETY","HIGH","RULE_V2","","true","KEEP_INDEX","SHORT_BUT_SOURCE_BACKED","The registry wording is short but explicitly supports the structured reason; the page also has identity, study context, classification explanation, and a primary-source link."
"NCT02955147","https://clinicaltrialfailures.com/trial/NCT02955147-ustekinumab-for-the-treatment-of-giant-cell-arteritis","Inefficacy","10","EFFICACY_FUTILITY","HIGH","RULE_V2","","true","KEEP_INDEX","SHORT_BUT_SOURCE_BACKED","The registry wording is short but explicitly supports the structured reason; the page also has identity, study context, classification explanation, and a primary-source link."
"NCT02994771","https://clinicaltrialfailures.com/trial/NCT02994771-a-phase-i-study-with-lymfactin-in-the-treatment-of-patients-with-secondary-lymph","Lack of efficacy","16","EFFICACY_FUTILITY","HIGH","REVIEWED_EXACT","","true","KEEP_INDEX","SHORT_BUT_SOURCE_BACKED","The registry wording is short but explicitly supports the structured reason; the page also has identity, study context, classification explanation, and a primary-source link."
"NCT03023527","https://clinicaltrialfailures.com/trial/NCT03023527-nivolumab-role-in-the-treatment-of-patients-with-refractory-or-relapse-multiple-","Safety","6","SAFETY","HIGH","REVIEWED_EXACT","","true","KEEP_INDEX","SHORT_BUT_SOURCE_BACKED","The registry wording is short but explicitly supports the structured reason; the page also has identity, study context, classification explanation, and a primary-source link."
"NCT03025087","https://clinicaltrialfailures.com/trial/NCT03025087-hydroxychloroquine-and-cognitive-function-after-surgery","Showed no benefit","17","EFFICACY_FUTILITY","HIGH","RULE_V2","","true","KEEP_INDEX","SHORT_BUT_SOURCE_BACKED","The registry wording is short but explicitly supports the structured reason; the page also has identity, study context, classification explanation, and a primary-source link."
"NCT03031340","https://clinicaltrialfailures.com/trial/NCT03031340-evaluating-the-role-of-pregabalin-in-reducing-opioid-requirement-in-spinal-fusio","Incidence of AE","15","SAFETY","HIGH","RULE_V2","","true","KEEP_INDEX","SHORT_BUT_SOURCE_BACKED","The registry wording is short but explicitly supports the structured reason; the page also has identity, study context, classification explanation, and a primary-source link."
"NCT03061708","https://clinicaltrialfailures.com/trial/NCT03061708-trial-of-single-agent-azd2014-in-rictor-amplified-gc-patients-as-second-line-the","lack of efficacy","16","EFFICACY_FUTILITY","HIGH","REVIEWED_EXACT","","true","KEEP_INDEX","SHORT_BUT_SOURCE_BACKED","The registry wording is short but explicitly supports the structured reason; the page also has identity, study context, classification explanation, and a primary-source link."
"NCT03063203","https://clinicaltrialfailures.com/trial/NCT03063203-single-agent-decitabine-in-tp53-mutated-relapsed-refractory-acute-myeloid-leukem","Futility","8","EFFICACY_FUTILITY","HIGH","REVIEWED_EXACT","","true","KEEP_INDEX","SHORT_BUT_SOURCE_BACKED","The registry wording is short but explicitly supports the structured reason; the page also has identity, study context, classification explanation, and a primary-source link."
"NCT03075553","https://clinicaltrialfailures.com/trial/NCT03075553-nivolumab-in-treating-patients-with-relapsed-or-refractory-peripheral-t-cell-lym","due to poor response","20","EFFICACY_FUTILITY","MEDIUM","RULE_V2","","true","KEEP_INDEX","SHORT_BUT_SOURCE_BACKED","The registry wording is short but explicitly supports the structured reason; the page also has identity, study context, classification explanation, and a primary-source link."
"NCT03082833","https://clinicaltrialfailures.com/trial/NCT03082833-phase-ii-trial-of-azd2014-in-tsc1-2-mutated-or-tsc1-2-null-gc-patients-as-second","lack of efficacy","16","EFFICACY_FUTILITY","HIGH","REVIEWED_EXACT","","true","KEEP_INDEX","SHORT_BUT_SOURCE_BACKED","The registry wording is short but explicitly supports the structured reason; the page also has identity, study context, classification explanation, and a primary-source link."
"NCT03093272","https://clinicaltrialfailures.com/trial/NCT03093272-a-study-of-docetaxel-arn-509-in-castration-resistant-prostate-cancer","Safety concerns","15","SAFETY","HIGH","RULE_V2","","true","KEEP_INDEX","SHORT_BUT_SOURCE_BACKED","The registry wording is short but explicitly supports the structured reason; the page also has identity, study context, classification explanation, and a primary-source link."
"NCT03094169","https://clinicaltrialfailures.com/trial/NCT03094169-avid100-in-advanced-epithelial-carcinomas","lack of efficacy","16","EFFICACY_FUTILITY","HIGH","REVIEWED_EXACT","","true","KEEP_INDEX","SHORT_BUT_SOURCE_BACKED","The registry wording is short but explicitly supports the structured reason; the page also has identity, study context, classification explanation, and a primary-source link."
"NCT03125200","https://clinicaltrialfailures.com/trial/NCT03125200-study-of-adct-502-in-patients-with-advanced-solid-tumors-withhuman-epidermal-gro","Safety","6","SAFETY","HIGH","REVIEWED_EXACT","","true","KEEP_INDEX","SHORT_BUT_SOURCE_BACKED","The registry wording is short but explicitly supports the structured reason; the page also has identity, study context, classification explanation, and a primary-source link."
"NCT03145909","https://clinicaltrialfailures.com/trial/NCT03145909-a-study-evaluating-the-safety-pharmacokinetics-and-anti-tumor-activity-of-abbv-1","Safety","6","SAFETY","HIGH","REVIEWED_EXACT","","true","KEEP_INDEX","SHORT_BUT_SOURCE_BACKED","The registry wording is short but explicitly supports the structured reason; the page also has identity, study context, classification explanation, and a primary-source link."
"NCT03145948","https://clinicaltrialfailures.com/trial/NCT03145948-a-study-to-evaluate-the-pharmacokinetics-safety-and-tolerability-of-abbv-553-in-","Safety reason","13","SAFETY","HIGH","RULE_V2","","true","KEEP_INDEX","SHORT_BUT_SOURCE_BACKED","The registry wording is short but explicitly supports the structured reason; the page also has identity, study context, classification explanation, and a primary-source link."
"NCT03147690","https://clinicaltrialfailures.com/trial/NCT03147690-contrast-enhanced-ultrasound-in-the-evaluation-of-abdominal-injuries-in-children","Stopped for futility","20","EFFICACY_FUTILITY","HIGH","RULE_V2","","true","KEEP_INDEX","SHORT_BUT_SOURCE_BACKED","The registry wording is short but explicitly supports the structured reason; the page also has identity, study context, classification explanation, and a primary-source link."
"NCT03154333","https://clinicaltrialfailures.com/trial/NCT03154333-safety-and-efficacy-of-diacerein-1-ointment-for-subjects-with-epidermolysis-bull","Futility","8","EFFICACY_FUTILITY","HIGH","REVIEWED_EXACT","","true","KEEP_INDEX","SHORT_BUT_SOURCE_BACKED","The registry wording is short but explicitly supports the structured reason; the page also has identity, study context, classification explanation, and a primary-source link."
"NCT03166176","https://clinicaltrialfailures.com/trial/NCT03166176-phase-ii-trial-of-vistusertib-azd2014-single-agent-in-tsc1or-2-null-or-tsc-1-2-m","lack of efficacy","16","EFFICACY_FUTILITY","HIGH","REVIEWED_EXACT","","true","KEEP_INDEX","SHORT_BUT_SOURCE_BACKED","The registry wording is short but explicitly supports the structured reason; the page also has identity, study context, classification explanation, and a primary-source link."
"NCT03166904","https://clinicaltrialfailures.com/trial/NCT03166904-phase-ii-trial-of-azd2014-in-rictor-amplified-solid-cancer-patients-refractory-t","Lack of efficacy","16","EFFICACY_FUTILITY","HIGH","REVIEWED_EXACT","","true","KEEP_INDEX","SHORT_BUT_SOURCE_BACKED","The registry wording is short but explicitly supports the structured reason; the page also has identity, study context, classification explanation, and a primary-source link."
"NCT03168906","https://clinicaltrialfailures.com/trial/NCT03168906-renal-al-amyloid-involvement-and-neod001","Futility","8","EFFICACY_FUTILITY","HIGH","REVIEWED_EXACT","","true","KEEP_INDEX","SHORT_BUT_SOURCE_BACKED","The registry wording is short but explicitly supports the structured reason; the page also has identity, study context, classification explanation, and a primary-source link."
"NCT03184415","https://clinicaltrialfailures.com/trial/NCT03184415-efficacy-and-safety-of-dwc20155-dwc20156-combination-therapy-in-patients-with-ga","lack of efficacy","16","EFFICACY_FUTILITY","HIGH","REVIEWED_EXACT","","true","KEEP_INDEX","SHORT_BUT_SOURCE_BACKED","The registry wording is short but explicitly supports the structured reason; the page also has identity, study context, classification explanation, and a primary-source link."
"NCT03225547","https://clinicaltrialfailures.com/trial/NCT03225547-study-of-pembrolizumab-and-mifepristone-in-patients-with-advanced-her2-negative-","side effects (rash)","19","SAFETY","HIGH","REVIEWED_EXACT","","true","KEEP_INDEX","SHORT_BUT_SOURCE_BACKED","The registry wording is short but explicitly supports the structured reason; the page also has identity, study context, classification explanation, and a primary-source link."
"NCT03225833","https://clinicaltrialfailures.com/trial/NCT03225833-safety-and-tolerability-of-wve-120101-in-patients-with-huntington-s-disease","Lack of Efficacy","16","EFFICACY_FUTILITY","HIGH","REVIEWED_EXACT","","true","KEEP_INDEX","SHORT_BUT_SOURCE_BACKED","The registry wording is short but explicitly supports the structured reason; the page also has identity, study context, classification explanation, and a primary-source link."
"NCT03225846","https://clinicaltrialfailures.com/trial/NCT03225846-safety-and-tolerability-of-wve-120102-in-patients-with-huntington-s-disease","Lack of efficacy","16","EFFICACY_FUTILITY","HIGH","REVIEWED_EXACT","","true","KEEP_INDEX","SHORT_BUT_SOURCE_BACKED","The registry wording is short but explicitly supports the structured reason; the page also has identity, study context, classification explanation, and a primary-source link."
"NCT03265951","https://clinicaltrialfailures.com/trial/NCT03265951-ramelteon-for-complex-insomnia-in-veterans-with-ptsd","Lack of response","16","EFFICACY_FUTILITY","HIGH","RULE_V2","","true","KEEP_INDEX","SHORT_BUT_SOURCE_BACKED","The registry wording is short but explicitly supports the structured reason; the page also has identity, study context, classification explanation, and a primary-source link."
"NCT03267680","https://clinicaltrialfailures.com/trial/NCT03267680-irx-2-regimen-in-treating-women-with-cervical-squamous-intraepithelial-neoplasia","Lack of efficacy","16","EFFICACY_FUTILITY","HIGH","REVIEWED_EXACT","","true","KEEP_INDEX","SHORT_BUT_SOURCE_BACKED","The registry wording is short but explicitly supports the structured reason; the page also has identity, study context, classification explanation, and a primary-source link."
"NCT03294694","https://clinicaltrialfailures.com/trial/NCT03294694-ribociclib-pdr001-in-breast-cancer-and-ovarian-cancer","Safety Implications","19","SAFETY","HIGH","REVIEWED_EXACT","","true","KEEP_INDEX","SHORT_BUT_SOURCE_BACKED","The registry wording is short but explicitly supports the structured reason; the page also has identity, study context, classification explanation, and a primary-source link."
"NCT03301415","https://clinicaltrialfailures.com/trial/NCT03301415-asymptomatic-congenital-cmv-treatment","Safety signal","13","SAFETY","HIGH","RULE_V2","","true","KEEP_INDEX","SHORT_BUT_SOURCE_BACKED","The registry wording is short but explicitly supports the structured reason; the page also has identity, study context, classification explanation, and a primary-source link."
"NCT03325296","https://clinicaltrialfailures.com/trial/NCT03325296-efficacy-of-twice-daily-application-of-leo-124249-ointment-30-mg-g-for-12-weeks-","Futility","8","EFFICACY_FUTILITY","HIGH","REVIEWED_EXACT","","true","KEEP_INDEX","SHORT_BUT_SOURCE_BACKED","The registry wording is short but explicitly supports the structured reason; the page also has identity, study context, classification explanation, and a primary-source link."
"NCT03335254","https://clinicaltrialfailures.com/trial/NCT03335254-a-phase-1-2a-study-to-determine-the-dose-response-pharmacokinetics-of-tsx-011-te","Incomplete effect","17","EFFICACY_FUTILITY","HIGH","RULE_V2","","true","KEEP_INDEX","SHORT_BUT_SOURCE_BACKED","The registry wording is short but explicitly supports the structured reason; the page also has identity, study context, classification explanation, and a primary-source link."
"NCT03339999","https://clinicaltrialfailures.com/trial/NCT03339999-agn-242428-in-the-treatment-of-plaque-psoriasis","safety reason","13","SAFETY","HIGH","RULE_V2","","true","KEEP_INDEX","SHORT_BUT_SOURCE_BACKED","The registry wording is short but explicitly supports the structured reason; the page also has identity, study context, classification explanation, and a primary-source link."
"NCT03340727","https://clinicaltrialfailures.com/trial/NCT03340727-moderately-preterm-infants-with-caffeine-at-home-for-apnea-mocha-trial","Futility","8","EFFICACY_FUTILITY","HIGH","REVIEWED_EXACT","","true","KEEP_INDEX","SHORT_BUT_SOURCE_BACKED","The registry wording is short but explicitly supports the structured reason; the page also has identity, study context, classification explanation, and a primary-source link."
"NCT03376139","https://clinicaltrialfailures.com/trial/NCT03376139-zonisamide-outpatient-study","Futility","8","EFFICACY_FUTILITY","HIGH","REVIEWED_EXACT","","true","KEEP_INDEX","SHORT_BUT_SOURCE_BACKED","The registry wording is short but explicitly supports the structured reason; the page also has identity, study context, classification explanation, and a primary-source link."
"NCT03381118","https://clinicaltrialfailures.com/trial/NCT03381118-haploidentical-lymphocytes-with-nivolumab-ara-c-as-consolidation-in-elderly-aml-","Unexpected toxicity","19","SAFETY","HIGH","RULE_V2","","true","KEEP_INDEX","SHORT_BUT_SOURCE_BACKED","The registry wording is short but explicitly supports the structured reason; the page also has identity, study context, classification explanation, and a primary-source link."
"NCT03386240","https://clinicaltrialfailures.com/trial/NCT03386240-antibacterial-coated-sutures-at-time-of-cesarean","Futility","8","EFFICACY_FUTILITY","HIGH","REVIEWED_EXACT","","true","KEEP_INDEX","SHORT_BUT_SOURCE_BACKED","The registry wording is short but explicitly supports the structured reason; the page also has identity, study context, classification explanation, and a primary-source link."
"NCT03445533","https://clinicaltrialfailures.com/trial/NCT03445533-a-study-of-tilsotolimod-in-combo-with-ipilimumab-vs-ipilimumab-alone-in-subjects","Lack of Efficacy","16","EFFICACY_FUTILITY","HIGH","REVIEWED_EXACT","","true","KEEP_INDEX","SHORT_BUT_SOURCE_BACKED","The registry wording is short but explicitly supports the structured reason; the page also has identity, study context, classification explanation, and a primary-source link."
"NCT03494231","https://clinicaltrialfailures.com/trial/NCT03494231-a-study-of-hlx06-a-humanized-monoclonal-antibody-targeting-human-vascular-endoth","Lack of efficacy","16","EFFICACY_FUTILITY","HIGH","REVIEWED_EXACT","","true","KEEP_INDEX","SHORT_BUT_SOURCE_BACKED","The registry wording is short but explicitly supports the structured reason; the page also has identity, study context, classification explanation, and a primary-source link."
"NCT03500939","https://clinicaltrialfailures.com/trial/NCT03500939-penumbral-rescue-by-normobaric-o2-administration-in-patients-with-ischemic-strok","Futility","8","EFFICACY_FUTILITY","HIGH","REVIEWED_EXACT","","true","KEEP_INDEX","SHORT_BUT_SOURCE_BACKED","The registry wording is short but explicitly supports the structured reason; the page also has identity, study context, classification explanation, and a primary-source link."
"NCT03504410","https://clinicaltrialfailures.com/trial/NCT03504410-efficacy-safety-of-cpi-613-in-combination-with-hd-cyt-and-mito-vs-hd-cyt-and-mit","Futile","6","EFFICACY_FUTILITY","HIGH","REVIEWED_EXACT","","true","KEEP_INDEX","SHORT_BUT_SOURCE_BACKED","The registry wording is short but explicitly supports the structured reason; the page also has identity, study context, classification explanation, and a primary-source link."
"NCT03509584","https://clinicaltrialfailures.com/trial/NCT03509584-phase-i-multicenter-trial-combining-nivolumab-ipilimumab-and-hypo-fractionated-r","SAFETY","6","SAFETY","HIGH","REVIEWED_EXACT","","true","KEEP_INDEX","SHORT_BUT_SOURCE_BACKED","The registry wording is short but explicitly supports the structured reason; the page also has identity, study context, classification explanation, and a primary-source link."
"NCT03517566","https://clinicaltrialfailures.com/trial/NCT03517566-a-study-to-assess-the-safety-and-efficacy-of-zpl389-in-patients-with-moderate-to","Lack of efficacy","16","EFFICACY_FUTILITY","HIGH","REVIEWED_EXACT","","true","KEEP_INDEX","SHORT_BUT_SOURCE_BACKED","The registry wording is short but explicitly supports the structured reason; the page also has identity, study context, classification explanation, and a primary-source link."
"NCT03530293","https://clinicaltrialfailures.com/trial/NCT03530293-safety-and-efficacy-of-nbi-98854-in-pediatric-subjects-with-tourette-syndrome","Futility","8","EFFICACY_FUTILITY","HIGH","REVIEWED_EXACT","","true","KEEP_INDEX","SHORT_BUT_SOURCE_BACKED","The registry wording is short but explicitly supports the structured reason; the page also has identity, study context, classification explanation, and a primary-source link."
"NCT03592407","https://clinicaltrialfailures.com/trial/NCT03592407-epacadostat-and-pembrolizumab-before-surgery-in-treating-participants-with-stage","Safety concerns","15","SAFETY","HIGH","RULE_V2","","true","KEEP_INDEX","SHORT_BUT_SOURCE_BACKED","The registry wording is short but explicitly supports the structured reason; the page also has identity, study context, classification explanation, and a primary-source link."
"NCT03597022","https://clinicaltrialfailures.com/trial/NCT03597022-multiple-escalating-dose-study-of-bay1093884-in-adults-with-hemophilia-a-or-b-wi","Due to thrombosis","17","SAFETY","HIGH","RULE_V2","","true","KEEP_INDEX","SHORT_BUT_SOURCE_BACKED","The registry wording is short but explicitly supports the structured reason; the page also has identity, study context, classification explanation, and a primary-source link."
"NCT03598777","https://clinicaltrialfailures.com/trial/NCT03598777-dysport-in-vulvodynia-phase-ii-study","lack of efficacy","16","EFFICACY_FUTILITY","HIGH","REVIEWED_EXACT","","true","KEEP_INDEX","SHORT_BUT_SOURCE_BACKED","The registry wording is short but explicitly supports the structured reason; the page also has identity, study context, classification explanation, and a primary-source link."
"NCT03610490","https://clinicaltrialfailures.com/trial/NCT03610490-autologous-tumor-infiltrating-lymphocytes-mda-til-in-treating-patients-with-recu","Lack of Efficacy","16","EFFICACY_FUTILITY","HIGH","REVIEWED_EXACT","","true","KEEP_INDEX","SHORT_BUT_SOURCE_BACKED","The registry wording is short but explicitly supports the structured reason; the page also has identity, study context, classification explanation, and a primary-source link."
"NCT03628079","https://clinicaltrialfailures.com/trial/NCT03628079-a-clinical-safety-and-efficacy-study-of-mebendazole-on-gi-cancer-or-cancer-of-un","Lack of effect","14","EFFICACY_FUTILITY","HIGH","RULE_V2","","true","KEEP_INDEX","SHORT_BUT_SOURCE_BACKED","The registry wording is short but explicitly supports the structured reason; the page also has identity, study context, classification explanation, and a primary-source link."
"NCT03630120","https://clinicaltrialfailures.com/trial/NCT03630120-adaptive-tyrosine-kinase-inhibitor-tki-therapy-in-patients-with-thyroid-cancer","Lack of efficacy","16","EFFICACY_FUTILITY","HIGH","REVIEWED_EXACT","","true","KEEP_INDEX","SHORT_BUT_SOURCE_BACKED","The registry wording is short but explicitly supports the structured reason; the page also has identity, study context, classification explanation, and a primary-source link."
"NCT03633747","https://clinicaltrialfailures.com/trial/NCT03633747-efficacy-evaluation-of-propranolol-treatment-of-hepatic-hemangioma","Limited efficacy","16","EFFICACY_FUTILITY","HIGH","RULE_V2","","true","KEEP_INDEX","SHORT_BUT_SOURCE_BACKED","The registry wording is short but explicitly supports the structured reason; the page also has identity, study context, classification explanation, and a primary-source link."
"NCT03645603","https://clinicaltrialfailures.com/trial/NCT03645603-efficacy-and-safety-of-dexmedetomidine-during-weaning-from-analgesia-and-sedatio","futility reasons","16","EFFICACY_FUTILITY","HIGH","RULE_V2","","true","KEEP_INDEX","SHORT_BUT_SOURCE_BACKED","The registry wording is short but explicitly supports the structured reason; the page also has identity, study context, classification explanation, and a primary-source link."
"NCT03672851","https://clinicaltrialfailures.com/trial/NCT03672851-study-evaluating-safety-and-efficacy-of-car-t-cells-targeting-cd123-in-patients-","adverse effect","14","SAFETY","HIGH","RULE_V2","","true","KEEP_INDEX","SHORT_BUT_SOURCE_BACKED","The registry wording is short but explicitly supports the structured reason; the page also has identity, study context, classification explanation, and a primary-source link."
"NCT03682055","https://clinicaltrialfailures.com/trial/NCT03682055-phase-1-2a-study-of-vk-2019-in-patients-with-epstein-barr-virus-ebv-positive-nas","Lack of efficacy","16","EFFICACY_FUTILITY","HIGH","REVIEWED_EXACT","","true","KEEP_INDEX","SHORT_BUT_SOURCE_BACKED","The registry wording is short but explicitly supports the structured reason; the page also has identity, study context, classification explanation, and a primary-source link."
"NCT03696537","https://clinicaltrialfailures.com/trial/NCT03696537-imrt-tmi-with-fludarabine-as-myeloablative-conditioning-for-allogeneic-hsct","Extreme toxicity","16","SAFETY","HIGH","REVIEWED_EXACT","","true","KEEP_INDEX","SHORT_BUT_SOURCE_BACKED","The registry wording is short but explicitly supports the structured reason; the page also has identity, study context, classification explanation, and a primary-source link."
"NCT03718143","https://clinicaltrialfailures.com/trial/NCT03718143-azd1775-in-advanced-acute-myeloid-leukemia-myelodysplastic-syndrome-and-myelofib","Safety concerns","15","SAFETY","HIGH","RULE_V2","","true","KEEP_INDEX","SHORT_BUT_SOURCE_BACKED","The registry wording is short but explicitly supports the structured reason; the page also has identity, study context, classification explanation, and a primary-source link."
"NCT03719300","https://clinicaltrialfailures.com/trial/NCT03719300-codex-study-of-inodiftagene-vixteplasmid-bc-819-in-unresponsive-nmibc","Lack of efficacy","16","EFFICACY_FUTILITY","HIGH","REVIEWED_EXACT","","true","KEEP_INDEX","SHORT_BUT_SOURCE_BACKED","The registry wording is short but explicitly supports the structured reason; the page also has identity, study context, classification explanation, and a primary-source link."
"NCT03729297","https://clinicaltrialfailures.com/trial/NCT03729297-cabozantinib-in-advanced-salivary-gland-cancer-patients","safety issues","13","SAFETY","HIGH","REVIEWED_EXACT","","true","KEEP_INDEX","SHORT_BUT_SOURCE_BACKED","The registry wording is short but explicitly supports the structured reason; the page also has identity, study context, classification explanation, and a primary-source link."
"NCT03735433","https://clinicaltrialfailures.com/trial/NCT03735433-the-effect-of-two-aspirin-dosing-strategies-for-obese-women-at-high-risk-for-pre","futility","8","EFFICACY_FUTILITY","HIGH","REVIEWED_EXACT","","true","KEEP_INDEX","SHORT_BUT_SOURCE_BACKED","The registry wording is short but explicitly supports the structured reason; the page also has identity, study context, classification explanation, and a primary-source link."
"NCT03736967","https://clinicaltrialfailures.com/trial/NCT03736967-efficacy-and-safety-of-regn3500-monotherapy-and-combination-of-regn3500-plus-dup","Lack of efficacy","16","EFFICACY_FUTILITY","HIGH","REVIEWED_EXACT","","true","KEEP_INDEX","SHORT_BUT_SOURCE_BACKED","The registry wording is short but explicitly supports the structured reason; the page also has identity, study context, classification explanation, and a primary-source link."
"NCT03738423","https://clinicaltrialfailures.com/trial/NCT03738423-efficacy-safety-and-pharmacokinetic-profiles-of-regn3500-administered-to-adult-p","Lack of efficacy","16","EFFICACY_FUTILITY","HIGH","REVIEWED_EXACT","","true","KEEP_INDEX","SHORT_BUT_SOURCE_BACKED","The registry wording is short but explicitly supports the structured reason; the page also has identity, study context, classification explanation, and a primary-source link."
"NCT03738800","https://clinicaltrialfailures.com/trial/NCT03738800-a-safety-efficacy-and-systemic-exposure-study-of-cd5789-cream-in-adults-and-adol","Futility","8","EFFICACY_FUTILITY","HIGH","REVIEWED_EXACT","","true","KEEP_INDEX","SHORT_BUT_SOURCE_BACKED","The registry wording is short but explicitly supports the structured reason; the page also has identity, study context, classification explanation, and a primary-source link."
"NCT03774745","https://clinicaltrialfailures.com/trial/NCT03774745-blocking-mifepristone-action-with-progesterone","Safety","6","SAFETY","HIGH","REVIEWED_EXACT","","true","KEEP_INDEX","SHORT_BUT_SOURCE_BACKED","The registry wording is short but explicitly supports the structured reason; the page also has identity, study context, classification explanation, and a primary-source link."
"NCT03791398","https://clinicaltrialfailures.com/trial/NCT03791398-bruog-379-phase-ib-ii-trial-onc201-nivolumab-in-mss-mcrc","Lack of efficacy","16","EFFICACY_FUTILITY","HIGH","REVIEWED_EXACT","","true","KEEP_INDEX","SHORT_BUT_SOURCE_BACKED","The registry wording is short but explicitly supports the structured reason; the page also has identity, study context, classification explanation, and a primary-source link."
"NCT03797261","https://clinicaltrialfailures.com/trial/NCT03797261-a-study-of-venetoclax-and-amg-176-in-patients-with-relapsed-refractory-hematolog","Safety","6","SAFETY","HIGH","REVIEWED_EXACT","","true","KEEP_INDEX","SHORT_BUT_SOURCE_BACKED","The registry wording is short but explicitly supports the structured reason; the page also has identity, study context, classification explanation, and a primary-source link."
"NCT03818776","https://clinicaltrialfailures.com/trial/NCT03818776-proton-based-cardiac-sparing-accelerated-fractionated-radiotherapy-in-unresectab","Safety","6","SAFETY","HIGH","REVIEWED_EXACT","","true","KEEP_INDEX","SHORT_BUT_SOURCE_BACKED","The registry wording is short but explicitly supports the structured reason; the page also has identity, study context, classification explanation, and a primary-source link."
"NCT03822455","https://clinicaltrialfailures.com/trial/NCT03822455-a-phase-2b-randomised-placebo-controlled-study-of-oligog-in-patients-with-cystic","Futility","8","EFFICACY_FUTILITY","HIGH","REVIEWED_EXACT","","true","KEEP_INDEX","SHORT_BUT_SOURCE_BACKED","The registry wording is short but explicitly supports the structured reason; the page also has identity, study context, classification explanation, and a primary-source link."
"NCT03832517","https://clinicaltrialfailures.com/trial/NCT03832517-single-and-multiple-dose-escalation-trial-of-an-intravenous-antibiotic-rc-01","safety","6","SAFETY","HIGH","REVIEWED_EXACT","","true","KEEP_INDEX","SHORT_BUT_SOURCE_BACKED","The registry wording is short but explicitly supports the structured reason; the page also has identity, study context, classification explanation, and a primary-source link."
"NCT03852628","https://clinicaltrialfailures.com/trial/NCT03852628-kappa-opioid-receptor-antagonism-for-the-tx-of-aud-and-comorbid-ptsd","Futility analysis","17","EFFICACY_FUTILITY","HIGH","REVIEWED_EXACT","","true","KEEP_INDEX","SHORT_BUT_SOURCE_BACKED","The registry wording is short but explicitly supports the structured reason; the page also has identity, study context, classification explanation, and a primary-source link."
"NCT03879798","https://clinicaltrialfailures.com/trial/NCT03879798-ds-3201b-and-irinotecan-for-patients-with-recurrent-small-cell-lung-cancer","Due to DLTs","11","SAFETY","HIGH","REVIEWED_EXACT","","true","KEEP_INDEX","SHORT_BUT_SOURCE_BACKED","The registry wording is short but explicitly supports the structured reason; the page also has identity, study context, classification explanation, and a primary-source link."
"NCT03907072","https://clinicaltrialfailures.com/trial/NCT03907072-efficacy-and-safety-study-of-wve-210201-suvodirsen-with-open-label-extension-in-","Lack of efficacy","16","EFFICACY_FUTILITY","HIGH","REVIEWED_EXACT","","true","KEEP_INDEX","SHORT_BUT_SOURCE_BACKED","The registry wording is short but explicitly supports the structured reason; the page also has identity, study context, classification explanation, and a primary-source link."
"NCT03976544","https://clinicaltrialfailures.com/trial/NCT03976544-natural-cycle-versus-hormone-replacement-therapy-cycle-for-a-frozen-thawed-embry","safety","6","SAFETY","HIGH","REVIEWED_EXACT","","true","KEEP_INDEX","SHORT_BUT_SOURCE_BACKED","The registry wording is short but explicitly supports the structured reason; the page also has identity, study context, classification explanation, and a primary-source link."
"NCT04023721","https://clinicaltrialfailures.com/trial/NCT04023721-evaluating-the-safety-and-efficacy-of-inarigivir-in-non-cirrhotic-hepatitis-b-e-","Safety","6","SAFETY","HIGH","REVIEWED_EXACT","","true","KEEP_INDEX","SHORT_BUT_SOURCE_BACKED","The registry wording is short but explicitly supports the structured reason; the page also has identity, study context, classification explanation, and a primary-source link."
"NCT04037527","https://clinicaltrialfailures.com/trial/NCT04037527-gemcitabine-and-docetaxel-with-radiation-in-adults-with-soft-tissue-sarcoma-of-t","Terminated due DLTs","19","SAFETY","HIGH","RULE_V2","","true","KEEP_INDEX","SHORT_BUT_SOURCE_BACKED","The registry wording is short but explicitly supports the structured reason; the page also has identity, study context, classification explanation, and a primary-source link."
"NCT04044378","https://clinicaltrialfailures.com/trial/NCT04044378-famitinib-plus-camrelizumab-and-famitinib-alone-and-famitinib-plus-ifosfamide-in","toxicity","8","SAFETY","HIGH","REVIEWED_EXACT","","true","KEEP_INDEX","SHORT_BUT_SOURCE_BACKED","The registry wording is short but explicitly supports the structured reason; the page also has identity, study context, classification explanation, and a primary-source link."
"NCT04061798","https://clinicaltrialfailures.com/trial/NCT04061798-act-guided-heparinization-during-open-abdominal-aortic-aneurysm-repair","Futility","8","EFFICACY_FUTILITY","HIGH","REVIEWED_EXACT","","true","KEEP_INDEX","SHORT_BUT_SOURCE_BACKED","The registry wording is short but explicitly supports the structured reason; the page also has identity, study context, classification explanation, and a primary-source link."
"NCT04115059","https://clinicaltrialfailures.com/trial/NCT04115059-dasatinib-in-waldenstr-m-macroglobulinemia","Lack of efficacy","16","EFFICACY_FUTILITY","HIGH","REVIEWED_EXACT","","true","KEEP_INDEX","SHORT_BUT_SOURCE_BACKED","The registry wording is short but explicitly supports the structured reason; the page also has identity, study context, classification explanation, and a primary-source link."
"NCT04118036","https://clinicaltrialfailures.com/trial/NCT04118036-abemaciclib-pembrolizumab-in-glioblastoma","safety concerns","15","SAFETY","HIGH","RULE_V2","","true","KEEP_INDEX","SHORT_BUT_SOURCE_BACKED","The registry wording is short but explicitly supports the structured reason; the page also has identity, study context, classification explanation, and a primary-source link."
"NCT04142658","https://clinicaltrialfailures.com/trial/NCT04142658-proact-xa-a-trial-to-determine-if-participants-with-an-on-x-aortic-valve-can-be-","Safety","6","SAFETY","HIGH","REVIEWED_EXACT","","true","KEEP_INDEX","SHORT_BUT_SOURCE_BACKED","The registry wording is short but explicitly supports the structured reason; the page also has identity, study context, classification explanation, and a primary-source link."
"NCT04305184","https://clinicaltrialfailures.com/trial/NCT04305184-a-study-to-assess-asp0598-otic-solution-following-topical-application-in-the-ear","Lack of Efficacy","16","EFFICACY_FUTILITY","HIGH","REVIEWED_EXACT","","true","KEEP_INDEX","SHORT_BUT_SOURCE_BACKED","The registry wording is short but explicitly supports the structured reason; the page also has identity, study context, classification explanation, and a primary-source link."
"NCT04332107","https://clinicaltrialfailures.com/trial/NCT04332107-azithromycin-for-covid-19-treatment-in-outpatients-nationwide","Futility","8","EFFICACY_FUTILITY","HIGH","REVIEWED_EXACT","","true","KEEP_INDEX","SHORT_BUT_SOURCE_BACKED","The registry wording is short but explicitly supports the structured reason; the page also has identity, study context, classification explanation, and a primary-source link."
"NCT04361253","https://clinicaltrialfailures.com/trial/NCT04361253-evaluation-of-sars-cov-2-covid-19-antibody-containing-plasma-therapy","Futility","8","EFFICACY_FUTILITY","HIGH","REVIEWED_EXACT","","true","KEEP_INDEX","SHORT_BUT_SOURCE_BACKED","The registry wording is short but explicitly supports the structured reason; the page also has identity, study context, classification explanation, and a primary-source link."
"NCT04370236","https://clinicaltrialfailures.com/trial/NCT04370236-inb03-for-the-treatment-of-pulmonary-complications-from-covid-19","Futility","8","EFFICACY_FUTILITY","HIGH","REVIEWED_EXACT","","true","KEEP_INDEX","SHORT_BUT_SOURCE_BACKED","The registry wording is short but explicitly supports the structured reason; the page also has identity, study context, classification explanation, and a primary-source link."
"NCT04403685","https://clinicaltrialfailures.com/trial/NCT04403685-safety-and-efficacy-of-tocilizumab-in-moderate-to-severe-covid-19-with-inflammat","Safety","6","SAFETY","HIGH","REVIEWED_EXACT","","true","KEEP_INDEX","SHORT_BUT_SOURCE_BACKED","The registry wording is short but explicitly supports the structured reason; the page also has identity, study context, classification explanation, and a primary-source link."
"NCT04435717","https://clinicaltrialfailures.com/trial/NCT04435717-efficacy-of-tocilizumab-in-modifying-the-inflammatory-parameters-of-patients-wit","Futility","8","EFFICACY_FUTILITY","HIGH","REVIEWED_EXACT","","true","KEEP_INDEX","SHORT_BUT_SOURCE_BACKED","The registry wording is short but explicitly supports the structured reason; the page also has identity, study context, classification explanation, and a primary-source link."
"NCT04449380","https://clinicaltrialfailures.com/trial/NCT04449380-clinical-study-for-the-treatment-with-interferon-1a-ifn-1a-of-covid-19-patients","Futility","8","EFFICACY_FUTILITY","HIGH","REVIEWED_EXACT","","true","KEEP_INDEX","SHORT_BUT_SOURCE_BACKED","The registry wording is short but explicitly supports the structured reason; the page also has identity, study context, classification explanation, and a primary-source link."
"NCT04534283","https://clinicaltrialfailures.com/trial/NCT04534283-a-basket-trial-of-an-erk1-2-inhibitor-ly3214996-in-combination-with-abemaciclib","Lack of efficacy.","17","EFFICACY_FUTILITY","HIGH","REVIEWED_EXACT","","true","KEEP_INDEX","SHORT_BUT_SOURCE_BACKED","The registry wording is short but explicitly supports the structured reason; the page also has identity, study context, classification explanation, and a primary-source link."
"NCT04569084","https://clinicaltrialfailures.com/trial/NCT04569084-efficacy-and-safety-study-of-oral-edaravone-administered-in-subjects-with-als","Futility was met.","17","EFFICACY_FUTILITY","HIGH","RULE_V2","","true","KEEP_INDEX","SHORT_BUT_SOURCE_BACKED","The registry wording is short but explicitly supports the structured reason; the page also has identity, study context, classification explanation, and a primary-source link."
"NCT04610658","https://clinicaltrialfailures.com/trial/NCT04610658-immune-checkpoint-inhibition-with-lurbinectedin-relapsed-recurrent-sclc","DLTs","4","SAFETY","HIGH","REVIEWED_EXACT","","true","KEEP_INDEX","SHORT_BUT_SOURCE_BACKED","The registry wording is short but explicitly supports the structured reason; the page also has identity, study context, classification explanation, and a primary-source link."
"NCT04617847","https://clinicaltrialfailures.com/trial/NCT04617847-open-label-extension-study-to-evaluate-the-safety-and-tolerability-of-wve-120101","Lack of efficacy","16","EFFICACY_FUTILITY","HIGH","REVIEWED_EXACT","","true","KEEP_INDEX","SHORT_BUT_SOURCE_BACKED","The registry wording is short but explicitly supports the structured reason; the page also has identity, study context, classification explanation, and a primary-source link."
"NCT04617860","https://clinicaltrialfailures.com/trial/NCT04617860-open-label-extension-study-to-evaluate-the-safety-and-tolerability-of-wve-120102","Lack of efficacy","16","EFFICACY_FUTILITY","HIGH","REVIEWED_EXACT","","true","KEEP_INDEX","SHORT_BUT_SOURCE_BACKED","The registry wording is short but explicitly supports the structured reason; the page also has identity, study context, classification explanation, and a primary-source link."
"NCT04641273","https://clinicaltrialfailures.com/trial/NCT04641273-a-2-part-trial-to-learn-more-about-how-bay1817080-works-how-safe-it-is-and-what-","Lack of efficacy","16","EFFICACY_FUTILITY","HIGH","REVIEWED_EXACT","","true","KEEP_INDEX","SHORT_BUT_SOURCE_BACKED","The registry wording is short but explicitly supports the structured reason; the page also has identity, study context, classification explanation, and a primary-source link."
"NCT04643886","https://clinicaltrialfailures.com/trial/NCT04643886-a-multiple-dose-study-of-repeat-intravitreal-injections-of-gem103-in-dry-age-rel","no further benefit","18","EFFICACY_FUTILITY","HIGH","RULE_V2","","true","KEEP_INDEX","SHORT_BUT_SOURCE_BACKED","The registry wording is short but explicitly supports the structured reason; the page also has identity, study context, classification explanation, and a primary-source link."
"NCT04697758","https://clinicaltrialfailures.com/trial/NCT04697758-safety-and-bioactivity-of-axt107-in-subjects-with-diabetic-macular-edema","Adverse Events","14","SAFETY","HIGH","REVIEWED_EXACT","","true","KEEP_INDEX","SHORT_BUT_SOURCE_BACKED","The registry wording is short but explicitly supports the structured reason; the page also has identity, study context, classification explanation, and a primary-source link."
"NCT04698915","https://clinicaltrialfailures.com/trial/NCT04698915-phase-2b-study-of-gc4711-in-combination-with-sbrt-for-nonmetastatic-pancreatic-c","Futility Analysis","17","EFFICACY_FUTILITY","HIGH","REVIEWED_EXACT","","true","KEEP_INDEX","SHORT_BUT_SOURCE_BACKED","The registry wording is short but explicitly supports the structured reason; the page also has identity, study context, classification explanation, and a primary-source link."
"NCT04720664","https://clinicaltrialfailures.com/trial/NCT04720664-oral-sm-88-in-patients-with-metastatic-hr-her2-breast-cancer","Lack of efficacy","16","EFFICACY_FUTILITY","HIGH","REVIEWED_EXACT","","true","KEEP_INDEX","SHORT_BUT_SOURCE_BACKED","The registry wording is short but explicitly supports the structured reason; the page also has identity, study context, classification explanation, and a primary-source link."
"NCT04746963","https://clinicaltrialfailures.com/trial/NCT04746963-safety-and-bioactivity-of-axt107-in-subjects-with-neovascular-age-related-macula","Adverse Events","14","SAFETY","HIGH","REVIEWED_EXACT","","true","KEEP_INDEX","SHORT_BUT_SOURCE_BACKED","The registry wording is short but explicitly supports the structured reason; the page also has identity, study context, classification explanation, and a primary-source link."
"NCT04775797","https://clinicaltrialfailures.com/trial/NCT04775797-safety-tolerability-and-pharmacokinetics-of-ab-836-in-healthy-subjects-and-subje","Safety","6","SAFETY","HIGH","REVIEWED_EXACT","","true","KEEP_INDEX","SHORT_BUT_SOURCE_BACKED","The registry wording is short but explicitly supports the structured reason; the page also has identity, study context, classification explanation, and a primary-source link."
"NCT04856176","https://clinicaltrialfailures.com/trial/NCT04856176-a-study-of-sargramostim-plus-pembrolizumab-with-or-without-pemetrexed-in-patient","Futility","8","EFFICACY_FUTILITY","HIGH","REVIEWED_EXACT","","true","KEEP_INDEX","SHORT_BUT_SOURCE_BACKED","The registry wording is short but explicitly supports the structured reason; the page also has identity, study context, classification explanation, and a primary-source link."
"NCT04876716","https://clinicaltrialfailures.com/trial/NCT04876716-azole-echinocandin-combination-therapy-for-invasive-aspergillosis","futility","8","EFFICACY_FUTILITY","HIGH","REVIEWED_EXACT","","true","KEEP_INDEX","SHORT_BUT_SOURCE_BACKED","The registry wording is short but explicitly supports the structured reason; the page also has identity, study context, classification explanation, and a primary-source link."
"NCT04891185","https://clinicaltrialfailures.com/trial/NCT04891185-visualisation-of-indocyanine-green-in-primary-and-interval-debulking-for-ovarian","Clinical futility","17","EFFICACY_FUTILITY","HIGH","REVIEWED_EXACT","","true","KEEP_INDEX","SHORT_BUT_SOURCE_BACKED","The registry wording is short but explicitly supports the structured reason; the page also has identity, study context, classification explanation, and a primary-source link."
"NCT04925960","https://clinicaltrialfailures.com/trial/NCT04925960-oral-epalrestat-therapy-in-pediatric-subjects-with-pmm2-cdg","Due to futility","15","EFFICACY_FUTILITY","HIGH","RULE_V2","","true","KEEP_INDEX","SHORT_BUT_SOURCE_BACKED","The registry wording is short but explicitly supports the structured reason; the page also has identity, study context, classification explanation, and a primary-source link."
"NCT04926324","https://clinicaltrialfailures.com/trial/NCT04926324-a-safety-study-adding-niraparib-and-dostarlimab-to-radiation-therapy-for-rectal-","Toxicity in phase 1","19","SAFETY","HIGH","RULE_V2","","true","KEEP_INDEX","SHORT_BUT_SOURCE_BACKED","The registry wording is short but explicitly supports the structured reason; the page also has identity, study context, classification explanation, and a primary-source link."
"NCT04933695","https://clinicaltrialfailures.com/trial/NCT04933695-a-study-of-sotorasib-amg-510-in-participants-with-stage-iv-nsclc-whose-tumors-ha","Futility","8","EFFICACY_FUTILITY","HIGH","REVIEWED_EXACT","","true","KEEP_INDEX","SHORT_BUT_SOURCE_BACKED","The registry wording is short but explicitly supports the structured reason; the page also has identity, study context, classification explanation, and a primary-source link."
"NCT04981717","https://clinicaltrialfailures.com/trial/NCT04981717-a-study-to-examine-the-efficacy-and-safety-of-anti-fel-d-1-antibodies-injections","Lack of efficacy","16","EFFICACY_FUTILITY","HIGH","REVIEWED_EXACT","","true","KEEP_INDEX","SHORT_BUT_SOURCE_BACKED","The registry wording is short but explicitly supports the structured reason; the page also has identity, study context, classification explanation, and a primary-source link."
"NCT04985968","https://clinicaltrialfailures.com/trial/NCT04985968-the-efficacy-and-safety-of-cobitolimod-in-participants-with-moderate-to-severe-a","Due to futility","15","EFFICACY_FUTILITY","HIGH","RULE_V2","","true","KEEP_INDEX","SHORT_BUT_SOURCE_BACKED","The registry wording is short but explicitly supports the structured reason; the page also has identity, study context, classification explanation, and a primary-source link."
"NCT05019521","https://clinicaltrialfailures.com/trial/NCT05019521-a-study-of-danicopan-in-participants-with-geographic-atrophy-secondary-to-age-re","Lack of efficacy.","17","EFFICACY_FUTILITY","HIGH","REVIEWED_EXACT","","true","KEEP_INDEX","SHORT_BUT_SOURCE_BACKED","The registry wording is short but explicitly supports the structured reason; the page also has identity, study context, classification explanation, and a primary-source link."
"NCT05048732","https://clinicaltrialfailures.com/trial/NCT05048732-imaging-apoptosis-for-lymphoma-treatment-response","Futility","8","EFFICACY_FUTILITY","HIGH","REVIEWED_EXACT","","true","KEEP_INDEX","SHORT_BUT_SOURCE_BACKED","The registry wording is short but explicitly supports the structured reason; the page also has identity, study context, classification explanation, and a primary-source link."
"NCT05049863","https://clinicaltrialfailures.com/trial/NCT05049863-chemotherapy-in-patients-with-relapsed-small-cell-lung-cancer-in-combination-wit","Futility","8","EFFICACY_FUTILITY","HIGH","REVIEWED_EXACT","","true","KEEP_INDEX","SHORT_BUT_SOURCE_BACKED","The registry wording is short but explicitly supports the structured reason; the page also has identity, study context, classification explanation, and a primary-source link."
"NCT05062083","https://clinicaltrialfailures.com/trial/NCT05062083-pet-imaging-of-cyclooxygenase-in-multiple-sclerosis","due to futility","15","EFFICACY_FUTILITY","HIGH","RULE_V2","","true","KEEP_INDEX","SHORT_BUT_SOURCE_BACKED","The registry wording is short but explicitly supports the structured reason; the page also has identity, study context, classification explanation, and a primary-source link."
"NCT05084560","https://clinicaltrialfailures.com/trial/NCT05084560-development-of-awz1066s-a-small-molecule-anti-wolbachia-candidate-macrofilaricid","Safety issues","13","SAFETY","HIGH","REVIEWED_EXACT","","true","KEEP_INDEX","SHORT_BUT_SOURCE_BACKED","The registry wording is short but explicitly supports the structured reason; the page also has identity, study context, classification explanation, and a primary-source link."
"NCT05124795","https://clinicaltrialfailures.com/trial/NCT05124795-imu-935-in-patients-with-progressive-metastatic-castration-resistant-prostate-ca","Lack of Efficacy","16","EFFICACY_FUTILITY","HIGH","REVIEWED_EXACT","","true","KEEP_INDEX","SHORT_BUT_SOURCE_BACKED","The registry wording is short but explicitly supports the structured reason; the page also has identity, study context, classification explanation, and a primary-source link."
"NCT05127525","https://clinicaltrialfailures.com/trial/NCT05127525-efficacy-safety-and-tolerability-of-a-novel-ocular-antiseptic-for-ocular-use-cle","Adverse event","13","SAFETY","HIGH","RULE_V2","","true","KEEP_INDEX","SHORT_BUT_SOURCE_BACKED","The registry wording is short but explicitly supports the structured reason; the page also has identity, study context, classification explanation, and a primary-source link."
"NCT05153408","https://clinicaltrialfailures.com/trial/NCT05153408-harmony-study-of-blu-701-in-egfr-mutant-nsclc","Lack of efficacy","16","EFFICACY_FUTILITY","HIGH","REVIEWED_EXACT","","true","KEEP_INDEX","SHORT_BUT_SOURCE_BACKED","The registry wording is short but explicitly supports the structured reason; the page also has identity, study context, classification explanation, and a primary-source link."
"NCT05216510","https://clinicaltrialfailures.com/trial/NCT05216510-assessment-of-delayed-type-hypersensitivity-reactions-to-sars-cov-2-peptide-anti","Lack of efficacy","16","EFFICACY_FUTILITY","HIGH","REVIEWED_EXACT","","true","KEEP_INDEX","SHORT_BUT_SOURCE_BACKED","The registry wording is short but explicitly supports the structured reason; the page also has identity, study context, classification explanation, and a primary-source link."
"NCT05231603","https://clinicaltrialfailures.com/trial/NCT05231603-ivermectin-for-post-exposure-prophylaxis-of-covid-19","Poor response","13","EFFICACY_FUTILITY","MEDIUM","RULE_V2","","true","KEEP_INDEX","SHORT_BUT_SOURCE_BACKED","The registry wording is short but explicitly supports the structured reason; the page also has identity, study context, classification explanation, and a primary-source link."
"NCT05281094","https://clinicaltrialfailures.com/trial/NCT05281094-efficacy-and-safety-of-two-doses-of-hil-214-in-children","Lack of efficacy","16","EFFICACY_FUTILITY","HIGH","REVIEWED_EXACT","","true","KEEP_INDEX","SHORT_BUT_SOURCE_BACKED","The registry wording is short but explicitly supports the structured reason; the page also has identity, study context, classification explanation, and a primary-source link."
"NCT05419479","https://clinicaltrialfailures.com/trial/NCT05419479-switch-maintenance-in-pancreatic","Efficacy concerns.","18","EFFICACY_FUTILITY","HIGH","REVIEWED_EXACT","","true","KEEP_INDEX","SHORT_BUT_SOURCE_BACKED","The registry wording is short but explicitly supports the structured reason; the page also has identity, study context, classification explanation, and a primary-source link."
"NCT05456854","https://clinicaltrialfailures.com/trial/NCT05456854-evaluation-of-kisspeptin-stimulated-insulin-secretion-with-hyperglycemic-clamp","Futility","8","EFFICACY_FUTILITY","HIGH","REVIEWED_EXACT","","true","KEEP_INDEX","SHORT_BUT_SOURCE_BACKED","The registry wording is short but explicitly supports the structured reason; the page also has identity, study context, classification explanation, and a primary-source link."
"NCT05469178","https://clinicaltrialfailures.com/trial/NCT05469178-a-clinical-study-of-bemcentinib-with-standard-of-care-chemoimmunotherapy-in-untr","Lack of efficacy","16","EFFICACY_FUTILITY","HIGH","REVIEWED_EXACT","","true","KEEP_INDEX","SHORT_BUT_SOURCE_BACKED","The registry wording is short but explicitly supports the structured reason; the page also has identity, study context, classification explanation, and a primary-source link."
"NCT05517668","https://clinicaltrialfailures.com/trial/NCT05517668-evaluation-of-the-efficacy-of-fomepizole-in-the-treatment-of-acetaminophen-overd","Futility","8","EFFICACY_FUTILITY","HIGH","REVIEWED_EXACT","","true","KEEP_INDEX","SHORT_BUT_SOURCE_BACKED","The registry wording is short but explicitly supports the structured reason; the page also has identity, study context, classification explanation, and a primary-source link."
"NCT05564429","https://clinicaltrialfailures.com/trial/NCT05564429-18f-sf12051-for-imaging-the-18-kda-translocator-protein-tspo-in-brain-and-whole-","due to futility","15","EFFICACY_FUTILITY","HIGH","RULE_V2","","true","KEEP_INDEX","SHORT_BUT_SOURCE_BACKED","The registry wording is short but explicitly supports the structured reason; the page also has identity, study context, classification explanation, and a primary-source link."
"NCT05727878","https://clinicaltrialfailures.com/trial/NCT05727878-trial-to-evaluate-safety-and-efficacy-of-kpi-012-ophthalmic-solution-in-particip","Lack of efficacy","16","EFFICACY_FUTILITY","HIGH","REVIEWED_EXACT","","true","KEEP_INDEX","SHORT_BUT_SOURCE_BACKED","The registry wording is short but explicitly supports the structured reason; the page also has identity, study context, classification explanation, and a primary-source link."
"NCT05861050","https://clinicaltrialfailures.com/trial/NCT05861050-glofitamab-with-obinutuzumab-venetoclax-and-lenalidomide-for-the-treatment-of-pa","Safety Issues","13","SAFETY","HIGH","REVIEWED_EXACT","","true","KEEP_INDEX","SHORT_BUT_SOURCE_BACKED","The registry wording is short but explicitly supports the structured reason; the page also has identity, study context, classification explanation, and a primary-source link."
"NCT05930938","https://clinicaltrialfailures.com/trial/NCT05930938-study-comparing-rt-with-cetuximab-xevinapant-to-rt-with-cetuximab-placebo-in-pat","toxicity","8","SAFETY","HIGH","REVIEWED_EXACT","","true","KEEP_INDEX","SHORT_BUT_SOURCE_BACKED","The registry wording is short but explicitly supports the structured reason; the page also has identity, study context, classification explanation, and a primary-source link."
"NCT05930951","https://clinicaltrialfailures.com/trial/NCT05930951-study-of-obt076-associated-or-not-in-patients-with-recurrent-or-metastatic-adeno","toxicity","8","SAFETY","HIGH","REVIEWED_EXACT","","true","KEEP_INDEX","SHORT_BUT_SOURCE_BACKED","The registry wording is short but explicitly supports the structured reason; the page also has identity, study context, classification explanation, and a primary-source link."
"NCT06169280","https://clinicaltrialfailures.com/trial/NCT06169280-repeated-neural-stem-cell-based-virotherapy-for-newly-diagnosed-high-grade-gliom","Safety issues","13","SAFETY","HIGH","REVIEWED_EXACT","","true","KEEP_INDEX","SHORT_BUT_SOURCE_BACKED","The registry wording is short but explicitly supports the structured reason; the page also has identity, study context, classification explanation, and a primary-source link."
"NCT06418711","https://clinicaltrialfailures.com/trial/NCT06418711-icon-1-phase-3-study-of-the-efficacy-and-safety-of-treatment-with-mnkd-101-clofa","Futility","8","EFFICACY_FUTILITY","HIGH","REVIEWED_EXACT","","true","KEEP_INDEX","SHORT_BUT_SOURCE_BACKED","The registry wording is short but explicitly supports the structured reason; the page also has identity, study context, classification explanation, and a primary-source link."
"NCT06685835","https://clinicaltrialfailures.com/trial/NCT06685835-a-study-of-the-efficacy-and-safety-of-brensocatib-in-adults-with-moderate-to-sev","Lack of Efficacy","16","EFFICACY_FUTILITY","HIGH","REVIEWED_EXACT","","true","KEEP_INDEX","SHORT_BUT_SOURCE_BACKED","The registry wording is short but explicitly supports the structured reason; the page also has identity, study context, classification explanation, and a primary-source link."
"NCT06844669","https://clinicaltrialfailures.com/trial/NCT06844669-her2heart-us-prevention-of-cardiotoxicity-in-breast-cancer-patients-receiving-he","Futility","8","EFFICACY_FUTILITY","HIGH","REVIEWED_EXACT","","true","KEEP_INDEX","SHORT_BUT_SOURCE_BACKED","The registry wording is short but explicitly supports the structured reason; the page also has identity, study context, classification explanation, and a primary-source link."
"NCT00584779","https://clinicaltrialfailures.com/trial/NCT00584779-an-open-label-pharmacokinetic-study-of-gabapentin-in-japanese-subjects-with-rena","See detailed description for termination reason","47","SAFETY","HIGH","DESCRIPTION_FALLBACK","The study was terminated on September 30, 2008 at the current study site due to reported adverse events in the study subjects (n=8). While the adverse events reported were generally consistent with the known profile of gabapentin, it was decided that the study should continue at a different study site. The pharmacokinetics of gabapentin in the subjects with renal impairment will be evaluated in a separate study with a different study number at a different site. The study will be entitled: ""The Pharmacokinetic Study of Gabapentin in Japanese Epileptic Subjects with Renal Impairment"".","true","IMPROVE_INDEX","SURFACE_DESCRIPTION_FALLBACK","The page publishes a pointer instead of the verified ClinicalTrials.gov detailed-description evidence. Surface that source text and keep the page indexable."
"NCT00823979","https://clinicaltrialfailures.com/trial/NCT00823979-a-phase-2b-multicenter-randomized-comparative-trial-of-uk-453-061-versus-etravir","See termination reason in detailed description.","47","EFFICACY_FUTILITY","HIGH","DESCRIPTION_FALLBACK","The trial was terminated on 12 April, 2012 due to lack of efficacy at the Week 24 analysis. The decision to terminate the trial was not based on any safety concerns.","true","IMPROVE_INDEX","SURFACE_DESCRIPTION_FALLBACK","The page publishes a pointer instead of the verified ClinicalTrials.gov detailed-description evidence. Surface that source text and keep the page indexable."
"NCT01098240","https://clinicaltrialfailures.com/trial/NCT01098240-a-study-of-the-efficacy-and-safety-of-cp-601-927-augmentation-of-antidepressant-","See termination reason in detailed description.","47","EFFICACY_FUTILITY","HIGH","DESCRIPTION_FALLBACK","The study was stopped at interim analysis in August 2011, as stopping criteria for futility were met. There was no statistically significant change on the primary efficacy scale in favor of the drug. There was a very small chance that any additional data could change the study overall outcome. There were no concerns regarding subject safety.","true","IMPROVE_INDEX","SURFACE_DESCRIPTION_FALLBACK","The page publishes a pointer instead of the verified ClinicalTrials.gov detailed-description evidence. Surface that source text and keep the page indexable."
"NCT01145417","https://clinicaltrialfailures.com/trial/NCT01145417-pregabalin-trial-in-hiv-neuropathic-pain","See termination reason in detailed description.","47","EFFICACY_FUTILITY","HIGH","DESCRIPTION_FALLBACK","The parent double blind study was stopped at interim analysis due to lack of efficacy and therefore this open label extension study was also terminated simultaneously on April 2, 2012; the termination was unrelated to any safety findings that could impact patient health.","true","IMPROVE_INDEX","SURFACE_DESCRIPTION_FALLBACK","The page publishes a pointer instead of the verified ClinicalTrials.gov detailed-description evidence. Surface that source text and keep the page indexable."
"NCT01420081","https://clinicaltrialfailures.com/trial/NCT01420081-a-study-of-two-dual-pi3k-mtor-inhibitors-pf-04691502-and-pf-05212384-in-patients","See termination reason in detailed description.","47","EFFICACY_FUTILITY","HIGH","DESCRIPTION_FALLBACK","The study was prematurely discontinued due to lack confidence in the Stathmin assay as a patient selection criteria and subsequent lack of confidence in the efficacy signal that was observed. The decision to terminate the study was made on January 23, 2014. It should be noted that safety concerns have not been seen in this study and have not factored into this decision.","true","IMPROVE_INDEX","SURFACE_DESCRIPTION_FALLBACK","The page publishes a pointer instead of the verified ClinicalTrials.gov detailed-description evidence. Surface that source text and keep the page indexable."
"NCT01965600","https://clinicaltrialfailures.com/trial/NCT01965600-a-study-to-evaluate-the-safety-and-effects-on-the-body-of-an-investigational-dru","","0","SAFETY","HIGH","DESCRIPTION_FALLBACK","The trial was terminated on 25 March 2015 due to safety concerns regarding the administration of endotoxin and because of the uncertain availability of future endotoxin lots.","true","IMPROVE_INDEX","SURFACE_DESCRIPTION_FALLBACK","The registry stop-reason field is empty, but the verified ClinicalTrials.gov detailed description explicitly states the termination reasons. Surface that source text and keep the page indexable."
