"url","page_type","lastmod","measurement_status","decision_status"
"https://clinicaltrialfailures.com/","home","2026-10-05T00:00:00.000Z","unknown","unreviewed"
"https://clinicaltrialfailures.com/explore","static_reference","2026-10-05T00:00:00.000Z","unknown","unreviewed"
"https://clinicaltrialfailures.com/overview","static_reference","2026-10-05T00:00:00.000Z","unknown","unreviewed"
"https://clinicaltrialfailures.com/failures","static_reference","2026-10-05T00:00:00.000Z","unknown","unreviewed"
"https://clinicaltrialfailures.com/sponsors","static_reference","2026-10-05T00:00:00.000Z","unknown","unreviewed"
"https://clinicaltrialfailures.com/insights","static_reference","2026-10-05T00:00:00.000Z","unknown","unreviewed"
"https://clinicaltrialfailures.com/briefs","static_reference","2026-10-05T14:50:12Z","unknown","unreviewed"
"https://clinicaltrialfailures.com/validation","static_reference","2026-10-05T00:00:00.000Z","unknown","unreviewed"
"https://clinicaltrialfailures.com/asset-check","static_reference","2026-10-05T00:00:00.000Z","unknown","unreviewed"
"https://clinicaltrialfailures.com/packages","static_reference","2026-10-05T00:00:00.000Z","unknown","unreviewed"
"https://clinicaltrialfailures.com/packages/sample","package","2026-10-05T00:00:00.000Z","unknown","unreviewed"
"https://clinicaltrialfailures.com/reports/latest-two-week-stopped-trial-updates","static_reference","2026-10-05T00:00:00.000Z","unknown","unreviewed"
"https://clinicaltrialfailures.com/sponsor-insights","static_reference","2026-10-05T00:00:00.000Z","unknown","unreviewed"
"https://clinicaltrialfailures.com/top-entities","editorial_reference","2026-10-05T00:00:00.000Z","unknown","unreviewed"
"https://clinicaltrialfailures.com/outliers","static_reference","2026-10-05T00:00:00.000Z","unknown","unreviewed"
"https://clinicaltrialfailures.com/clinical-trial-failures","editorial_reference","2026-10-05T00:00:00.000Z","unknown","unreviewed"
"https://clinicaltrialfailures.com/why-clinical-trials-fail","editorial_reference","2026-10-05T00:00:00.000Z","unknown","unreviewed"
"https://clinicaltrialfailures.com/failed-clinical-trials","editorial_reference","2026-10-05T00:00:00.000Z","unknown","unreviewed"
"https://clinicaltrialfailures.com/terminated-clinical-trials","editorial_reference","2026-10-05T00:00:00.000Z","unknown","unreviewed"
"https://clinicaltrialfailures.com/clinical-trial-futility","editorial_reference","2026-10-05T00:00:00.000Z","unknown","unreviewed"
"https://clinicaltrialfailures.com/failed-endpoint-clinical-trials","editorial_reference","2026-10-05T00:00:00.000Z","unknown","unreviewed"
"https://clinicaltrialfailures.com/clinical-trial-enrollment-failure","editorial_reference","2026-10-05T00:00:00.000Z","unknown","unreviewed"
"https://clinicaltrialfailures.com/clinical-trial-failures-by-phase","editorial_reference","2026-10-05T00:00:00.000Z","unknown","unreviewed"
"https://clinicaltrialfailures.com/clinical-trial-failures-by-disease-area","editorial_reference","2026-10-05T00:00:00.000Z","unknown","unreviewed"
"https://clinicaltrialfailures.com/terminated-vs-withdrawn-vs-suspended-clinical-trials","editorial_reference","2026-10-05T00:00:00.000Z","unknown","unreviewed"
"https://clinicaltrialfailures.com/clinical-trial-stop-reasons","editorial_reference","2026-10-05T00:00:00.000Z","unknown","unreviewed"
"https://clinicaltrialfailures.com/top-10-oncology-clinical-trial-failures","editorial_reference","2026-10-05T00:00:00.000Z","unknown","unreviewed"
"https://clinicaltrialfailures.com/top-10-neurology-clinical-trial-failures","editorial_reference","2026-10-05T00:00:00.000Z","unknown","unreviewed"
"https://clinicaltrialfailures.com/top-10-pharma-companies-clinical-trial-failure-share","editorial_reference","2026-10-05T00:00:00.000Z","unknown","unreviewed"
"https://clinicaltrialfailures.com/top-10-infectious-disease-clinical-trial-failures","editorial_reference","2026-10-05T00:00:00.000Z","unknown","unreviewed"
"https://clinicaltrialfailures.com/top-10-phase-2-clinical-trial-failure-signals","editorial_reference","2026-10-05T00:00:00.000Z","unknown","unreviewed"
"https://clinicaltrialfailures.com/top-10-safety-driven-clinical-trial-failures","editorial_reference","2026-10-05T00:00:00.000Z","unknown","unreviewed"
"https://clinicaltrialfailures.com/briefs/neurology-bace-secretase","brief","2026-10-05T14:50:12.000Z","unknown","unreviewed"
"https://clinicaltrialfailures.com/briefs/neurology-tau","brief","2026-10-05T14:50:12.000Z","unknown","unreviewed"
"https://clinicaltrialfailures.com/briefs/oncology-tgf-pd-l-1","brief","2026-10-05T14:49:36.000Z","unknown","unreviewed"
"https://clinicaltrialfailures.com/briefs/oncology-cd38","brief","2026-10-05T14:49:41.000Z","unknown","unreviewed"
"https://clinicaltrialfailures.com/briefs/oncology-androgen-receptor-axis","brief","2026-10-05T14:49:58.000Z","unknown","unreviewed"
"https://clinicaltrialfailures.com/briefs/oncology-met","brief","2026-10-05T14:49:47.000Z","unknown","unreviewed"
"https://clinicaltrialfailures.com/briefs/oncology-egfr","brief","2026-10-05T14:49:44.000Z","unknown","unreviewed"
"https://clinicaltrialfailures.com/briefs/oncology-pi3k-akt-mtor","brief","2026-10-05T14:49:50.000Z","unknown","unreviewed"
"https://clinicaltrialfailures.com/briefs/oncology-parp","brief","2026-10-05T14:49:52.000Z","unknown","unreviewed"
"https://clinicaltrialfailures.com/briefs/oncology-flt3-kit","brief","2026-10-05T14:50:00.000Z","unknown","unreviewed"
"https://clinicaltrialfailures.com/briefs/oncology-pd-l-1","brief","2026-10-05T14:49:28.000Z","unknown","unreviewed"
"https://clinicaltrialfailures.com/briefs/oncology-alk-ros1-ret","brief","2026-10-05T14:49:48.000Z","unknown","unreviewed"
"https://clinicaltrialfailures.com/briefs/oncology-braf-mek","brief","2026-10-05T14:49:49.000Z","unknown","unreviewed"
"https://clinicaltrialfailures.com/briefs/oncology-cdk4-6","brief","2026-10-05T14:49:51.000Z","unknown","unreviewed"
"https://clinicaltrialfailures.com/briefs/oncology-antifolate-nucleoside","brief","2026-10-05T14:50:02.000Z","unknown","unreviewed"
"https://clinicaltrialfailures.com/briefs/oncology-microtubule","brief","2026-10-05T14:50:01.000Z","unknown","unreviewed"
"https://clinicaltrialfailures.com/briefs/oncology-topoisomerase","brief","2026-10-05T14:50:00.000Z","unknown","unreviewed"
"https://clinicaltrialfailures.com/briefs/oncology-fgfr","brief","2026-10-05T14:49:47.000Z","unknown","unreviewed"
"https://clinicaltrialfailures.com/briefs/oncology-her2","brief","2026-10-05T14:49:43.000Z","unknown","unreviewed"
"https://clinicaltrialfailures.com/briefs/oncology-vegf-vegfr","brief","2026-10-05T14:49:45.000Z","unknown","unreviewed"
"https://clinicaltrialfailures.com/briefs/oncology-ctla-4","brief","2026-10-05T14:49:30.000Z","unknown","unreviewed"
"https://clinicaltrialfailures.com/methods","static_reference","","unknown","unreviewed"
"https://clinicaltrialfailures.com/pricing","static_reference","","unknown","unreviewed"
"https://clinicaltrialfailures.com/about","static_reference","","unknown","unreviewed"
"https://clinicaltrialfailures.com/contact","static_reference","","unknown","unreviewed"
"https://clinicaltrialfailures.com/privacy","static_reference","","unknown","unreviewed"
"https://clinicaltrialfailures.com/disclaimer","static_reference","","unknown","unreviewed"
"https://clinicaltrialfailures.com/failures/oncology","failure_hub","2026-10-05T00:00:00.000Z","unknown","unreviewed"
"https://clinicaltrialfailures.com/failures/other","failure_hub","2026-10-05T00:00:00.000Z","unknown","unreviewed"
"https://clinicaltrialfailures.com/failures/infectious-disease","failure_hub","2026-10-05T00:00:00.000Z","unknown","unreviewed"
"https://clinicaltrialfailures.com/failures/gastroenterology-and-hepatology","failure_hub","2026-10-05T00:00:00.000Z","unknown","unreviewed"
"https://clinicaltrialfailures.com/failures/cardiovascular","failure_hub","2026-10-05T00:00:00.000Z","unknown","unreviewed"
"https://clinicaltrialfailures.com/failures/neurology","failure_hub","2026-10-05T00:00:00.000Z","unknown","unreviewed"
"https://clinicaltrialfailures.com/failures/endocrine-and-metabolic","failure_hub","2026-10-05T00:00:00.000Z","unknown","unreviewed"
"https://clinicaltrialfailures.com/failures/immunology-and-autoimmune","failure_hub","2026-10-05T00:00:00.000Z","unknown","unreviewed"
"https://clinicaltrialfailures.com/failures/respiratory","failure_hub","2026-10-05T00:00:00.000Z","unknown","unreviewed"
"https://clinicaltrialfailures.com/failures/psychiatry-and-mental-health","failure_hub","2026-10-05T00:00:00.000Z","unknown","unreviewed"
"https://clinicaltrialfailures.com/failures/renal-and-urology","failure_hub","2026-10-05T00:00:00.000Z","unknown","unreviewed"
"https://clinicaltrialfailures.com/failures/hematology-non-onc","failure_hub","2026-10-05T00:00:00.000Z","unknown","unreviewed"
"https://clinicaltrialfailures.com/failures/dermatology","failure_hub","2026-10-05T00:00:00.000Z","unknown","unreviewed"
"https://clinicaltrialfailures.com/failures/ophthalmology","failure_hub","2026-10-05T00:00:00.000Z","unknown","unreviewed"
"https://clinicaltrialfailures.com/failures/musculoskeletal","failure_hub","2026-10-05T00:00:00.000Z","unknown","unreviewed"
"https://clinicaltrialfailures.com/failures/phase-1","failure_hub","2026-10-05T00:00:00.000Z","unknown","unreviewed"
"https://clinicaltrialfailures.com/failures/phase-2","failure_hub","2026-10-05T00:00:00.000Z","unknown","unreviewed"
"https://clinicaltrialfailures.com/failures/phase-3","failure_hub","2026-10-05T00:00:00.000Z","unknown","unreviewed"
"https://clinicaltrialfailures.com/failures/early-phase-1","failure_hub","2026-10-05T00:00:00.000Z","unknown","unreviewed"
"https://clinicaltrialfailures.com/failures/phase-4","failure_hub","2026-10-05T00:00:00.000Z","unknown","unreviewed"
"https://clinicaltrialfailures.com/failures/unknown-phase","failure_hub","2026-10-05T00:00:00.000Z","unknown","unreviewed"
"https://clinicaltrialfailures.com/failures/operational","failure_hub","2026-10-05T00:00:00.000Z","unknown","unreviewed"
"https://clinicaltrialfailures.com/failures/other-unknown","failure_hub","2026-10-05T00:00:00.000Z","unknown","unreviewed"
"https://clinicaltrialfailures.com/failures/futility","failure_hub","2026-10-05T00:00:00.000Z","unknown","unreviewed"
"https://clinicaltrialfailures.com/failures/safety","failure_hub","2026-10-05T00:00:00.000Z","unknown","unreviewed"
"https://clinicaltrialfailures.com/failures/regulatory","failure_hub","2026-10-05T00:00:00.000Z","unknown","unreviewed"
"https://clinicaltrialfailures.com/sponsor/m-d-anderson-cancer-center","sponsor","2026-10-05T00:00:00.000Z","unknown","unreviewed"
"https://clinicaltrialfailures.com/sponsor/national-cancer-institute-nci","sponsor","2026-10-05T00:00:00.000Z","unknown","unreviewed"
"https://clinicaltrialfailures.com/sponsor/novartis-pharmaceuticals","sponsor","2026-10-05T00:00:00.000Z","unknown","unreviewed"
"https://clinicaltrialfailures.com/sponsor/pfizer","sponsor","2026-10-05T00:00:00.000Z","unknown","unreviewed"
"https://clinicaltrialfailures.com/sponsor/merck-sharp-and-dohme-llc","sponsor","2026-10-05T00:00:00.000Z","unknown","unreviewed"
"https://clinicaltrialfailures.com/sponsor/glaxosmithkline","sponsor","2026-10-05T00:00:00.000Z","unknown","unreviewed"
"https://clinicaltrialfailures.com/sponsor/washington-university-school-of-medicine","sponsor","2026-10-05T00:00:00.000Z","unknown","unreviewed"
"https://clinicaltrialfailures.com/sponsor/hoffmann-la-roche","sponsor","2026-10-05T00:00:00.000Z","unknown","unreviewed"
"https://clinicaltrialfailures.com/sponsor/national-institute-of-allergy-and-infectious-diseases-niaid","sponsor","2026-10-05T00:00:00.000Z","unknown","unreviewed"
"https://clinicaltrialfailures.com/sponsor/mayo-clinic","sponsor","2026-10-05T00:00:00.000Z","unknown","unreviewed"
"https://clinicaltrialfailures.com/sponsor/massachusetts-general-hospital","sponsor","2026-10-05T00:00:00.000Z","unknown","unreviewed"
"https://clinicaltrialfailures.com/sponsor/stanford-university","sponsor","2026-10-05T00:00:00.000Z","unknown","unreviewed"
"https://clinicaltrialfailures.com/sponsor/northwestern-university","sponsor","2026-10-05T00:00:00.000Z","unknown","unreviewed"
"https://clinicaltrialfailures.com/sponsor/wake-forest-university-health-sciences","sponsor","2026-10-05T00:00:00.000Z","unknown","unreviewed"
"https://clinicaltrialfailures.com/sponsor/eli-lilly-and-company","sponsor","2026-10-05T00:00:00.000Z","unknown","unreviewed"
"https://clinicaltrialfailures.com/sponsor/yale-university","sponsor","2026-10-05T00:00:00.000Z","unknown","unreviewed"
"https://clinicaltrialfailures.com/sponsor/johns-hopkins-university","sponsor","2026-10-05T00:00:00.000Z","unknown","unreviewed"
"https://clinicaltrialfailures.com/sponsor/bristol-myers-squibb","sponsor","2026-10-05T00:00:00.000Z","unknown","unreviewed"
"https://clinicaltrialfailures.com/sponsor/university-of-california-san-francisco","sponsor","2026-10-05T00:00:00.000Z","unknown","unreviewed"
"https://clinicaltrialfailures.com/sponsor/nyu-langone-health","sponsor","2026-10-05T00:00:00.000Z","unknown","unreviewed"
"https://clinicaltrialfailures.com/sponsor/sanofi","sponsor","2026-10-05T00:00:00.000Z","unknown","unreviewed"
"https://clinicaltrialfailures.com/sponsor/astrazeneca","sponsor","2026-10-05T00:00:00.000Z","unknown","unreviewed"
"https://clinicaltrialfailures.com/sponsor/gilead-sciences","sponsor","2026-10-05T00:00:00.000Z","unknown","unreviewed"
"https://clinicaltrialfailures.com/sponsor/amgen","sponsor","2026-10-05T00:00:00.000Z","unknown","unreviewed"
"https://clinicaltrialfailures.com/sponsor/university-of-alabama-at-birmingham","sponsor","2026-10-05T00:00:00.000Z","unknown","unreviewed"
"https://clinicaltrialfailures.com/sponsor/sidney-kimmel-comprehensive-cancer-center-at-johns-hopkins","sponsor","2026-10-05T00:00:00.000Z","unknown","unreviewed"
"https://clinicaltrialfailures.com/sponsor/boehringer-ingelheim","sponsor","2026-10-05T00:00:00.000Z","unknown","unreviewed"
"https://clinicaltrialfailures.com/sponsor/university-of-texas-southwestern-medical-center","sponsor","2026-10-05T00:00:00.000Z","unknown","unreviewed"
"https://clinicaltrialfailures.com/sponsor/duke-university","sponsor","2026-10-05T00:00:00.000Z","unknown","unreviewed"
"https://clinicaltrialfailures.com/sponsor/emory-university","sponsor","2026-10-05T00:00:00.000Z","unknown","unreviewed"
"https://clinicaltrialfailures.com/sponsor/weill-medical-college-of-cornell-university","sponsor","2026-10-05T00:00:00.000Z","unknown","unreviewed"
"https://clinicaltrialfailures.com/sponsor/columbia-university","sponsor","2026-10-05T00:00:00.000Z","unknown","unreviewed"
"https://clinicaltrialfailures.com/sponsor/abbvie","sponsor","2026-10-05T00:00:00.000Z","unknown","unreviewed"
"https://clinicaltrialfailures.com/sponsor/janssen-research-and-development-llc","sponsor","2026-10-05T00:00:00.000Z","unknown","unreviewed"
"https://clinicaltrialfailures.com/sponsor/university-of-utah","sponsor","2026-10-05T00:00:00.000Z","unknown","unreviewed"
"https://clinicaltrialfailures.com/sponsor/takeda","sponsor","2026-10-05T00:00:00.000Z","unknown","unreviewed"
"https://clinicaltrialfailures.com/sponsor/university-of-pennsylvania","sponsor","2026-10-05T00:00:00.000Z","unknown","unreviewed"
"https://clinicaltrialfailures.com/sponsor/masonic-cancer-center-university-of-minnesota","sponsor","2026-10-05T00:00:00.000Z","unknown","unreviewed"
"https://clinicaltrialfailures.com/sponsor/university-of-chicago","sponsor","2026-10-05T00:00:00.000Z","unknown","unreviewed"
"https://clinicaltrialfailures.com/sponsor/dana-farber-cancer-institute","sponsor","2026-10-05T00:00:00.000Z","unknown","unreviewed"
"https://clinicaltrialfailures.com/sponsor/university-of-washington","sponsor","2026-10-05T00:00:00.000Z","unknown","unreviewed"
"https://clinicaltrialfailures.com/sponsor/university-of-maryland-baltimore","sponsor","2026-10-05T00:00:00.000Z","unknown","unreviewed"
"https://clinicaltrialfailures.com/sponsor/biogen","sponsor","2026-10-05T00:00:00.000Z","unknown","unreviewed"
"https://clinicaltrialfailures.com/sponsor/roswell-park-cancer-institute","sponsor","2026-10-05T00:00:00.000Z","unknown","unreviewed"
"https://clinicaltrialfailures.com/sponsor/bayer","sponsor","2026-10-05T00:00:00.000Z","unknown","unreviewed"
"https://clinicaltrialfailures.com/sponsor/assistance-publique-h-pitaux-de-paris","sponsor","2026-10-05T00:00:00.000Z","unknown","unreviewed"
"https://clinicaltrialfailures.com/sponsor/celgene","sponsor","2026-10-05T00:00:00.000Z","unknown","unreviewed"
"https://clinicaltrialfailures.com/sponsor/university-of-wisconsin-madison","sponsor","2026-10-05T00:00:00.000Z","unknown","unreviewed"
"https://clinicaltrialfailures.com/sponsor/incyte-corporation","sponsor","2026-10-05T00:00:00.000Z","unknown","unreviewed"
"https://clinicaltrialfailures.com/sponsor/baylor-college-of-medicine","sponsor","2026-10-05T00:00:00.000Z","unknown","unreviewed"
"https://clinicaltrialfailures.com/sponsor/university-of-colorado-denver","sponsor","2026-10-05T00:00:00.000Z","unknown","unreviewed"
"https://clinicaltrialfailures.com/sponsor/fred-hutchinson-cancer-center","sponsor","2026-10-05T00:00:00.000Z","unknown","unreviewed"
"https://clinicaltrialfailures.com/sponsor/brigham-and-women-s-hospital","sponsor","2026-10-05T00:00:00.000Z","unknown","unreviewed"
"https://clinicaltrialfailures.com/sponsor/university-of-miami","sponsor","2026-10-05T00:00:00.000Z","unknown","unreviewed"
"https://clinicaltrialfailures.com/sponsor/university-of-california-los-angeles","sponsor","2026-10-05T00:00:00.000Z","unknown","unreviewed"
"https://clinicaltrialfailures.com/sponsor/university-of-florida","sponsor","2026-10-05T00:00:00.000Z","unknown","unreviewed"
"https://clinicaltrialfailures.com/sponsor/the-cleveland-clinic","sponsor","2026-10-05T00:00:00.000Z","unknown","unreviewed"
"https://clinicaltrialfailures.com/sponsor/memorial-sloan-kettering-cancer-center","sponsor","2026-10-05T00:00:00.000Z","unknown","unreviewed"
"https://clinicaltrialfailures.com/sponsor/milton-s-hershey-medical-center","sponsor","2026-10-05T00:00:00.000Z","unknown","unreviewed"
"https://clinicaltrialfailures.com/sponsor/the-university-of-texas-health-science-center-houston","sponsor","2026-10-05T00:00:00.000Z","unknown","unreviewed"
"https://clinicaltrialfailures.com/sponsor/indiana-university","sponsor","2026-10-05T00:00:00.000Z","unknown","unreviewed"
"https://clinicaltrialfailures.com/sponsor/city-of-hope-medical-center","sponsor","2026-10-05T00:00:00.000Z","unknown","unreviewed"
"https://clinicaltrialfailures.com/sponsor/university-of-southern-california","sponsor","2026-10-05T00:00:00.000Z","unknown","unreviewed"
"https://clinicaltrialfailures.com/sponsor/university-of-nebraska","sponsor","2026-10-05T00:00:00.000Z","unknown","unreviewed"
"https://clinicaltrialfailures.com/sponsor/h-lee-moffitt-cancer-center-and-research-institute","sponsor","2026-10-05T00:00:00.000Z","unknown","unreviewed"
"https://clinicaltrialfailures.com/sponsor/new-york-state-psychiatric-institute","sponsor","2026-10-05T00:00:00.000Z","unknown","unreviewed"
"https://clinicaltrialfailures.com/sponsor/university-of-minnesota","sponsor","2026-10-05T00:00:00.000Z","unknown","unreviewed"
"https://clinicaltrialfailures.com/sponsor/virginia-commonwealth-university","sponsor","2026-10-05T00:00:00.000Z","unknown","unreviewed"
"https://clinicaltrialfailures.com/sponsor/sun-yat-sen-university","sponsor","2026-10-05T00:00:00.000Z","unknown","unreviewed"
"https://clinicaltrialfailures.com/sponsor/university-of-california-san-diego","sponsor","2026-10-05T00:00:00.000Z","unknown","unreviewed"
"https://clinicaltrialfailures.com/sponsor/icahn-school-of-medicine-at-mount-sinai","sponsor","2026-10-05T00:00:00.000Z","unknown","unreviewed"
"https://clinicaltrialfailures.com/sponsor/montefiore-medical-center","sponsor","2026-10-05T00:00:00.000Z","unknown","unreviewed"
"https://clinicaltrialfailures.com/sponsor/university-of-north-carolina-chapel-hill","sponsor","2026-10-05T00:00:00.000Z","unknown","unreviewed"
"https://clinicaltrialfailures.com/sponsor/vanderbilt-university-medical-center","sponsor","2026-10-05T00:00:00.000Z","unknown","unreviewed"
"https://clinicaltrialfailures.com/sponsor/northwell-health","sponsor","2026-10-05T00:00:00.000Z","unknown","unreviewed"
"https://clinicaltrialfailures.com/sponsor/university-of-michigan-rogel-cancer-center","sponsor","2026-10-05T00:00:00.000Z","unknown","unreviewed"
"https://clinicaltrialfailures.com/sponsor/pfizer-s-upjohn-has-merged-with-mylan-to-form-viatris-inc","sponsor","2026-10-05T00:00:00.000Z","unknown","unreviewed"
"https://clinicaltrialfailures.com/sponsor/regeneron-pharmaceuticals","sponsor","2026-10-05T00:00:00.000Z","unknown","unreviewed"
"https://clinicaltrialfailures.com/sponsor/case-comprehensive-cancer-center","sponsor","2026-10-05T00:00:00.000Z","unknown","unreviewed"
"https://clinicaltrialfailures.com/sponsor/ohsu-knight-cancer-institute","sponsor","2026-10-05T00:00:00.000Z","unknown","unreviewed"
"https://clinicaltrialfailures.com/sponsor/genentech-inc","sponsor","2026-10-05T00:00:00.000Z","unknown","unreviewed"
"https://clinicaltrialfailures.com/sponsor/university-health-network-toronto","sponsor","2026-10-05T00:00:00.000Z","unknown","unreviewed"
"https://clinicaltrialfailures.com/sponsor/va-office-of-research-and-development","sponsor","2026-10-05T00:00:00.000Z","unknown","unreviewed"
"https://clinicaltrialfailures.com/sponsor/rutgers-the-state-university-of-new-jersey","sponsor","2026-10-05T00:00:00.000Z","unknown","unreviewed"
"https://clinicaltrialfailures.com/sponsor/university-of-alberta","sponsor","2026-10-05T00:00:00.000Z","unknown","unreviewed"
"https://clinicaltrialfailures.com/sponsor/beth-israel-deaconess-medical-center","sponsor","2026-10-05T00:00:00.000Z","unknown","unreviewed"
"https://clinicaltrialfailures.com/sponsor/jonsson-comprehensive-cancer-center","sponsor","2026-10-05T00:00:00.000Z","unknown","unreviewed"
"https://clinicaltrialfailures.com/sponsor/medical-university-of-south-carolina","sponsor","2026-10-05T00:00:00.000Z","unknown","unreviewed"
"https://clinicaltrialfailures.com/sponsor/shire","sponsor","2026-10-05T00:00:00.000Z","unknown","unreviewed"
"https://clinicaltrialfailures.com/sponsor/alexion-pharmaceuticals-inc","sponsor","2026-10-05T00:00:00.000Z","unknown","unreviewed"
"https://clinicaltrialfailures.com/sponsor/burzynski-research-institute","sponsor","2026-10-05T00:00:00.000Z","unknown","unreviewed"
"https://clinicaltrialfailures.com/sponsor/abramson-cancer-center-at-penn-medicine","sponsor","2026-10-05T00:00:00.000Z","unknown","unreviewed"
"https://clinicaltrialfailures.com/sponsor/georgetown-university","sponsor","2026-10-05T00:00:00.000Z","unknown","unreviewed"
"https://clinicaltrialfailures.com/sponsor/university-of-california-davis","sponsor","2026-10-05T00:00:00.000Z","unknown","unreviewed"
"https://clinicaltrialfailures.com/sponsor/university-of-pittsburgh","sponsor","2026-10-05T00:00:00.000Z","unknown","unreviewed"
"https://clinicaltrialfailures.com/sponsor/immunitybio-inc","sponsor","2026-10-05T00:00:00.000Z","unknown","unreviewed"
"https://clinicaltrialfailures.com/sponsor/medical-college-of-wisconsin","sponsor","2026-10-05T00:00:00.000Z","unknown","unreviewed"
"https://clinicaltrialfailures.com/sponsor/novo-nordisk-a-s","sponsor","2026-10-05T00:00:00.000Z","unknown","unreviewed"
"https://clinicaltrialfailures.com/sponsor/university-of-michigan","sponsor","2026-10-05T00:00:00.000Z","unknown","unreviewed"
"https://clinicaltrialfailures.com/sponsor/university-of-missouri-columbia","sponsor","2026-10-05T00:00:00.000Z","unknown","unreviewed"
"https://clinicaltrialfailures.com/sponsor/cedars-sinai-medical-center","sponsor","2026-10-05T00:00:00.000Z","unknown","unreviewed"
"https://clinicaltrialfailures.com/sponsor/alliance-for-clinical-trials-in-oncology","sponsor","2026-10-05T00:00:00.000Z","unknown","unreviewed"
"https://clinicaltrialfailures.com/sponsor/university-of-arkansas","sponsor","2026-10-05T00:00:00.000Z","unknown","unreviewed"
"https://clinicaltrialfailures.com/sponsor/european-organisation-for-research-and-treatment-of-cancer-eortc","sponsor","2026-10-05T00:00:00.000Z","unknown","unreviewed"
"https://clinicaltrialfailures.com/sponsor/fox-chase-cancer-center","sponsor","2026-10-05T00:00:00.000Z","unknown","unreviewed"
"https://clinicaltrialfailures.com/sponsor/ipsen","sponsor","2026-10-05T00:00:00.000Z","unknown","unreviewed"
"https://clinicaltrialfailures.com/sponsor/jazz-pharmaceuticals","sponsor","2026-10-05T00:00:00.000Z","unknown","unreviewed"
"https://clinicaltrialfailures.com/sponsor/jiangsu-hengrui-medicine-co-ltd","sponsor","2026-10-05T00:00:00.000Z","unknown","unreviewed"
"https://clinicaltrialfailures.com/sponsor/rush-university-medical-center","sponsor","2026-10-05T00:00:00.000Z","unknown","unreviewed"
"https://clinicaltrialfailures.com/sponsor/eisai-inc","sponsor","2026-10-05T00:00:00.000Z","unknown","unreviewed"
"https://clinicaltrialfailures.com/sponsor/seoul-national-university-hospital","sponsor","2026-10-05T00:00:00.000Z","unknown","unreviewed"
"https://clinicaltrialfailures.com/sponsor/unc-lineberger-comprehensive-cancer-center","sponsor","2026-10-05T00:00:00.000Z","unknown","unreviewed"
"https://clinicaltrialfailures.com/sponsor/university-of-rochester","sponsor","2026-10-05T00:00:00.000Z","unknown","unreviewed"
"https://clinicaltrialfailures.com/sponsor/children-s-hospital-medical-center-cincinnati","sponsor","2026-10-05T00:00:00.000Z","unknown","unreviewed"
"https://clinicaltrialfailures.com/sponsor/h-lundbeck-a-s","sponsor","2026-10-05T00:00:00.000Z","unknown","unreviewed"
"https://clinicaltrialfailures.com/sponsor/imperial-college-london","sponsor","2026-10-05T00:00:00.000Z","unknown","unreviewed"
"https://clinicaltrialfailures.com/sponsor/oregon-health-and-science-university","sponsor","2026-10-05T00:00:00.000Z","unknown","unreviewed"
"https://clinicaltrialfailures.com/sponsor/university-of-louisville","sponsor","2026-10-05T00:00:00.000Z","unknown","unreviewed"
"https://clinicaltrialfailures.com/sponsor/boston-children-s-hospital","sponsor","2026-10-05T00:00:00.000Z","unknown","unreviewed"
"https://clinicaltrialfailures.com/sponsor/loma-linda-university","sponsor","2026-10-05T00:00:00.000Z","unknown","unreviewed"
"https://clinicaltrialfailures.com/sponsor/otsuka-pharmaceutical-development-and-commercialization-inc","sponsor","2026-10-05T00:00:00.000Z","unknown","unreviewed"
"https://clinicaltrialfailures.com/sponsor/university-hospitals-cleveland-medical-center","sponsor","2026-10-05T00:00:00.000Z","unknown","unreviewed"
"https://clinicaltrialfailures.com/sponsor/daiichi-sankyo","sponsor","2026-10-05T00:00:00.000Z","unknown","unreviewed"
"https://clinicaltrialfailures.com/sponsor/ems","sponsor","2026-10-05T00:00:00.000Z","unknown","unreviewed"
"https://clinicaltrialfailures.com/sponsor/genzyme-a-sanofi-company","sponsor","2026-10-05T00:00:00.000Z","unknown","unreviewed"
"https://clinicaltrialfailures.com/sponsor/organon-and-co","sponsor","2026-10-05T00:00:00.000Z","unknown","unreviewed"
"https://clinicaltrialfailures.com/sponsor/sidney-kimmel-comprehensive-cancer-center-at-thomas-jefferson-university","sponsor","2026-10-05T00:00:00.000Z","unknown","unreviewed"
"https://clinicaltrialfailures.com/sponsor/the-university-of-texas-medical-branch-galveston","sponsor","2026-10-05T00:00:00.000Z","unknown","unreviewed"
"https://clinicaltrialfailures.com/sponsor/university-of-kansas-medical-center","sponsor","2026-10-05T00:00:00.000Z","unknown","unreviewed"
"https://clinicaltrialfailures.com/sponsor/chia-tai-tianqing-pharmaceutical-group-co-ltd","sponsor","2026-10-05T00:00:00.000Z","unknown","unreviewed"
"https://clinicaltrialfailures.com/sponsor/the-university-of-texas-health-science-center-at-san-antonio","sponsor","2026-10-05T00:00:00.000Z","unknown","unreviewed"
"https://clinicaltrialfailures.com/sponsor/university-of-oxford","sponsor","2026-10-05T00:00:00.000Z","unknown","unreviewed"
"https://clinicaltrialfailures.com/sponsor/university-of-virginia","sponsor","2026-10-05T00:00:00.000Z","unknown","unreviewed"
"https://clinicaltrialfailures.com/sponsor/astellas-pharma-global-development-inc","sponsor","2026-10-05T00:00:00.000Z","unknown","unreviewed"
"https://clinicaltrialfailures.com/sponsor/university-of-arizona","sponsor","2026-10-05T00:00:00.000Z","unknown","unreviewed"
"https://clinicaltrialfailures.com/sponsor/allergan","sponsor","2026-10-05T00:00:00.000Z","unknown","unreviewed"
"https://clinicaltrialfailures.com/sponsor/teva-branded-pharmaceutical-products-r-and-d-inc","sponsor","2026-10-05T00:00:00.000Z","unknown","unreviewed"
"https://clinicaltrialfailures.com/sponsor/vanderbilt-university","sponsor","2026-10-05T00:00:00.000Z","unknown","unreviewed"
"https://clinicaltrialfailures.com/sponsor/albert-einstein-college-of-medicine","sponsor","2026-10-05T00:00:00.000Z","unknown","unreviewed"
"https://clinicaltrialfailures.com/sponsor/centre-hospitalier-universitaire-de-saint-etienne","sponsor","2026-10-05T00:00:00.000Z","unknown","unreviewed"
"https://clinicaltrialfailures.com/sponsor/emd-serono-research-and-development-institute-inc","sponsor","2026-10-05T00:00:00.000Z","unknown","unreviewed"
"https://clinicaltrialfailures.com/sponsor/insel-gruppe-ag-university-hospital-bern","sponsor","2026-10-05T00:00:00.000Z","unknown","unreviewed"
"https://clinicaltrialfailures.com/sponsor/mcmaster-university","sponsor","2026-10-05T00:00:00.000Z","unknown","unreviewed"
"https://clinicaltrialfailures.com/sponsor/thomas-jefferson-university","sponsor","2026-10-05T00:00:00.000Z","unknown","unreviewed"
"https://clinicaltrialfailures.com/sponsor/university-of-british-columbia","sponsor","2026-10-05T00:00:00.000Z","unknown","unreviewed"
"https://clinicaltrialfailures.com/sponsor/university-of-iowa","sponsor","2026-10-05T00:00:00.000Z","unknown","unreviewed"
"https://clinicaltrialfailures.com/sponsor/brown-university","sponsor","2026-10-05T00:00:00.000Z","unknown","unreviewed"
"https://clinicaltrialfailures.com/sponsor/dartmouth-hitchcock-medical-center","sponsor","2026-10-05T00:00:00.000Z","unknown","unreviewed"
"https://clinicaltrialfailures.com/sponsor/henry-ford-health-system","sponsor","2026-10-05T00:00:00.000Z","unknown","unreviewed"
"https://clinicaltrialfailures.com/sponsor/swiss-cancer-institute","sponsor","2026-10-05T00:00:00.000Z","unknown","unreviewed"
"https://clinicaltrialfailures.com/insights/business-reasons-clinical-trial-termination","insight","2026-09-22T00:00:00.000Z","unknown","unreviewed"
"https://clinicaltrialfailures.com/insights/withdrawn-before-enrollment-not-recruitment-failure","insight","2026-09-22T00:00:00.000Z","unknown","unreviewed"
"https://clinicaltrialfailures.com/insights/classification-v2-clinical-trial-stop-reasons","insight","2026-08-25T00:00:00.000Z","unknown","unreviewed"
"https://clinicaltrialfailures.com/insights/most-stopped-clinical-trials-are-not-biological-failures","insight","2026-08-25T00:00:00.000Z","unknown","unreviewed"
"https://clinicaltrialfailures.com/insights/could-clinical-trial-betting-hedge-risk-for-patients","insight","2026-08-20T00:00:00.000Z","unknown","unreviewed"
"https://clinicaltrialfailures.com/insights/regulatory-clinical-trial-stops-are-not-safety-failures","insight","2026-08-20T00:00:00.000Z","unknown","unreviewed"
"https://clinicaltrialfailures.com/insights/unknown-clinical-trial-stop-reasons-are-a-data-signal","insight","2026-08-20T00:00:00.000Z","unknown","unreviewed"
"https://clinicaltrialfailures.com/insights/safety-vs-efficacy-clinical-trial-signals-by-disease-area","insight","2026-08-15T00:00:00.000Z","unknown","unreviewed"
"https://clinicaltrialfailures.com/insights/suspended-clinical-trials-rarely-mean-drug-failure","insight","2026-08-15T00:00:00.000Z","unknown","unreviewed"
"https://clinicaltrialfailures.com/insights/phase-3-clinical-trial-failure-signals","insight","2026-08-12T00:00:00.000Z","unknown","unreviewed"
"https://clinicaltrialfailures.com/insights/safety-vs-efficacy-signals-by-clinical-trial-phase","insight","2026-08-12T00:00:00.000Z","unknown","unreviewed"
"https://clinicaltrialfailures.com/insights/oncology-volume-vs-biological-failure-signal-share","insight","2026-08-10T00:00:00.000Z","unknown","unreviewed"
"https://clinicaltrialfailures.com/insights/withdrawn-clinical-trials-rarely-show-biological-failure-signals","insight","2026-08-10T00:00:00.000Z","unknown","unreviewed"
"https://clinicaltrialfailures.com/insights/operational-reasons-dominate-stopped-clinical-trials","insight","2026-08-05T00:00:00.000Z","unknown","unreviewed"
"https://clinicaltrialfailures.com/insights/enrollment-failure-clinical-trials","insight","2026-08-01T00:00:00.000Z","unknown","unreviewed"
"https://clinicaltrialfailures.com/insights/failed-endpoint-clinical-trial-signals","insight","2026-08-01T00:00:00.000Z","unknown","unreviewed"
"https://clinicaltrialfailures.com/insights/why-i-would-not-bet-on-clinical-trial-outcomes","insight","2026-07-17T00:00:00.000Z","unknown","unreviewed"
"https://clinicaltrialfailures.com/insights/efficacy-vs-safety-clinical-trial-failure-signals","insight","2026-07-15T00:00:00.000Z","unknown","unreviewed"
"https://clinicaltrialfailures.com/insights/oncology-phase-2-clinical-trial-failure-signals","insight","2026-07-12T00:00:00.000Z","unknown","unreviewed"
"https://clinicaltrialfailures.com/insights/terminated-clinical-trials-are-not-always-failures","insight","2026-07-12T00:00:00.000Z","unknown","unreviewed"
"https://clinicaltrialfailures.com/trial/NCT05155332-a-study-to-test-different-doses-of-bi-1831169-alone-and-in-combination-with-an-a","trial","2026-09-30T00:00:00.000Z","unknown","unreviewed"
"https://clinicaltrialfailures.com/trial/NCT04628481-a-study-of-oral-ladarixin-in-recent-onset-type-1-diabetes-and-a-low-residual-cel","trial","2026-08-31T00:00:00.000Z","unknown","unreviewed"
"https://clinicaltrialfailures.com/trial/NCT05220098-first-in-human-study-of-tak-280-in-participants-with-solid-tumors","trial","2026-07-07T00:00:00.000Z","unknown","unreviewed"
"https://clinicaltrialfailures.com/trial/NCT05534984-study-of-tecovirimat-for-human-mpox-virus","trial","2026-06-23T00:00:00.000Z","unknown","unreviewed"
"https://clinicaltrialfailures.com/trial/NCT07100938-a-study-investigating-the-efficacy-and-safety-of-bgb-45035-versus-placebo-in-adu","trial","2026-05-28T00:00:00.000Z","unknown","unreviewed"
"https://clinicaltrialfailures.com/trial/NCT04676360-belantamab-mafodotin-in-plasmablastic-lymphoma-and-alk-large-b-cell-lymphoma","trial","2026-03-13T00:00:00.000Z","unknown","unreviewed"
"https://clinicaltrialfailures.com/trial/NCT04491526-study-to-prevent-postoperative-urinary-retention","trial","2026-02-17T00:00:00.000Z","unknown","unreviewed"
"https://clinicaltrialfailures.com/trial/NCT03953677-evaluation-of-the-effect-of-dexmedetomidine-on-phenylephrine-response-during-ref","trial","2026-02-04T00:00:00.000Z","unknown","unreviewed"
"https://clinicaltrialfailures.com/trial/NCT04221451-a-multinational-randomized-double-blind-placebo-controlled-study-to-assess-the-e","trial","2026-01-28T00:00:00.000Z","unknown","unreviewed"
"https://clinicaltrialfailures.com/trial/NCT04150029-a-study-of-mbg453-in-combination-with-azacitidine-and-venetoclax-in-aml-patients","trial","2026-01-13T00:00:00.000Z","unknown","unreviewed"
"https://clinicaltrialfailures.com/trial/NCT05370885-ve202-in-patients-with-mild-to-moderate-ulcerative-colitis","trial","2025-12-17T00:00:00.000Z","unknown","unreviewed"
"https://clinicaltrialfailures.com/trial/NCT05583110-efficacy-and-safety-of-the-combination-of-trastuzumab-plus-tucatinib-plus-vinore","trial","2025-12-10T00:00:00.000Z","unknown","unreviewed"
"https://clinicaltrialfailures.com/trial/NCT05918978-open-label-extension-of-efgartigimod-in-adults-with-post-covid-19-pots","trial","2025-10-23T00:00:00.000Z","unknown","unreviewed"
"https://clinicaltrialfailures.com/trial/NCT03584516-gravitas-309-itacitinib-and-corticosteroids-as-initial-treatment-for-chronic-gra","trial","2025-10-20T00:00:00.000Z","unknown","unreviewed"
"https://clinicaltrialfailures.com/trial/NCT05672199-long-term-safety-and-efficacy-of-efavaleukin-alfa-in-participants-with-moderatel","trial","2025-10-15T00:00:00.000Z","unknown","unreviewed"
"https://clinicaltrialfailures.com/trial/NCT04925960-oral-epalrestat-therapy-in-pediatric-subjects-with-pmm2-cdg","trial","2025-09-25T00:00:00.000Z","unknown","unreviewed"
"https://clinicaltrialfailures.com/trial/NCT05193994-triumeq-in-amyotrophic-lateral-sclerosis","trial","2025-07-11T00:00:00.000Z","unknown","unreviewed"
"https://clinicaltrialfailures.com/trial/NCT01602822-safety-and-acceptability-study-of-non-occupational-prophylaxis-pep-following-pot","trial","2025-07-10T00:00:00.000Z","unknown","unreviewed"
"https://clinicaltrialfailures.com/trial/NCT05182476-study-to-evaluate-the-efficacy-safety-and-tolerability-of-luvadaxistat-in-partic","trial","2025-07-02T00:00:00.000Z","unknown","unreviewed"
"https://clinicaltrialfailures.com/trial/NCT04921358-tislelizumab-in-combination-with-sitravatinib-in-participants-with-locally-advan","trial","2025-06-29T00:00:00.000Z","unknown","unreviewed"
"https://clinicaltrialfailures.com/trial/NCT02848001-a-dose-finding-study-of-cc-90009-in-subjects-with-relapsed-or-refractory-acute-m","trial","2025-06-12T00:00:00.000Z","unknown","unreviewed"
"https://clinicaltrialfailures.com/trial/NCT04181762-study-of-safety-efficacy-and-tolerability-of-secukinumab-versus-placebo-in-combi","trial","2025-05-16T00:00:00.000Z","unknown","unreviewed"
"https://clinicaltrialfailures.com/trial/NCT05429762-effect-of-tusamitamab-ravtansine-on-qtc-interval-in-participants-with-metastatic","trial","2025-04-06T00:00:00.000Z","unknown","unreviewed"
"https://clinicaltrialfailures.com/trial/NCT04840199-a-study-to-evaluate-the-anti-inflammatory-effects-of-letermovir-prevymis-in-adul","trial","2025-03-04T00:00:00.000Z","unknown","unreviewed"
"https://clinicaltrialfailures.com/trial/NCT04059406-study-to-evaluate-the-efficacy-safety-tolerability-pharmacokinetics-and-pharmaco","trial","2025-02-18T00:00:00.000Z","unknown","unreviewed"
"https://clinicaltrialfailures.com/trial/NCT04046848-safety-and-pharmacokinetics-of-subcutaneous-injection-of-octa101-in-adult-patien","trial","2025-02-13T00:00:00.000Z","unknown","unreviewed"
"https://clinicaltrialfailures.com/trial/NCT05241613-a-study-of-ac176-for-the-treatment-of-metastatic-castration-resistant-prostate-c","trial","2025-02-13T00:00:00.000Z","unknown","unreviewed"
"https://clinicaltrialfailures.com/trial/NCT05123586-a-imma-master-protocol-a-study-of-ly3361237-in-participants-with-at-least-modera","trial","2025-01-20T00:00:00.000Z","unknown","unreviewed"
"https://clinicaltrialfailures.com/trial/NCT05049863-chemotherapy-in-patients-with-relapsed-small-cell-lung-cancer-in-combination-wit","trial","2024-12-05T00:00:00.000Z","unknown","unreviewed"
"https://clinicaltrialfailures.com/trial/NCT02495233-a-study-of-asp2215-in-combination-with-erlotinib-in-subjects-with-epidermal-grow","trial","2024-11-27T00:00:00.000Z","unknown","unreviewed"
"https://clinicaltrialfailures.com/trial/NCT04937738-perioperative-chemotherapy-in-gastric-cancer","trial","2024-11-06T00:00:00.000Z","unknown","unreviewed"
"https://clinicaltrialfailures.com/trial/NCT05238025-mva-bn-rsv-vaccine-trial","trial","2024-10-31T00:00:00.000Z","unknown","unreviewed"
"https://clinicaltrialfailures.com/trial/NCT02994953-a-phase-ib-study-to-evaluate-the-safety-tolerability-and-pharmacokinetics-pk-of-","trial","2024-09-20T00:00:00.000Z","unknown","unreviewed"
"https://clinicaltrialfailures.com/trial/NCT03720717-baclofen-as-a-perioperative-analgesic-adjuvant","trial","2024-09-05T00:00:00.000Z","unknown","unreviewed"
"https://clinicaltrialfailures.com/trial/NCT04390152-safety-and-efficacy-of-intravenous-wharton-s-jelly-derived-mesenchymal-stem-cell","trial","2024-08-27T00:00:00.000Z","unknown","unreviewed"
"https://clinicaltrialfailures.com/trial/NCT04934670-a-study-to-compare-t-guard-vs-ruxolitinib-for-treatment-of-steroid-refractory-ac","trial","2024-08-27T00:00:00.000Z","unknown","unreviewed"
"https://clinicaltrialfailures.com/trial/NCT03743246-a-study-to-evaluate-the-safety-and-efficacy-of-jcar017-in-pediatric-subjects-wit","trial","2024-08-15T00:00:00.000Z","unknown","unreviewed"
"https://clinicaltrialfailures.com/trial/NCT04534283-a-basket-trial-of-an-erk1-2-inhibitor-ly3214996-in-combination-with-abemaciclib","trial","2024-08-07T00:00:00.000Z","unknown","unreviewed"
"https://clinicaltrialfailures.com/trial/NCT03323398-dose-escalation-and-efficacy-study-of-mrna-2416-for-intratumoral-injection-alone","trial","2024-07-31T00:00:00.000Z","unknown","unreviewed"
"https://clinicaltrialfailures.com/trial/NCT05564429-18f-sf12051-for-imaging-the-18-kda-translocator-protein-tspo-in-brain-and-whole-","trial","2024-07-09T00:00:00.000Z","unknown","unreviewed"
"https://clinicaltrialfailures.com/trial/NCT03599622-an-investigational-study-of-experimental-medication-bms-986165-in-participants-w","trial","2024-07-03T00:00:00.000Z","unknown","unreviewed"
"https://clinicaltrialfailures.com/trial/NCT03062540-safety-and-efficacy-study-of-tnx-102-sl-in-patients-with-military-related-ptsd","trial","2024-05-22T00:00:00.000Z","unknown","unreviewed"
"https://clinicaltrialfailures.com/trial/NCT01199367-safety-tolerability-and-efficacy-study-in-subjects-with-advanced-or-metastatic-b","trial","2024-04-25T00:00:00.000Z","unknown","unreviewed"
"https://clinicaltrialfailures.com/trial/NCT05625347-study-to-compare-the-pharmacokinetics-and-pharmacodynamics-of-asa-powder-for-ora","trial","2024-03-22T00:00:00.000Z","unknown","unreviewed"
"https://clinicaltrialfailures.com/trial/NCT04430348-ptx-35-in-patients-with-advanced-solid-tumors","trial","2024-03-12T00:00:00.000Z","unknown","unreviewed"
"https://clinicaltrialfailures.com/trial/NCT04913675-intramuscular-and-intravenous-vir-7831-sotrovimab-for-mild-moderate-covid-19","trial","2024-03-07T00:00:00.000Z","unknown","unreviewed"
"https://clinicaltrialfailures.com/trial/NCT03443973-safety-and-efficacy-study-of-gantenerumab-in-participants-with-early-alzheimer-s","trial","2024-01-17T00:00:00.000Z","unknown","unreviewed"
"https://clinicaltrialfailures.com/trial/NCT05760781-to-evaluate-the-safety-and-efficacy-of-stsg-0002-injection-in-patients-with-chro","trial","2023-12-19T00:00:00.000Z","unknown","unreviewed"
"https://clinicaltrialfailures.com/trial/NCT02312206-the-vital-amyloidosis-study-a-global-phase-3-efficacy-and-safety-study-of-neod00","trial","2023-11-14T00:00:00.000Z","unknown","unreviewed"
"https://clinicaltrialfailures.com/trial/NCT04729608-batiraxcept-avb-s6-500-placebo-in-combination-with-paclitaxel-in-patients-with-p","trial","2023-10-30T00:00:00.000Z","unknown","unreviewed"
"https://clinicaltrialfailures.com/trial/NCT04002310-a-study-to-test-how-well-different-doses-of-bi-754132-are-tolerated-in-patients-","trial","2023-09-15T00:00:00.000Z","unknown","unreviewed"
"https://clinicaltrialfailures.com/trial/NCT05517837-a-phase-1-first-in-human-study-of-bms-986421-in-healthy-participants","trial","2023-09-13T00:00:00.000Z","unknown","unreviewed"
"https://clinicaltrialfailures.com/trial/NCT00176644-phase-ii-trial-of-transdermal-estradiol-for-hormone-refractory-prostate-cancer","trial","2023-09-13T00:00:00.000Z","unknown","unreviewed"
"https://clinicaltrialfailures.com/trial/NCT00493831-analysis-of-lipid-biomarkers-of-exposure-and-host-response","trial","2023-09-07T00:00:00.000Z","unknown","unreviewed"
"https://clinicaltrialfailures.com/trial/NCT01044745-rituximab-in-preventing-acute-graft-versus-host-disease-in-a-donor-stem-cell-tra","trial","2023-09-06T00:00:00.000Z","unknown","unreviewed"
"https://clinicaltrialfailures.com/trial/NCT03682055-phase-1-2a-study-of-vk-2019-in-patients-with-epstein-barr-virus-ebv-positive-nas","trial","2023-08-15T00:00:00.000Z","unknown","unreviewed"
"https://clinicaltrialfailures.com/trial/NCT04882176-a-clinical-study-preliminary-efficacy-of-lm-061-tablet-in-subjects-with-advanced","trial","2023-07-27T00:00:00.000Z","unknown","unreviewed"
"https://clinicaltrialfailures.com/trial/NCT03637764-safety-preliminary-efficacy-and-pk-of-isatuximab-sar650984-alone-or-in-combinati","trial","2023-07-10T00:00:00.000Z","unknown","unreviewed"
"https://clinicaltrialfailures.com/trial/NCT04775680-study-of-adg106-in-combination-with-pd-1-antibody-in-advanced-or-metastatic-soli","trial","2023-04-24T00:00:00.000Z","unknown","unreviewed"
"https://clinicaltrialfailures.com/trial/NCT02332928-melatonin-supplementation-for-cancer-related-fatigue-in-patients-receiving-radio","trial","2023-03-30T00:00:00.000Z","unknown","unreviewed"
"https://clinicaltrialfailures.com/trial/NCT03878927-cpx-351-go-in-subjects-55-years-old-or-older-with-aml","trial","2023-03-10T00:00:00.000Z","unknown","unreviewed"
"https://clinicaltrialfailures.com/trial/NCT03802630-assessing-the-efficacy-and-safety-of-brolucizumab-versus-aflibercept-in-patients","trial","2023-01-30T00:00:00.000Z","unknown","unreviewed"
"https://clinicaltrialfailures.com/trial/NCT03810313-assessing-the-efficacy-and-safety-of-brolucizumab-versus-aflibercept-in-patients","trial","2023-01-30T00:00:00.000Z","unknown","unreviewed"
"https://clinicaltrialfailures.com/trial/NCT02717442-study-of-oto-104-in-subjects-with-unilateral-meniere-s-disease","trial","2023-01-13T00:00:00.000Z","unknown","unreviewed"
"https://clinicaltrialfailures.com/trial/NCT00849667-efficacy-and-safety-of-farletuzumab-morab-003-in-combination-with-carboplatin-an","trial","2022-12-30T00:00:00.000Z","unknown","unreviewed"
"https://clinicaltrialfailures.com/trial/NCT02871297-long-term-open-label-flexible-dose-extension-study-of-vortioxetine-in-child-and-","trial","2022-12-28T00:00:00.000Z","unknown","unreviewed"
"https://clinicaltrialfailures.com/trial/NCT04088591-high-dose-intravenous-vitamin-c-as-an-adjunctive-treatment-for-sepsis-in-rwanda","trial","2022-10-18T00:00:00.000Z","unknown","unreviewed"
"https://clinicaltrialfailures.com/trial/NCT03955471-study-to-evaluate-the-efficacy-and-safety-of-the-combination-of-niraparib-and-do","trial","2022-09-10T00:00:00.000Z","unknown","unreviewed"
"https://clinicaltrialfailures.com/trial/NCT04447235-early-treatment-with-ivermectin-and-losartan-for-cancer-patients-with-covid-19-i","trial","2022-08-09T00:00:00.000Z","unknown","unreviewed"
"https://clinicaltrialfailures.com/trial/NCT01560585-open-label-study-of-isotretinoin-in-mild-to-moderate-alzheimer-s-disease","trial","2022-06-15T00:00:00.000Z","unknown","unreviewed"
"https://clinicaltrialfailures.com/trial/NCT04428047-evaluation-of-bintrafusp-alfa-in-operable-and-untreated-head-and-neck-squamous-c","trial","2022-04-06T00:00:00.000Z","unknown","unreviewed"
"https://clinicaltrialfailures.com/trial/NCT03028740-aurora-a-study-for-the-efficacy-and-safety-of-cenicriviroc-cvc-for-the-treatment","trial","2022-03-10T00:00:00.000Z","unknown","unreviewed"
"https://clinicaltrialfailures.com/trial/NCT05051150-epinephrine-infusion-for-prophylaxis-against-maternal-hypotension-during-caesare","trial","2022-03-10T00:00:00.000Z","unknown","unreviewed"
"https://clinicaltrialfailures.com/trial/NCT03181828-manipulating-the-gut-microbiome-study","trial","2021-12-15T00:00:00.000Z","unknown","unreviewed"
"https://clinicaltrialfailures.com/trial/NCT03797261-a-study-of-venetoclax-and-amg-176-in-patients-with-relapsed-refractory-hematolog","trial","2021-12-07T00:00:00.000Z","unknown","unreviewed"
"https://clinicaltrialfailures.com/trial/NCT02982668-optimizing-early-enteral-nutrition-in-severe-stroke","trial","2021-11-04T00:00:00.000Z","unknown","unreviewed"
"https://clinicaltrialfailures.com/trial/NCT03297294-safety-and-efficacy-of-ema401-in-patients-with-painful-diabetic-neuropathy-pdn","trial","2021-10-08T00:00:00.000Z","unknown","unreviewed"
"https://clinicaltrialfailures.com/trial/NCT02907918-neoadjuvant-study-of-palbociclib-in-combination-with-letrozole-and-trastuzumab-i","trial","2021-09-29T00:00:00.000Z","unknown","unreviewed"
"https://clinicaltrialfailures.com/trial/NCT03388164-adherence-to-antidepressant-treatment-in-subjects-with-depression","trial","2021-09-16T00:00:00.000Z","unknown","unreviewed"
"https://clinicaltrialfailures.com/trial/NCT04435717-efficacy-of-tocilizumab-in-modifying-the-inflammatory-parameters-of-patients-wit","trial","2021-08-30T00:00:00.000Z","unknown","unreviewed"
"https://clinicaltrialfailures.com/trial/NCT01436175-spd489-adult-major-depressive-disorder-mdd-open-label-safety-and-tolerability-ro","trial","2021-06-14T00:00:00.000Z","unknown","unreviewed"
"https://clinicaltrialfailures.com/trial/NCT03907072-efficacy-and-safety-study-of-wve-210201-suvodirsen-with-open-label-extension-in-","trial","2021-05-20T00:00:00.000Z","unknown","unreviewed"
"https://clinicaltrialfailures.com/trial/NCT02055690-pazofos-phase-ib-and-phase-ii-trial-of-pazopanib-fosbretabulin-in-advanced-recur","trial","2021-05-17T00:00:00.000Z","unknown","unreviewed"
"https://clinicaltrialfailures.com/trial/NCT01098240-a-study-of-the-efficacy-and-safety-of-cp-601-927-augmentation-of-antidepressant-","trial","2021-05-03T00:00:00.000Z","unknown","unreviewed"
"https://clinicaltrialfailures.com/trial/NCT03419403-unite-study-understanding-new-interventions-with-gbm-therapy","trial","2021-04-14T00:00:00.000Z","unknown","unreviewed"
"https://clinicaltrialfailures.com/trial/NCT02980874-suprachoroidal-injection-of-triamcinolone-acetonide-with-ivt-aflibercept-in-subj","trial","2021-04-14T00:00:00.000Z","unknown","unreviewed"
"https://clinicaltrialfailures.com/trial/NCT03250689-randomized-study-evaluating-the-effect-of-danirixin-on-neutrophil-extracellular-","trial","2021-03-29T00:00:00.000Z","unknown","unreviewed"
"https://clinicaltrialfailures.com/trial/NCT00130312-effect-of-sulodexide-in-overt-diabetic-nephropathy","trial","2021-03-19T00:00:00.000Z","unknown","unreviewed"
"https://clinicaltrialfailures.com/trial/NCT03376139-zonisamide-outpatient-study","trial","2021-03-09T00:00:00.000Z","unknown","unreviewed"
"https://clinicaltrialfailures.com/trial/NCT03342859-mode-of-action-study-of-vilaprisan-and-ulipristal-acetate-in-patients-with-uteri","trial","2021-01-06T00:00:00.000Z","unknown","unreviewed"
"https://clinicaltrialfailures.com/trial/NCT03565315-phase-i-study-to-evaluate-a-human-monoclonal-antibody-mab-10e8vls-administered-a","trial","2020-12-30T00:00:00.000Z","unknown","unreviewed"
"https://clinicaltrialfailures.com/trial/NCT02489097-international-substudy-enigma2-on-postoperative-cognitive-disorders","trial","2020-12-16T00:00:00.000Z","unknown","unreviewed"
"https://clinicaltrialfailures.com/trial/NCT03573505-an-efficacy-and-safety-study-of-bg00011-in-participants-with-idiopathic-pulmonar","trial","2020-12-11T00:00:00.000Z","unknown","unreviewed"
"https://clinicaltrialfailures.com/trial/NCT03013127-a-study-of-pembrolizumab-in-patients-with-relapsed-or-metastatic-osteosarcoma-no","trial","2020-10-14T00:00:00.000Z","unknown","unreviewed"
"https://clinicaltrialfailures.com/trial/NCT01697293-ptx-200-paclitaxel-doxorubicin-hydrochloride-and-cyclophosphamide-in-treating-pa","trial","2020-09-24T00:00:00.000Z","unknown","unreviewed"
"https://clinicaltrialfailures.com/trial/NCT01677572-multiple-dose-study-of-aducanumab-biib037-recombinant-fully-human-anti-a-igg1-ma","trial","2020-08-03T00:00:00.000Z","unknown","unreviewed"
"https://clinicaltrialfailures.com/trial/NCT02670083-a-study-evaluating-the-efficacy-and-safety-of-crenezumab-versus-placebo-in-parti","trial","2020-07-16T00:00:00.000Z","unknown","unreviewed"
"https://clinicaltrialfailures.com/trial/NCT03501069-a-study-to-evaluate-the-safety-tolerability-pharmacokinetics-pk-and-pharmacodyna","trial","2020-06-16T00:00:00.000Z","unknown","unreviewed"
"https://clinicaltrialfailures.com/trial/NCT03354637-a-study-of-ati-50002-topical-solution-for-the-treatment-of-alopecia-areata","trial","2020-06-05T00:00:00.000Z","unknown","unreviewed"
"https://clinicaltrialfailures.com/trial/NCT04252417-hi-study-to-assess-and-compare-the-pharmacokinetic-parameters-of-md1003-in-hepat","trial","2020-05-13T00:00:00.000Z","unknown","unreviewed"
"https://clinicaltrialfailures.com/trial/NCT04252430-ri-study-to-assess-and-compare-the-pharmacokinetic-parameters-of-md1003-in-renal","trial","2020-05-13T00:00:00.000Z","unknown","unreviewed"
"https://clinicaltrialfailures.com/trial/NCT03053063-safety-and-efficacy-of-selonsertib-in-adults-with-compensated-cirrhosis-due-to-n","trial","2020-05-07T00:00:00.000Z","unknown","unreviewed"
"https://clinicaltrialfailures.com/trial/NCT02622724-efficacy-and-safety-of-fp-1201-lyo-interferon-beta-1a-in-patients-having-acute-r","trial","2020-03-30T00:00:00.000Z","unknown","unreviewed"
"https://clinicaltrialfailures.com/trial/NCT01077518-ofatumumab-bendamustine-combination-compared-with-bendamustine-monotherapy-in-in","trial","2020-03-27T00:00:00.000Z","unknown","unreviewed"
"https://clinicaltrialfailures.com/trial/NCT03044353-multiple-treatment-session-study-to-assess-gsk2398852-administered-following-and","trial","2019-10-16T00:00:00.000Z","unknown","unreviewed"
"https://clinicaltrialfailures.com/trial/NCT02020616-a-study-of-the-safety-and-effectiveness-of-ly3053102-in-participants-with-type-2","trial","2019-10-08T00:00:00.000Z","unknown","unreviewed"
"https://clinicaltrialfailures.com/trial/NCT01599754-adjuvant-axitinib-therapy-of-renal-cell-cancer-in-high-risk-patients","trial","2019-09-20T00:00:00.000Z","unknown","unreviewed"
"https://clinicaltrialfailures.com/trial/NCT02683148-dhea-in-synovial-sarcoma-patients","trial","2019-09-09T00:00:00.000Z","unknown","unreviewed"
"https://clinicaltrialfailures.com/trial/NCT02605824-clinical-trial-of-nac-in-asthma","trial","2019-08-20T00:00:00.000Z","unknown","unreviewed"
"https://clinicaltrialfailures.com/trial/NCT03677960-study-of-topical-abi-1968-in-subjects-with-precancerous-anal-lesions-resulting-f","trial","2019-07-24T00:00:00.000Z","unknown","unreviewed"
"https://clinicaltrialfailures.com/trial/NCT02932488-cerebral-pharmacodynamic-effects-of-5-ht1b-receptor-stimulation","trial","2019-06-27T00:00:00.000Z","unknown","unreviewed"
"https://clinicaltrialfailures.com/trial/NCT01878786-a-pilot-study-comparing-the-safety-and-efficacy-of-everolimus-with-other-medicin","trial","2019-04-26T00:00:00.000Z","unknown","unreviewed"
"https://clinicaltrialfailures.com/trial/NCT02595840-biomarker-study-accompanying-the-aio-trk-0114-study-marble","trial","2019-04-19T00:00:00.000Z","unknown","unreviewed"
"https://clinicaltrialfailures.com/trial/NCT01072643-sedation-with-dexmedetomidine-during-cardiac-catheterization","trial","2019-04-16T00:00:00.000Z","unknown","unreviewed"
"https://clinicaltrialfailures.com/trial/NCT00612872-evaluation-of-123i-clinde-and-spect-as-a-marker-of-inflammation-in-subjects-with","trial","2019-04-03T00:00:00.000Z","unknown","unreviewed"
"https://clinicaltrialfailures.com/trial/NCT02058511-infrared-pupillometry-during-general-anesthesia-to-predict-pain","trial","2019-02-15T00:00:00.000Z","unknown","unreviewed"
"https://clinicaltrialfailures.com/trial/NCT02148367-effect-of-recombinant-erythropoietin-on-numbers-of-circulating-endothelial-proge","trial","2019-01-18T00:00:00.000Z","unknown","unreviewed"
"https://clinicaltrialfailures.com/trial/NCT01838863-control-of-major-bleeding-after-trauma-study","trial","2019-01-08T00:00:00.000Z","unknown","unreviewed"
"https://clinicaltrialfailures.com/trial/NCT02503683-a-study-of-an-investigational-drug-aln-aat-in-healthy-adult-subjects-and-patient","trial","2019-01-07T00:00:00.000Z","unknown","unreviewed"
"https://clinicaltrialfailures.com/trial/NCT02255110-a-japanese-trial-of-th-302-in-subjects-with-locally-advanced-unresectable-or-met","trial","2018-12-14T00:00:00.000Z","unknown","unreviewed"
"https://clinicaltrialfailures.com/trial/NCT01318915-research-study-of-atg-and-rituximab-in-renal-transplantation","trial","2018-11-29T00:00:00.000Z","unknown","unreviewed"
"https://clinicaltrialfailures.com/trial/NCT01185548-a-drug-interaction-study-of-tasisulam-in-patients-with-advanced-cancer-or-lympho","trial","2018-10-19T00:00:00.000Z","unknown","unreviewed"
"https://clinicaltrialfailures.com/trial/NCT03399435-a-study-in-healthy-male-volunteers-to-investigate-the-safety-and-tolerability-of","trial","2018-10-11T00:00:00.000Z","unknown","unreviewed"
"https://clinicaltrialfailures.com/trial/NCT03340558-atezolizumab-monotherapy-vs-atezolizumab-plus-cobimetinib-in-liver-metastases-fr","trial","2018-10-09T00:00:00.000Z","unknown","unreviewed"
"https://clinicaltrialfailures.com/trial/NCT01121536-extension-study-of-the-safety-and-efficacy-of-armodafinil-treatment-as-adjunctiv","trial","2018-09-21T00:00:00.000Z","unknown","unreviewed"
"https://clinicaltrialfailures.com/trial/NCT01021956-safety-and-preliminary-efficacy-study-of-wst11-stakel-mediated-vtp-therapy-in-su","trial","2018-09-17T00:00:00.000Z","unknown","unreviewed"
"https://clinicaltrialfailures.com/trial/NCT01836549-imetelstat-sodium-in-treating-younger-patients-with-recurrent-or-refractory-brai","trial","2018-07-20T00:00:00.000Z","unknown","unreviewed"
"https://clinicaltrialfailures.com/trial/NCT00646659-cetuximab-combination-chemotherapy-and-radiation-therapy-in-treating-patients-wi","trial","2018-07-09T00:00:00.000Z","unknown","unreviewed"
"https://clinicaltrialfailures.com/trial/NCT02041091-a-study-of-tabalumab-ly2127399-using-two-different-injection-methods-in-particip","trial","2018-06-15T00:00:00.000Z","unknown","unreviewed"
"https://clinicaltrialfailures.com/trial/NCT00379912-azacitidine-and-erythropoietin-versus-azacitidine-alone-for-patients-with-low-ri","trial","2018-02-14T00:00:00.000Z","unknown","unreviewed"
"https://clinicaltrialfailures.com/trial/NCT00871689-chemotherapy-total-body-irradiation-donor-natural-killer-cell-infusion-aldesleuk","trial","2017-12-28T00:00:00.000Z","unknown","unreviewed"
"https://clinicaltrialfailures.com/trial/NCT00414726-normobaric-oxygen-therapy-in-acute-ischemic-stroke-trial","trial","2017-10-20T00:00:00.000Z","unknown","unreviewed"
"https://clinicaltrialfailures.com/trial/NCT02862600-open-label-study-of-perhexiline-in-patients-with-hypertrophic-cardiomyopathy-and","trial","2017-08-31T00:00:00.000Z","unknown","unreviewed"
"https://clinicaltrialfailures.com/trial/NCT01774851-a-study-of-mm-111-and-paclitaxel-with-trastuzumab-in-patients-her2-positive-carc","trial","2017-06-22T00:00:00.000Z","unknown","unreviewed"
"https://clinicaltrialfailures.com/trial/NCT01118728-extension-study-for-long-term-evaluation-of-sar153191-regn88-in-patients-with-an","trial","2017-06-21T00:00:00.000Z","unknown","unreviewed"
"https://clinicaltrialfailures.com/trial/NCT00895245-fosaprepitant-dimeglumine-palonosetron-hydrochloride-and-dexamethasone-in-preven","trial","2017-05-18T00:00:00.000Z","unknown","unreviewed"
"https://clinicaltrialfailures.com/trial/NCT01017601-seneca-valley-virus-001-after-chemotherapy-in-treating-patients-with-extensive-s","trial","2017-05-08T00:00:00.000Z","unknown","unreviewed"
"https://clinicaltrialfailures.com/trial/NCT00928772-cranial-electro-therapy-stimulation-in-reducing-perioperative-anxiety","trial","2017-04-20T00:00:00.000Z","unknown","unreviewed"
"https://clinicaltrialfailures.com/trial/NCT00358670-long-term-effects-of-infliximab-in-the-treatment-of-moderate-to-severe-psoriasis","trial","2017-04-11T00:00:00.000Z","unknown","unreviewed"
"https://clinicaltrialfailures.com/trial/NCT02369796-a-phase-2a-pharmacodynamic-study-of-tak-448-in-participants-with-hypogonadotropi","trial","2017-03-31T00:00:00.000Z","unknown","unreviewed"
"https://clinicaltrialfailures.com/trial/NCT00853762-atacicept-in-multiple-sclerosis-extension-study-phase-ii","trial","2017-03-20T00:00:00.000Z","unknown","unreviewed"
"https://clinicaltrialfailures.com/trial/NCT00366080-effectiveness-of-the-drug-gsk189254-in-treating-patients-with-narcolepsy","trial","2017-03-10T00:00:00.000Z","unknown","unreviewed"
"https://clinicaltrialfailures.com/trial/NCT00470535-erlotinib-in-treating-patients-with-stage-iii-or-stage-iv-pancreatic-cancer","trial","2017-02-23T00:00:00.000Z","unknown","unreviewed"
"https://clinicaltrialfailures.com/trial/NCT00978432-epigenetic-modulation-in-relapsed-refractory-diffuse-large-b-cell-lymphoma-dlbcl","trial","2016-11-25T00:00:00.000Z","unknown","unreviewed"
"https://clinicaltrialfailures.com/trial/NCT01774604-rectal-indomethacin-to-prevent-post-endoscopic-retrograde-cholangiopancreatograp","trial","2016-11-04T00:00:00.000Z","unknown","unreviewed"
"https://clinicaltrialfailures.com/trial/NCT02454283-safety-and-efficacy-of-vanoxerine-for-the-conversion-of-subjects-with-recent-ons","trial","2016-10-17T00:00:00.000Z","unknown","unreviewed"
"https://clinicaltrialfailures.com/trial/NCT00912899-a-study-of-noscapine-hcl-cb3304-in-patients-with-relapsed-or-refractory-multiple","trial","2016-10-07T00:00:00.000Z","unknown","unreviewed"
"https://clinicaltrialfailures.com/trial/NCT02539017-the-clinical-significance-of-cellular-immune-adjuvant-therapy-of-triple-negative","trial","2016-08-10T00:00:00.000Z","unknown","unreviewed"
"https://clinicaltrialfailures.com/trial/NCT00471809-childhood-asthma-research-and-education-care-network-trial-montelukast-or-azithr","trial","2016-07-29T00:00:00.000Z","unknown","unreviewed"
"https://clinicaltrialfailures.com/trial/NCT00702221-safety-and-efficacy-study-of-angiotensin-therapeutic-vaccine-in-subjects-with-mi","trial","2016-07-29T00:00:00.000Z","unknown","unreviewed"
"https://clinicaltrialfailures.com/trial/NCT01433354-long-term-safety-and-tolerability-study-of-afq056-in-adolescent-patients-with-fr","trial","2016-03-24T00:00:00.000Z","unknown","unreviewed"
"https://clinicaltrialfailures.com/trial/NCT00318474-mycophenolate-mofetil-mmf-in-patients-with-iga-nephropathy","trial","2016-03-07T00:00:00.000Z","unknown","unreviewed"
"https://clinicaltrialfailures.com/trial/NCT00704782-study-of-combination-therapy-with-dimebon-and-donepezil-aricept-in-patients-with","trial","2015-12-10T00:00:00.000Z","unknown","unreviewed"
"https://clinicaltrialfailures.com/trial/NCT00864513-study-of-pemetrexed-for-second-line-pancreas-cancer","trial","2015-12-08T00:00:00.000Z","unknown","unreviewed"
"https://clinicaltrialfailures.com/trial/NCT03274258-phase-ii-trial-of-nivolumab-plus-ipilimumab-in-patients-with-renal-medullary-car","trial","2026-08-20T00:00:00.000Z","unknown","unreviewed"
"https://clinicaltrialfailures.com/trial/NCT00346645-a-phase-ii-study-of-velcade-in-patients-stage-iiib-or-iv-non-small-cell-lung-can","trial","2026-08-19T00:00:00.000Z","unknown","unreviewed"
"https://clinicaltrialfailures.com/trial/NCT06158100-venetoclax-in-combination-with-azacitidine-ven-aza-followed-by-donor-lymphocyte-","trial","2026-07-13T00:00:00.000Z","unknown","unreviewed"
"https://clinicaltrialfailures.com/trial/NCT06859294-a-study-of-ly3541860-in-adult-participants-with-moderately-to-severely-active-rh","trial","2026-06-17T00:00:00.000Z","unknown","unreviewed"
"https://clinicaltrialfailures.com/trial/NCT05055258-a-trial-to-evaluate-the-efficacy-and-safety-of-different-doses-of-kvd824-for-pro","trial","2026-05-06T00:00:00.000Z","unknown","unreviewed"
"https://clinicaltrialfailures.com/trial/NCT04663321-efficacy-and-safety-of-mk-1942-when-added-to-stable-antidepressant-therapy-in-pa","trial","2026-05-04T00:00:00.000Z","unknown","unreviewed"
"https://clinicaltrialfailures.com/trial/NCT05518110-patch-study-a-phase-2-study-of-trametinib-and-hydroxychloroquine-in-patients-wit","trial","2026-04-13T00:00:00.000Z","unknown","unreviewed"
"https://clinicaltrialfailures.com/trial/NCT07000344-a-study-of-apatinib-combined-with-letrozole-with-or-without-fluzoparib-in-estrog","trial","2026-04-09T00:00:00.000Z","unknown","unreviewed"
"https://clinicaltrialfailures.com/trial/NCT04004117-effect-of-sublingual-fentanyl-on-breathlessness-in-copd","trial","2026-03-05T00:00:00.000Z","unknown","unreviewed"
"https://clinicaltrialfailures.com/trial/NCT05744401-a-long-term-extension-study-to-evaluate-safety-tolerability-and-efficacy-of-al00","trial","2026-02-25T00:00:00.000Z","unknown","unreviewed"
"https://clinicaltrialfailures.com/trial/NCT05785624-a-study-evaluating-the-efficacy-and-safety-of-vixarelimab-in-participants-with-i","trial","2026-02-09T00:00:00.000Z","unknown","unreviewed"
"https://clinicaltrialfailures.com/trial/NCT05316116-siltuximab-in-large-granular-lymphocytic-leukemia-lgll","trial","2026-02-05T00:00:00.000Z","unknown","unreviewed"
"https://clinicaltrialfailures.com/trial/NCT06881823-study-to-assess-177lu-lu-psma-r2-aaa602-and-225ac-ac-psma-r2-aaa802-in-participa","trial","2025-12-29T00:00:00.000Z","unknown","unreviewed"
"https://clinicaltrialfailures.com/trial/NCT06418711-icon-1-phase-3-study-of-the-efficacy-and-safety-of-treatment-with-mnkd-101-clofa","trial","2025-11-12T00:00:00.000Z","unknown","unreviewed"
"https://clinicaltrialfailures.com/trial/NCT04363801-a-study-of-dkn-01-in-combination-with-tislelizumab-chemotherapy-in-patients-with","trial","2025-10-09T00:00:00.000Z","unknown","unreviewed"
"https://clinicaltrialfailures.com/trial/NCT03901469-a-study-of-zen003694-and-talazoparib-in-patients-with-triple-negative-breast-can","trial","2025-10-07T00:00:00.000Z","unknown","unreviewed"
"https://clinicaltrialfailures.com/trial/NCT04705051-long-term-treatment-of-autosomal-dominant-polycystic-kidney-disease-adpkd-with-v","trial","2025-09-17T00:00:00.000Z","unknown","unreviewed"
"https://clinicaltrialfailures.com/trial/NCT04057365-study-of-the-combination-of-dkn-01-and-nivolumab-in-previously-treated-patients-","trial","2025-08-13T00:00:00.000Z","unknown","unreviewed"
"https://clinicaltrialfailures.com/trial/NCT04118036-abemaciclib-pembrolizumab-in-glioblastoma","trial","2025-08-11T00:00:00.000Z","unknown","unreviewed"
"https://clinicaltrialfailures.com/trial/NCT04875806-a-safety-and-tolerability-study-of-nc762-in-subjects-with-advanced-or-metastatic","trial","2025-04-22T00:00:00.000Z","unknown","unreviewed"
"https://clinicaltrialfailures.com/trial/NCT03520790-paricalcitol-plus-gemcitabine-and-nab-paclitaxel-in-metastatic-pancreatic-cancer","trial","2025-03-21T00:00:00.000Z","unknown","unreviewed"
"https://clinicaltrialfailures.com/trial/NCT04586270-a-study-of-tas0612-in-participants-with-advanced-or-metastatic-solid-tumor-cance","trial","2025-03-13T00:00:00.000Z","unknown","unreviewed"
"https://clinicaltrialfailures.com/trial/NCT04495894-pre-incisional-ketorolac-for-patients-undergoing-surgery-for-non-small-cell-lung","trial","2025-03-04T00:00:00.000Z","unknown","unreviewed"
"https://clinicaltrialfailures.com/trial/NCT01814813-vaccine-therapy-with-bevacizumab-versus-bevacizumab-alone-in-treating-patients-w","trial","2025-01-24T00:00:00.000Z","unknown","unreviewed"
"https://clinicaltrialfailures.com/trial/NCT04862234-perioperative-stress-hyperglycemia-in-general-and-vascular-surgery-patients","trial","2025-01-17T00:00:00.000Z","unknown","unreviewed"
"https://clinicaltrialfailures.com/trial/NCT03942419-microdosed-atropine-0-1-and-0-01-ophthalmic-solutions-for-reduction-of-pediatric","trial","2025-01-06T00:00:00.000Z","unknown","unreviewed"
"https://clinicaltrialfailures.com/trial/NCT05694741-a-study-to-assess-safety-tolerability-and-pharmacokinetics-of-azd0186","trial","2024-12-13T00:00:00.000Z","unknown","unreviewed"
"https://clinicaltrialfailures.com/trial/NCT05543707-pbi-0451-pomotrelvir-phase-2-study-in-nonhospitalized-symptomatic-adults-with-co","trial","2024-12-11T00:00:00.000Z","unknown","unreviewed"
"https://clinicaltrialfailures.com/trial/NCT05350163-t-cell-receptor-depleted-donor-lymphocyte-infusion","trial","2024-12-10T00:00:00.000Z","unknown","unreviewed"
"https://clinicaltrialfailures.com/trial/NCT05375760-a-randomized-open-label-dose-ranging-study-in-adults-and-pediatric-individuals-1","trial","2024-10-23T00:00:00.000Z","unknown","unreviewed"
"https://clinicaltrialfailures.com/trial/NCT02964507-dose-escalation-and-expansion-study-of-gsk525762-in-combination-with-fulvestrant","trial","2024-08-29T00:00:00.000Z","unknown","unreviewed"
"https://clinicaltrialfailures.com/trial/NCT05036317-empagliflozin-for-the-treatment-of-postprandial-hypoglycemia","trial","2024-08-16T00:00:00.000Z","unknown","unreviewed"
"https://clinicaltrialfailures.com/trial/NCT05959707-evaluating-the-safety-tolerability-and-pharmacokinetics-of-monoclonal-antibodies","trial","2024-07-05T00:00:00.000Z","unknown","unreviewed"
"https://clinicaltrialfailures.com/trial/NCT04313881-magrolimab-azacitidine-versus-azacitidine-placebo-in-untreated-participants-with","trial","2024-06-27T00:00:00.000Z","unknown","unreviewed"
"https://clinicaltrialfailures.com/trial/NCT03689244-a-study-to-find-out-if-selexipag-is-effective-and-safe-in-patients-with-chronic-","trial","2024-06-21T00:00:00.000Z","unknown","unreviewed"
"https://clinicaltrialfailures.com/trial/NCT04759833-a-study-of-prucalopride-for-functional-constipation-in-children-and-teenagers","trial","2024-06-06T00:00:00.000Z","unknown","unreviewed"
"https://clinicaltrialfailures.com/trial/NCT03893019-mb-cart20-1-melanoma","trial","2024-05-16T00:00:00.000Z","unknown","unreviewed"
"https://clinicaltrialfailures.com/trial/NCT04594707-a-study-to-evaluate-long-term-safety-and-efficacy-of-recombinant-human-pentraxin","trial","2024-05-16T00:00:00.000Z","unknown","unreviewed"
"https://clinicaltrialfailures.com/trial/NCT02771730-study-to-evaluate-the-safety-and-immunogenicity-of-an-oral-hiv-vaccine-in-health","trial","2024-03-18T00:00:00.000Z","unknown","unreviewed"
"https://clinicaltrialfailures.com/trial/NCT03818776-proton-based-cardiac-sparing-accelerated-fractionated-radiotherapy-in-unresectab","trial","2024-02-15T00:00:00.000Z","unknown","unreviewed"
"https://clinicaltrialfailures.com/trial/NCT03970837-efficacy-and-safety-of-gsk3196165-versus-placebo-and-tofacitinib-in-participants","trial","2023-11-30T00:00:00.000Z","unknown","unreviewed"
"https://clinicaltrialfailures.com/trial/NCT03954704-study-of-dalutrafusp-alfa-formerly-gs-1423-in-participants-with-advanced-solid-t","trial","2023-11-21T00:00:00.000Z","unknown","unreviewed"
"https://clinicaltrialfailures.com/trial/NCT01849874-a-study-of-mek162-vs-physician-s-choice-chemotherapy-in-patients-with-low-grade-","trial","2023-10-30T00:00:00.000Z","unknown","unreviewed"
"https://clinicaltrialfailures.com/trial/NCT04931862-study-of-wve-004-in-patients-with-c9orf72-associated-amyotrophic-lateral-scleros","trial","2023-10-23T00:00:00.000Z","unknown","unreviewed"
"https://clinicaltrialfailures.com/trial/NCT02608411-tivantinib-as-maintenance-treatment-in-extended-small-cell-lung-cancer-times","trial","2023-10-13T00:00:00.000Z","unknown","unreviewed"
"https://clinicaltrialfailures.com/trial/NCT04720664-oral-sm-88-in-patients-with-metastatic-hr-her2-breast-cancer","trial","2023-08-28T00:00:00.000Z","unknown","unreviewed"
"https://clinicaltrialfailures.com/trial/NCT02882321-oxidative-phosphorylation-inhibitor-iacs-010759-in-treating-patients-with-relaps","trial","2023-06-15T00:00:00.000Z","unknown","unreviewed"
"https://clinicaltrialfailures.com/trial/NCT03522584-durvalumab-tremelimumab-and-hypofractionated-radiation-therapy-in-treating-patie","trial","2023-06-12T00:00:00.000Z","unknown","unreviewed"
"https://clinicaltrialfailures.com/trial/NCT03397394-rucaparib-in-patients-with-locally-advanced-or-metastatic-urothelial-carcinoma","trial","2023-06-09T00:00:00.000Z","unknown","unreviewed"
"https://clinicaltrialfailures.com/trial/NCT00946712-s0819-carboplatin-and-paclitaxel-with-or-without-bevacizumab-and-or-cetuximab-in","trial","2023-05-23T00:00:00.000Z","unknown","unreviewed"
"https://clinicaltrialfailures.com/trial/NCT03823131-optimizing-antitumor-immunity-using-plasmid-electroporation-pembrolizumab-and-ep","trial","2023-05-09T00:00:00.000Z","unknown","unreviewed"
"https://clinicaltrialfailures.com/trial/NCT03790111-a-safety-and-efficacy-study-of-xermelo-first-line-chemotherapy-in-patients-with-","trial","2023-04-19T00:00:00.000Z","unknown","unreviewed"
"https://clinicaltrialfailures.com/trial/NCT04866069-study-of-a-severe-acute-respiratory-syndrome-coronavirus-2-sars-cov-2-adjuvanted","trial","2023-04-18T00:00:00.000Z","unknown","unreviewed"
"https://clinicaltrialfailures.com/trial/NCT03642132-avelumab-and-talazoparib-in-untreated-advanced-ovarian-cancer-javelin-ovarian-pa","trial","2023-04-06T00:00:00.000Z","unknown","unreviewed"
"https://clinicaltrialfailures.com/trial/NCT02623504-db-maintenance-of-equetro-carbamazepine-in-children-with-acute-manic-or-mixed-bi","trial","2023-03-03T00:00:00.000Z","unknown","unreviewed"
"https://clinicaltrialfailures.com/trial/NCT04791319-a-study-of-bermekimab-jnj-77474462-in-the-treatment-of-participants-with-moderat","trial","2023-03-01T00:00:00.000Z","unknown","unreviewed"
"https://clinicaltrialfailures.com/trial/NCT03504410-efficacy-safety-of-cpi-613-in-combination-with-hd-cyt-and-mito-vs-hd-cyt-and-mit","trial","2023-02-08T00:00:00.000Z","unknown","unreviewed"
"https://clinicaltrialfailures.com/trial/NCT02768662-a-6-month-extension-study-of-oto-104-in-meniere-s-disease","trial","2023-01-20T00:00:00.000Z","unknown","unreviewed"
"https://clinicaltrialfailures.com/trial/NCT02736149-open-label-extension-study-of-ubenimex-in-patients-with-pulmonary-arterial-hyper","trial","2023-01-18T00:00:00.000Z","unknown","unreviewed"
"https://clinicaltrialfailures.com/trial/NCT02449681-study-for-treatment-of-patients-with-recurrent-or-metastatic-squamous-cell-carci","trial","2023-01-12T00:00:00.000Z","unknown","unreviewed"
"https://clinicaltrialfailures.com/trial/NCT03445533-a-study-of-tilsotolimod-in-combo-with-ipilimumab-vs-ipilimumab-alone-in-subjects","trial","2022-11-08T00:00:00.000Z","unknown","unreviewed"
"https://clinicaltrialfailures.com/trial/NCT03712787-an-extension-study-of-abbv-8e12-in-early-alzheimer-s-disease-ad","trial","2022-09-22T00:00:00.000Z","unknown","unreviewed"
"https://clinicaltrialfailures.com/trial/NCT00401947-a-study-to-investigate-the-safety-tolerability-pharmacokinetics-and-antiviral-ac","trial","2022-09-15T00:00:00.000Z","unknown","unreviewed"
"https://clinicaltrialfailures.com/trial/NCT02374424-phase-ii-study-with-ga101-dhap-as-induction-therapy-in-relapsed-refractory-dlbcl","trial","2022-06-06T00:00:00.000Z","unknown","unreviewed"
"https://clinicaltrialfailures.com/trial/NCT02003742-efficacy-and-safety-of-a-single-trus-guided-intraprostatic-injection-of-nx-1207-","trial","2022-05-26T00:00:00.000Z","unknown","unreviewed"
"https://clinicaltrialfailures.com/trial/NCT04049175-efficacy-and-safety-of-chf-6532-in-patients-with-uncontrolled-severe-eosinophili","trial","2022-04-08T00:00:00.000Z","unknown","unreviewed"
"https://clinicaltrialfailures.com/trial/NCT02704403-phase-3-study-to-evaluate-the-efficacy-and-safety-of-elafibranor-versus-placebo-","trial","2022-03-23T00:00:00.000Z","unknown","unreviewed"
"https://clinicaltrialfailures.com/trial/NCT04870164-safety-tolerability-and-pk-of-ensovibep-mp0420-a-new-candidate-with-potential-fo","trial","2022-03-18T00:00:00.000Z","unknown","unreviewed"
"https://clinicaltrialfailures.com/trial/NCT04485663-a-study-of-alg-010133-drug-to-evaluate-safety-tolerability-pharmacokinetics-and-","trial","2022-03-15T00:00:00.000Z","unknown","unreviewed"
"https://clinicaltrialfailures.com/trial/NCT04958993-a-trial-of-anlotinib-combined-with-concurrent-chemoradiotherapy-in-patients-with","trial","2022-02-25T00:00:00.000Z","unknown","unreviewed"
"https://clinicaltrialfailures.com/trial/NCT02874651-adjuvant-apatinib-in-nasopharyngeal-carcinoma-patients-with-residual-epstein-bar","trial","2022-01-11T00:00:00.000Z","unknown","unreviewed"
"https://clinicaltrialfailures.com/trial/NCT04497948-acalabrutinib-study-with-best-supportive-care-in-participants-hospitalized-with-","trial","2021-11-17T00:00:00.000Z","unknown","unreviewed"
"https://clinicaltrialfailures.com/trial/NCT02945046-a-study-to-evaluate-the-efficacy-and-safety-of-tev-48125-fremanezumab-for-the-pr","trial","2021-11-09T00:00:00.000Z","unknown","unreviewed"
"https://clinicaltrialfailures.com/trial/NCT03504917-a-study-of-balovaptan-in-adults-with-autism-spectrum-disorder-with-a-2-year-open","trial","2021-10-27T00:00:00.000Z","unknown","unreviewed"
"https://clinicaltrialfailures.com/trial/NCT00865566-safety-and-effectiveness-of-hiv-1-dna-plasmid-vaccine-and-hiv-1-recombinant-aden","trial","2021-10-15T00:00:00.000Z","unknown","unreviewed"
"https://clinicaltrialfailures.com/trial/NCT01585688-phase-i-ii-study-of-hll1-dox-in-relapsed-nhl-and-cll","trial","2021-10-08T00:00:00.000Z","unknown","unreviewed"
"https://clinicaltrialfailures.com/trial/NCT03823378-a-study-in-rheumatoid-arthritis-patients-who-have-completed-a-preceding-study-wi","trial","2021-09-16T00:00:00.000Z","unknown","unreviewed"
"https://clinicaltrialfailures.com/trial/NCT01663766-phase-i-study-of-milatuzumab-for-graft-versus-host-disease","trial","2021-08-19T00:00:00.000Z","unknown","unreviewed"
"https://clinicaltrialfailures.com/trial/NCT01101594-a-study-of-hll1-dox-milatuzumab-doxorubicin-antibody-drug-conjugate-in-patients-","trial","2021-08-16T00:00:00.000Z","unknown","unreviewed"
"https://clinicaltrialfailures.com/trial/NCT03880474-efficacy-of-candidate-influenza-vaccine-mva-np-m1-in-adults","trial","2021-04-26T00:00:00.000Z","unknown","unreviewed"
"https://clinicaltrialfailures.com/trial/NCT02791191-a-study-of-ly3202626-on-disease-progression-in-participants-with-mild-alzheimer-","trial","2021-04-19T00:00:00.000Z","unknown","unreviewed"
"https://clinicaltrialfailures.com/trial/NCT03415581-evaluation-of-doxazosin-to-alter-the-abuse-of-oxycodone","trial","2021-04-12T00:00:00.000Z","unknown","unreviewed"
"https://clinicaltrialfailures.com/trial/NCT01244191-tivantinib-plus-erlotinib-versus-placebo-plus-erlotinib-for-the-treatment-of-non","trial","2021-04-06T00:00:00.000Z","unknown","unreviewed"
"https://clinicaltrialfailures.com/trial/NCT00796445-a-phase-iii-study-to-test-the-benefit-of-a-new-kind-of-anti-cancer-treatment-in-","trial","2021-03-05T00:00:00.000Z","unknown","unreviewed"
"https://clinicaltrialfailures.com/trial/NCT02244112-a-phase-1-study-of-oprozomib-to-assess-food-effect-drug-drug-interaction-with-mi","trial","2021-02-21T00:00:00.000Z","unknown","unreviewed"
"https://clinicaltrialfailures.com/trial/NCT03790865-effects-of-livoletide-azp-531-on-food-related-behaviors-in-patients-with-prader-","trial","2021-02-17T00:00:00.000Z","unknown","unreviewed"
"https://clinicaltrialfailures.com/trial/NCT03391765-an-extension-study-of-abbv-8e12-in-progressive-supranuclear-palsy-psp","trial","2021-02-03T00:00:00.000Z","unknown","unreviewed"
"https://clinicaltrialfailures.com/trial/NCT00480025-gsk1572932a-antigen-specific-cancer-immunotherapeutic-as-adjuvant-therapy-in-pat","trial","2020-12-22T00:00:00.000Z","unknown","unreviewed"
"https://clinicaltrialfailures.com/trial/NCT00626197-a-study-to-evaluate-ocrelizumab-in-patients-with-nephritis-due-to-systemic-lupus","trial","2020-12-22T00:00:00.000Z","unknown","unreviewed"
"https://clinicaltrialfailures.com/trial/NCT02104336-phase-2-study-of-epi-743-in-children-with-pearson-syndrome","trial","2020-11-18T00:00:00.000Z","unknown","unreviewed"
"https://clinicaltrialfailures.com/trial/NCT00808210-a-study-to-evaluate-ocrelizumab-in-combination-with-methotrexate-compared-with-i","trial","2020-11-06T00:00:00.000Z","unknown","unreviewed"
"https://clinicaltrialfailures.com/trial/NCT01916187-imetelstat-given-intravenously-alone-and-with-standard-13-cis-retinoic-acid-in-c","trial","2020-09-21T00:00:00.000Z","unknown","unreviewed"
"https://clinicaltrialfailures.com/trial/NCT03330834-car-t-cell-immunotherapy-for-advanced-lung-cancer","trial","2020-07-13T00:00:00.000Z","unknown","unreviewed"
"https://clinicaltrialfailures.com/trial/NCT02547220-a-multicenter-study-to-evaluate-the-efficacy-and-safety-of-cinryze-for-the-treat","trial","2020-07-13T00:00:00.000Z","unknown","unreviewed"
"https://clinicaltrialfailures.com/trial/NCT02599961-study-to-assess-the-long-term-safety-and-efficacy-of-ux007-in-participants-with-","trial","2020-06-11T00:00:00.000Z","unknown","unreviewed"
"https://clinicaltrialfailures.com/trial/NCT02586909-12-month-open-label-extension-study-of-intepirdine-rvt-101-in-subjects-with-alzh","trial","2020-04-17T00:00:00.000Z","unknown","unreviewed"
"https://clinicaltrialfailures.com/trial/NCT03093272-a-study-of-docetaxel-arn-509-in-castration-resistant-prostate-cancer","trial","2020-04-09T00:00:00.000Z","unknown","unreviewed"
"https://clinicaltrialfailures.com/trial/NCT01596699-pilot-trial-of-clofarabine-added-to-standard-busulfan-and-fludarabine-for-condit","trial","2020-02-26T00:00:00.000Z","unknown","unreviewed"
"https://clinicaltrialfailures.com/trial/NCT03774745-blocking-mifepristone-action-with-progesterone","trial","2020-01-22T00:00:00.000Z","unknown","unreviewed"
"https://clinicaltrialfailures.com/trial/NCT01369875-modified-tumor-infiltrating-lymphocytes-for-metastatic-melanoma","trial","2019-12-10T00:00:00.000Z","unknown","unreviewed"
"https://clinicaltrialfailures.com/trial/NCT03672851-study-evaluating-safety-and-efficacy-of-car-t-cells-targeting-cd123-in-patients-","trial","2019-09-06T00:00:00.000Z","unknown","unreviewed"
"https://clinicaltrialfailures.com/trial/NCT00589329-antibiotics-and-the-prolongation-of-pregnancy-in-preterm-labor-with-an-advanced-","trial","2019-09-04T00:00:00.000Z","unknown","unreviewed"
"https://clinicaltrialfailures.com/trial/NCT01391130-a-study-of-ly2510924-and-sunitinib-in-patients-with-metastatic-renal-cell-carcin","trial","2019-07-23T00:00:00.000Z","unknown","unreviewed"
"https://clinicaltrialfailures.com/trial/NCT02952989-a-safety-study-of-sgn-2ff-for-patients-with-advanced-solid-tumors","trial","2019-07-19T00:00:00.000Z","unknown","unreviewed"
"https://clinicaltrialfailures.com/trial/NCT02177812-a-phase-i-dose-escalation-study-of-gsk2879552-in-subjects-with-acute-myeloid-leu","trial","2019-06-28T00:00:00.000Z","unknown","unreviewed"
"https://clinicaltrialfailures.com/trial/NCT03184415-efficacy-and-safety-of-dwc20155-dwc20156-combination-therapy-in-patients-with-ga","trial","2019-06-26T00:00:00.000Z","unknown","unreviewed"
"https://clinicaltrialfailures.com/trial/NCT00348439-study-to-evaluate-plasmin-for-the-creation-of-a-posterior-vitreous-detachment","trial","2019-06-21T00:00:00.000Z","unknown","unreviewed"
"https://clinicaltrialfailures.com/trial/NCT03099161-study-of-preladenant-mk-3814-alone-and-with-pembrolizumab-mk-3475-in-participant","trial","2019-06-05T00:00:00.000Z","unknown","unreviewed"
"https://clinicaltrialfailures.com/trial/NCT01748240-addition-of-vorinostat-to-azacitidine-in-higher-risk-mds-a-phase-ii-add-on-study","trial","2019-06-04T00:00:00.000Z","unknown","unreviewed"
"https://clinicaltrialfailures.com/trial/NCT00303134-islet-cell-transplants-for-diabetes","trial","2019-06-03T00:00:00.000Z","unknown","unreviewed"
"https://clinicaltrialfailures.com/trial/NCT01251354-study-of-bn83495-in-post-menopausal-women-with-endometrial-cancer-post-chemother","trial","2019-01-14T00:00:00.000Z","unknown","unreviewed"
"https://clinicaltrialfailures.com/trial/NCT03803163-a-safety-tolerability-and-pharmacokinetics-study-of-transcon-treprostinil-in-hea","trial","2019-01-14T00:00:00.000Z","unknown","unreviewed"
"https://clinicaltrialfailures.com/trial/NCT01188369-effects-of-levosimendan-in-patients-eligible-for-aortic-valve-replacement-with-l","trial","2018-12-03T00:00:00.000Z","unknown","unreviewed"
"https://clinicaltrialfailures.com/trial/NCT02472977-safety-and-efficacy-study-of-ulocuplumab-and-nivolumab-in-subjects-with-solid-tu","trial","2018-11-01T00:00:00.000Z","unknown","unreviewed"
"https://clinicaltrialfailures.com/trial/NCT02565147-bivalirudin-infusion-for-ventricular-infarction-limitation","trial","2018-10-05T00:00:00.000Z","unknown","unreviewed"
"https://clinicaltrialfailures.com/trial/NCT01911325-phase-ii-study-of-buparlisib-docetaxel-in-advanced-or-metastatic-squamous-non-sm","trial","2018-08-14T00:00:00.000Z","unknown","unreviewed"
"https://clinicaltrialfailures.com/trial/NCT00531986-hiv-monotherapy-in-switzerland-most-ch","trial","2018-07-18T00:00:00.000Z","unknown","unreviewed"
"https://clinicaltrialfailures.com/trial/NCT01129232-diabetes-virus-detection-project-intervention-with-gad-alum","trial","2018-05-17T00:00:00.000Z","unknown","unreviewed"
"https://clinicaltrialfailures.com/trial/NCT00701714-randomized-controlled-double-blind-multicenter-safety-study-to-evaluate-the-safe","trial","2018-02-05T00:00:00.000Z","unknown","unreviewed"
"https://clinicaltrialfailures.com/trial/NCT03212313-study-to-investigate-the-influence-of-hepatic-insufficiency-on-the-pharmacokinet","trial","2018-01-04T00:00:00.000Z","unknown","unreviewed"
"https://clinicaltrialfailures.com/trial/NCT02062879-ketamine-patient-controlled-analgesia-for-acute-pain","trial","2017-09-21T00:00:00.000Z","unknown","unreviewed"
"https://clinicaltrialfailures.com/trial/NCT02016534-phase-2-study-of-amg-337-in-met-amplified-gastric-esophageal-adenocarcinoma-or-o","trial","2017-07-02T00:00:00.000Z","unknown","unreviewed"
"https://clinicaltrialfailures.com/trial/NCT01077531-safety-pharmacodynamics-and-pharmacokinetics-of-gsk2136525-repeat-dose-in-rheuma","trial","2017-06-08T00:00:00.000Z","unknown","unreviewed"
"https://clinicaltrialfailures.com/trial/NCT01934101-phase-1-dose-escalating-study-to-assess-safety-tolerability-food-effect-and-pk-o","trial","2017-05-15T00:00:00.000Z","unknown","unreviewed"
"https://clinicaltrialfailures.com/trial/NCT01794845-cetuximab-taxotere-with-low-dose-fractionated-radiation-for-head-and-neck-carcin","trial","2017-05-11T00:00:00.000Z","unknown","unreviewed"
"https://clinicaltrialfailures.com/trial/NCT02247960-antibiotic-prophylaxis-for-urinary-catheter-removal-after-radical-prostatectomy","trial","2017-04-17T00:00:00.000Z","unknown","unreviewed"
"https://clinicaltrialfailures.com/trial/NCT01759511-long-term-safety-study-of-gs-6624-in-adults-with-idiopathic-pulmonary-fibrosis-i","trial","2017-04-04T00:00:00.000Z","unknown","unreviewed"
"https://clinicaltrialfailures.com/trial/NCT02360852-ibat-inhibitor-a4250-for-cholestatic-pruritus","trial","2017-02-23T00:00:00.000Z","unknown","unreviewed"
"https://clinicaltrialfailures.com/trial/NCT01870609-placebo-controlled-study-of-vs-6063-in-subjects-with-malignant-pleural-mesotheli","trial","2017-01-30T00:00:00.000Z","unknown","unreviewed"
"https://clinicaltrialfailures.com/trial/NCT01813019-study-to-evaluate-the-effect-of-afq056-in-obsessive-compulsive-disorder-ocd-pati","trial","2017-01-02T00:00:00.000Z","unknown","unreviewed"
"https://clinicaltrialfailures.com/trial/NCT00996892-safety-tolerability-and-pharmacokinetics-of-cobimetinib-in-combination-with-pict","trial","2016-12-30T00:00:00.000Z","unknown","unreviewed"
"https://clinicaltrialfailures.com/trial/NCT02187029-efficacy-safety-and-tolerability-of-pf-06743649-in-gout-subjects","trial","2016-11-11T00:00:00.000Z","unknown","unreviewed"
"https://clinicaltrialfailures.com/trial/NCT02599701-acute-effects-of-gabapentin-in-sleep-parameters-and-hormonal-release-during-slee","trial","2016-07-13T00:00:00.000Z","unknown","unreviewed"
"https://clinicaltrialfailures.com/trial/NCT01624337-malaria-prevention-cambodia","trial","2016-07-12T00:00:00.000Z","unknown","unreviewed"
"https://clinicaltrialfailures.com/trial/NCT02598687-testing-th-302-in-combination-with-preoperative-chemoradiotherapy-in-esophageal-","trial","2016-04-21T00:00:00.000Z","unknown","unreviewed"
"https://clinicaltrialfailures.com/trial/NCT00423189-lucentis-utilizing-visudyne-luv-trial-combination-therapy-in-the-treatment-of-ag","trial","2016-03-04T00:00:00.000Z","unknown","unreviewed"
"https://clinicaltrialfailures.com/trial/NCT01734941-tso-in-pediatric-autistic-spectrum-disorders","trial","2016-02-02T00:00:00.000Z","unknown","unreviewed"
"https://clinicaltrialfailures.com/trial/NCT00505622-evaluation-of-the-long-term-safety-tolerability-and-efficacy-of-perampanel-e2007","trial","2016-01-21T00:00:00.000Z","unknown","unreviewed"
"https://clinicaltrialfailures.com/trial/NCT01530399-phase-ii-study-to-compare-mdco-2010-vs-placebo-and-tranexamic-acid-in-patients-u","trial","2015-12-10T00:00:00.000Z","unknown","unreviewed"
"https://clinicaltrialfailures.com/trial/NCT01497119-a-study-of-jnj-39758979-in-adult-japanese-patients-with-moderate-atopic-dermatit","trial","2015-12-02T00:00:00.000Z","unknown","unreviewed"
"https://clinicaltrialfailures.com/trial/NCT02150161-opioid-vs-opioid-free-anesthesia-for-hip-arthroscopy","trial","2015-09-25T00:00:00.000Z","unknown","unreviewed"
"https://clinicaltrialfailures.com/trial/NCT00460317-monet1-motesanib-nsclc-efficacy-and-tolerability-study","trial","2015-09-07T00:00:00.000Z","unknown","unreviewed"
"https://clinicaltrialfailures.com/trial/NCT00500240-effect-of-tight-control-of-blood-glucose-during-hyper-cvad-chemotherapy-for-acut","trial","2015-06-03T00:00:00.000Z","unknown","unreviewed"
"https://clinicaltrialfailures.com/trial/NCT01793298-safety-tolerability-and-pharmacokinetics-of-asm-024-administered-to-healthy-subj","trial","2015-02-10T00:00:00.000Z","unknown","unreviewed"
"https://clinicaltrialfailures.com/trial/NCT01953809-a-pharmacokinetics-pharmacodynamics-and-safety-study-of-an-oral-contraceptive-co","trial","2015-01-28T00:00:00.000Z","unknown","unreviewed"
"https://clinicaltrialfailures.com/trial/NCT04844073-a-study-of-tak-186-also-known-as-mvc-101-in-adults-with-advanced-or-metastatic-c","trial","2026-09-24T00:00:00.000Z","unknown","unreviewed"
"https://clinicaltrialfailures.com/trial/NCT00814372-evaluate-safety-and-effectiveness-of-mbx-102-in-type-2-diabetes-patients-with-po","trial","2026-09-18T00:00:00.000Z","unknown","unreviewed"
"https://clinicaltrialfailures.com/trial/NCT05785390-study-of-the-safety-tolerability-and-efficacy-of-np-101-in-treating-high-risk-pa","trial","2026-08-13T00:00:00.000Z","unknown","unreviewed"
"https://clinicaltrialfailures.com/trial/NCT05716009-tagraxofusp-erzs-an-il-3-diphtheria-fusion-protein-in-combination-with-gemtuzuma","trial","2026-06-25T00:00:00.000Z","unknown","unreviewed"
"https://clinicaltrialfailures.com/trial/NCT03996460-k0706-for-patients-diagnosed-with-dementia-with-lewy-bodies","trial","2026-06-08T00:00:00.000Z","unknown","unreviewed"
"https://clinicaltrialfailures.com/trial/NCT00823342-anrs-hb-05-multicenter-study-evaluating-efficacy-and-safety-of-clevudine-monothe","trial","2026-04-06T00:00:00.000Z","unknown","unreviewed"
"https://clinicaltrialfailures.com/trial/NCT06111014-continuation-study-for-latozinemab","trial","2026-01-21T00:00:00.000Z","unknown","unreviewed"
"https://clinicaltrialfailures.com/trial/NCT05813288-a-study-to-assess-the-effect-of-dexpramipexole-in-adolescents-and-adults-with-se","trial","2025-12-15T00:00:00.000Z","unknown","unreviewed"
"https://clinicaltrialfailures.com/trial/NCT05911841-a-study-of-ly3454738-in-the-treatment-of-adult-participants-with-moderate-to-sev","trial","2025-12-02T00:00:00.000Z","unknown","unreviewed"
"https://clinicaltrialfailures.com/trial/NCT05525286-clinical-trial-of-sot102-antibody-drug-conjugate-in-patients-with-advanced-gastr","trial","2025-11-17T00:00:00.000Z","unknown","unreviewed"
"https://clinicaltrialfailures.com/trial/NCT03764774-a-study-of-ly3463251-in-healthy-participants","trial","2025-11-04T00:00:00.000Z","unknown","unreviewed"
"https://clinicaltrialfailures.com/trial/NCT05624359-flurbiprofen-axetil-as-an-adjuvant-to-pre-emptive-scalp-infiltration","trial","2025-10-06T00:00:00.000Z","unknown","unreviewed"
"https://clinicaltrialfailures.com/trial/NCT02982694-study-with-atezolizumab-plus-bevacizumab-in-patients-with-chemotherapy-resistant","trial","2025-10-01T00:00:00.000Z","unknown","unreviewed"
"https://clinicaltrialfailures.com/trial/NCT05395494-itbs-dcs-in-fibromyalgia","trial","2025-08-17T00:00:00.000Z","unknown","unreviewed"
"https://clinicaltrialfailures.com/trial/NCT04720417-defactinib-and-vs-6766-for-the-treatment-of-patients-with-metastatic-uveal-melan","trial","2025-07-15T00:00:00.000Z","unknown","unreviewed"
"https://clinicaltrialfailures.com/trial/NCT05580588-open-label-study-of-the-cdk4-6-inhibitor-sph4336-in-subjects-with-locally-advanc","trial","2025-06-13T00:00:00.000Z","unknown","unreviewed"
"https://clinicaltrialfailures.com/trial/NCT03781414-study-of-efficacy-safety-tolerability-pharmacokinetic-pk-and-pharmacodynamic-pd-","trial","2025-05-16T00:00:00.000Z","unknown","unreviewed"
"https://clinicaltrialfailures.com/trial/NCT03596073-topical-calcipotriene-treatment-for-breast-cancer-immunoprevention","trial","2025-05-07T00:00:00.000Z","unknown","unreviewed"
"https://clinicaltrialfailures.com/trial/NCT02437162-a-study-to-evaluate-the-efficacy-and-safety-of-ustekinumab-in-the-treatment-of-a","trial","2025-04-29T00:00:00.000Z","unknown","unreviewed"
"https://clinicaltrialfailures.com/trial/NCT04886063-open-label-study-of-ath-1017-for-treatment-of-mild-to-moderate-alzheimer-s-disea","trial","2025-04-01T00:00:00.000Z","unknown","unreviewed"
"https://clinicaltrialfailures.com/trial/NCT05237284-phase-2-study-for-sar443820-in-participants-with-amyotrophic-lateral-sclerosis-a","trial","2025-03-21T00:00:00.000Z","unknown","unreviewed"
"https://clinicaltrialfailures.com/trial/NCT04707625-vascular-endothelial-growth-factor-vegf-levels-in-retinal-vein-occlusion-rvo-dur","trial","2025-02-24T00:00:00.000Z","unknown","unreviewed"
"https://clinicaltrialfailures.com/trial/NCT03062319-optimal-antithrombotic-therapy-in-ischemic-stroke-patients-with-non-valvular-atr","trial","2024-12-27T00:00:00.000Z","unknown","unreviewed"
"https://clinicaltrialfailures.com/trial/NCT04305184-a-study-to-assess-asp0598-otic-solution-following-topical-application-in-the-ear","trial","2024-11-25T00:00:00.000Z","unknown","unreviewed"
"https://clinicaltrialfailures.com/trial/NCT05601830-natural-killer-nk-cell-therapy-for-aml-minimal-residual-disease","trial","2024-11-06T00:00:00.000Z","unknown","unreviewed"
"https://clinicaltrialfailures.com/trial/NCT06417697-a-phase-1b-study-to-evaluate-the-safety-of-xen-101","trial","2024-09-24T00:00:00.000Z","unknown","unreviewed"
"https://clinicaltrialfailures.com/trial/NCT05567783-a-phase-2-study-to-evaluate-the-efficacy-and-safety-of-vir-2482-for-the-preventi","trial","2024-09-19T00:00:00.000Z","unknown","unreviewed"
"https://clinicaltrialfailures.com/trial/NCT00756782-a-study-of-tac-101-in-combination-with-tace-versus-tace-alone-in-asian-patients-","trial","2024-09-04T00:00:00.000Z","unknown","unreviewed"
"https://clinicaltrialfailures.com/trial/NCT05669417-peri-operative-magnesium-infusion-to-prevent-atrial-fibrillation-evaluated","trial","2024-08-28T00:00:00.000Z","unknown","unreviewed"
"https://clinicaltrialfailures.com/trial/NCT04603937-a-study-to-evaluate-the-efficacy-durability-and-safety-of-ksi-301-compared-to-af","trial","2024-08-22T00:00:00.000Z","unknown","unreviewed"
"https://clinicaltrialfailures.com/trial/NCT04172844-pevonedistat-azacitidine-or-decitabine-and-venetoclax-for-the-treatment-of-patie","trial","2024-06-04T00:00:00.000Z","unknown","unreviewed"
"https://clinicaltrialfailures.com/trial/NCT04698915-phase-2b-study-of-gc4711-in-combination-with-sbrt-for-nonmetastatic-pancreatic-c","trial","2024-05-21T00:00:00.000Z","unknown","unreviewed"
"https://clinicaltrialfailures.com/trial/NCT00647972-fasting-study-of-olanzapine-tablets-20-mg-and-zyprexa-tablets-20-mg","trial","2024-04-23T00:00:00.000Z","unknown","unreviewed"
"https://clinicaltrialfailures.com/trial/NCT05493293-extension-study-to-evaluate-the-safety-and-tolerability-of-nbi-921352-when-used-","trial","2024-04-12T00:00:00.000Z","unknown","unreviewed"
"https://clinicaltrialfailures.com/trial/NCT05117736-arni-versus-placebo-in-patients-with-congenital-systemic-right-ventricle-heart-f","trial","2024-03-13T00:00:00.000Z","unknown","unreviewed"
"https://clinicaltrialfailures.com/trial/NCT00180778-steroids-and-antiphospholipid-syndrome-related-pregnancy-loss","trial","2024-02-26T00:00:00.000Z","unknown","unreviewed"
"https://clinicaltrialfailures.com/trial/NCT03357224-parct-trial-of-atezolizumab-in-relapsed-refractory-cutaneous-t-cell-lymphoma-ctc","trial","2024-02-22T00:00:00.000Z","unknown","unreviewed"
"https://clinicaltrialfailures.com/trial/NCT03954990-treatment-of-bacterial-vaginosis-prior-to-active-labor-and-infectious-morbidity","trial","2023-12-12T00:00:00.000Z","unknown","unreviewed"
"https://clinicaltrialfailures.com/trial/NCT01308203-lipid-efficacy-of-the-extended-release-niacin-laropiprant-combination-in-patient","trial","2023-09-21T00:00:00.000Z","unknown","unreviewed"
"https://clinicaltrialfailures.com/trial/NCT04145700-campfire-a-study-of-ramucirumab-ly3009806-in-children-and-young-adults-with-syno","trial","2023-09-13T00:00:00.000Z","unknown","unreviewed"
"https://clinicaltrialfailures.com/trial/NCT03898661-collagenase-clostridium-histolyticum-for-refractory-iatrogenic-esophageal-strict","trial","2023-09-13T00:00:00.000Z","unknown","unreviewed"
"https://clinicaltrialfailures.com/trial/NCT02585388-addition-of-aromatase-at-the-navelbine-in-pretreated-metastatic-breast-cancer","trial","2023-09-06T00:00:00.000Z","unknown","unreviewed"
"https://clinicaltrialfailures.com/trial/NCT03836716-arimoclomol-in-amyotropic-lateral-sclerosis-open-label-extension-trial","trial","2023-08-24T00:00:00.000Z","unknown","unreviewed"
"https://clinicaltrialfailures.com/trial/NCT01900847-ketamine-and-morphine-versus-morphine-alone-for-the-treatment-of-acute-pain-in-t","trial","2023-07-17T00:00:00.000Z","unknown","unreviewed"
"https://clinicaltrialfailures.com/trial/NCT02588456-pilot-study-of-autologous-anti-cd22-chimeric-antigen-receptor-redirected-t-cells","trial","2023-06-22T00:00:00.000Z","unknown","unreviewed"
"https://clinicaltrialfailures.com/trial/NCT01734694-safety-and-efficacy-of-strategy-to-prevent-drug-induced-nephrotoxicity-in-high-r","trial","2023-05-03T00:00:00.000Z","unknown","unreviewed"
"https://clinicaltrialfailures.com/trial/NCT04748588-treatment-of-nosocomial-covid-19","trial","2023-04-19T00:00:00.000Z","unknown","unreviewed"
"https://clinicaltrialfailures.com/trial/NCT03791398-bruog-379-phase-ib-ii-trial-onc201-nivolumab-in-mss-mcrc","trial","2023-02-17T00:00:00.000Z","unknown","unreviewed"
"https://clinicaltrialfailures.com/trial/NCT03301415-asymptomatic-congenital-cmv-treatment","trial","2023-01-26T00:00:00.000Z","unknown","unreviewed"
"https://clinicaltrialfailures.com/trial/NCT03959592-macular-pigment-and-visual-performance-in-glaucoma-patients","trial","2023-01-03T00:00:00.000Z","unknown","unreviewed"
"https://clinicaltrialfailures.com/trial/NCT02706730-a-6-month-extension-study-of-oto-104-in-meniere-s-disease","trial","2022-12-14T00:00:00.000Z","unknown","unreviewed"
"https://clinicaltrialfailures.com/trial/NCT04847141-a-study-to-evaluate-the-safety-and-efficacy-of-c19-ig-20-in-sars-cov-2-infected-","trial","2022-12-05T00:00:00.000Z","unknown","unreviewed"
"https://clinicaltrialfailures.com/trial/NCT04643886-a-multiple-dose-study-of-repeat-intravitreal-injections-of-gem103-in-dry-age-rel","trial","2022-09-23T00:00:00.000Z","unknown","unreviewed"
"https://clinicaltrialfailures.com/trial/NCT03551522-a-study-to-evaluate-seladelpar-in-subjects-with-nonalcoholic-steatohepatitis-nas","trial","2022-09-15T00:00:00.000Z","unknown","unreviewed"
"https://clinicaltrialfailures.com/trial/NCT02901548-phase-2-durvalumab-medi4736-for-bacillus-calmette-gu-rin-bcg-refactory-urothelia","trial","2022-07-29T00:00:00.000Z","unknown","unreviewed"
"https://clinicaltrialfailures.com/trial/NCT03147040-assessing-efficacy-of-carboplatin-and-atezolizumab-in-metastatic-lobular-breast-","trial","2022-07-19T00:00:00.000Z","unknown","unreviewed"
"https://clinicaltrialfailures.com/trial/NCT04134442-improving-pain-management-after-total-shoulder-replacement-using-bupivacaine-lip","trial","2022-07-06T00:00:00.000Z","unknown","unreviewed"
"https://clinicaltrialfailures.com/trial/NCT02644525-efficacy-and-microfilaricidal-kinetics-of-imatinib-for-the-treatment-of-loa-loa","trial","2022-06-07T00:00:00.000Z","unknown","unreviewed"
"https://clinicaltrialfailures.com/trial/NCT01887522-study-of-vinblastine-in-combination-with-nilotinib-in-children-adolescents-and-y","trial","2022-05-31T00:00:00.000Z","unknown","unreviewed"
"https://clinicaltrialfailures.com/trial/NCT02999854-safety-and-efficacy-of-atir101-as-adjunctive-treatment-to-blood-stem-cell-transp","trial","2022-05-24T00:00:00.000Z","unknown","unreviewed"
"https://clinicaltrialfailures.com/trial/NCT03666988-first-time-in-humans-ftih-study-of-gsk3368715-in-participants-with-solid-tumors-","trial","2022-05-20T00:00:00.000Z","unknown","unreviewed"
"https://clinicaltrialfailures.com/trial/NCT02154529-study-of-the-combination-of-kd019-and-trastuzumab-in-subjects-with-her2-positive","trial","2022-04-27T00:00:00.000Z","unknown","unreviewed"
"https://clinicaltrialfailures.com/trial/NCT00954915-safety-study-of-the-monoclonal-antibody-teplizumab-mga031-in-subjects-with-moder","trial","2022-02-10T00:00:00.000Z","unknown","unreviewed"
"https://clinicaltrialfailures.com/trial/NCT04355364-efficacy-and-safety-of-aerosolizeddornase-alfa-administration-in-patients-with-c","trial","2022-01-11T00:00:00.000Z","unknown","unreviewed"
"https://clinicaltrialfailures.com/trial/NCT02976038-open-label-extension-trial-to-characterize-the-long-term-safety-and-tolerability","trial","2021-12-17T00:00:00.000Z","unknown","unreviewed"
"https://clinicaltrialfailures.com/trial/NCT04354597-hydroxychloroquine-and-azithromycin-as-prophylaxis-for-healthcare-workers-dealin","trial","2021-10-26T00:00:00.000Z","unknown","unreviewed"
"https://clinicaltrialfailures.com/trial/NCT03948334-a-study-to-assess-the-safety-and-efficacy-of-zpl389-with-tcs-tci-in-atopic-derma","trial","2021-10-08T00:00:00.000Z","unknown","unreviewed"
"https://clinicaltrialfailures.com/trial/NCT01659177-a-study-of-ly2140023-in-healthy-participants","trial","2021-08-23T00:00:00.000Z","unknown","unreviewed"
"https://clinicaltrialfailures.com/trial/NCT04361253-evaluation-of-sars-cov-2-covid-19-antibody-containing-plasma-therapy","trial","2021-08-13T00:00:00.000Z","unknown","unreviewed"
"https://clinicaltrialfailures.com/trial/NCT03630120-adaptive-tyrosine-kinase-inhibitor-tki-therapy-in-patients-with-thyroid-cancer","trial","2021-07-14T00:00:00.000Z","unknown","unreviewed"
"https://clinicaltrialfailures.com/trial/NCT03938337-abemaciclib-and-pembrolizumab-in-metastatic-or-recurrent-head-and-neck-cancer","trial","2021-07-09T00:00:00.000Z","unknown","unreviewed"
"https://clinicaltrialfailures.com/trial/NCT03577899-efficacy-and-safety-trial-of-conbercept-intravitreal-injection-for-neovascular-a","trial","2021-06-24T00:00:00.000Z","unknown","unreviewed"
"https://clinicaltrialfailures.com/trial/NCT03669549-nevanimibe-hcl-for-the-treatment-of-classic-cah","trial","2021-03-04T00:00:00.000Z","unknown","unreviewed"
"https://clinicaltrialfailures.com/trial/NCT02403622-safety-of-fmt-openbiome-outcomes-and-longitudinal-follow-up-stool-for-recurrent-","trial","2021-02-23T00:00:00.000Z","unknown","unreviewed"
"https://clinicaltrialfailures.com/trial/NCT02750254-azacitidine-in-haploidentical-donor-hematopoietic-cell-transplantation","trial","2020-10-20T00:00:00.000Z","unknown","unreviewed"
"https://clinicaltrialfailures.com/trial/NCT00437294-enzastaurin-in-combination-of-capecitabine-to-treat-breast-cancer","trial","2020-08-10T00:00:00.000Z","unknown","unreviewed"
"https://clinicaltrialfailures.com/trial/NCT04323631-hydroxychloroquine-for-the-treatment-of-patients-with-mild-to-moderate-covid-19-","trial","2020-06-30T00:00:00.000Z","unknown","unreviewed"
"https://clinicaltrialfailures.com/trial/NCT03344172-pre-operative-trial-pgha-vs-pgh-for-resectable-pancreatic-cancer","trial","2020-05-14T00:00:00.000Z","unknown","unreviewed"
"https://clinicaltrialfailures.com/trial/NCT01532960-pilot-study-of-a-breast-cancer-vaccine-plus-poly-iclc-for-breast-cancer","trial","2020-05-08T00:00:00.000Z","unknown","unreviewed"
"https://clinicaltrialfailures.com/trial/NCT02456103-extension-study-of-ataluren-in-participants-with-nonsense-mutation-cystic-fibros","trial","2020-04-27T00:00:00.000Z","unknown","unreviewed"
"https://clinicaltrialfailures.com/trial/NCT00901927-bendamustine-mitoxantrone-and-rituximab-bmr-for-patients-with-untreated-high-ris","trial","2020-04-03T00:00:00.000Z","unknown","unreviewed"
"https://clinicaltrialfailures.com/trial/NCT01863719-aerosolized-and-intravenous-colistin-in-healthy-adults","trial","2020-03-02T00:00:00.000Z","unknown","unreviewed"
"https://clinicaltrialfailures.com/trial/NCT02541604-a-study-to-evaluate-the-safety-tolerability-pharmacokinetics-immunogenicity-and-","trial","2020-02-25T00:00:00.000Z","unknown","unreviewed"
"https://clinicaltrialfailures.com/trial/NCT03628079-a-clinical-safety-and-efficacy-study-of-mebendazole-on-gi-cancer-or-cancer-of-un","trial","2020-01-22T00:00:00.000Z","unknown","unreviewed"
"https://clinicaltrialfailures.com/trial/NCT03383588-subcutaneous-bupivacaine-decrease-post-op-pain-in-patients-undergoing-c-section","trial","2020-01-13T00:00:00.000Z","unknown","unreviewed"
"https://clinicaltrialfailures.com/trial/NCT02556203-global-study-comparing-a-rivaroxaban-based-antithrombotic-strategy-to-an-antipla","trial","2020-01-13T00:00:00.000Z","unknown","unreviewed"
"https://clinicaltrialfailures.com/trial/NCT02790957-plerixafor-in-diabetic-wound-healing","trial","2019-12-19T00:00:00.000Z","unknown","unreviewed"
"https://clinicaltrialfailures.com/trial/NCT01485094-a-study-to-assess-the-safety-and-efficacy-of-7-days-treatment-with-a-novel-analg","trial","2019-10-28T00:00:00.000Z","unknown","unreviewed"
"https://clinicaltrialfailures.com/trial/NCT03080480-pioglitazone-therapy-for-chronic-granulomatous-disease","trial","2019-10-22T00:00:00.000Z","unknown","unreviewed"
"https://clinicaltrialfailures.com/trial/NCT01747499-azacitidine-in-patients-undergoing-matched-unrelated-stem-cell-transplantation","trial","2019-10-16T00:00:00.000Z","unknown","unreviewed"
"https://clinicaltrialfailures.com/trial/NCT00965419-a-study-of-pediatric-participants-with-attention-deficit-hyperactivity-disorder","trial","2019-10-08T00:00:00.000Z","unknown","unreviewed"
"https://clinicaltrialfailures.com/trial/NCT01931566-biomarker-qualification-for-risk-of-mild-cognitive-impairment-mci-due-to-alzheim","trial","2019-09-16T00:00:00.000Z","unknown","unreviewed"
"https://clinicaltrialfailures.com/trial/NCT01679405-bibw-2992-as-add-on-to-gem-cis-in-advanced-biliary-tract-cancer","trial","2019-09-06T00:00:00.000Z","unknown","unreviewed"
"https://clinicaltrialfailures.com/trial/NCT03031340-evaluating-the-role-of-pregabalin-in-reducing-opioid-requirement-in-spinal-fusio","trial","2019-08-20T00:00:00.000Z","unknown","unreviewed"
"https://clinicaltrialfailures.com/trial/NCT01646125-an-open-label-randomized-phase-ii-study-to-evaluate-the-efficacy-of-auy922-vs-pe","trial","2019-07-24T00:00:00.000Z","unknown","unreviewed"
"https://clinicaltrialfailures.com/trial/NCT01853228-a-study-of-decitabine-dacogen-in-sequential-administration-with-cytarabine-in-ch","trial","2019-06-17T00:00:00.000Z","unknown","unreviewed"
"https://clinicaltrialfailures.com/trial/NCT01927718-thalidomide-to-overcome-lenalidomide-resistance-after-autologous-hematopoietic-s","trial","2019-04-29T00:00:00.000Z","unknown","unreviewed"
"https://clinicaltrialfailures.com/trial/NCT02395692-methoxyamine-and-temozolomide-in-treating-patients-with-recurrent-glioblastoma","trial","2019-04-04T00:00:00.000Z","unknown","unreviewed"
"https://clinicaltrialfailures.com/trial/NCT01954082-inositol-to-reduce-retinopathy-of-prematurity","trial","2019-03-22T00:00:00.000Z","unknown","unreviewed"
"https://clinicaltrialfailures.com/trial/NCT01633060-a-phase-iii-study-of-bkm120-with-fulvestrant-in-patients-with-hr-her2-ai-treated","trial","2019-01-30T00:00:00.000Z","unknown","unreviewed"
"https://clinicaltrialfailures.com/trial/NCT01667107-a-pharmacokinetic-analysis-of-posaconazole-in-lung-transplant-recipients-mk-5592","trial","2018-10-09T00:00:00.000Z","unknown","unreviewed"
"https://clinicaltrialfailures.com/trial/NCT00278564-stem-cell-transplantation-in-idiopathic-inflammatory-myopathy-diseases","trial","2018-08-06T00:00:00.000Z","unknown","unreviewed"
"https://clinicaltrialfailures.com/trial/NCT01739556-on-treatment-platelet-reactivity-guided-therapy-modification-for-st-segment-elev","trial","2018-07-18T00:00:00.000Z","unknown","unreviewed"
"https://clinicaltrialfailures.com/trial/NCT00458276-study-of-the-efficacy-and-safety-of-tezosentan-in-patients-with-pre-operative-pu","trial","2018-07-09T00:00:00.000Z","unknown","unreviewed"
"https://clinicaltrialfailures.com/trial/NCT03499041-a-study-of-ly3314814-in-participants-with-liver-impairment","trial","2018-06-28T00:00:00.000Z","unknown","unreviewed"
"https://clinicaltrialfailures.com/trial/NCT02691117-topical-garlic-concentrate-for-alopecia-areata-in-children","trial","2018-04-19T00:00:00.000Z","unknown","unreviewed"
"https://clinicaltrialfailures.com/trial/NCT02068521-versartis-long-term-safety-study-of-somavaratan","trial","2018-03-09T00:00:00.000Z","unknown","unreviewed"
"https://clinicaltrialfailures.com/trial/NCT01061671-simvastatin-therapy-for-moderate-and-severe-copd","trial","2018-01-02T00:00:00.000Z","unknown","unreviewed"
"https://clinicaltrialfailures.com/trial/NCT00262951-chemoradiation-in-locally-advanced-pancreatic-cancer","trial","2017-12-28T00:00:00.000Z","unknown","unreviewed"
"https://clinicaltrialfailures.com/trial/NCT00963872-donor-umbilical-cord-blood-transplant-after-fludarabine-phosphate-cyclophosphami","trial","2017-12-28T00:00:00.000Z","unknown","unreviewed"
"https://clinicaltrialfailures.com/trial/NCT00526890-carboplatin-paclitaxel-selenomethionine-and-radiation-therapy-in-treating-patien","trial","2017-11-28T00:00:00.000Z","unknown","unreviewed"
"https://clinicaltrialfailures.com/trial/NCT00524589-calcitriol-and-dexamethasone-in-treating-patients-with-prostate-cancer-that-did-","trial","2017-11-20T00:00:00.000Z","unknown","unreviewed"
"https://clinicaltrialfailures.com/trial/NCT01399593-safety-and-efficacy-of-eculizumab-to-prevent-amr-in-living-donor-kidney-transpla","trial","2017-10-03T00:00:00.000Z","unknown","unreviewed"
"https://clinicaltrialfailures.com/trial/NCT02100007-me-344-given-in-combination-with-hycamtin-in-patients-with-solid-tumors","trial","2017-10-02T00:00:00.000Z","unknown","unreviewed"
"https://clinicaltrialfailures.com/trial/NCT01867047-ace-inhibitor-effects-on-total-hip-and-knee-arthroplasty-patients","trial","2017-09-28T00:00:00.000Z","unknown","unreviewed"
"https://clinicaltrialfailures.com/trial/NCT01991210-a-study-of-dnib0600a-in-comparison-with-pegylated-liposomal-doxorubicin-pld-in-p","trial","2017-08-21T00:00:00.000Z","unknown","unreviewed"
"https://clinicaltrialfailures.com/trial/NCT01383200-tetracaine-versus-lidocaine-gel-for-anesthetic-effect-and-comfort-in-patients-un","trial","2017-08-11T00:00:00.000Z","unknown","unreviewed"
"https://clinicaltrialfailures.com/trial/NCT01934894-cabazitaxel-plus-lapatinib-as-therapy-for-her2-positive-metastatic-breast-cancer","trial","2017-07-02T00:00:00.000Z","unknown","unreviewed"
"https://clinicaltrialfailures.com/trial/NCT00731692-this-was-an-open-label-single-arm-extension-study-cfty720d2306e1-to-a-double-bli","trial","2017-06-14T00:00:00.000Z","unknown","unreviewed"
"https://clinicaltrialfailures.com/trial/NCT00346151-belatacept-to-prevent-organ-rejection-in-kidney-transplant-patients","trial","2017-04-21T00:00:00.000Z","unknown","unreviewed"
"https://clinicaltrialfailures.com/trial/NCT01267240-capecitabine-and-vorinostat-in-treating-patients-with-recurrent-and-or-metastati","trial","2017-04-14T00:00:00.000Z","unknown","unreviewed"
"https://clinicaltrialfailures.com/trial/NCT01818414-same-day-dilapan-s-with-adjunctive-misoprostol","trial","2017-02-28T00:00:00.000Z","unknown","unreviewed"
"https://clinicaltrialfailures.com/trial/NCT01957410-a-study-to-investigate-evoked-potentials-as-markers-of-ketamine-induced-cortical","trial","2017-01-27T00:00:00.000Z","unknown","unreviewed"
"https://clinicaltrialfailures.com/trial/NCT01517347-efficiency-study-of-low-dose-of-il-2-to-prevent-relapse-in-standard-risk-leukemi","trial","2016-10-24T00:00:00.000Z","unknown","unreviewed"
"https://clinicaltrialfailures.com/trial/NCT02147873-study-of-azacitidine-with-or-without-birinapant-in-subjects-with-mds-or-cmmol","trial","2016-10-20T00:00:00.000Z","unknown","unreviewed"
"https://clinicaltrialfailures.com/trial/NCT01982253-fasiglifam-25-mg-bid-vs-50-mg-qd","trial","2016-10-07T00:00:00.000Z","unknown","unreviewed"
"https://clinicaltrialfailures.com/trial/NCT01965600-a-study-to-evaluate-the-safety-and-effects-on-the-body-of-an-investigational-dru","trial","2016-08-02T00:00:00.000Z","unknown","unreviewed"
"https://clinicaltrialfailures.com/trial/NCT00083759-natalizumab-in-the-treatment-of-rheumatoid-arthritis-in-subjects-receiving-metho","trial","2016-07-18T00:00:00.000Z","unknown","unreviewed"
"https://clinicaltrialfailures.com/trial/NCT00676143-study-evaluating-the-safety-and-efficacy-of-bapineuzumab-in-alzheimer-disease-pa","trial","2016-06-10T00:00:00.000Z","unknown","unreviewed"
"https://clinicaltrialfailures.com/trial/NCT01955629-study-of-aflibercept-as-maintenance-therapy-following-induction-with-aflibercept","trial","2016-04-18T00:00:00.000Z","unknown","unreviewed"
"https://clinicaltrialfailures.com/trial/NCT01489956-a-study-to-determine-the-immunogenicity-and-oral-tolerance-to-keyhole-limpet-hem","trial","2016-04-12T00:00:00.000Z","unknown","unreviewed"
"https://clinicaltrialfailures.com/trial/NCT01972776-a-safety-tolerability-and-efficacy-study-in-chronic-obstructive-pulmonary-diseas","trial","2016-03-24T00:00:00.000Z","unknown","unreviewed"
"https://clinicaltrialfailures.com/trial/NCT01029925-dichloroacetate-dca-in-patients-with-previously-treated-metastatic-breast-or-non","trial","2016-02-12T00:00:00.000Z","unknown","unreviewed"
"https://clinicaltrialfailures.com/trial/NCT00361257-minocycline-for-the-treatment-of-decreased-mental-function-in-hiv-infected-adult","trial","2016-02-05T00:00:00.000Z","unknown","unreviewed"
"https://clinicaltrialfailures.com/trial/NCT02205476-a-phase-2-extension-study-to-enroll-subjects-who-were-enrolled-in-b5301001-study","trial","2016-01-28T00:00:00.000Z","unknown","unreviewed"
"https://clinicaltrialfailures.com/trial/NCT01759784-intraventricular-transplantation-of-mesenchymal-stem-cell-in-patients-with-als","trial","2016-01-01T00:00:00.000Z","unknown","unreviewed"
"https://clinicaltrialfailures.com/trial/NCT01589029-a-pilot-study-on-the-effects-of-ilaris-on-patients-with-proliferative-diabetic-r","trial","2015-11-24T00:00:00.000Z","unknown","unreviewed"
"https://clinicaltrialfailures.com/trial/NCT01980199-trial-to-determine-efficacy-of-fexinidazole-in-visceral-leihmaniasis-patients-in","trial","2015-10-30T00:00:00.000Z","unknown","unreviewed"
"https://clinicaltrialfailures.com/trial/NCT01834274-comparison-of-fasiglifam-tak-875-with-sitagliptin-when-used-in-combination-with-","trial","2015-09-28T00:00:00.000Z","unknown","unreviewed"
"https://clinicaltrialfailures.com/trial/NCT01849640-antimalarial-drug-resistance-with-assessment-of-transmission-blocking-activity","trial","2015-07-15T00:00:00.000Z","unknown","unreviewed"
"https://clinicaltrialfailures.com/trial/NCT00473889-a-clinical-trial-of-vorinostat-mk0683-saha-in-combination-with-fda-approved-canc","trial","2015-07-03T00:00:00.000Z","unknown","unreviewed"
"https://clinicaltrialfailures.com/trial/NCT02058017-opb-51602-in-locally-advanced-nasopharyngeal-carcinoma-prior-to-definitive-chemo","trial","2015-06-19T00:00:00.000Z","unknown","unreviewed"
"https://clinicaltrialfailures.com/trial/NCT00584740-efficacy-safety-and-tolerability-of-ain457-in-moderate-to-severe-active-crohn-s-","trial","2015-03-31T00:00:00.000Z","unknown","unreviewed"
"https://clinicaltrialfailures.com/trial/NCT01175330-omega-3-fatty-acid-efficiency-for-prevention-of-atrial-fibrillation-after-corona","trial","2015-03-24T00:00:00.000Z","unknown","unreviewed"
"https://clinicaltrialfailures.com/trial/NCT00290082-randomized-double-blind-trial-of-midazolam-and-loxapine-in-agitated-patients","trial","2015-03-11T00:00:00.000Z","unknown","unreviewed"
"https://clinicaltrialfailures.com/trial/NCT01369888-use-of-il-15-after-chemotherapy-and-lymphocyte-transfer-in-metastatic-melanoma","trial","2015-01-27T00:00:00.000Z","unknown","unreviewed"
"https://clinicaltrialfailures.com/trial/NCT05582395-a-study-of-mavacamten-in-non-obstructive-hypertrophic-cardiomyopathy","trial","2026-09-18T00:00:00.000Z","unknown","unreviewed"
"https://clinicaltrialfailures.com/trial/NCT05163314-a-study-of-soticlestat-as-an-add-on-therapy-in-children-and-adults-with-dravet-s","trial","2026-09-04T00:00:00.000Z","unknown","unreviewed"
"https://clinicaltrialfailures.com/trial/NCT05167409-study-of-evorpacept-alx148-with-cetuximab-and-pembrolizumab-for-refractory-micro","trial","2026-09-03T00:00:00.000Z","unknown","unreviewed"
"https://clinicaltrialfailures.com/trial/NCT06250036-zimberelimab-anti-pd1-domvanalimab-in-resectable-mmrd-gastric-cancer","trial","2026-08-21T00:00:00.000Z","unknown","unreviewed"
"https://clinicaltrialfailures.com/trial/NCT04933695-a-study-of-sotorasib-amg-510-in-participants-with-stage-iv-nsclc-whose-tumors-ha","trial","2026-07-13T00:00:00.000Z","unknown","unreviewed"
"https://clinicaltrialfailures.com/trial/NCT06470451-confirmatory-study-of-topical-hybryte-vs-placebo-for-the-treatment-of-ctcl","trial","2026-07-13T00:00:00.000Z","unknown","unreviewed"
"https://clinicaltrialfailures.com/trial/NCT05403450-a-study-of-tolinapant-in-combination-with-oral-decitabine-cedazuridine-and-oral-","trial","2026-07-09T00:00:00.000Z","unknown","unreviewed"
"https://clinicaltrialfailures.com/trial/NCT06376253-a-phase-i-study-of-177lu-lu-evs459-in-patients-with-ovarian-and-lung-cancers","trial","2026-07-09T00:00:00.000Z","unknown","unreviewed"
"https://clinicaltrialfailures.com/trial/NCT05712694-study-of-adi-peg-20-or-placebo-plus-gem-and-doc-in-previously-treated-subjects-w","trial","2026-06-25T00:00:00.000Z","unknown","unreviewed"
"https://clinicaltrialfailures.com/trial/NCT06031415-study-of-gs-0272-in-participants-with-rheumatoid-arthritis","trial","2026-05-27T00:00:00.000Z","unknown","unreviewed"
"https://clinicaltrialfailures.com/trial/NCT04370236-inb03-for-the-treatment-of-pulmonary-complications-from-covid-19","trial","2026-05-19T00:00:00.000Z","unknown","unreviewed"
"https://clinicaltrialfailures.com/trial/NCT05552443-a-study-of-intrathecal-hydromorphone-for-pediatric-idiopathic-scoliosis-repair","trial","2026-05-14T00:00:00.000Z","unknown","unreviewed"
"https://clinicaltrialfailures.com/trial/NCT02555189-enzalutamide-with-ribociclib-in-treating-patients-with-metastatic-castrate-resis","trial","2026-04-22T00:00:00.000Z","unknown","unreviewed"
"https://clinicaltrialfailures.com/trial/NCT04737330-a-study-of-the-efficacy-and-safety-of-secukinumab-300-mg-in-patients-with-thyroi","trial","2026-04-15T00:00:00.000Z","unknown","unreviewed"
"https://clinicaltrialfailures.com/trial/NCT02173756-evaluation-of-oral-morphine-gel-in-oral-mucositis-induced-by-chemotherapy-in-chi","trial","2026-03-16T00:00:00.000Z","unknown","unreviewed"
"https://clinicaltrialfailures.com/trial/NCT07000630-efficacy-and-tolerability-of-deucravacitinib-in-the-management-of-palmoplantar-p","trial","2026-03-11T00:00:00.000Z","unknown","unreviewed"
"https://clinicaltrialfailures.com/trial/NCT06514742-a-study-of-aticaprant-10-mg-as-adjunctive-therapy-in-adult-participants-with-maj","trial","2026-02-17T00:00:00.000Z","unknown","unreviewed"
"https://clinicaltrialfailures.com/trial/NCT04266301-study-of-efficacy-and-safety-of-mbg453-in-combination-with-azacitidine-in-subjec","trial","2026-01-13T00:00:00.000Z","unknown","unreviewed"
"https://clinicaltrialfailures.com/trial/NCT03904316-use-of-biodesign-otologic-graft-in-tympanoplasty","trial","2025-12-19T00:00:00.000Z","unknown","unreviewed"
"https://clinicaltrialfailures.com/trial/NCT05763121-a-study-to-assess-the-effect-of-dexpramipexole-in-adolescents-and-adults-with-se","trial","2025-12-15T00:00:00.000Z","unknown","unreviewed"
"https://clinicaltrialfailures.com/trial/NCT04549428-atezolizumab-plus-8-gy-single-fraction-radiotherapy-for-advanced-oligoprogressiv","trial","2025-11-18T00:00:00.000Z","unknown","unreviewed"
"https://clinicaltrialfailures.com/trial/NCT05608499-duobrii-treatment-of-acne-keloidalis-nuchae-akn","trial","2025-11-04T00:00:00.000Z","unknown","unreviewed"
"https://clinicaltrialfailures.com/trial/NCT04478266-amcenestrant-sar439859-plus-palbociclib-as-first-line-therapy-for-patients-with-","trial","2025-09-11T00:00:00.000Z","unknown","unreviewed"
"https://clinicaltrialfailures.com/trial/NCT02664753-l-carnitine-as-an-adjunct-treatment-for-septic-shock-patients-with-acute-kidney-","trial","2025-08-26T00:00:00.000Z","unknown","unreviewed"
"https://clinicaltrialfailures.com/trial/NCT04638517-the-telo-scope-study-attenuating-telomere-attrition-with-danazol-is-there-scope-","trial","2025-08-05T00:00:00.000Z","unknown","unreviewed"
"https://clinicaltrialfailures.com/trial/NCT05561140-resolution-of-sickle-cell-leg-ulcers-with-voxelotor","trial","2025-07-09T00:00:00.000Z","unknown","unreviewed"
"https://clinicaltrialfailures.com/trial/NCT04377659-tocilizumab-for-prevention-of-respiratory-failure-in-patients-with-severe-covid-","trial","2025-05-28T00:00:00.000Z","unknown","unreviewed"
"https://clinicaltrialfailures.com/trial/NCT05436990-antitumor-activity-of-vactosertib-in-combination-with-pembrolizumab-in-acral-and","trial","2025-04-02T00:00:00.000Z","unknown","unreviewed"
"https://clinicaltrialfailures.com/trial/NCT05384249-phase-2b-pivotal-study-of-izokibep-in-non-infectious-intermediate-posterior-or-p","trial","2025-02-21T00:00:00.000Z","unknown","unreviewed"
"https://clinicaltrialfailures.com/trial/NCT04292912-a-study-to-evaluate-the-safety-tolerability-pharmacokinetics-and-pharmacodynamic","trial","2024-11-08T00:00:00.000Z","unknown","unreviewed"
"https://clinicaltrialfailures.com/trial/NCT03970109-hlab-002-of-ans-6637-for-alcohol-use-disorder","trial","2024-10-29T00:00:00.000Z","unknown","unreviewed"
"https://clinicaltrialfailures.com/trial/NCT04096560-a-study-of-tak-994-in-adults-with-type-1-and-type-2-narcolepsy","trial","2024-10-29T00:00:00.000Z","unknown","unreviewed"
"https://clinicaltrialfailures.com/trial/NCT04139317-safety-and-efficacy-of-capmatinib-inc280-plus-pembrolizumab-vs-pembrolizumab-alo","trial","2024-10-09T00:00:00.000Z","unknown","unreviewed"
"https://clinicaltrialfailures.com/trial/NCT04858425-safety-and-efficacy-of-niclosamide-in-patients-with-covid-19-with-gastrointestin","trial","2024-10-08T00:00:00.000Z","unknown","unreviewed"
"https://clinicaltrialfailures.com/trial/NCT05094206-car20-19-22-t-cells-in-relapsed-refractory-b-cell-malignancies","trial","2024-09-19T00:00:00.000Z","unknown","unreviewed"
"https://clinicaltrialfailures.com/trial/NCT04323124-study-of-single-and-multiple-ascending-doses-of-pf-07059013-in-healthy-adult-par","trial","2024-09-19T00:00:00.000Z","unknown","unreviewed"
"https://clinicaltrialfailures.com/trial/NCT05024058-study-of-efficacy-and-safety-of-ligelizumab-in-adolescents-and-adults-with-chron","trial","2024-06-18T00:00:00.000Z","unknown","unreviewed"
"https://clinicaltrialfailures.com/trial/NCT03743025-metabolic-phenotyping-during-stress-hyperglycemia-in-cardiac-surgery-patients","trial","2024-05-30T00:00:00.000Z","unknown","unreviewed"
"https://clinicaltrialfailures.com/trial/NCT02635061-selective-hdac6-inhibitor-acy-241-in-combination-with-nivolumab-in-patients-with","trial","2024-05-07T00:00:00.000Z","unknown","unreviewed"
"https://clinicaltrialfailures.com/trial/NCT01279291-study-of-anti-hb-egf-antibody-khk2866-in-subjects-with-advanced-solid-tumors-and","trial","2024-04-26T00:00:00.000Z","unknown","unreviewed"
"https://clinicaltrialfailures.com/trial/NCT04633148-dose-escalating-trial-with-unicar02-t-cells-and-psma-target-module-tmppsma-in-pa","trial","2024-04-23T00:00:00.000Z","unknown","unreviewed"
"https://clinicaltrialfailures.com/trial/NCT04793399-safety-and-efficacy-evaluation-of-bosutinib-plus-atezolizumab-in-newly-diagnosed","trial","2024-03-19T00:00:00.000Z","unknown","unreviewed"
"https://clinicaltrialfailures.com/trial/NCT03863613-pessary-versus-cerclage-with-or-without-progesterone-in-twins","trial","2024-02-20T00:00:00.000Z","unknown","unreviewed"
"https://clinicaltrialfailures.com/trial/NCT05829434-magrolimab-plus-intensive-chemotherapy-in-newly-diagnosed-aml-or-hr-mds","trial","2024-02-12T00:00:00.000Z","unknown","unreviewed"
"https://clinicaltrialfailures.com/trial/NCT01571895-pilot-efficacy-and-safety-study-of-oral-df2156a-in-patients-with-active-bullous-","trial","2023-12-22T00:00:00.000Z","unknown","unreviewed"
"https://clinicaltrialfailures.com/trial/NCT01500473-therapeutic-effect-of-desogestrel-on-ventilatory-control-in-patients-with-congen","trial","2023-11-18T00:00:00.000Z","unknown","unreviewed"
"https://clinicaltrialfailures.com/trial/NCT04308785-a-study-of-atezolizumab-with-or-without-tiragolumab-consolidation-in-limited-sta","trial","2023-10-23T00:00:00.000Z","unknown","unreviewed"
"https://clinicaltrialfailures.com/trial/NCT04891185-visualisation-of-indocyanine-green-in-primary-and-interval-debulking-for-ovarian","trial","2023-10-05T00:00:00.000Z","unknown","unreviewed"
"https://clinicaltrialfailures.com/trial/NCT03626545-phase-iii-study-evaluating-efficacy-and-safety-of-canakinumab-in-combination-wit","trial","2023-08-21T00:00:00.000Z","unknown","unreviewed"
"https://clinicaltrialfailures.com/trial/NCT05063734-a-study-to-evaluate-thr-687-treatment-for-diabetic-macular-oedema","trial","2023-08-18T00:00:00.000Z","unknown","unreviewed"
"https://clinicaltrialfailures.com/trial/NCT03336242-cannabidiol-oral-solution-in-pediatric-participants-with-treatment-resistant-chi","trial","2023-07-21T00:00:00.000Z","unknown","unreviewed"
"https://clinicaltrialfailures.com/trial/NCT02150967-a-phase-ii-single-arm-study-of-bgj398-in-patients-with-advanced-cholangiocarcino","trial","2023-07-03T00:00:00.000Z","unknown","unreviewed"
"https://clinicaltrialfailures.com/trial/NCT01347645-irinotecan-plus-e7820-versus-folfiri-in-second-line-therapy-in-patients-with-loc","trial","2023-06-22T00:00:00.000Z","unknown","unreviewed"
"https://clinicaltrialfailures.com/trial/NCT03634228-milademetan-tosylate-and-low-dose-cytarabine-with-or-without-venetoclax-in-treat","trial","2023-06-15T00:00:00.000Z","unknown","unreviewed"
"https://clinicaltrialfailures.com/trial/NCT04163900-comparing-nuc-1031-plus-cisplatin-to-gemcitabine-plus-cisplatin-in-patients-with","trial","2023-05-24T00:00:00.000Z","unknown","unreviewed"
"https://clinicaltrialfailures.com/trial/NCT03535675-muscadine-plus-mpx-in-men-with-prostate-cancer","trial","2023-05-22T00:00:00.000Z","unknown","unreviewed"
"https://clinicaltrialfailures.com/trial/NCT04843319-to-determine-an-effective-dose-of-veru-100-for-the-treatment-of-advanced-prostat","trial","2023-05-19T00:00:00.000Z","unknown","unreviewed"
"https://clinicaltrialfailures.com/trial/NCT03843125-a-study-of-baricitinib-in-participants-with-systemic-lupus-erythematosus-sle","trial","2023-05-16T00:00:00.000Z","unknown","unreviewed"
"https://clinicaltrialfailures.com/trial/NCT05001022-a-study-of-alg-020572-drug-to-evaluate-safety-tolerability-pharmacokinetics-and-","trial","2023-04-25T00:00:00.000Z","unknown","unreviewed"
"https://clinicaltrialfailures.com/trial/NCT03663166-radiation-and-chemotherapy-with-ipilimumab-followed-by-nivolumab-for-patients-wi","trial","2023-02-15T00:00:00.000Z","unknown","unreviewed"
"https://clinicaltrialfailures.com/trial/NCT03370302-a-study-to-evaluate-the-safety-tolerability-and-pharmacokinetics-pk-of-tak-228-a","trial","2023-02-08T00:00:00.000Z","unknown","unreviewed"
"https://clinicaltrialfailures.com/trial/NCT02454842-study-for-treatment-with-th-4000-tarloxotinib-in-epidermal-growth-factor-recepto","trial","2023-01-12T00:00:00.000Z","unknown","unreviewed"
"https://clinicaltrialfailures.com/trial/NCT04265534-keapsake-a-study-of-telaglenastat-cb-839-with-standard-of-care-chemoimmunotherap","trial","2022-09-21T00:00:00.000Z","unknown","unreviewed"
"https://clinicaltrialfailures.com/trial/NCT04443192-a-single-ascending-and-repeated-dose-study-of-oral-zf874-in-healthy-volunteers-a","trial","2022-09-19T00:00:00.000Z","unknown","unreviewed"
"https://clinicaltrialfailures.com/trial/NCT04398134-a-study-of-abi-h2158-containing-regimens-in-participants-with-chronic-hepatitis-","trial","2022-09-15T00:00:00.000Z","unknown","unreviewed"
"https://clinicaltrialfailures.com/trial/NCT02457910-taselisib-and-enzalutamide-in-treating-patients-with-androgen-receptor-positive-","trial","2022-08-22T00:00:00.000Z","unknown","unreviewed"
"https://clinicaltrialfailures.com/trial/NCT03422523-atezolizumab-rituximab-gemcitabine-and-oxaliplatin-in-patients-with-relapsed-or-","trial","2022-08-22T00:00:00.000Z","unknown","unreviewed"
"https://clinicaltrialfailures.com/trial/NCT03531827-combining-crlx101-a-nanoparticle-camptothecin-with-enzalutamide-in-people-with-p","trial","2022-07-12T00:00:00.000Z","unknown","unreviewed"
"https://clinicaltrialfailures.com/trial/NCT03738423-efficacy-safety-and-pharmacokinetic-profiles-of-regn3500-administered-to-adult-p","trial","2022-06-10T00:00:00.000Z","unknown","unreviewed"
"https://clinicaltrialfailures.com/trial/NCT04369469-efficacy-and-safety-study-of-iv-ravulizumab-in-patients-with-covid-19-severe-pne","trial","2022-05-24T00:00:00.000Z","unknown","unreviewed"
"https://clinicaltrialfailures.com/trial/NCT04327986-immune-checkpoint-inhibitor-m7824-and-the-immunocytokine-m9241-in-combination-wi","trial","2022-05-18T00:00:00.000Z","unknown","unreviewed"
"https://clinicaltrialfailures.com/trial/NCT03530293-safety-and-efficacy-of-nbi-98854-in-pediatric-subjects-with-tourette-syndrome","trial","2022-05-17T00:00:00.000Z","unknown","unreviewed"
"https://clinicaltrialfailures.com/trial/NCT03732534-rollover-study-for-continuing-nbi-98854-administration-in-pediatric-subjects-wit","trial","2022-04-19T00:00:00.000Z","unknown","unreviewed"
"https://clinicaltrialfailures.com/trial/NCT04656691-at-home-infusion-using-bamlanivimab-in-participants-with-mild-to-moderate-covid-","trial","2022-03-18T00:00:00.000Z","unknown","unreviewed"
"https://clinicaltrialfailures.com/trial/NCT03289143-a-study-to-evaluate-the-efficacy-and-safety-of-semorinemab-in-patients-with-prod","trial","2022-03-16T00:00:00.000Z","unknown","unreviewed"
"https://clinicaltrialfailures.com/trial/NCT04152382-a-safety-study-of-ly3462817-and-ly3509754-in-participants-with-psoriasis","trial","2022-03-15T00:00:00.000Z","unknown","unreviewed"
"https://clinicaltrialfailures.com/trial/NCT03151408-an-efficacy-and-safety-study-of-pracinostat-in-combination-with-azacitidine-in-a","trial","2022-03-10T00:00:00.000Z","unknown","unreviewed"
"https://clinicaltrialfailures.com/trial/NCT04125745-oral-cxa-10-in-pulmonary-arterial-hypertension","trial","2022-01-12T00:00:00.000Z","unknown","unreviewed"
"https://clinicaltrialfailures.com/trial/NCT04372017-hydroxychloroquine-as-post-exposure-prophylaxis-against-covid-19-infection","trial","2021-12-10T00:00:00.000Z","unknown","unreviewed"
"https://clinicaltrialfailures.com/trial/NCT00594230-lbh589-in-refractory-myelodysplastic-syndromes-mds","trial","2021-11-22T00:00:00.000Z","unknown","unreviewed"
"https://clinicaltrialfailures.com/trial/NCT00110136-st-john-s-wort-in-relieving-hot-flashes-in-postmenopausal-women-with-non-metasta","trial","2021-09-29T00:00:00.000Z","unknown","unreviewed"
"https://clinicaltrialfailures.com/trial/NCT03473457-car-t-cells-therapy-in-relapsed-refractory-acute-myeloid-leukemia","trial","2021-09-13T00:00:00.000Z","unknown","unreviewed"
"https://clinicaltrialfailures.com/trial/NCT03131453-a-study-of-cnp520-versus-placebo-in-participants-at-risk-for-the-onset-of-clinic","trial","2021-08-05T00:00:00.000Z","unknown","unreviewed"
"https://clinicaltrialfailures.com/trial/NCT02510911-does-caffeine-reduce-postoperative-bowel-paralysis-after-elective-colectomy","trial","2021-08-04T00:00:00.000Z","unknown","unreviewed"
"https://clinicaltrialfailures.com/trial/NCT02336048-a-study-evaluating-the-safety-of-tocilizumab-in-addition-to-standard-of-care-pre","trial","2021-04-08T00:00:00.000Z","unknown","unreviewed"
"https://clinicaltrialfailures.com/trial/NCT03876925-a-single-arm-open-label-phase-ib-study-of-ct053ptsa-in-preciously-treated-patien","trial","2021-03-24T00:00:00.000Z","unknown","unreviewed"
"https://clinicaltrialfailures.com/trial/NCT02587962-dose-escalation-study-of-birinapant-and-pembrolizumab-in-solid-tumors","trial","2021-01-14T00:00:00.000Z","unknown","unreviewed"
"https://clinicaltrialfailures.com/trial/NCT03864627-a-study-to-evaluate-the-safety-and-tolerability-of-mor106-administered-concomita","trial","2021-01-05T00:00:00.000Z","unknown","unreviewed"
"https://clinicaltrialfailures.com/trial/NCT03068468-study-of-biib092-in-participants-with-progressive-supranuclear-palsy","trial","2020-12-21T00:00:00.000Z","unknown","unreviewed"
"https://clinicaltrialfailures.com/trial/NCT02687542-efficacy-safety-and-tolerability-of-pf-06649751-in-parkinson-s-disease-patients-","trial","2020-11-23T00:00:00.000Z","unknown","unreviewed"
"https://clinicaltrialfailures.com/trial/NCT00538681-study-for-participants-with-advanced-not-amenable-to-surgery-or-metastatic-lung-","trial","2020-11-05T00:00:00.000Z","unknown","unreviewed"
"https://clinicaltrialfailures.com/trial/NCT03786302-regenerative-ability-of-tamp-bg-and-bd-in-pulpotomized-primary-teeth","trial","2020-10-14T00:00:00.000Z","unknown","unreviewed"
"https://clinicaltrialfailures.com/trial/NCT03793712-study-with-lu-af11167-for-the-treatment-of-negative-symptoms-in-patients-with-sc","trial","2020-09-23T00:00:00.000Z","unknown","unreviewed"
"https://clinicaltrialfailures.com/trial/NCT03213626-cabozantinib-and-erlotinib-for-patients-with-egfr-and-c-met-co-expressing-metast","trial","2020-08-27T00:00:00.000Z","unknown","unreviewed"
"https://clinicaltrialfailures.com/trial/NCT02767934-pembrolizumab-in-treating-minimal-residual-disease-in-patients-with-acute-lympho","trial","2020-08-20T00:00:00.000Z","unknown","unreviewed"
"https://clinicaltrialfailures.com/trial/NCT04360759-chloroquine-outpatient-treatment-evaluation-for-hiv-covid-19","trial","2020-08-18T00:00:00.000Z","unknown","unreviewed"
"https://clinicaltrialfailures.com/trial/NCT04059198-evaluating-the-safety-and-efficacy-of-inarigivir-in-non-cirrhotic-treatment-naiv","trial","2020-07-21T00:00:00.000Z","unknown","unreviewed"
"https://clinicaltrialfailures.com/trial/NCT03698227-olaredo-olaratumab-and-rechallenge-with-doxorubicin-in-soft-tissue-sarcoma-patie","trial","2020-07-15T00:00:00.000Z","unknown","unreviewed"
"https://clinicaltrialfailures.com/trial/NCT03245619-safety-tolerability-pharmacokinetics-and-pharmacodynamics-investigation-of-gsk33","trial","2020-06-16T00:00:00.000Z","unknown","unreviewed"
"https://clinicaltrialfailures.com/trial/NCT03135028-entospletinib-ento-as-monotherapy-and-in-combination-with-chemotherapy-in-japane","trial","2020-03-06T00:00:00.000Z","unknown","unreviewed"
"https://clinicaltrialfailures.com/trial/NCT03092791-ipv-102-safety-tolerability-and-immunogenicity-of-tak-195-in-healthy-infants-tod","trial","2020-01-31T00:00:00.000Z","unknown","unreviewed"
"https://clinicaltrialfailures.com/trial/NCT02888756-ihivarna-clinical-trial-in-hiv-infected-individuals","trial","2019-12-23T00:00:00.000Z","unknown","unreviewed"
"https://clinicaltrialfailures.com/trial/NCT01218867-car-t-cell-receptor-immunotherapy-targeting-vegfr2-for-patients-with-metastatic-","trial","2019-12-10T00:00:00.000Z","unknown","unreviewed"
"https://clinicaltrialfailures.com/trial/NCT02396732-aspirin-and-enoxaparin-for-vte-in-trauma","trial","2019-11-19T00:00:00.000Z","unknown","unreviewed"
"https://clinicaltrialfailures.com/trial/NCT03372603-a-study-to-assess-the-effectiveness-and-side-effects-of-gsk2798745-in-participan","trial","2019-10-02T00:00:00.000Z","unknown","unreviewed"
"https://clinicaltrialfailures.com/trial/NCT02711345-a-phase-i-clinical-study-with-investigational-compound-ltt462-in-adult-patients-","trial","2019-09-19T00:00:00.000Z","unknown","unreviewed"
"https://clinicaltrialfailures.com/trial/NCT02192190-a-study-of-ly2951742-in-participants-with-mild-to-moderate-osteoarthritis-knee-p","trial","2019-09-10T00:00:00.000Z","unknown","unreviewed"
"https://clinicaltrialfailures.com/trial/NCT00397878-azd0530-nsc-735464-in-treating-patients-with-previously-treated-metastatic-colon","trial","2019-08-20T00:00:00.000Z","unknown","unreviewed"
"https://clinicaltrialfailures.com/trial/NCT00687674-sorafenib-lenalidomide-and-dexamethasone-in-treating-patients-with-relapsed-or-r","trial","2019-08-20T00:00:00.000Z","unknown","unreviewed"
"https://clinicaltrialfailures.com/trial/NCT01640249-a-study-of-ly3006072-in-healthy-participants","trial","2019-08-08T00:00:00.000Z","unknown","unreviewed"
"https://clinicaltrialfailures.com/trial/NCT01813565-the-efficacy-of-additional-intravesical-instillation-of-hyaluronic-acid-chondroi","trial","2019-07-05T00:00:00.000Z","unknown","unreviewed"
"https://clinicaltrialfailures.com/trial/NCT01712945-keratinocyte-growth-factor-to-prevent-autoimmunity-after-alemtuzumab-treatment-o","trial","2019-04-30T00:00:00.000Z","unknown","unreviewed"
"https://clinicaltrialfailures.com/trial/NCT02407223-an-efficacy-and-safety-study-of-ustekinumab-in-participants-with-active-nonradio","trial","2019-03-13T00:00:00.000Z","unknown","unreviewed"
"https://clinicaltrialfailures.com/trial/NCT02957617-extension-study-to-evaluate-the-long-term-safety-tolerability-and-maintenance-of","trial","2019-02-25T00:00:00.000Z","unknown","unreviewed"
"https://clinicaltrialfailures.com/trial/NCT01420081-a-study-of-two-dual-pi3k-mtor-inhibitors-pf-04691502-and-pf-05212384-in-patients","trial","2019-01-08T00:00:00.000Z","unknown","unreviewed"
"https://clinicaltrialfailures.com/trial/NCT02334527-phase-ii-trial-of-palbociclib-in-patients-with-metastatic-urothelial-cancer-afte","trial","2018-11-16T00:00:00.000Z","unknown","unreviewed"
"https://clinicaltrialfailures.com/trial/NCT00671801-irinotecan-plus-lenalidomide-in-adult-patients-with-recurrent-glioblastoma-multi","trial","2018-11-13T00:00:00.000Z","unknown","unreviewed"
"https://clinicaltrialfailures.com/trial/NCT01439542-fastr-fairly-brief-androgen-suppression-and-stereotactic-radiotherapy-for-high-r","trial","2018-08-09T00:00:00.000Z","unknown","unreviewed"
"https://clinicaltrialfailures.com/trial/NCT01940796-phase-i-trial-of-brentuximab-vedotin-for-refractory-chronic-graft-vs-host-diseas","trial","2018-07-26T00:00:00.000Z","unknown","unreviewed"
"https://clinicaltrialfailures.com/trial/NCT00940095-clazosentan-in-aneurysmal-subarachnoid-hemorrhage","trial","2018-07-09T00:00:00.000Z","unknown","unreviewed"
"https://clinicaltrialfailures.com/trial/NCT02928445-long-term-extension-study-of-intepirdine-rvt-101-in-subjects-with-dementia-with-","trial","2018-04-18T00:00:00.000Z","unknown","unreviewed"
"https://clinicaltrialfailures.com/trial/NCT02590003-single-agent-versus-combination-chemotherapy-to-treat-high-risk-elderly-with-non","trial","2018-02-28T00:00:00.000Z","unknown","unreviewed"
"https://clinicaltrialfailures.com/trial/NCT03024944-tau-pet-imaging-in-northern-manhattan-study-of-metabolism-and-mind","trial","2017-12-29T00:00:00.000Z","unknown","unreviewed"
"https://clinicaltrialfailures.com/trial/NCT01067066-a-phase-i-study-of-tpi-287-temozolomide-combination-in-melanoma","trial","2017-07-21T00:00:00.000Z","unknown","unreviewed"
"https://clinicaltrialfailures.com/trial/NCT00637494-a-study-of-mifepristone-vs-placebo-in-the-treatment-of-patients-with-major-depre","trial","2017-06-05T00:00:00.000Z","unknown","unreviewed"
"https://clinicaltrialfailures.com/trial/NCT01719861-phase-2a-desipramine-in-small-cell-lung-cancer-and-other-high-grade-neuroendocri","trial","2017-04-17T00:00:00.000Z","unknown","unreviewed"
"https://clinicaltrialfailures.com/trial/NCT00976183-paclitaxel-carboplatin-and-vorinostat-for-the-treatment-of-advanced-stage-ovaria","trial","2017-04-10T00:00:00.000Z","unknown","unreviewed"
"https://clinicaltrialfailures.com/trial/NCT00698685-pentostatin-and-alemtuzumab-as-a-preparative-regimen-for-allogeneic-peripheral-b","trial","2017-03-31T00:00:00.000Z","unknown","unreviewed"
"https://clinicaltrialfailures.com/trial/NCT00443703-mk0518-in-the-treatment-of-hiv-infected-patients-switched-from-a-protease-inhibi","trial","2017-03-21T00:00:00.000Z","unknown","unreviewed"
"https://clinicaltrialfailures.com/trial/NCT00073008-a-study-of-oral-gw572016-in-advanced-or-metastatic-non-small-cell-lung-cancer","trial","2017-02-28T00:00:00.000Z","unknown","unreviewed"
"https://clinicaltrialfailures.com/trial/NCT00434993-drug-study-of-albuterol-to-treat-acute-lung-injury","trial","2017-02-10T00:00:00.000Z","unknown","unreviewed"
"https://clinicaltrialfailures.com/trial/NCT01600053-revlimid-as-consolidation-treatment-chronic-lymphocytic-leukemia","trial","2016-12-15T00:00:00.000Z","unknown","unreviewed"
"https://clinicaltrialfailures.com/trial/NCT01808950-efficacy-and-safety-trial-of-topical-resiquimod-gel-0-06-in-patients-with-nodula","trial","2016-06-22T00:00:00.000Z","unknown","unreviewed"
"https://clinicaltrialfailures.com/trial/NCT01688882-safety-efficacy-and-pk-pd-of-qge031-vs-placebo-in-patients-with-active-bullous-p","trial","2016-04-28T00:00:00.000Z","unknown","unreviewed"
"https://clinicaltrialfailures.com/trial/NCT01807156-phase-ii-trial-of-tivozanib-in-advanced-hepatocellular-cancer","trial","2016-04-22T00:00:00.000Z","unknown","unreviewed"
"https://clinicaltrialfailures.com/trial/NCT00967226-propranolol-versus-prednisolone-for-treatment-of-symptomatic-hemangiomas","trial","2016-02-24T00:00:00.000Z","unknown","unreviewed"
"https://clinicaltrialfailures.com/trial/NCT01697072-first-line-treatment-for-locally-advanced-or-metastatic-mesenchymal-epithelial-t","trial","2016-02-09T00:00:00.000Z","unknown","unreviewed"
"https://clinicaltrialfailures.com/trial/NCT02131506-a-study-of-lapatinib-in-combination-with-caelyx-in-patients-with-advanced-her2-p","trial","2016-02-02T00:00:00.000Z","unknown","unreviewed"
"https://clinicaltrialfailures.com/trial/NCT01425970-chronically-infected-hcv-genotype-2-and-3-treatment-naive-subjects-part-a-safety","trial","2015-11-04T00:00:00.000Z","unknown","unreviewed"
"https://clinicaltrialfailures.com/trial/NCT01033019-to-evaluate-the-safety-local-tolerability-pk-and-pd-of-lde225-on-sporadic-superf","trial","2015-10-30T00:00:00.000Z","unknown","unreviewed"
"https://clinicaltrialfailures.com/trial/NCT00166712-a-trial-of-two-steroid-free-approaches-toward-mycophenolate-mofetil-based-monoth","trial","2015-10-26T00:00:00.000Z","unknown","unreviewed"
"https://clinicaltrialfailures.com/trial/NCT01239355-mk2206-in-treating-patients-with-advanced-liver-cancer-that-did-not-respond-to-p","trial","2015-10-05T00:00:00.000Z","unknown","unreviewed"
"https://clinicaltrialfailures.com/trial/NCT01071928-second-line-docetaxel-asa404-for-advanced-urothelial-carcinoma","trial","2015-08-19T00:00:00.000Z","unknown","unreviewed"
"https://clinicaltrialfailures.com/trial/NCT00131391-a-study-of-mk0364-in-obese-patients-0364-014","trial","2015-04-03T00:00:00.000Z","unknown","unreviewed"
"https://clinicaltrialfailures.com/trial/NCT00505648-treatment-of-hypersensitivity-syndrome-dress-with-tegeline-human-immunoglobulin","trial","2015-03-24T00:00:00.000Z","unknown","unreviewed"
"https://clinicaltrialfailures.com/trial/NCT00160563-prevention-of-asthma-with-levocetirizine-36-month-treatment-in-young-children-su","trial","2015-03-03T00:00:00.000Z","unknown","unreviewed"
"https://clinicaltrialfailures.com/trial/NCT00958776-a-study-to-evaluate-the-efficacy-and-safety-of-iv-peramivir-in-addition-to-stand","trial","2015-02-12T00:00:00.000Z","unknown","unreviewed"
"https://clinicaltrialfailures.com/trial/NCT03833167-pembrolizumab-mk-3475-versus-placebo-following-surgery-and-radiation-in-particip","trial","2026-09-28T00:00:00.000Z","unknown","unreviewed"
"https://clinicaltrialfailures.com/trial/NCT06483789-efficacy-and-safety-of-hb-1-for-panic-disorder","trial","2026-09-24T00:00:00.000Z","unknown","unreviewed"
"https://clinicaltrialfailures.com/trial/NCT05267535-piromelatine-20-mg-in-participants-with-mild-dementia-due-to-alzheimer-s-disease","trial","2026-09-09T00:00:00.000Z","unknown","unreviewed"
"https://clinicaltrialfailures.com/trial/NCT07235150-a-study-to-learn-how-different-amounts-of-the-study-medicine-called-pf-07985631-","trial","2026-08-18T00:00:00.000Z","unknown","unreviewed"
"https://clinicaltrialfailures.com/trial/NCT06420297-ole-study-of-carbetocin-nasal-spray-for-the-treatment-of-hyperphagia-in-prader-w","trial","2026-08-17T00:00:00.000Z","unknown","unreviewed"
"https://clinicaltrialfailures.com/trial/NCT07014735-effect-of-hyperglycaemia-and-moxifloxacin-on-qtc-interval-in-t2dm","trial","2026-07-01T00:00:00.000Z","unknown","unreviewed"
"https://clinicaltrialfailures.com/trial/NCT01012297-gemcitabine-hydrochloride-and-docetaxel-with-or-without-bevacizumab-in-treating-","trial","2026-06-24T00:00:00.000Z","unknown","unreviewed"
"https://clinicaltrialfailures.com/trial/NCT06648655-a-study-to-investigate-the-safety-and-efficacy-of-tmp-301-compared-to-placebo-in","trial","2026-04-13T00:00:00.000Z","unknown","unreviewed"
"https://clinicaltrialfailures.com/trial/NCT05254990-reparixin-add-on-therapy-to-standard-care-to-limit-progression-in-pts-with-covid","trial","2026-02-24T00:00:00.000Z","unknown","unreviewed"
"https://clinicaltrialfailures.com/trial/NCT03866187-safety-efficacy-immunogenicity-study-of-gsk-biologicals-hbv-viral-vector-and-adj","trial","2026-02-20T00:00:00.000Z","unknown","unreviewed"
"https://clinicaltrialfailures.com/trial/NCT03875144-treatment-of-malignant-peritoneal-mesothelioma-mesotip","trial","2026-02-09T00:00:00.000Z","unknown","unreviewed"
"https://clinicaltrialfailures.com/trial/NCT04157517-a-study-of-modakafusp-alfa-tak-573-given-by-itself-and-together-with-pembrolizum","trial","2026-01-29T00:00:00.000Z","unknown","unreviewed"
"https://clinicaltrialfailures.com/trial/NCT04393038-abx464-in-treating-inflammation-and-preventing-acute-respiratory-failure-in-pati","trial","2025-11-26T00:00:00.000Z","unknown","unreviewed"
"https://clinicaltrialfailures.com/trial/NCT05584202-study-to-evaluate-the-safety-reactogenicity-and-effectiveness-of-mrna-1273-214-s","trial","2025-11-26T00:00:00.000Z","unknown","unreviewed"
"https://clinicaltrialfailures.com/trial/NCT05276492-decreasing-dosing-regimens-of-abiraterone-500-mg-in-men-with-prostate-cancer-to-","trial","2025-10-03T00:00:00.000Z","unknown","unreviewed"
"https://clinicaltrialfailures.com/trial/NCT04726592-efficacy-of-clorazepate-for-the-treatment-of-migraine-attack-in-the-emergency-ro","trial","2025-09-08T00:00:00.000Z","unknown","unreviewed"
"https://clinicaltrialfailures.com/trial/NCT06146374-safety-study-of-slv213-for-the-treatment-of-covid-19","trial","2025-07-22T00:00:00.000Z","unknown","unreviewed"
"https://clinicaltrialfailures.com/trial/NCT05281094-efficacy-and-safety-of-two-doses-of-hil-214-in-children","trial","2025-07-10T00:00:00.000Z","unknown","unreviewed"
"https://clinicaltrialfailures.com/trial/NCT06108739-atg-plus-low-dose-pt-cy-for-gvhd-prevention","trial","2025-06-03T00:00:00.000Z","unknown","unreviewed"
"https://clinicaltrialfailures.com/trial/NCT06655818-sub-study-of-belantamab-mafodotin-gsk2857916-as-monotherapy-and-in-combination-w","trial","2025-03-03T00:00:00.000Z","unknown","unreviewed"
"https://clinicaltrialfailures.com/trial/NCT01205828-abt-888-and-temozolomide-for-liver-cancer","trial","2025-02-12T00:00:00.000Z","unknown","unreviewed"
"https://clinicaltrialfailures.com/trial/NCT03332940-safety-evaluation-of-iv-tc-99m-tilmanocept-and-comparison-of-imaging-with-sulfur","trial","2024-12-24T00:00:00.000Z","unknown","unreviewed"
"https://clinicaltrialfailures.com/trial/NCT03549000-a-phase-i-ib-study-of-nzv930-alone-and-in-combination-with-pdr001-and-or-nir178-","trial","2024-12-13T00:00:00.000Z","unknown","unreviewed"
"https://clinicaltrialfailures.com/trial/NCT05979727-dose-finding-pkpd-trial-for-re02-in-healthy-subjects","trial","2024-11-27T00:00:00.000Z","unknown","unreviewed"
"https://clinicaltrialfailures.com/trial/NCT01614405-highly-active-antiretroviral-therapy-for-patients-with-primary-biliary-cirrhosis","trial","2024-11-21T00:00:00.000Z","unknown","unreviewed"
"https://clinicaltrialfailures.com/trial/NCT05947461-prevention-of-post-ercp-pancreatitis-by-indomethacin-vs-diclofenac","trial","2024-10-28T00:00:00.000Z","unknown","unreviewed"
"https://clinicaltrialfailures.com/trial/NCT03592264-a-phase-i-ii-study-of-obi-3424-in-subjects-with-advanced-solid-tumors","trial","2024-10-15T00:00:00.000Z","unknown","unreviewed"
"https://clinicaltrialfailures.com/trial/NCT01239108-study-of-sgi-1776-a-pim-kinase-inhibitor-in-subjects-with-relapsed-refractory-le","trial","2024-08-02T00:00:00.000Z","unknown","unreviewed"
"https://clinicaltrialfailures.com/trial/NCT03492164-in-vivo-parp-1-expression-with-18f-ftt-pet-ct-in-pancreatic-cancer","trial","2024-06-12T00:00:00.000Z","unknown","unreviewed"
"https://clinicaltrialfailures.com/trial/NCT02181699-study-of-khk2823-in-patients-with-acute-myeloid-leukemia-aml-and-myelodysplastic","trial","2024-04-29T00:00:00.000Z","unknown","unreviewed"
"https://clinicaltrialfailures.com/trial/NCT04458311-abiraterone-acetate-in-combination-with-tildrakizumab","trial","2024-04-25T00:00:00.000Z","unknown","unreviewed"
"https://clinicaltrialfailures.com/trial/NCT00775502-phase-1-2-study-of-anti-gm-2-monoclonal-antibody-to-treat-multiple-myeloma","trial","2024-04-25T00:00:00.000Z","unknown","unreviewed"
"https://clinicaltrialfailures.com/trial/NCT03558724-fluorescence-endoscopy-of-esophageal-carcinoma","trial","2024-04-16T00:00:00.000Z","unknown","unreviewed"
"https://clinicaltrialfailures.com/trial/NCT05071183-a-study-of-repotrectinib-in-combination-with-other-anticancer-therapies-for-the-","trial","2024-04-02T00:00:00.000Z","unknown","unreviewed"
"https://clinicaltrialfailures.com/trial/NCT04645966-a-clinical-trial-to-assess-the-safety-tolerability-and-immunogenicity-of-menabcw","trial","2024-03-25T00:00:00.000Z","unknown","unreviewed"
"https://clinicaltrialfailures.com/trial/NCT04142658-proact-xa-a-trial-to-determine-if-participants-with-an-on-x-aortic-valve-can-be-","trial","2024-03-20T00:00:00.000Z","unknown","unreviewed"
"https://clinicaltrialfailures.com/trial/NCT04809805-a-study-to-learn-how-safe-bay2666605-is-how-it-affects-the-body-how-it-moves-int","trial","2023-12-14T00:00:00.000Z","unknown","unreviewed"
"https://clinicaltrialfailures.com/trial/NCT00540995-busulfan-etoposide-and-intensity-modulated-radiation-therapy-followed-by-donor-s","trial","2023-11-30T00:00:00.000Z","unknown","unreviewed"
"https://clinicaltrialfailures.com/trial/NCT01994824-preemptive-therapy-of-gvhd","trial","2023-11-30T00:00:00.000Z","unknown","unreviewed"
"https://clinicaltrialfailures.com/trial/NCT03318861-study-to-evaluate-the-safety-and-efficacy-of-kite-585-in-participants-with-relap","trial","2023-10-19T00:00:00.000Z","unknown","unreviewed"
"https://clinicaltrialfailures.com/trial/NCT04171843-a-dose-escalation-study-to-evaluate-the-safety-and-clinical-activity-of-pbcar269","trial","2023-09-21T00:00:00.000Z","unknown","unreviewed"
"https://clinicaltrialfailures.com/trial/NCT00551759-chemotherapy-radiation-therapy-and-cetuximab-followed-by-surgery-docetaxel-and-c","trial","2023-07-03T00:00:00.000Z","unknown","unreviewed"
"https://clinicaltrialfailures.com/trial/NCT05348681-a-study-to-evaluate-rist4721-in-hidradenitis-suppurativa-hs","trial","2023-06-13T00:00:00.000Z","unknown","unreviewed"
"https://clinicaltrialfailures.com/trial/NCT04547140-study-to-evaluate-the-safety-and-efficacy-of-liquid-alpha1-proteinase-inhibitor-","trial","2023-03-22T00:00:00.000Z","unknown","unreviewed"
"https://clinicaltrialfailures.com/trial/NCT04332107-azithromycin-for-covid-19-treatment-in-outpatients-nationwide","trial","2023-03-02T00:00:00.000Z","unknown","unreviewed"
"https://clinicaltrialfailures.com/trial/NCT02834247-a-study-of-tak-659-in-combination-with-nivolumab-in-participants-with-advanced-s","trial","2023-02-08T00:00:00.000Z","unknown","unreviewed"
"https://clinicaltrialfailures.com/trial/NCT04900428-study-to-evaluate-a-single-intranasal-dose-of-sti-2099-covi-drops-in-outpatient-","trial","2023-01-30T00:00:00.000Z","unknown","unreviewed"
"https://clinicaltrialfailures.com/trial/NCT05304130-a-study-in-healthy-japanese-participants-to-evaluate-the-safety-and-pharmacokine","trial","2023-01-26T00:00:00.000Z","unknown","unreviewed"
"https://clinicaltrialfailures.com/trial/NCT04367168-colchicine-in-patients-with-mild-and-severe-coronavirus-disease","trial","2022-08-10T00:00:00.000Z","unknown","unreviewed"
"https://clinicaltrialfailures.com/trial/NCT02454855-impact-of-a-melatonin-supplementation-on-the-quality-of-life-in-elderly-metastat","trial","2022-06-13T00:00:00.000Z","unknown","unreviewed"
"https://clinicaltrialfailures.com/trial/NCT01622088-phase-3-extension-study-of-dexpramipexole-in-als","trial","2022-05-03T00:00:00.000Z","unknown","unreviewed"
"https://clinicaltrialfailures.com/trial/NCT02497612-to-evaluate-the-efficacy-safety-tolerability-and-pharmacokinetics-of-a-single-do","trial","2022-03-24T00:00:00.000Z","unknown","unreviewed"
"https://clinicaltrialfailures.com/trial/NCT05247307-efficacy-of-the-infusion-of-donor-plasma-in-covid-19-infection","trial","2022-03-07T00:00:00.000Z","unknown","unreviewed"
"https://clinicaltrialfailures.com/trial/NCT04525391-azd2811-and-durvalumab-medi4736-combination-therapy-in-relapsed-small-cell-lung-","trial","2022-02-25T00:00:00.000Z","unknown","unreviewed"
"https://clinicaltrialfailures.com/trial/NCT04653389-perioperative-therapy-for-hepatocellular-carcinoma","trial","2022-01-11T00:00:00.000Z","unknown","unreviewed"
"https://clinicaltrialfailures.com/trial/NCT04526912-treatment-and-prevention-of-acute-lung-injury-ali-in-patients-with-covid-19-infe","trial","2021-12-17T00:00:00.000Z","unknown","unreviewed"
"https://clinicaltrialfailures.com/trial/NCT02814019-a-phase-iii-double-blind-study-with-idebenone-in-patients-with-duchenne-muscular","trial","2021-12-03T00:00:00.000Z","unknown","unreviewed"
"https://clinicaltrialfailures.com/trial/NCT02895945-bax-802-in-cha-with-inhibitors","trial","2021-10-20T00:00:00.000Z","unknown","unreviewed"
"https://clinicaltrialfailures.com/trial/NCT02484547-221ad302-phase-3-study-of-aducanumab-biib037-in-early-alzheimer-s-disease","trial","2021-09-02T00:00:00.000Z","unknown","unreviewed"
"https://clinicaltrialfailures.com/trial/NCT02687815-vitamin-d-to-prevent-severe-asthma-exacerbations-vit-d-kids-asthma","trial","2021-08-12T00:00:00.000Z","unknown","unreviewed"
"https://clinicaltrialfailures.com/trial/NCT03381833-a-study-with-ljpc-401-for-the-treatment-of-myocardial-iron-overload-in-patients-","trial","2021-07-29T00:00:00.000Z","unknown","unreviewed"
"https://clinicaltrialfailures.com/trial/NCT01343823-evaluation-of-ecallantide-for-treatment-of-angiotensin-converting-enzyme-ace-inh","trial","2021-06-11T00:00:00.000Z","unknown","unreviewed"
"https://clinicaltrialfailures.com/trial/NCT03844932-a-study-evaluating-the-efficacy-and-safety-of-st-0529-in-subjects-with-moderatel","trial","2021-05-07T00:00:00.000Z","unknown","unreviewed"
"https://clinicaltrialfailures.com/trial/NCT01126216-reduced-radiotherapy-with-pac-cis-vs-standard-radiotherapy-with-5-fu-cis-in-loca","trial","2021-05-04T00:00:00.000Z","unknown","unreviewed"
"https://clinicaltrialfailures.com/trial/NCT00059202-trial-of-high-dose-urso-in-primary-sclerosing-cholangitis","trial","2021-05-03T00:00:00.000Z","unknown","unreviewed"
"https://clinicaltrialfailures.com/trial/NCT03511105-effects-of-gsk2798745-on-alveolar-barrier-disruption-in-a-segmental-lipopolysacc","trial","2021-03-29T00:00:00.000Z","unknown","unreviewed"
"https://clinicaltrialfailures.com/trial/NCT03425097-fexofenadine-use-in-gastroesophageal-reflux-symptoms","trial","2021-02-17T00:00:00.000Z","unknown","unreviewed"
"https://clinicaltrialfailures.com/trial/NCT00584779-an-open-label-pharmacokinetic-study-of-gabapentin-in-japanese-subjects-with-rena","trial","2021-02-02T00:00:00.000Z","unknown","unreviewed"
"https://clinicaltrialfailures.com/trial/NCT01145417-pregabalin-trial-in-hiv-neuropathic-pain","trial","2021-01-28T00:00:00.000Z","unknown","unreviewed"
"https://clinicaltrialfailures.com/trial/NCT03170115-induction-chemotherapy-plus-chemoradiotherapy-with-or-without-aspirin-in-high-ri","trial","2020-12-17T00:00:00.000Z","unknown","unreviewed"
"https://clinicaltrialfailures.com/trial/NCT02443337-a-study-of-ly3023414-and-necitumumab-in-squamous-lung-cancer","trial","2020-12-09T00:00:00.000Z","unknown","unreviewed"
"https://clinicaltrialfailures.com/trial/NCT01018953-study-to-assess-the-efficacy-and-safety-of-different-doses-of-bim-23a760-in-pati","trial","2020-11-20T00:00:00.000Z","unknown","unreviewed"
"https://clinicaltrialfailures.com/trial/NCT00759876-phase-2a-extension-study-of-ataluren-ptc124-in-duchenne-muscular-dystrophy-dmd","trial","2020-10-29T00:00:00.000Z","unknown","unreviewed"
"https://clinicaltrialfailures.com/trial/NCT02418754-study-of-intravitreal-regn2176-3-in-participants-with-neovascular-wet-age-relate","trial","2020-10-26T00:00:00.000Z","unknown","unreviewed"
"https://clinicaltrialfailures.com/trial/NCT02000453-safety-and-tolerability-study-of-gsk2586184-in-patients-with-moderate-to-severel","trial","2020-10-09T00:00:00.000Z","unknown","unreviewed"
"https://clinicaltrialfailures.com/trial/NCT00506948-thymoglobulin-sirolimus-and-mycophenolate-mofetil-for-prevention-of-acute-graft-","trial","2020-09-24T00:00:00.000Z","unknown","unreviewed"
"https://clinicaltrialfailures.com/trial/NCT03491150-an-open-label-crenezumab-study-in-participants-with-alzheimer-s-disease","trial","2020-07-13T00:00:00.000Z","unknown","unreviewed"
"https://clinicaltrialfailures.com/trial/NCT02609984-study-to-compare-the-safety-and-efficacy-of-cmb305-with-atezolizumab-to-atezoliz","trial","2020-07-07T00:00:00.000Z","unknown","unreviewed"
"https://clinicaltrialfailures.com/trial/NCT02503501-intranasal-glulisine-in-amnestic-mild-cognitive-impairment-and-probable-mild-alz","trial","2020-04-09T00:00:00.000Z","unknown","unreviewed"
"https://clinicaltrialfailures.com/trial/NCT04134468-mri-effects-of-pegvorhyaluronidase-alfa-pegph20-in-pancreatic-ductal-adenocarcin","trial","2020-01-31T00:00:00.000Z","unknown","unreviewed"
"https://clinicaltrialfailures.com/trial/NCT03846466-study-of-khk-4323-in-healthy-volunteers-and-subjects-with-atopic-dermatitis","trial","2020-01-28T00:00:00.000Z","unknown","unreviewed"
"https://clinicaltrialfailures.com/trial/NCT04115020-low-dose-naltrexone-for-chronic-pain-in-osteoarthritis-and-inflammatory-arthriti","trial","2020-01-09T00:00:00.000Z","unknown","unreviewed"
"https://clinicaltrialfailures.com/trial/NCT03511365-effects-of-probiotic-on-inflammation-and-microbiota-in-patients-with-nash","trial","2020-01-07T00:00:00.000Z","unknown","unreviewed"
"https://clinicaltrialfailures.com/trial/NCT02735694-cycloserine-in-the-treatment-of-sleep-apnea","trial","2019-09-17T00:00:00.000Z","unknown","unreviewed"
"https://clinicaltrialfailures.com/trial/NCT01602120-an-extension-study-to-evaluate-the-long-term-safety-of-lampalizumab-in-participa","trial","2019-09-11T00:00:00.000Z","unknown","unreviewed"
"https://clinicaltrialfailures.com/trial/NCT00439374-rct-of-progesterone-to-prevent-preterm-birth-in-nulliparous-women-with-a-short-c","trial","2019-07-15T00:00:00.000Z","unknown","unreviewed"
"https://clinicaltrialfailures.com/trial/NCT03676231-study-of-sgm-1019-in-patients-with-nonalcoholic-steatohepatitis-nash","trial","2019-07-11T00:00:00.000Z","unknown","unreviewed"
"https://clinicaltrialfailures.com/trial/NCT02120261-using-saline-for-myofascial-pain-syndromes-usamps","trial","2019-05-01T00:00:00.000Z","unknown","unreviewed"
"https://clinicaltrialfailures.com/trial/NCT00704847-efficacy-and-safety-of-oral-salmon-calcitonin-in-patients-with-knee-osteoarthrit","trial","2019-04-24T00:00:00.000Z","unknown","unreviewed"
"https://clinicaltrialfailures.com/trial/NCT03185481-safety-and-tolerability-of-pf-06649751-in-parkinson-s-disease-patients-with-moto","trial","2019-04-12T00:00:00.000Z","unknown","unreviewed"
"https://clinicaltrialfailures.com/trial/NCT01679951-a-dose-range-finding-study-of-jnj-38518168-in-patients-with-active-rheumatoid-ar","trial","2019-03-18T00:00:00.000Z","unknown","unreviewed"
"https://clinicaltrialfailures.com/trial/NCT01298505-a-study-to-investigate-the-safety-and-toleration-of-multiple-oral-doses-of-pf-03","trial","2019-02-11T00:00:00.000Z","unknown","unreviewed"
"https://clinicaltrialfailures.com/trial/NCT03067974-intranasal-ketamine-for-pediatric-procedural-sedation-a-feasibility-study","trial","2019-01-28T00:00:00.000Z","unknown","unreviewed"
"https://clinicaltrialfailures.com/trial/NCT02633800-patritumab-with-cetuximab-and-a-platinum-agent-for-squamous-cell-carcinoma-cance","trial","2019-01-07T00:00:00.000Z","unknown","unreviewed"
"https://clinicaltrialfailures.com/trial/NCT00023881-bortezomib-in-treating-patients-with-chronic-myelogenous-leukemia","trial","2018-11-14T00:00:00.000Z","unknown","unreviewed"
"https://clinicaltrialfailures.com/trial/NCT00322881-carboplatin-and-paclitaxel-in-elderly-women-with-newly-diagnosed-ovarian-periton","trial","2018-09-10T00:00:00.000Z","unknown","unreviewed"
"https://clinicaltrialfailures.com/trial/NCT00884039-anecortave-acetate-injection-to-treat-steroid-responsive-intraocular-pressure-in","trial","2018-08-14T00:00:00.000Z","unknown","unreviewed"
"https://clinicaltrialfailures.com/trial/NCT01378377-combination-trial-of-pimasertib-msc1936369b-with-temsirolimus","trial","2018-07-30T00:00:00.000Z","unknown","unreviewed"
"https://clinicaltrialfailures.com/trial/NCT01488708-on-open-label-study-in-participants-with-systemic-lupus-erythematosus","trial","2018-05-17T00:00:00.000Z","unknown","unreviewed"
"https://clinicaltrialfailures.com/trial/NCT02635074-ibrutinib-idarubicin-and-cytarabine-in-treating-patients-with-relapsed-or-refrac","trial","2018-05-14T00:00:00.000Z","unknown","unreviewed"
"https://clinicaltrialfailures.com/trial/NCT01313611-brief-bendamustine-and-rituximab-in-elderly-follicular","trial","2018-03-07T00:00:00.000Z","unknown","unreviewed"
"https://clinicaltrialfailures.com/trial/NCT00807755-everolimus-carboplatin-and-etoposide-in-treating-patients-with-small-cell-lung-c","trial","2018-01-09T00:00:00.000Z","unknown","unreviewed"
"https://clinicaltrialfailures.com/trial/NCT00625729-donor-natural-killer-cell-infusion-rituximab-aldesleukin-and-chemotherapy-in-tre","trial","2017-12-28T00:00:00.000Z","unknown","unreviewed"
"https://clinicaltrialfailures.com/trial/NCT00400205-study-of-induction-docetaxel-cisplatin-and-5-fluorouracil","trial","2017-11-06T00:00:00.000Z","unknown","unreviewed"
"https://clinicaltrialfailures.com/trial/NCT01316939-gsk1605786a-in-the-maintenance-of-remission-in-subjects-with-crohn-s-disease","trial","2017-09-07T00:00:00.000Z","unknown","unreviewed"
"https://clinicaltrialfailures.com/trial/NCT01332552-a-first-time-in-human-study-to-assess-the-safety-tolerability-pharmacokinetics-a","trial","2017-07-07T00:00:00.000Z","unknown","unreviewed"
"https://clinicaltrialfailures.com/trial/NCT00958022-carboplatin-and-etoposide-plus-lbh589-for-small-cell-lung-cancer","trial","2017-06-22T00:00:00.000Z","unknown","unreviewed"
"https://clinicaltrialfailures.com/trial/NCT01385293-bkm120-in-metastatic-castration-resistant-prostate-cancer","trial","2017-05-19T00:00:00.000Z","unknown","unreviewed"
"https://clinicaltrialfailures.com/trial/NCT02289482-a-single-dose-pharmacokinetic-pk-and-safety-study-of-gsk2838232-with-and-without","trial","2017-05-15T00:00:00.000Z","unknown","unreviewed"
"https://clinicaltrialfailures.com/trial/NCT00936520-sar-1118-in-human-subjects-undergoing-pars-plana-vitrectomy","trial","2017-05-10T00:00:00.000Z","unknown","unreviewed"
"https://clinicaltrialfailures.com/trial/NCT02396225-concentrations-of-voriconazole-in-blood-and-bal-fluid-after-inhalation-and-oral-","trial","2017-05-09T00:00:00.000Z","unknown","unreviewed"
"https://clinicaltrialfailures.com/trial/NCT01813838-gfm-acadesine-a-phase-i-ii-trial-of-acadesine","trial","2016-11-08T00:00:00.000Z","unknown","unreviewed"
"https://clinicaltrialfailures.com/trial/NCT02862145-pharmacodynamics-study-of-mrx34-microrna-liposomal-injection-in-melanoma-patient","trial","2016-09-27T00:00:00.000Z","unknown","unreviewed"
"https://clinicaltrialfailures.com/trial/NCT02872649-dabigatran-as-an-alternative-anticoagulant-in-patients-with-left-ventricular-ass","trial","2016-08-19T00:00:00.000Z","unknown","unreviewed"
"https://clinicaltrialfailures.com/trial/NCT01528137-talactoferrin-in-treating-patients-with-relapsed-or-refractory-non-small-cell-lu","trial","2016-08-02T00:00:00.000Z","unknown","unreviewed"
"https://clinicaltrialfailures.com/trial/NCT00574275-aflibercept-compared-to-placebo-in-term-of-efficacy-in-patients-treated-with-gem","trial","2016-06-07T00:00:00.000Z","unknown","unreviewed"
"https://clinicaltrialfailures.com/trial/NCT01668173-hsp90-inhibitor-auy922-in-patients-with-primary-myelofibrosis-pmf-post-polycythe","trial","2016-05-23T00:00:00.000Z","unknown","unreviewed"
"https://clinicaltrialfailures.com/trial/NCT00567879-a-trial-of-panobinostat-and-trastuzumab-for-adult-female-patients-with-her2-posi","trial","2016-05-09T00:00:00.000Z","unknown","unreviewed"
"https://clinicaltrialfailures.com/trial/NCT01518153-planned-donor-lymphocyte-infusion-dli-after-allogeneic-stem-cell-transplantation","trial","2016-03-17T00:00:00.000Z","unknown","unreviewed"
"https://clinicaltrialfailures.com/trial/NCT00523328-bg9924-in-combination-with-methotrexate-extension-of-study-104ra203-nct-00458861","trial","2016-01-21T00:00:00.000Z","unknown","unreviewed"
"https://clinicaltrialfailures.com/trial/NCT00660036-phase-i-ii-study-of-mitoxantrone-etoposide-and-gemtuzumab-ozogamicin-for-acute-m","trial","2016-01-15T00:00:00.000Z","unknown","unreviewed"
"https://clinicaltrialfailures.com/trial/NCT01716546-trial-of-panitumumab-cisplatin-fluourouracil-and-docetaxel-in-locally-advanced-o","trial","2015-10-08T00:00:00.000Z","unknown","unreviewed"
"https://clinicaltrialfailures.com/trial/NCT00088907-phase-iii-trial-of-docetaxel-versus-docetaxel-plus-zd1839-in-head-and-neck-cance","trial","2015-05-06T00:00:00.000Z","unknown","unreviewed"
"https://clinicaltrialfailures.com/trial/NCT00449865-net-pd-ls-1-creatine-in-parkinson-s-disease","trial","2015-04-02T00:00:00.000Z","unknown","unreviewed"
"https://clinicaltrialfailures.com/trial/NCT00131404-a-two-year-safety-and-efficacy-study-in-obese-patients-0364-015-terminated","trial","2015-02-05T00:00:00.000Z","unknown","unreviewed"
"https://clinicaltrialfailures.com/trial/NCT01537861-filgrastim-in-treating-patients-with-bortezomib-carfilzomib-or-imid-refractory-m","trial","2015-01-26T00:00:00.000Z","unknown","unreviewed"
"https://clinicaltrialfailures.com/trial/NCT00509249-aflibercept-in-treating-patients-with-myelodysplastic-syndromes","trial","2015-01-08T00:00:00.000Z","unknown","unreviewed"
"https://clinicaltrialfailures.com/trial/NCT02354014-pharmacokinetic-study-to-evaluate-anti-mycobacterial-activity-of-tmc207-in-combi","trial","2026-09-17T00:00:00.000Z","unknown","unreviewed"
"https://clinicaltrialfailures.com/trial/NCT07656792-a-study-in-japanese-healthy-men-to-test-how-well-different-doses-of-bi-3031185-a","trial","2026-08-19T00:00:00.000Z","unknown","unreviewed"
"https://clinicaltrialfailures.com/trial/NCT06916702-a-study-to-test-how-well-different-doses-of-bi-3031185-are-tolerated-by-healthy-","trial","2026-08-19T00:00:00.000Z","unknown","unreviewed"
"https://clinicaltrialfailures.com/trial/NCT07218770-a-study-of-regn7041-for-active-noninfectious-uveitis-in-adult-participants","trial","2026-08-17T00:00:00.000Z","unknown","unreviewed"
"https://clinicaltrialfailures.com/trial/NCT05083481-a-study-of-asp1570-taken-by-itself-or-asp1570-taken-together-with-either-pembrol","trial","2026-08-14T00:00:00.000Z","unknown","unreviewed"
"https://clinicaltrialfailures.com/trial/NCT04193878-arrest-respiratory-failure-from-pneumonia","trial","2026-08-06T00:00:00.000Z","unknown","unreviewed"
"https://clinicaltrialfailures.com/trial/NCT05081180-study-of-avelumab-in-combination-with-lenvatinib-for-children-with-primary-cns-t","trial","2026-07-29T00:00:00.000Z","unknown","unreviewed"
"https://clinicaltrialfailures.com/trial/NCT03631199-study-of-efficacy-and-safety-of-pembrolizumab-plus-platinum-based-doublet-chemot","trial","2026-06-17T00:00:00.000Z","unknown","unreviewed"
"https://clinicaltrialfailures.com/trial/NCT04955743-pembrolizumab-and-lenvatinib-in-patients-with-brain-metastases-from-melanoma-or-","trial","2026-06-04T00:00:00.000Z","unknown","unreviewed"
"https://clinicaltrialfailures.com/trial/NCT06312020-a-phase-2-study-to-investigate-efficacy-and-safety-of-hzn-1116-in-participants-w","trial","2026-05-08T00:00:00.000Z","unknown","unreviewed"
"https://clinicaltrialfailures.com/trial/NCT07134556-phase-ii-trial-evaluating-the-safety-and-efficacy-of-the-combination-of-zimberel","trial","2026-05-01T00:00:00.000Z","unknown","unreviewed"
"https://clinicaltrialfailures.com/trial/NCT01453140-in-vivo-regulatory-t-cell-enhancement-with-cyclophosphamide-and-sirolimus","trial","2026-04-08T00:00:00.000Z","unknown","unreviewed"
"https://clinicaltrialfailures.com/trial/NCT02997332-durvalumab-in-combination-with-docetaxel-cisplatin-and-5-fu-for-locally-advanced","trial","2026-03-23T00:00:00.000Z","unknown","unreviewed"
"https://clinicaltrialfailures.com/trial/NCT04338269-a-study-of-atezolizumab-in-combination-with-cabozantinib-compared-to-cabozantini","trial","2026-03-19T00:00:00.000Z","unknown","unreviewed"
"https://clinicaltrialfailures.com/trial/NCT06137183-a-study-to-evaluate-the-efficacy-safety-and-pharmacokinetics-of-vixarelimab-in-p","trial","2026-02-24T00:00:00.000Z","unknown","unreviewed"
"https://clinicaltrialfailures.com/trial/NCT04345692-a-randomized-controlled-clinical-trial-hydroxychloroquine-for-the-treatment-of-c","trial","2026-02-06T00:00:00.000Z","unknown","unreviewed"
"https://clinicaltrialfailures.com/trial/NCT06649682-68ga-nym096-177lu-nym096-in-metastatic-ccrcc","trial","2025-12-31T00:00:00.000Z","unknown","unreviewed"
"https://clinicaltrialfailures.com/trial/NCT04973137-a-study-to-evaluate-the-efficacy-and-safety-of-birtamimab-in-mayo-stage-iv-patie","trial","2025-12-16T00:00:00.000Z","unknown","unreviewed"
"https://clinicaltrialfailures.com/trial/NCT03940690-interest-of-intravitreal-injections-of-anti-vegf-as-initial-and-adjuvant-treatme","trial","2025-12-10T00:00:00.000Z","unknown","unreviewed"
"https://clinicaltrialfailures.com/trial/NCT04188509-open-label-extension-of-voxelotor","trial","2025-11-13T00:00:00.000Z","unknown","unreviewed"
"https://clinicaltrialfailures.com/trial/NCT04644185-the-efficacy-and-safety-of-scta01-in-hospitalized-patients-with-severe-covid-19","trial","2025-10-24T00:00:00.000Z","unknown","unreviewed"
"https://clinicaltrialfailures.com/trial/NCT05630547-a-study-to-evaluate-the-effect-of-sar443820-on-serum-neurofilament-levels-in-mal","trial","2025-10-15T00:00:00.000Z","unknown","unreviewed"
"https://clinicaltrialfailures.com/trial/NCT03522142-a-study-exploring-the-safety-and-tolerability-of-incb081776-in-participants-with","trial","2025-10-09T00:00:00.000Z","unknown","unreviewed"
"https://clinicaltrialfailures.com/trial/NCT04643158-efficacy-and-safety-of-inhaled-azd1402-administered-for-four-weeks-in-adults-wit","trial","2025-08-28T00:00:00.000Z","unknown","unreviewed"
"https://clinicaltrialfailures.com/trial/NCT05420636-iadademstat-in-combination-with-paclitaxel-in-relapsed-refractory-sclc-and-extra","trial","2025-07-30T00:00:00.000Z","unknown","unreviewed"
"https://clinicaltrialfailures.com/trial/NCT05677659-a-study-of-vgl101-in-patients-with-adult-onset-leukoencephalopathy-with-axonal-s","trial","2025-06-11T00:00:00.000Z","unknown","unreviewed"
"https://clinicaltrialfailures.com/trial/NCT01551446-pilot-assessment-of-the-effects-of-bardoxolone-methyl-on-renal-perfusion-systemi","trial","2025-05-29T00:00:00.000Z","unknown","unreviewed"
"https://clinicaltrialfailures.com/trial/NCT04347226-anti-interleukin-8-anti-il-8-for-patients-with-covid-19","trial","2025-05-22T00:00:00.000Z","unknown","unreviewed"
"https://clinicaltrialfailures.com/trial/NCT03633747-efficacy-evaluation-of-propranolol-treatment-of-hepatic-hemangioma","trial","2025-05-22T00:00:00.000Z","unknown","unreviewed"
"https://clinicaltrialfailures.com/trial/NCT04579666-meridian-a-study-to-evaluate-the-efficacy-and-safety-of-pegcetacoplan-in-adults-","trial","2025-04-24T00:00:00.000Z","unknown","unreviewed"
"https://clinicaltrialfailures.com/trial/NCT03290196-the-effect-of-exparel-on-postsurgical-pain-and-the-use-of-narcotics","trial","2025-03-30T00:00:00.000Z","unknown","unreviewed"
"https://clinicaltrialfailures.com/trial/NCT03871829-daratumumab-retreatment-in-participants-with-multiple-myeloma-who-have-been-prev","trial","2025-03-30T00:00:00.000Z","unknown","unreviewed"
"https://clinicaltrialfailures.com/trial/NCT00742482-efficacy-and-safety-of-3-doses-of-hl10-given-at-fixed-time-intervals-compared-to","trial","2025-02-24T00:00:00.000Z","unknown","unreviewed"
"https://clinicaltrialfailures.com/trial/NCT04314713-a-study-to-evaluate-the-intramuscular-administration-of-scopolamine","trial","2025-02-19T00:00:00.000Z","unknown","unreviewed"
"https://clinicaltrialfailures.com/trial/NCT04858451-community-patients-at-risk-of-viral-infections-including-sars-cov-2","trial","2025-01-31T00:00:00.000Z","unknown","unreviewed"
"https://clinicaltrialfailures.com/trial/NCT03248479-magrolimab-monotherapy-or-magrolimab-in-combination-with-azacitidine-in-particip","trial","2025-01-17T00:00:00.000Z","unknown","unreviewed"
"https://clinicaltrialfailures.com/trial/NCT03809624-study-of-inbrx-105-and-inbrx-105-with-pembrolizumab-in-patients-with-solid-tumor","trial","2024-10-23T00:00:00.000Z","unknown","unreviewed"
"https://clinicaltrialfailures.com/trial/NCT02592863-trental-for-the-treatment-of-vertigo-dizziness-imbalance","trial","2024-10-15T00:00:00.000Z","unknown","unreviewed"
"https://clinicaltrialfailures.com/trial/NCT05016661-extension-study-of-abp-20001-to-evaluate-safety-and-efficacy-of-repeat-treatment","trial","2024-09-20T00:00:00.000Z","unknown","unreviewed"
"https://clinicaltrialfailures.com/trial/NCT05253209-a-study-evaluating-the-efficacy-and-safety-of-iv-l-citrulline-for-the-prevention","trial","2024-09-19T00:00:00.000Z","unknown","unreviewed"
"https://clinicaltrialfailures.com/trial/NCT04611152-a-trial-to-evaluate-the-efficacy-durability-and-safety-of-ksi-301-compared-to-af","trial","2024-08-22T00:00:00.000Z","unknown","unreviewed"
"https://clinicaltrialfailures.com/trial/NCT03715166-efficacy-and-safety-of-bumetanide-oral-liquid-formulation-in-children-and-adoles","trial","2024-07-25T00:00:00.000Z","unknown","unreviewed"
"https://clinicaltrialfailures.com/trial/NCT03176277-a-study-of-ono-7475-in-patients-with-acute-leukemias","trial","2024-07-15T00:00:00.000Z","unknown","unreviewed"
"https://clinicaltrialfailures.com/trial/NCT05723731-effect-of-transcutaneous-auricular-vagal-nerve-stimulation-on-chronic-constipati","trial","2024-07-10T00:00:00.000Z","unknown","unreviewed"
"https://clinicaltrialfailures.com/trial/NCT03770455-avelumab-plus-2nd-generation-adt-in-african-american-subjects-with-mcrpc","trial","2024-07-09T00:00:00.000Z","unknown","unreviewed"
"https://clinicaltrialfailures.com/trial/NCT01670994-quilt-3-020-a-study-of-alt-801-in-patients-with-relapsed-or-refractory-multiple-","trial","2024-06-18T00:00:00.000Z","unknown","unreviewed"
"https://clinicaltrialfailures.com/trial/NCT03621982-study-of-adct-301-in-patients-with-selected-advanced-solid-tumors","trial","2024-06-13T00:00:00.000Z","unknown","unreviewed"
"https://clinicaltrialfailures.com/trial/NCT04411472-revival-study-to-investigate-the-efficacy-and-safety-of-alkaline-phosphatase-in-","trial","2024-06-03T00:00:00.000Z","unknown","unreviewed"
"https://clinicaltrialfailures.com/trial/NCT01440595-grazoprevir-mk-5172-with-peg-interferon-and-ribavirin-in-participants-with-chron","trial","2024-05-22T00:00:00.000Z","unknown","unreviewed"
"https://clinicaltrialfailures.com/trial/NCT05101915-study-of-a-nebulised-nitric-oxide-generating-solution-in-patients-with-mycobacte","trial","2024-05-10T00:00:00.000Z","unknown","unreviewed"
"https://clinicaltrialfailures.com/trial/NCT03428945-hydroxychloroquine-in-individuals-at-risk-for-type-1-diabetes-mellitus","trial","2024-04-09T00:00:00.000Z","unknown","unreviewed"
"https://clinicaltrialfailures.com/trial/NCT05128539-a-study-explore-js001-js002-in-patients-with-advanced-cancer","trial","2024-03-26T00:00:00.000Z","unknown","unreviewed"
"https://clinicaltrialfailures.com/trial/NCT03198559-combination-latency-reversal-with-high-dose-disulfiram-plus-vorinostat-in-hiv-in","trial","2024-02-09T00:00:00.000Z","unknown","unreviewed"
"https://clinicaltrialfailures.com/trial/NCT04333147-long-term-safety-and-efficacy-of-gsk3196165-otilimab-in-the-treatment-of-rheumat","trial","2024-02-07T00:00:00.000Z","unknown","unreviewed"
"https://clinicaltrialfailures.com/trial/NCT04663126-feasibility-of-iv-tc-99m-tilmanocept-for-imaging-of-m2-like-tams-in-metastatic-m","trial","2023-12-13T00:00:00.000Z","unknown","unreviewed"
"https://clinicaltrialfailures.com/trial/NCT04539483-monoclonal-antibody-therapy-against-chronic-herpes-simplex-virus-1-infection","trial","2023-09-25T00:00:00.000Z","unknown","unreviewed"
"https://clinicaltrialfailures.com/trial/NCT03852628-kappa-opioid-receptor-antagonism-for-the-tx-of-aud-and-comorbid-ptsd","trial","2023-09-14T00:00:00.000Z","unknown","unreviewed"
"https://clinicaltrialfailures.com/trial/NCT03450707-thiamine-as-a-metabolic-resuscitator-after-cardiac-arrest","trial","2023-08-24T00:00:00.000Z","unknown","unreviewed"
"https://clinicaltrialfailures.com/trial/NCT03762265-a-study-of-prn1008-in-patients-with-pemphigus","trial","2023-08-02T00:00:00.000Z","unknown","unreviewed"
"https://clinicaltrialfailures.com/trial/NCT04556383-a-study-with-gb004-in-adult-subjects-with-active-ulcerative-colitis-uc","trial","2023-08-01T00:00:00.000Z","unknown","unreviewed"
"https://clinicaltrialfailures.com/trial/NCT01784159-aspirin-for-patients-with-sepsis-and-septic-shock","trial","2023-07-13T00:00:00.000Z","unknown","unreviewed"
"https://clinicaltrialfailures.com/trial/NCT05194839-a-phase-2b-study-to-evaluate-rist4721-in-palmoplantar-pustulosis-ppp","trial","2023-06-29T00:00:00.000Z","unknown","unreviewed"
"https://clinicaltrialfailures.com/trial/NCT03509584-phase-i-multicenter-trial-combining-nivolumab-ipilimumab-and-hypo-fractionated-r","trial","2023-06-15T00:00:00.000Z","unknown","unreviewed"
"https://clinicaltrialfailures.com/trial/NCT04365400-assess-efficacy-and-safety-of-epeleuton-in-patients-with-hypertriglyceridemia-an","trial","2023-06-12T00:00:00.000Z","unknown","unreviewed"
"https://clinicaltrialfailures.com/trial/NCT05411679-ep0057-in-combination-with-olaparib-in-relapsed-advanced-gastric-cancer-and-smal","trial","2023-06-12T00:00:00.000Z","unknown","unreviewed"
"https://clinicaltrialfailures.com/trial/NCT03715153-efficacy-and-safety-of-bumetanide-oral-liquid-formulation-in-children-aged-from-","trial","2023-06-05T00:00:00.000Z","unknown","unreviewed"
"https://clinicaltrialfailures.com/trial/NCT04648020-clonidine-hcl-mbt-vs-placebo-to-prevent-chemoradiotherapy-induced-severe-oral-mu","trial","2023-05-31T00:00:00.000Z","unknown","unreviewed"
"https://clinicaltrialfailures.com/trial/NCT02994771-a-phase-i-study-with-lymfactin-in-the-treatment-of-patients-with-secondary-lymph","trial","2023-04-24T00:00:00.000Z","unknown","unreviewed"
"https://clinicaltrialfailures.com/trial/NCT04288856-study-to-assess-the-safety-tolerability-pharmacokinetics-and-effect-on-disease-p","trial","2023-04-18T00:00:00.000Z","unknown","unreviewed"
"https://clinicaltrialfailures.com/trial/NCT01709136-pharmacokinetics-of-sirolimus-and-tacrolimus-in-liver-transplant-recipients-with","trial","2023-03-30T00:00:00.000Z","unknown","unreviewed"
"https://clinicaltrialfailures.com/trial/NCT03982173-basket-trial-for-combination-therapy-with-durvalumab-anti-pdl1-medi4736-and-trem","trial","2023-01-26T00:00:00.000Z","unknown","unreviewed"
"https://clinicaltrialfailures.com/trial/NCT04327505-safety-and-efficacy-of-hyperbaric-oxygen-for-ards-in-patients-with-covid-19","trial","2023-01-09T00:00:00.000Z","unknown","unreviewed"
"https://clinicaltrialfailures.com/trial/NCT01005914-pegaspargase-and-combination-chemotherapy-in-treating-patients-with-newly-diagno","trial","2023-01-06T00:00:00.000Z","unknown","unreviewed"
"https://clinicaltrialfailures.com/trial/NCT03998293-direct-measurement-of-proinsulin-clearance-in-humans","trial","2022-12-15T00:00:00.000Z","unknown","unreviewed"
"https://clinicaltrialfailures.com/trial/NCT00520533-study-of-safety-and-functional-imaging-of-cg250-and-sunitinib-in-patients-with-a","trial","2022-10-12T00:00:00.000Z","unknown","unreviewed"
"https://clinicaltrialfailures.com/trial/NCT00293215-biodistribution-study-of-cmd-193-in-patients-with-advanced-tumours-expressing-th","trial","2022-10-10T00:00:00.000Z","unknown","unreviewed"
"https://clinicaltrialfailures.com/trial/NCT04022876-a-study-of-alrn-6924-for-the-prevention-of-chemotherapy-induced-side-effects-che","trial","2022-10-10T00:00:00.000Z","unknown","unreviewed"
"https://clinicaltrialfailures.com/trial/NCT04523090-catalysing-the-containment-of-covid-19","trial","2022-08-16T00:00:00.000Z","unknown","unreviewed"
"https://clinicaltrialfailures.com/trial/NCT02413138-versartis-trial-in-pre-pubertal-japanese-children-with-growth-hormone-deficiency","trial","2022-07-25T00:00:00.000Z","unknown","unreviewed"
"https://clinicaltrialfailures.com/trial/NCT01773395-gvax-vs-placebo-for-mds-aml-after-allo-hsct","trial","2022-07-18T00:00:00.000Z","unknown","unreviewed"
"https://clinicaltrialfailures.com/trial/NCT02228304-study-of-the-intravitreal-implantation-of-nt-503-3-encapsulated-cell-technology-","trial","2022-07-18T00:00:00.000Z","unknown","unreviewed"
"https://clinicaltrialfailures.com/trial/NCT01037907-a-study-of-orally-administered-bgc20-0134-structured-lipid-in-patients-with-rela","trial","2022-06-03T00:00:00.000Z","unknown","unreviewed"
"https://clinicaltrialfailures.com/trial/NCT02999633-safety-and-efficacy-of-isatuximab-in-lymphoblastic-leukemia","trial","2022-03-21T00:00:00.000Z","unknown","unreviewed"
"https://clinicaltrialfailures.com/trial/NCT04529499-clinical-trial-evaluating-the-efficacy-and-safety-of-favipiravir-in-moderate-to-","trial","2022-03-21T00:00:00.000Z","unknown","unreviewed"
"https://clinicaltrialfailures.com/trial/NCT03787095-safety-and-immunotherapeutic-activity-of-an-anti-pd-1-antibody-cemiplimab-in-par","trial","2022-03-02T00:00:00.000Z","unknown","unreviewed"
"https://clinicaltrialfailures.com/trial/NCT00740181-decitabine-cytarabine-gcsf-for-refractory-aml-mds","trial","2022-01-14T00:00:00.000Z","unknown","unreviewed"
"https://clinicaltrialfailures.com/trial/NCT04278872-phase-2-study-of-sjx-653-in-postmenopausal-women-with-moderate-to-severe-vasomot","trial","2022-01-11T00:00:00.000Z","unknown","unreviewed"
"https://clinicaltrialfailures.com/trial/NCT03589976-a-futility-trial-of-sirolimus-in-multiple-system-atrophy","trial","2021-12-07T00:00:00.000Z","unknown","unreviewed"
"https://clinicaltrialfailures.com/trial/NCT03603288-phase-iii-study-with-idebenone-in-patients-with-duchenne-muscular-dystrophy-side","trial","2021-12-03T00:00:00.000Z","unknown","unreviewed"
"https://clinicaltrialfailures.com/trial/NCT05018975-tazemetostat-for-the-treatment-of-moderate-to-severe-covid-19-infection","trial","2021-11-22T00:00:00.000Z","unknown","unreviewed"
"https://clinicaltrialfailures.com/trial/NCT01131351-safety-and-pharmacokinetics-pk-in-multidrug-resistant-mdr-refractive-tuberculosi","trial","2021-11-11T00:00:00.000Z","unknown","unreviewed"
"https://clinicaltrialfailures.com/trial/NCT03883607-elafibranor-pk-and-safety-in-children-and-adolescents-8-to-17-years-of-age-with-","trial","2021-10-28T00:00:00.000Z","unknown","unreviewed"
"https://clinicaltrialfailures.com/trial/NCT01110876-phase-i-ii-vorinostat-erlotinib-and-temozolomide-for-recurrent-glioblastoma-mult","trial","2021-08-25T00:00:00.000Z","unknown","unreviewed"
"https://clinicaltrialfailures.com/trial/NCT00681811-open-label-extension-study-of-recombinant-human-arylsulfatase-a-hgt-1111-in-late","trial","2021-06-08T00:00:00.000Z","unknown","unreviewed"
"https://clinicaltrialfailures.com/trial/NCT02117466-image-guided-treatment-optimization-with-cetuximab-for-patients-with-metastatic-","trial","2021-04-14T00:00:00.000Z","unknown","unreviewed"
"https://clinicaltrialfailures.com/trial/NCT01055067-arq-197-for-participants-with-relapsed-or-refractory-germ-cell-tumors","trial","2021-04-06T00:00:00.000Z","unknown","unreviewed"
"https://clinicaltrialfailures.com/trial/NCT03340883-safety-and-tolerability-of-bion-1301-in-adults-with-relapsed-or-refractory-multi","trial","2021-04-01T00:00:00.000Z","unknown","unreviewed"
"https://clinicaltrialfailures.com/trial/NCT02822482-copanlisib-in-association-with-cetuximab-in-patients-with-recurrent-and-or-metas","trial","2021-03-29T00:00:00.000Z","unknown","unreviewed"
"https://clinicaltrialfailures.com/trial/NCT03696212-grapiprant-ary-007-and-pembrolizumab-in-patients-with-advanced-or-metastatic-pos","trial","2021-02-21T00:00:00.000Z","unknown","unreviewed"
"https://clinicaltrialfailures.com/trial/NCT02956629-efficacy-and-safety-of-uprifosbuvir-mk-3682-ruzasvir-mk-8408-in-treating-hepatit","trial","2021-02-02T00:00:00.000Z","unknown","unreviewed"
"https://clinicaltrialfailures.com/trial/NCT03041116-efficacy-and-safety-study-of-fosmetpantotenate-re-024-in-pkan-participants","trial","2021-01-26T00:00:00.000Z","unknown","unreviewed"
"https://clinicaltrialfailures.com/trial/NCT03262038-does-iv-ondansetron-prevent-pruritus-after-intrathecal-morphine-in-pediatric-pat","trial","2021-01-19T00:00:00.000Z","unknown","unreviewed"
"https://clinicaltrialfailures.com/trial/NCT01268059-a-study-of-carboplatin-and-paclitaxel-with-or-without-medi-575-in-untreated-adva","trial","2020-12-23T00:00:00.000Z","unknown","unreviewed"
"https://clinicaltrialfailures.com/trial/NCT04066647-detection-of-mirnas-in-hpa-axis-function-in-healthy-subjects","trial","2020-07-17T00:00:00.000Z","unknown","unreviewed"
"https://clinicaltrialfailures.com/trial/NCT02960217-crossover-study-to-assess-the-efficacy-and-safety-of-ux007-in-the-treatment-of-m","trial","2020-06-16T00:00:00.000Z","unknown","unreviewed"
"https://clinicaltrialfailures.com/trial/NCT04044378-famitinib-plus-camrelizumab-and-famitinib-alone-and-famitinib-plus-ifosfamide-in","trial","2020-05-19T00:00:00.000Z","unknown","unreviewed"
"https://clinicaltrialfailures.com/trial/NCT00566111-ceftriaxone-in-the-management-of-bipolar-depression","trial","2020-03-31T00:00:00.000Z","unknown","unreviewed"
"https://clinicaltrialfailures.com/trial/NCT03055195-efficacy-and-safety-study-of-mepolizumab-in-subjects-with-moderate-to-severe-ato","trial","2020-02-25T00:00:00.000Z","unknown","unreviewed"
"https://clinicaltrialfailures.com/trial/NCT01669720-adjuvant-aflibercept-for-metastatic-colorectal-cancer","trial","2020-02-17T00:00:00.000Z","unknown","unreviewed"
"https://clinicaltrialfailures.com/trial/NCT01475162-tocilizumab-for-treatment-of-steroid-refractory-acute-graft-versus-host-disease","trial","2020-02-17T00:00:00.000Z","unknown","unreviewed"
"https://clinicaltrialfailures.com/trial/NCT02867280-sorafenib-treatment-in-patients-with-hepatocellular-carcinoma-with-microvascular","trial","2020-02-11T00:00:00.000Z","unknown","unreviewed"
"https://clinicaltrialfailures.com/trial/NCT00754013-evaluating-the-efficacy-and-safety-of-donepezil-hydrochloride-aricept-in-the-tre","trial","2020-01-28T00:00:00.000Z","unknown","unreviewed"
"https://clinicaltrialfailures.com/trial/NCT03168594-study-to-compare-irinotecan-combined-with-cisplatin-ip-versus-etoposide-combined","trial","2020-01-22T00:00:00.000Z","unknown","unreviewed"
"https://clinicaltrialfailures.com/trial/NCT00334685-s-s-reboxetine-add-on-trial","trial","2019-12-16T00:00:00.000Z","unknown","unreviewed"
"https://clinicaltrialfailures.com/trial/NCT00985946-study-of-panobinostat-in-patients-with-neuroendocrine-tumors","trial","2019-12-09T00:00:00.000Z","unknown","unreviewed"
"https://clinicaltrialfailures.com/trial/NCT02783573-a-study-of-lanabecestat-ly3314814-in-participants-with-mild-alzheimer-s-disease-","trial","2019-12-03T00:00:00.000Z","unknown","unreviewed"
"https://clinicaltrialfailures.com/trial/NCT00230490-open-label-treatment-extension-study-for-patients-who-complete-study-rna200103-2","trial","2019-11-29T00:00:00.000Z","unknown","unreviewed"
"https://clinicaltrialfailures.com/trial/NCT01729104-phase-i-ii-carfilzomib-plus-lenalidomide-and-rituximab-in-the-treatment-of-relap","trial","2019-10-22T00:00:00.000Z","unknown","unreviewed"
"https://clinicaltrialfailures.com/trial/NCT03329885-a-study-of-experimental-medication-bms-986251-taken-by-mouth-in-healthy-particip","trial","2019-10-21T00:00:00.000Z","unknown","unreviewed"
"https://clinicaltrialfailures.com/trial/NCT02657369-a-phase-2-trial-of-lenvatinib-for-the-treatment-of-anaplastic-thyroid-cancer-atc","trial","2019-10-15T00:00:00.000Z","unknown","unreviewed"
"https://clinicaltrialfailures.com/trial/NCT03494231-a-study-of-hlx06-a-humanized-monoclonal-antibody-targeting-human-vascular-endoth","trial","2019-07-30T00:00:00.000Z","unknown","unreviewed"
"https://clinicaltrialfailures.com/trial/NCT03082833-phase-ii-trial-of-azd2014-in-tsc1-2-mutated-or-tsc1-2-null-gc-patients-as-second","trial","2019-05-20T00:00:00.000Z","unknown","unreviewed"
"https://clinicaltrialfailures.com/trial/NCT03335254-a-phase-1-2a-study-to-determine-the-dose-response-pharmacokinetics-of-tsx-011-te","trial","2019-05-16T00:00:00.000Z","unknown","unreviewed"
"https://clinicaltrialfailures.com/trial/NCT02929498-safety-clinical-activity-pharmacokinetics-pk-and-pharmacodynamics-study-of-gsk28","trial","2019-05-14T00:00:00.000Z","unknown","unreviewed"
"https://clinicaltrialfailures.com/trial/NCT03051607-safety-and-tolerability-of-tozadenant-as-adjunctive-therapy-in-levodopa-treated-","trial","2019-05-03T00:00:00.000Z","unknown","unreviewed"
"https://clinicaltrialfailures.com/trial/NCT02418000-a-study-of-e6201-for-the-treatment-of-advanced-hematologic-malignancies-with-flt","trial","2019-03-20T00:00:00.000Z","unknown","unreviewed"
"https://clinicaltrialfailures.com/trial/NCT01025882-margin-intense-combo-therapy-in-pts-w-potentially-resectable-pancreatic-cancer","trial","2019-02-05T00:00:00.000Z","unknown","unreviewed"
"https://clinicaltrialfailures.com/trial/NCT01394003-a-study-of-ly2584702-in-participants-with-advanced-cancer","trial","2019-01-18T00:00:00.000Z","unknown","unreviewed"
"https://clinicaltrialfailures.com/trial/NCT03222622-study-of-icotinib-hydrochloride-cream-in-patients-with-mild-to-moderate-psoriasi","trial","2018-11-14T00:00:00.000Z","unknown","unreviewed"
"https://clinicaltrialfailures.com/trial/NCT00796510-study-providing-monotherapy-sitaxsentan-and-combination-therapy-sitaxsentan-sild","trial","2018-10-25T00:00:00.000Z","unknown","unreviewed"
"https://clinicaltrialfailures.com/trial/NCT02496598-in-vitro-follicle-activation","trial","2018-08-29T00:00:00.000Z","unknown","unreviewed"
"https://clinicaltrialfailures.com/trial/NCT03200080-a-study-to-determine-the-abuse-potential-of-tozadenant-relative-to-d-amphetamine","trial","2018-08-13T00:00:00.000Z","unknown","unreviewed"
"https://clinicaltrialfailures.com/trial/NCT00428116-optimizing-pediatric-hiv-1-treatment-nairobi-kenya","trial","2018-07-26T00:00:00.000Z","unknown","unreviewed"
"https://clinicaltrialfailures.com/trial/NCT01582672-phase-3-trial-of-autologous-dendritic-cell-immunotherapy-plus-standard-treatment","trial","2018-06-14T00:00:00.000Z","unknown","unreviewed"
"https://clinicaltrialfailures.com/trial/NCT02454608-trial-of-verapamil-in-chronic-rhinosinusitis","trial","2018-06-14T00:00:00.000Z","unknown","unreviewed"
"https://clinicaltrialfailures.com/trial/NCT01561430-study-of-ly2886721-in-mild-cognitive-impairment-due-to-alzheimer-s-disease-or-mi","trial","2018-05-18T00:00:00.000Z","unknown","unreviewed"
"https://clinicaltrialfailures.com/trial/NCT01202773-a-study-in-participants-with-rheumatoid-arthritis","trial","2018-05-14T00:00:00.000Z","unknown","unreviewed"
"https://clinicaltrialfailures.com/trial/NCT02722902-carnitine-infusion-and-insulin-resistance","trial","2018-04-26T00:00:00.000Z","unknown","unreviewed"
"https://clinicaltrialfailures.com/trial/NCT02374489-a-phase-ii-trial-of-ldk378-in-ros1-and-or-alk-over-expressed-advanced-intrahepat","trial","2018-04-05T00:00:00.000Z","unknown","unreviewed"
"https://clinicaltrialfailures.com/trial/NCT01953874-cardiovascular-improvements-with-mv-asv-therapy-in-heart-failure","trial","2018-02-28T00:00:00.000Z","unknown","unreviewed"
"https://clinicaltrialfailures.com/trial/NCT03002454-sodium-pertechnetate-99tc-injection-generator-99mtc-from-neutron-activation-99mo","trial","2017-10-03T00:00:00.000Z","unknown","unreviewed"
"https://clinicaltrialfailures.com/trial/NCT01318993-open-label-extension-study-of-gsk1605786a","trial","2017-09-14T00:00:00.000Z","unknown","unreviewed"
"https://clinicaltrialfailures.com/trial/NCT01999192-study-to-investigate-the-safety-and-efficacy-of-tregalizumab-in-subjects-mtx-ir-","trial","2017-08-24T00:00:00.000Z","unknown","unreviewed"
"https://clinicaltrialfailures.com/trial/NCT00811356-a-first-time-in-human-study-in-healthy-volunteers-to-investigate-a-new-medicine-","trial","2017-08-03T00:00:00.000Z","unknown","unreviewed"
"https://clinicaltrialfailures.com/trial/NCT00443729-mk0518-in-the-treatment-of-hiv-infected-patients-switched-from-a-protease-inhibi","trial","2017-03-21T00:00:00.000Z","unknown","unreviewed"
"https://clinicaltrialfailures.com/trial/NCT00745823-a-study-to-determine-the-safety-and-efficacy-of-once-daily-raltegravir-compared-","trial","2017-03-21T00:00:00.000Z","unknown","unreviewed"
"https://clinicaltrialfailures.com/trial/NCT00856661-efficacy-and-safety-study-of-desmoteplase-to-treat-acute-ischemic-stroke-dias-4","trial","2017-03-16T00:00:00.000Z","unknown","unreviewed"
"https://clinicaltrialfailures.com/trial/NCT02120027-52-week-efficacy-and-safety-study-of-ibodutant-in-women-with-irritable-bowel-syn","trial","2017-03-03T00:00:00.000Z","unknown","unreviewed"
"https://clinicaltrialfailures.com/trial/NCT00240981-tom-testosterone-in-older-men-with-sarcopenia","trial","2017-02-23T00:00:00.000Z","unknown","unreviewed"
"https://clinicaltrialfailures.com/trial/NCT01912404-study-of-idn-6556-in-patients-with-severe-alcoholic-hepatitis-and-contraindicati","trial","2016-11-04T00:00:00.000Z","unknown","unreviewed"
"https://clinicaltrialfailures.com/trial/NCT01829971-a-multicenter-phase-i-study-of-mrx34-microrna-mir-rx34-liposomal-injection","trial","2016-09-27T00:00:00.000Z","unknown","unreviewed"
"https://clinicaltrialfailures.com/trial/NCT01939548-an-outpatient-study-of-the-efficacy-safety-and-tolerability-of-pf-02545920-in-th","trial","2016-08-22T00:00:00.000Z","unknown","unreviewed"
"https://clinicaltrialfailures.com/trial/NCT00830037-a-clinical-trial-of-oral-versus-iv-iron-in-patients-with-chronic-kidney-disease","trial","2016-07-21T00:00:00.000Z","unknown","unreviewed"
"https://clinicaltrialfailures.com/trial/NCT01798485-a-phase-3-study-of-ganetespib-in-combination-with-docetaxel-versus-docetaxel-alo","trial","2016-07-01T00:00:00.000Z","unknown","unreviewed"
"https://clinicaltrialfailures.com/trial/NCT00532311-efficacy-of-lapaquistat-acetate-co-administered-with-statins-in-subjects-with-hy","trial","2016-06-22T00:00:00.000Z","unknown","unreviewed"
"https://clinicaltrialfailures.com/trial/NCT01829464-tak-875-fasiglifam-in-combination-with-sitagliptin-in-adults-with-type-2-diabete","trial","2016-06-01T00:00:00.000Z","unknown","unreviewed"
"https://clinicaltrialfailures.com/trial/NCT00642902-a-phase-2-study-of-atacicept-in-subjects-with-relapsing-multiple-sclerosis-atams","trial","2016-05-24T00:00:00.000Z","unknown","unreviewed"
"https://clinicaltrialfailures.com/trial/NCT00439634-efficacy-and-safety-of-ave1625-as-a-co-treatment-with-antipsychotic-therapy-in-s","trial","2016-05-18T00:00:00.000Z","unknown","unreviewed"
"https://clinicaltrialfailures.com/trial/NCT00741715-evaluation-of-efficacy-and-safety-of-ave5530-co-administered-with-atorvastatin-i","trial","2016-05-16T00:00:00.000Z","unknown","unreviewed"
"https://clinicaltrialfailures.com/trial/NCT02031445-double-blind-trial-to-evaluate-the-safety-and-efficacy-of-mrx-6-cream-2","trial","2016-05-06T00:00:00.000Z","unknown","unreviewed"
"https://clinicaltrialfailures.com/trial/NCT00142168-cc-5013-lenalidomide-and-rituximab-in-waldenstrom-s-macroglobulinemia","trial","2016-04-21T00:00:00.000Z","unknown","unreviewed"
"https://clinicaltrialfailures.com/trial/NCT00510289-sorafenib-in-myelodysplastic-syndrome","trial","2016-04-19T00:00:00.000Z","unknown","unreviewed"
"https://clinicaltrialfailures.com/trial/NCT00624468-atacicept-in-subjects-with-optic-neuritis","trial","2016-02-17T00:00:00.000Z","unknown","unreviewed"
"https://clinicaltrialfailures.com/trial/NCT02288208-phase-i-safety-and-tolerability-study-of-birinapant-in-chronic-hepatitis-b","trial","2016-02-05T00:00:00.000Z","unknown","unreviewed"
"https://clinicaltrialfailures.com/trial/NCT01236573-cell-therapy-for-metastatic-melanoma-using-cd8-enriched-tumor-infiltrating-lymph","trial","2015-11-26T00:00:00.000Z","unknown","unreviewed"
"https://clinicaltrialfailures.com/trial/NCT01095250-safety-and-efficacy-of-ain457-in-patients-with-active-non-infectious-uveitis","trial","2015-11-03T00:00:00.000Z","unknown","unreviewed"
"https://clinicaltrialfailures.com/trial/NCT01911377-botulinum-toxin-type-a-for-treating-allodynic-pain-in-sci-and-ms","trial","2015-10-02T00:00:00.000Z","unknown","unreviewed"
"https://clinicaltrialfailures.com/trial/NCT02003794-randomized-controlled-study-of-the-effectiveness-of-iv-fluid-infusion-in-patient","trial","2015-08-04T00:00:00.000Z","unknown","unreviewed"
"https://clinicaltrialfailures.com/trial/NCT02083666-safety-and-tolerability-of-sobi002-in-healthy-volunteers-following-single-and-re","trial","2015-07-28T00:00:00.000Z","unknown","unreviewed"
"https://clinicaltrialfailures.com/trial/NCT01862224-a-synovial-biopsy-study-of-jnj-38518168-in-participants-with-active-rheumatoid-a","trial","2015-07-09T00:00:00.000Z","unknown","unreviewed"
"https://clinicaltrialfailures.com/trial/NCT00534872-a-clinical-study-to-evaluate-the-pharmacokinetic-profile-of-sb-649868-in-elderly","trial","2015-04-17T00:00:00.000Z","unknown","unreviewed"
"https://clinicaltrialfailures.com/trial/NCT00430677-efficacy-and-safety-study-of-abatacept-to-treat-lupus-nephritis","trial","2015-03-20T00:00:00.000Z","unknown","unreviewed"
"https://clinicaltrialfailures.com/trial/NCT00384605-an-investigational-drug-study-to-assess-weight-loss-in-obese-and-overweight-pati","trial","2015-03-13T00:00:00.000Z","unknown","unreviewed"
"https://clinicaltrialfailures.com/trial/NCT05226598-study-of-pembrolizumab-vibostolimab-coformulation-mk-7684a-in-combination-with-c","trial","2026-09-11T00:00:00.000Z","unknown","unreviewed"
"https://clinicaltrialfailures.com/trial/NCT05914467-tdm-optimized-teicoplanin-dosing-versus-standard-of-care","trial","2026-08-12T00:00:00.000Z","unknown","unreviewed"
"https://clinicaltrialfailures.com/trial/NCT05731947-evaluation-of-revumenib-in-participants-with-colorectal-cancer-and-other-solid-t","trial","2026-07-06T00:00:00.000Z","unknown","unreviewed"
"https://clinicaltrialfailures.com/trial/NCT05975905-a-study-to-investigate-the-safety-and-efficacy-of-ker-012-in-combination-with-ba","trial","2026-07-02T00:00:00.000Z","unknown","unreviewed"
"https://clinicaltrialfailures.com/trial/NCT05999968-abemaciclib-plus-darolutamide-in-prostate-cancer-that-has-spread-after-initial-t","trial","2026-06-26T00:00:00.000Z","unknown","unreviewed"
"https://clinicaltrialfailures.com/trial/NCT04669288-azithromycin-therapy-in-preschoolers-with-a-severe-wheezing-episode-diagnosed-at","trial","2026-06-23T00:00:00.000Z","unknown","unreviewed"
"https://clinicaltrialfailures.com/trial/NCT03008616-study-of-the-efficacy-and-safety-of-amag-423-digoxin-immune-fab-in-antepartum-su","trial","2026-05-22T00:00:00.000Z","unknown","unreviewed"
"https://clinicaltrialfailures.com/trial/NCT05238116-safety-and-efficacy-of-pc945-opelconazole-in-combination-with-other-antifungal-t","trial","2026-04-30T00:00:00.000Z","unknown","unreviewed"
"https://clinicaltrialfailures.com/trial/NCT04801641-a-pilot-trial-of-nabilone-for-the-treatment-of-obesity","trial","2026-04-09T00:00:00.000Z","unknown","unreviewed"
"https://clinicaltrialfailures.com/trial/NCT06692452-tazemetostat-plus-chop-in-1l-t-cell-lymphoma","trial","2026-04-01T00:00:00.000Z","unknown","unreviewed"
"https://clinicaltrialfailures.com/trial/NCT04854889-efficacy-and-safety-of-low-dose-decitabine-in-refractory-aplastic-anemia","trial","2026-02-11T00:00:00.000Z","unknown","unreviewed"
"https://clinicaltrialfailures.com/trial/NCT03926624-trial-of-dfp-10917-vs-non-intensive-or-intensive-reinduction-for-aml-patients-in","trial","2026-01-22T00:00:00.000Z","unknown","unreviewed"
"https://clinicaltrialfailures.com/trial/NCT05517668-evaluation-of-the-efficacy-of-fomepizole-in-the-treatment-of-acetaminophen-overd","trial","2025-11-25T00:00:00.000Z","unknown","unreviewed"
"https://clinicaltrialfailures.com/trial/NCT02711137-open-label-safety-and-tolerability-study-of-incb057643-in-subjects-with-advanced","trial","2025-10-21T00:00:00.000Z","unknown","unreviewed"
"https://clinicaltrialfailures.com/trial/NCT04390763-study-of-efficacy-and-safety-of-nis793-with-and-without-spartalizumab-in-combina","trial","2025-10-16T00:00:00.000Z","unknown","unreviewed"
"https://clinicaltrialfailures.com/trial/NCT04878432-stimulus-mds-us-sabatolimab-added-to-hma-in-higher-risk-mds","trial","2025-10-16T00:00:00.000Z","unknown","unreviewed"
"https://clinicaltrialfailures.com/trial/NCT04501614-a-study-of-ponatinib-with-chemotherapy-in-children-teenagers-and-adults-with-phi","trial","2025-10-02T00:00:00.000Z","unknown","unreviewed"
"https://clinicaltrialfailures.com/trial/NCT02855268-study-of-lademirsen-sar339375-in-patients-with-alport-syndrome","trial","2025-09-11T00:00:00.000Z","unknown","unreviewed"
"https://clinicaltrialfailures.com/trial/NCT03860844-isatuximab-in-combination-with-chemotherapy-in-pediatric-patients-with-relapsed-","trial","2025-09-09T00:00:00.000Z","unknown","unreviewed"
"https://clinicaltrialfailures.com/trial/NCT02438761-pf-05212384-pki-587-for-t-aml-mds-or-de-novo-relapsed-or-refractory-acute-myeloi","trial","2025-09-08T00:00:00.000Z","unknown","unreviewed"
"https://clinicaltrialfailures.com/trial/NCT02850406-study-to-evaluate-the-effect-of-gbt440-in-pediatrics-with-sickle-cell-disease","trial","2025-08-15T00:00:00.000Z","unknown","unreviewed"
"https://clinicaltrialfailures.com/trial/NCT04757610-opt-302-with-ranibizumab-in-neovascular-age-related-macular-degeneration-namd","trial","2025-07-22T00:00:00.000Z","unknown","unreviewed"
"https://clinicaltrialfailures.com/trial/NCT04217447-assessment-of-quitting-versus-using-aspirin-therapy-in-patients-treated-with-ora","trial","2025-07-10T00:00:00.000Z","unknown","unreviewed"
"https://clinicaltrialfailures.com/trial/NCT03333486-fludarabine-phosphate-cyclophosphamide-total-body-irradiation-and-donor-stem-cel","trial","2025-07-04T00:00:00.000Z","unknown","unreviewed"
"https://clinicaltrialfailures.com/trial/NCT04633447-a-study-to-evaluate-guselkumab-for-the-treatment-of-participants-with-new-onset-","trial","2025-07-01T00:00:00.000Z","unknown","unreviewed"
"https://clinicaltrialfailures.com/trial/NCT06370663-first-line-treatment-for-unresectable-locally-advanced-distal-cholangiocarcinoma","trial","2025-06-25T00:00:00.000Z","unknown","unreviewed"
"https://clinicaltrialfailures.com/trial/NCT05609825-a-study-of-ly3875383-in-healthy-participants-and-participants-with-hypertriglyce","trial","2025-06-04T00:00:00.000Z","unknown","unreviewed"
"https://clinicaltrialfailures.com/trial/NCT04379492-a-study-of-hydroxycholoroquine-compared-to-placebo-as-treatment-for-people-with-","trial","2025-05-16T00:00:00.000Z","unknown","unreviewed"
"https://clinicaltrialfailures.com/trial/NCT05732454-a-study-to-learn-about-the-study-medicine-etrasimod-in-adults-with-moderate-to-s","trial","2025-05-08T00:00:00.000Z","unknown","unreviewed"
"https://clinicaltrialfailures.com/trial/NCT03267680-irx-2-regimen-in-treating-women-with-cervical-squamous-intraepithelial-neoplasia","trial","2025-04-13T00:00:00.000Z","unknown","unreviewed"
"https://clinicaltrialfailures.com/trial/NCT05904236-safety-and-tolerability-of-intravenous-administration-of-icvb-1042","trial","2025-04-08T00:00:00.000Z","unknown","unreviewed"
"https://clinicaltrialfailures.com/trial/NCT04421222-oral-epi-7386-in-patients-with-castration-resistant-prostate-cancer","trial","2025-02-28T00:00:00.000Z","unknown","unreviewed"
"https://clinicaltrialfailures.com/trial/NCT04061798-act-guided-heparinization-during-open-abdominal-aortic-aneurysm-repair","trial","2025-02-06T00:00:00.000Z","unknown","unreviewed"
"https://clinicaltrialfailures.com/trial/NCT05181540-a-study-of-the-effects-of-ab-205-in-patients-with-lymphoma-undergoing-autologous","trial","2025-02-04T00:00:00.000Z","unknown","unreviewed"
"https://clinicaltrialfailures.com/trial/NCT05938023-a-study-of-atl1102-or-placebo-in-participants-with-non-ambulatory-duchenne-muscu","trial","2025-02-03T00:00:00.000Z","unknown","unreviewed"
"https://clinicaltrialfailures.com/trial/NCT03976544-natural-cycle-versus-hormone-replacement-therapy-cycle-for-a-frozen-thawed-embry","trial","2025-01-28T00:00:00.000Z","unknown","unreviewed"
"https://clinicaltrialfailures.com/trial/NCT06055777-study-of-the-safety-tolerability-and-pk-of-szey-2108-administered-intravenously-","trial","2024-12-03T00:00:00.000Z","unknown","unreviewed"
"https://clinicaltrialfailures.com/trial/NCT06610279-a-study-of-tak-951-in-healthy-adults","trial","2024-11-22T00:00:00.000Z","unknown","unreviewed"
"https://clinicaltrialfailures.com/trial/NCT05510245-a-clinical-trial-of-the-study-medicine-pf-07081532-in-people-with-diabetes-and-k","trial","2024-11-05T00:00:00.000Z","unknown","unreviewed"
"https://clinicaltrialfailures.com/trial/NCT03065959-a-study-to-assess-the-anti-fatigability-effect-of-ck-2127107-in-elderly-male-and","trial","2024-10-31T00:00:00.000Z","unknown","unreviewed"
"https://clinicaltrialfailures.com/trial/NCT01002339-optimum-immunosuppression-in-renal-transplant-recipients-new-onset-diabetes-afte","trial","2024-10-22T00:00:00.000Z","unknown","unreviewed"
"https://clinicaltrialfailures.com/trial/NCT04323436-study-of-capmatinib-and-spartalizumab-placebo-in-advanced-nsclc-patients-with-me","trial","2024-10-09T00:00:00.000Z","unknown","unreviewed"
"https://clinicaltrialfailures.com/trial/NCT04632940-phase-3-trial-of-pamrevlumab-or-placebo-in-combination-with-systemic-corticoster","trial","2024-08-26T00:00:00.000Z","unknown","unreviewed"
"https://clinicaltrialfailures.com/trial/NCT05036135-a-study-of-av-101-dry-powder-inhaled-imatinib-in-patients-with-pulmonary-arteria","trial","2024-08-23T00:00:00.000Z","unknown","unreviewed"
"https://clinicaltrialfailures.com/trial/NCT04806503-a-dose-ranging-study-to-evaluate-the-safety-and-efficacy-of-unr844-in-subjects-w","trial","2024-06-20T00:00:00.000Z","unknown","unreviewed"
"https://clinicaltrialfailures.com/trial/NCT04161391-study-of-tpx-0046-a-ret-src-inhibitor-in-adult-subjects-with-advanced-solid-tumo","trial","2024-06-13T00:00:00.000Z","unknown","unreviewed"
"https://clinicaltrialfailures.com/trial/NCT02691182-treatment-of-impulsive-aggression-in-subjects-with-adhd-in-conjunction-with-stan","trial","2024-05-16T00:00:00.000Z","unknown","unreviewed"
"https://clinicaltrialfailures.com/trial/NCT04349280-a-study-to-evaluate-the-efficacy-and-safety-of-bintrafusp-alfa-m7824-monotherapy","trial","2024-04-18T00:00:00.000Z","unknown","unreviewed"
"https://clinicaltrialfailures.com/trial/NCT04610658-immune-checkpoint-inhibition-with-lurbinectedin-relapsed-recurrent-sclc","trial","2024-04-02T00:00:00.000Z","unknown","unreviewed"
"https://clinicaltrialfailures.com/trial/NCT03972709-a-study-assessing-the-safety-tolerability-and-efficacy-of-galegenimab-fhtr2163-i","trial","2024-03-27T00:00:00.000Z","unknown","unreviewed"
"https://clinicaltrialfailures.com/trial/NCT03834220-basket-trial-in-solid-tumors-harboring-a-fusion-of-fgfr1-fgfr2-or-fgfr3-fuze-cli","trial","2024-02-07T00:00:00.000Z","unknown","unreviewed"
"https://clinicaltrialfailures.com/trial/NCT04820842-a-study-of-tak-994-in-adults-with-narcolepsy","trial","2023-12-26T00:00:00.000Z","unknown","unreviewed"
"https://clinicaltrialfailures.com/trial/NCT03786094-pivotal-study-in-her2-negative-locally-recurrent-or-metastatic-breast-cancer","trial","2023-11-01T00:00:00.000Z","unknown","unreviewed"
"https://clinicaltrialfailures.com/trial/NCT01377389-ipilimumab-androgen-depravation-therapy-in-prostate-cancer","trial","2023-09-29T00:00:00.000Z","unknown","unreviewed"
"https://clinicaltrialfailures.com/trial/NCT03650413-an-extension-study-to-evaluate-the-long-term-safety-and-tolerability-of-uttr1147","trial","2023-09-29T00:00:00.000Z","unknown","unreviewed"
"https://clinicaltrialfailures.com/trial/NCT05330286-study-to-compare-the-pharmacokinetics-safety-and-tolerability-of-the-pediatric-a","trial","2023-07-14T00:00:00.000Z","unknown","unreviewed"
"https://clinicaltrialfailures.com/trial/NCT04545385-a-study-to-test-if-tev-48574-is-effective-in-relieving-asthma","trial","2023-03-13T00:00:00.000Z","unknown","unreviewed"
"https://clinicaltrialfailures.com/trial/NCT04606563-host-response-mediators-in-coronavirus-covid-19-infection-is-there-a-protective-","trial","2023-02-16T00:00:00.000Z","unknown","unreviewed"
"https://clinicaltrialfailures.com/trial/NCT03935594-use-of-autologous-platelet-rich-plasma-to-treat-hypertrophic-burn-scars","trial","2023-01-09T00:00:00.000Z","unknown","unreviewed"
"https://clinicaltrialfailures.com/trial/NCT02052193-evaluation-of-photosensitivity-in-dabrafenib-or-vemurafenib-treated-metastatic-m","trial","2022-12-19T00:00:00.000Z","unknown","unreviewed"
"https://clinicaltrialfailures.com/trial/NCT03758443-efficacy-and-safety-of-td-1473-in-ulcerative-colitis","trial","2022-11-15T00:00:00.000Z","unknown","unreviewed"
"https://clinicaltrialfailures.com/trial/NCT04639843-doxorubicin-cc-486-5-azacitidine-romidepsin-and-duvelisib-hard-for-t-cell-lympho","trial","2022-11-04T00:00:00.000Z","unknown","unreviewed"
"https://clinicaltrialfailures.com/trial/NCT03100006-phase-ib-iia-trial-to-evaluate-oregovomab-and-nivolumab-in-epithelial-cancer-of-","trial","2022-06-13T00:00:00.000Z","unknown","unreviewed"
"https://clinicaltrialfailures.com/trial/NCT05127525-efficacy-safety-and-tolerability-of-a-novel-ocular-antiseptic-for-ocular-use-cle","trial","2022-05-24T00:00:00.000Z","unknown","unreviewed"
"https://clinicaltrialfailures.com/trial/NCT04860258-covid-19-a-study-to-evaluate-safety-reactogenicity-and-immunogenicity-of-the-sar","trial","2022-05-13T00:00:00.000Z","unknown","unreviewed"
"https://clinicaltrialfailures.com/trial/NCT03628391-haloperidol-for-delirium-in-adult-critically-ill-patients","trial","2022-05-11T00:00:00.000Z","unknown","unreviewed"
"https://clinicaltrialfailures.com/trial/NCT04258150-ipilimumab-nivolumab-tocilizumab-and-radiation-in-pretreated-patients-with-advan","trial","2022-03-31T00:00:00.000Z","unknown","unreviewed"
"https://clinicaltrialfailures.com/trial/NCT04435808-efficacy-of-hydroxychloroquine-prophylaxis-for-health-care-workers-at-high-risk-","trial","2022-02-14T00:00:00.000Z","unknown","unreviewed"
"https://clinicaltrialfailures.com/trial/NCT04568174-first-in-human-study-to-test-the-safety-and-preliminary-efficacy-of-ppsgg-in-pat","trial","2021-10-15T00:00:00.000Z","unknown","unreviewed"
"https://clinicaltrialfailures.com/trial/NCT01741155-study-of-spi-1620-in-combination-with-docetaxel-versus-docetaxel-alone-for-patie","trial","2021-10-13T00:00:00.000Z","unknown","unreviewed"
"https://clinicaltrialfailures.com/trial/NCT02963051-a-phase-ib-study-of-intravenous-copper-loading-with-oral-disulfiram-in-metastati","trial","2021-09-16T00:00:00.000Z","unknown","unreviewed"
"https://clinicaltrialfailures.com/trial/NCT04480879-evaluation-of-azd8154-concentrations-in-blood","trial","2021-08-24T00:00:00.000Z","unknown","unreviewed"
"https://clinicaltrialfailures.com/trial/NCT04117607-safety-and-pharmacokinetics-of-rezafungin","trial","2021-07-16T00:00:00.000Z","unknown","unreviewed"
"https://clinicaltrialfailures.com/trial/NCT03630952-efficacy-and-safety-trial-of-conbercept-intravitreal-injection-for-neovascular-a","trial","2021-06-23T00:00:00.000Z","unknown","unreviewed"
"https://clinicaltrialfailures.com/trial/NCT02566759-a-tak-831-1001-single-and-multiple-rising-dose-study-in-healthy-participants","trial","2021-06-14T00:00:00.000Z","unknown","unreviewed"
"https://clinicaltrialfailures.com/trial/NCT02080364-evaluation-of-the-efficacy-and-safety-of-azeliragon-ttp488-in-patients-with-mild","trial","2021-05-07T00:00:00.000Z","unknown","unreviewed"
"https://clinicaltrialfailures.com/trial/NCT04449380-clinical-study-for-the-treatment-with-interferon-1a-ifn-1a-of-covid-19-patients","trial","2021-05-03T00:00:00.000Z","unknown","unreviewed"
"https://clinicaltrialfailures.com/trial/NCT02608229-bvd-523-plus-nab-paclitaxel-and-gemcitabine-in-patients-with-metastatic-pancreat","trial","2021-04-21T00:00:00.000Z","unknown","unreviewed"
"https://clinicaltrialfailures.com/trial/NCT02508649-selepressin-evaluation-programme-for-sepsis-induced-shock-adaptive-clinical-tria","trial","2021-04-06T00:00:00.000Z","unknown","unreviewed"
"https://clinicaltrialfailures.com/trial/NCT02322021-dose-finding-study-to-evaluate-safety-tolerability-and-efficacy-of-e2609-in-part","trial","2021-03-05T00:00:00.000Z","unknown","unreviewed"
"https://clinicaltrialfailures.com/trial/NCT03197025-immunotherapy-with-e6-t-cell-receptor-tcr-t-cells-for-vulvar-high-grade-squamous","trial","2021-02-16T00:00:00.000Z","unknown","unreviewed"
"https://clinicaltrialfailures.com/trial/NCT03149679-the-p53-colorectal-cancer-trial","trial","2021-01-22T00:00:00.000Z","unknown","unreviewed"
"https://clinicaltrialfailures.com/trial/NCT00581997-qax576-in-patients-with-pulmonary-fibrosis-secondary-to-systemic-sclerosis","trial","2020-12-19T00:00:00.000Z","unknown","unreviewed"
"https://clinicaltrialfailures.com/trial/NCT02310763-a-phase-2-study-to-evaluate-the-safety-efficacy-pharmacokinetics-and-pharmacodyn","trial","2020-12-07T00:00:00.000Z","unknown","unreviewed"
"https://clinicaltrialfailures.com/trial/NCT04212065-long-acting-subcutaneous-vs-short-acting-sublingual-buprenorphine-in-pregnant-an","trial","2020-10-14T00:00:00.000Z","unknown","unreviewed"
"https://clinicaltrialfailures.com/trial/NCT01731691-safety-and-efficacy-of-1proteinase-inhibitor-1pi-in-hiv-disease","trial","2020-08-31T00:00:00.000Z","unknown","unreviewed"
"https://clinicaltrialfailures.com/trial/NCT02658916-extension-study-of-biib092-in-participants-with-progressive-supranuclear-palsy-p","trial","2020-05-18T00:00:00.000Z","unknown","unreviewed"
"https://clinicaltrialfailures.com/trial/NCT01133678-study-in-locally-advanced-squamous-cell-carcinoma-of-head-and-neck","trial","2020-05-08T00:00:00.000Z","unknown","unreviewed"
"https://clinicaltrialfailures.com/trial/NCT04341870-study-of-immune-modulatory-drugs-and-other-treatments-in-covid-19-patients-saril","trial","2020-05-06T00:00:00.000Z","unknown","unreviewed"
"https://clinicaltrialfailures.com/trial/NCT03932513-evaluating-the-effects-of-inarigivir-on-immune-response-and-viral-markers-in-chr","trial","2020-04-29T00:00:00.000Z","unknown","unreviewed"
"https://clinicaltrialfailures.com/trial/NCT01673061-vapocoolant-spray-for-numbing-small-boils-before-incision-and-drainage","trial","2020-03-19T00:00:00.000Z","unknown","unreviewed"
"https://clinicaltrialfailures.com/trial/NCT03689829-a-study-to-test-safety-tolerability-and-the-way-the-body-absorbs-distributes-and","trial","2020-03-18T00:00:00.000Z","unknown","unreviewed"
"https://clinicaltrialfailures.com/trial/NCT00955240-radiation-therapy-cisplatin-fluorouracil-and-cetuximab-in-treating-patients-with","trial","2020-02-11T00:00:00.000Z","unknown","unreviewed"
"https://clinicaltrialfailures.com/trial/NCT01887587-vincristine-doxorubicin-and-dexamethasone-ixazomib-in-acute-lymphoblastic-leukem","trial","2020-01-22T00:00:00.000Z","unknown","unreviewed"
"https://clinicaltrialfailures.com/trial/NCT03119467-safety-and-efficacy-study-of-rp4010-in-patients-with-relapsed-or-refractory-lymp","trial","2019-12-27T00:00:00.000Z","unknown","unreviewed"
"https://clinicaltrialfailures.com/trial/NCT03000686-study-of-gsk2586881-on-acute-hypoxia-and-exercise","trial","2019-12-23T00:00:00.000Z","unknown","unreviewed"
"https://clinicaltrialfailures.com/trial/NCT02245737-an-efficacy-and-safety-study-of-lanabecestat-ly3314814-in-early-alzheimer-s-dise","trial","2019-12-03T00:00:00.000Z","unknown","unreviewed"
"https://clinicaltrialfailures.com/trial/NCT00140140-a-phase-i-ii-study-of-abi-007-abraxane-nab-paclitaxel-and-vinorelbine-in-patient","trial","2019-11-26T00:00:00.000Z","unknown","unreviewed"
"https://clinicaltrialfailures.com/trial/NCT01466725-a-research-study-to-assess-if-cc-930-is-safe-in-treating-subjects-with-discoid-l","trial","2019-11-19T00:00:00.000Z","unknown","unreviewed"
"https://clinicaltrialfailures.com/trial/NCT00407407-abi-007-with-carboplatin-as-first-line-therapy-in-patients-with-epithelial-ovari","trial","2019-10-18T00:00:00.000Z","unknown","unreviewed"
"https://clinicaltrialfailures.com/trial/NCT03373422-a-study-to-test-whether-study-drug-bay1128688-brings-pain-relief-to-women-with-e","trial","2019-10-03T00:00:00.000Z","unknown","unreviewed"
"https://clinicaltrialfailures.com/trial/NCT02092909-phase-1-2-dose-escalation-study-in-patients-with-relapsed-or-refractory-waldenst","trial","2019-09-10T00:00:00.000Z","unknown","unreviewed"
"https://clinicaltrialfailures.com/trial/NCT03879278-multiple-ascending-dose-study-in-healthy-subjects","trial","2019-08-19T00:00:00.000Z","unknown","unreviewed"
"https://clinicaltrialfailures.com/trial/NCT02284906-ad-4833-tomm40-303-extension-study-of-the-safety-and-efficacy-of-pioglitazone-to","trial","2019-07-02T00:00:00.000Z","unknown","unreviewed"
"https://clinicaltrialfailures.com/trial/NCT03334240-icvt-in-hpv-induced-genital-lesions-of-immunocompromised-and-immunocompetent-pat","trial","2019-03-20T00:00:00.000Z","unknown","unreviewed"
"https://clinicaltrialfailures.com/trial/NCT01186406-gliadel-xrt-temodar-avastin-followed-by-avastin-temodar-for-newly-diagnosed-glio","trial","2019-02-15T00:00:00.000Z","unknown","unreviewed"
"https://clinicaltrialfailures.com/trial/NCT02337387-a-study-of-2-different-formulations-of-blosozumab-ly2541546-in-post-menopausal-w","trial","2019-01-22T00:00:00.000Z","unknown","unreviewed"
"https://clinicaltrialfailures.com/trial/NCT02785900-vadastuximab-talirine-sgn-cd33a-33a-combined-with-azacitidine-or-decitabine-in-o","trial","2018-12-12T00:00:00.000Z","unknown","unreviewed"
"https://clinicaltrialfailures.com/trial/NCT03349346-idelalisib-with-rituximab-ifosfamide-carboplatin-etoposide-rice-in-children-and-","trial","2018-12-11T00:00:00.000Z","unknown","unreviewed"
"https://clinicaltrialfailures.com/trial/NCT02641002-a-study-of-cc-90002-in-subjects-with-acute-myeloid-leukemia-aml-and-high-risk-my","trial","2018-10-18T00:00:00.000Z","unknown","unreviewed"
"https://clinicaltrialfailures.com/trial/NCT02095717-multicenter-study-comparing-taxotere-plus-curcumin-versus-taxotere-plus-placebo-","trial","2018-07-24T00:00:00.000Z","unknown","unreviewed"
"https://clinicaltrialfailures.com/trial/NCT00852332-docetaxel-with-or-without-a-phytochemical-in-treating-patients-with-breast-cance","trial","2018-07-24T00:00:00.000Z","unknown","unreviewed"
"https://clinicaltrialfailures.com/trial/NCT00889187-neoadjuvant-accelerated-short-course-radiation-therapy-with-photons-and-capecita","trial","2018-05-11T00:00:00.000Z","unknown","unreviewed"
"https://clinicaltrialfailures.com/trial/NCT01576549-a-study-of-ly2127399-in-rheumatoid-arthritis","trial","2018-04-26T00:00:00.000Z","unknown","unreviewed"
"https://clinicaltrialfailures.com/trial/NCT00459108-dasatinib-in-treating-patients-with-advanced-liver-cancer-that-cannot-be-removed","trial","2018-04-19T00:00:00.000Z","unknown","unreviewed"
"https://clinicaltrialfailures.com/trial/NCT01907815-trametinib-and-akt-inhibitor-gsk2141795-in-treating-patients-with-acute-myeloid-","trial","2018-04-06T00:00:00.000Z","unknown","unreviewed"
"https://clinicaltrialfailures.com/trial/NCT03145831-a-long-term-safety-study-of-somavaratan-in-japanese-children-with-growth-hormone","trial","2018-03-09T00:00:00.000Z","unknown","unreviewed"
"https://clinicaltrialfailures.com/trial/NCT01290601-study-to-evaluate-the-efficacy-and-safety-of-tafenoquine-for-the-treatment-of-pl","trial","2018-02-23T00:00:00.000Z","unknown","unreviewed"
"https://clinicaltrialfailures.com/trial/NCT00638820-reduced-intensity-allotransplant-for-osteopetrosis","trial","2017-12-28T00:00:00.000Z","unknown","unreviewed"
"https://clinicaltrialfailures.com/trial/NCT00652899-allogeneic-natural-killer-cells-in-patients-with-recurrent-ovarian-cancer-fallop","trial","2017-12-28T00:00:00.000Z","unknown","unreviewed"
"https://clinicaltrialfailures.com/trial/NCT01649258-fosaprepitant-dimeglumine-and-granisetron-transdermal-system-in-preventing-nause","trial","2017-11-17T00:00:00.000Z","unknown","unreviewed"
"https://clinicaltrialfailures.com/trial/NCT03057769-effect-of-papillary-epinephrine-spraying-on-post-ercp-pancreatitis-in-patients-r","trial","2017-10-27T00:00:00.000Z","unknown","unreviewed"
"https://clinicaltrialfailures.com/trial/NCT02049385-does-enhanced-glutamate-transporter-function-produce-antidepressant-effects-in-p","trial","2017-10-13T00:00:00.000Z","unknown","unreviewed"
"https://clinicaltrialfailures.com/trial/NCT02485353-study-of-vosaroxin-and-cytarabine-for-the-treatment-of-adults-60-years-of-age-or","trial","2017-09-20T00:00:00.000Z","unknown","unreviewed"
"https://clinicaltrialfailures.com/trial/NCT00485472-trial-to-assess-efficacy-and-safety-of-lacosamide-in-subjects-with-osteoarthriti","trial","2017-08-28T00:00:00.000Z","unknown","unreviewed"
"https://clinicaltrialfailures.com/trial/NCT00486759-a-study-of-bevacizumab-avastin-in-combination-with-rituximab-mabthera-and-chop-c","trial","2017-07-25T00:00:00.000Z","unknown","unreviewed"
"https://clinicaltrialfailures.com/trial/NCT02778477-topical-multiple-ascending-dose-study-for-pf-06423264","trial","2017-06-21T00:00:00.000Z","unknown","unreviewed"
"https://clinicaltrialfailures.com/trial/NCT00538980-dasatinib-in-polycythemia-vera","trial","2017-06-20T00:00:00.000Z","unknown","unreviewed"
"https://clinicaltrialfailures.com/trial/NCT01808482-a-first-time-in-human-study-exploring-safety-tolerability-pharmacokinetics-pk-an","trial","2017-06-07T00:00:00.000Z","unknown","unreviewed"
"https://clinicaltrialfailures.com/trial/NCT02840162-pre-prostatectomy-celecoxib-or-placebo","trial","2017-04-28T00:00:00.000Z","unknown","unreviewed"
"https://clinicaltrialfailures.com/trial/NCT01777256-an-adaptive-phase-ii-study-to-evaluate-the-efficacy-pharmacodynamics-safety-and-","trial","2017-04-26T00:00:00.000Z","unknown","unreviewed"
"https://clinicaltrialfailures.com/trial/NCT01944943-phase-ii-study-of-vismodegib-in-patients-with-refractory-or-relapsed-b-cell-lymp","trial","2017-03-13T00:00:00.000Z","unknown","unreviewed"
"https://clinicaltrialfailures.com/trial/NCT01574248-effect-of-bradykinin-receptor-antagonism-on-ace-inhibitor-associated-angioedema","trial","2017-02-17T00:00:00.000Z","unknown","unreviewed"
"https://clinicaltrialfailures.com/trial/NCT00663910-topical-aminolevulinic-acid-in-patients-with-nonmelanoma-skin-cancer","trial","2017-01-02T00:00:00.000Z","unknown","unreviewed"
"https://clinicaltrialfailures.com/trial/NCT02240355-a-study-of-ro6885247-in-adult-and-pediatric-patients-with-spinal-muscular-atroph","trial","2016-12-22T00:00:00.000Z","unknown","unreviewed"
"https://clinicaltrialfailures.com/trial/NCT00922467-influence-of-esmolol-on-a-closed-loop-anesthesia-system","trial","2016-09-23T00:00:00.000Z","unknown","unreviewed"
"https://clinicaltrialfailures.com/trial/NCT02573935-clarithromycin-in-multiple-myeloma-induction-therapy","trial","2016-09-20T00:00:00.000Z","unknown","unreviewed"
"https://clinicaltrialfailures.com/trial/NCT01948271-efficacy-study-of-trichuris-suis-ova-to-treat-chronic-plaque-psoriasis","trial","2016-09-15T00:00:00.000Z","unknown","unreviewed"
"https://clinicaltrialfailures.com/trial/NCT02317419-a-study-of-ro6927005-either-as-monotherapy-part-a-or-in-combination-with-gemcita","trial","2016-07-26T00:00:00.000Z","unknown","unreviewed"
"https://clinicaltrialfailures.com/trial/NCT01829477-comparison-of-tak-875-to-placebo-as-an-add-on-to-glimepiride-in-patients-with-ty","trial","2016-06-01T00:00:00.000Z","unknown","unreviewed"
"https://clinicaltrialfailures.com/trial/NCT01552993-registration-and-treatment-of-pain-during-eye-examination-of-prematurity","trial","2016-04-22T00:00:00.000Z","unknown","unreviewed"
"https://clinicaltrialfailures.com/trial/NCT01578343-vorinostat-plus-fnd-in-relapsed-or-refractory-mantle-cell-lymphoma","trial","2016-04-15T00:00:00.000Z","unknown","unreviewed"
"https://clinicaltrialfailures.com/trial/NCT02517359-a-study-to-investigate-the-safety-tolerability-pharmacokinetics-and-pharmacodyna","trial","2016-03-04T00:00:00.000Z","unknown","unreviewed"
"https://clinicaltrialfailures.com/trial/NCT00458861-bg9924-in-combination-with-methotrexate-for-participants-with-active-rheumatoid-","trial","2016-01-21T00:00:00.000Z","unknown","unreviewed"
"https://clinicaltrialfailures.com/trial/NCT00998764-a-long-term-safety-and-tolerability-extension-study-of-bapineuzumab-in-alzheimer","trial","2016-01-01T00:00:00.000Z","unknown","unreviewed"
"https://clinicaltrialfailures.com/trial/NCT01543269-a-clinical-study-to-evaluate-the-safety-tolerability-and-pk-of-zyt1-following-or","trial","2015-11-24T00:00:00.000Z","unknown","unreviewed"
"https://clinicaltrialfailures.com/trial/NCT01609582-study-of-tak-875-in-adults-with-type-2-diabetes-and-cardiovascular-disease-or-ri","trial","2015-10-19T00:00:00.000Z","unknown","unreviewed"
"https://clinicaltrialfailures.com/trial/NCT00953706-study-of-ivacaftor-in-cystic-fibrosis-subjects-aged-12-years-and-older-homozygou","trial","2015-09-11T00:00:00.000Z","unknown","unreviewed"
"https://clinicaltrialfailures.com/trial/NCT01276782-levothyroxine-in-pregnant-sle-patients","trial","2015-09-10T00:00:00.000Z","unknown","unreviewed"
"https://clinicaltrialfailures.com/trial/NCT01388647-study-of-neoadjuvant-carboplatin-eribulin-and-trastuzumab-for-operable-her2-posi","trial","2015-08-28T00:00:00.000Z","unknown","unreviewed"
"https://clinicaltrialfailures.com/trial/NCT00515684-corneal-thinning-during-topical-bevacizumab-therapy","trial","2015-05-01T00:00:00.000Z","unknown","unreviewed"
"https://clinicaltrialfailures.com/trial/NCT00058214-perifosine-in-treating-patients-with-recurrent-prostate-cancer","trial","2015-02-23T00:00:00.000Z","unknown","unreviewed"
"https://clinicaltrialfailures.com/trial/NCT00363883-vorinostat-in-treating-patients-with-locally-recurrent-or-metastatic-cancer-of-t","trial","2015-02-13T00:00:00.000Z","unknown","unreviewed"
"https://clinicaltrialfailures.com/trial/NCT01493102-discontinuation-order-of-vasopressors-in-septic-shock","trial","2015-01-30T00:00:00.000Z","unknown","unreviewed"
"https://clinicaltrialfailures.com/trial/NCT03896945-efficacy-safety-and-tolerability-of-avp-786-for-the-treatment-of-negative-sympto","trial","2026-09-29T00:00:00.000Z","unknown","unreviewed"
"https://clinicaltrialfailures.com/trial/NCT04401020-first-in-human-single-agent-study-of-sar442257-in-rrmm-and-rr-nhl","trial","2026-09-29T00:00:00.000Z","unknown","unreviewed"
"https://clinicaltrialfailures.com/trial/NCT04191096-efficacy-and-safety-of-pembrolizumab-mk-3475-plus-enzalutamide-plus-androgen-dep","trial","2026-09-28T00:00:00.000Z","unknown","unreviewed"
"https://clinicaltrialfailures.com/trial/NCT03834493-study-of-pembrolizumab-mk-3475-plus-enzalutamide-versus-placebo-plus-enzalutamid","trial","2026-09-28T00:00:00.000Z","unknown","unreviewed"
"https://clinicaltrialfailures.com/trial/NCT06220669-a-study-of-ly3541860-in-adult-participants-with-relapsing-multiple-sclerosis","trial","2026-09-23T00:00:00.000Z","unknown","unreviewed"
"https://clinicaltrialfailures.com/trial/NCT04374136-a-phase-3-study-to-evaluate-efficacy-and-safety-of-al001-in-frontotemporal-demen","trial","2026-09-21T00:00:00.000Z","unknown","unreviewed"
"https://clinicaltrialfailures.com/trial/NCT06029439-study-to-assess-the-safety-and-effectiveness-of-nmra-335140-501","trial","2026-09-14T00:00:00.000Z","unknown","unreviewed"
"https://clinicaltrialfailures.com/trial/NCT05491317-a-safety-and-antitumor-activity-trial-of-immunoradiotherapy-combinations-as-a-tr","trial","2026-08-12T00:00:00.000Z","unknown","unreviewed"
"https://clinicaltrialfailures.com/trial/NCT05746559-artemis-ravulizumab-to-protect-patients-with-ckd-from-csa-aki-and-make","trial","2026-07-22T00:00:00.000Z","unknown","unreviewed"
"https://clinicaltrialfailures.com/trial/NCT04926324-a-safety-study-adding-niraparib-and-dostarlimab-to-radiation-therapy-for-rectal-","trial","2026-06-29T00:00:00.000Z","unknown","unreviewed"
"https://clinicaltrialfailures.com/trial/NCT06635135-a-study-of-aticaprant-plus-an-antidepressant-to-prevent-return-of-depression-sym","trial","2026-06-08T00:00:00.000Z","unknown","unreviewed"
"https://clinicaltrialfailures.com/trial/NCT03324282-first-line-gemcitabine-cisplatin-avelumab-in-locally-advanced-or-metastatic-blad","trial","2026-05-22T00:00:00.000Z","unknown","unreviewed"
"https://clinicaltrialfailures.com/trial/NCT03437941-study-to-evaluate-exicorilant-cort125281-in-combination-with-enzalutamide-in-pat","trial","2026-05-15T00:00:00.000Z","unknown","unreviewed"
"https://clinicaltrialfailures.com/trial/NCT05639543-fxr-effect-on-severe-alcohol-associated-hepatitis-fresh-study","trial","2026-05-05T00:00:00.000Z","unknown","unreviewed"
"https://clinicaltrialfailures.com/trial/NCT04504435-safety-tolerability-and-pharmacokinetics-pk-investigation-of-gsk3494245-in-healt","trial","2026-05-01T00:00:00.000Z","unknown","unreviewed"
"https://clinicaltrialfailures.com/trial/NCT04651127-anti-pd-1-antibody-combined-with-histone-deacetylase-inhibitor-in-patients-with-","trial","2026-03-10T00:00:00.000Z","unknown","unreviewed"
"https://clinicaltrialfailures.com/trial/NCT04437368-explore-a-phase-ii-study-to-evaluate-the-safety-and-efficacy-of-two-doses-of-gt0","trial","2026-01-27T00:00:00.000Z","unknown","unreviewed"
"https://clinicaltrialfailures.com/trial/NCT04684914-heptcell-immunotherapy-in-patients-with-inactive-chronic-hepatitis-b-chb","trial","2025-12-08T00:00:00.000Z","unknown","unreviewed"
"https://clinicaltrialfailures.com/trial/NCT03573882-study-to-assess-the-effect-of-long-term-treatment-with-voxelotor-in-participants","trial","2025-11-18T00:00:00.000Z","unknown","unreviewed"
"https://clinicaltrialfailures.com/trial/NCT03770494-a-study-of-ly3405105-in-participants-with-advanced-cancer","trial","2025-11-04T00:00:00.000Z","unknown","unreviewed"
"https://clinicaltrialfailures.com/trial/NCT05964413-phase-iii-trial-to-investigate-efficacy-and-safety-of-vilobelimab-in-ulcerative-","trial","2025-11-04T00:00:00.000Z","unknown","unreviewed"
"https://clinicaltrialfailures.com/trial/NCT06056310-phase-1b-safety-study-of-xevinapant-weekly-cisplatin-and-rt-in-participants-with","trial","2025-09-29T00:00:00.000Z","unknown","unreviewed"
"https://clinicaltrialfailures.com/trial/NCT05904496-a-study-of-bgb-30813-alone-or-in-combination-with-tislelizumab-in-participants-w","trial","2025-09-16T00:00:00.000Z","unknown","unreviewed"
"https://clinicaltrialfailures.com/trial/NCT04457336-a-ph2b-to-evaluate-clinical-efficacy-and-safety-of-tildacerfont-in-adult-cah","trial","2025-07-08T00:00:00.000Z","unknown","unreviewed"
"https://clinicaltrialfailures.com/trial/NCT05657457-improving-neurological-outcome-for-acute-basilar-artery-occlusion-with-sufficien","trial","2025-07-02T00:00:00.000Z","unknown","unreviewed"
"https://clinicaltrialfailures.com/trial/NCT04271475-a-study-to-evaluate-efficacy-and-safety-of-macitentan-75-mg-in-inoperable-or-per","trial","2025-06-27T00:00:00.000Z","unknown","unreviewed"
"https://clinicaltrialfailures.com/trial/NCT04613492-a-study-of-medi9253-in-combination-with-durvalumab-in-select-solid-tumors","trial","2025-06-24T00:00:00.000Z","unknown","unreviewed"
"https://clinicaltrialfailures.com/trial/NCT01346930-safety-and-tolerability-study-of-macitentan-in-patients-with-idiopathic-pulmonar","trial","2025-06-22T00:00:00.000Z","unknown","unreviewed"
"https://clinicaltrialfailures.com/trial/NCT05960565-glucagon-enhanced-insulin-absorption-in-diabetes-mellitus-type-1","trial","2025-06-13T00:00:00.000Z","unknown","unreviewed"
"https://clinicaltrialfailures.com/trial/NCT03712371-study-of-chitosan-for-pharmacologic-manipulation-of-age-levels-in-prostate-cance","trial","2025-06-10T00:00:00.000Z","unknown","unreviewed"
"https://clinicaltrialfailures.com/trial/NCT01251965-phase-l-ii-study-of-ruxolitinib-for-acute-leukemia","trial","2025-06-08T00:00:00.000Z","unknown","unreviewed"
"https://clinicaltrialfailures.com/trial/NCT02975349-a-study-of-efficacy-and-safety-of-m2951-in-participants-with-relapsing-multiple-","trial","2025-05-14T00:00:00.000Z","unknown","unreviewed"
"https://clinicaltrialfailures.com/trial/NCT02145910-vemurafenib-combined-with-whole-brain-radiation-therapy-or-radiosurgery-in-patie","trial","2025-05-02T00:00:00.000Z","unknown","unreviewed"
"https://clinicaltrialfailures.com/trial/NCT03610490-autologous-tumor-infiltrating-lymphocytes-mda-til-in-treating-patients-with-recu","trial","2025-04-17T00:00:00.000Z","unknown","unreviewed"
"https://clinicaltrialfailures.com/trial/NCT05506930-itm-vs-ql-for-pediatric-open-lower-abdominal-procedures","trial","2025-04-15T00:00:00.000Z","unknown","unreviewed"
"https://clinicaltrialfailures.com/trial/NCT05147766-safety-of-cultured-allogeneic-adult-umbilical-cord-derived-mesenchymal-stem-cell","trial","2025-04-06T00:00:00.000Z","unknown","unreviewed"
"https://clinicaltrialfailures.com/trial/NCT05075577-epi-7386-in-combination-with-enzalutamide-compared-with-enzalutamide-alone-in-su","trial","2025-02-28T00:00:00.000Z","unknown","unreviewed"
"https://clinicaltrialfailures.com/trial/NCT03325296-efficacy-of-twice-daily-application-of-leo-124249-ointment-30-mg-g-for-12-weeks-","trial","2025-02-24T00:00:00.000Z","unknown","unreviewed"
"https://clinicaltrialfailures.com/trial/NCT03371381-an-efficacy-and-safety-study-of-jnj-64041757-a-live-attenuated-listeria-monocyto","trial","2025-02-04T00:00:00.000Z","unknown","unreviewed"
"https://clinicaltrialfailures.com/trial/NCT03618160-a-study-to-assess-the-safety-tolerability-and-pharmacokinetics-of-subcutaneous-s","trial","2025-02-03T00:00:00.000Z","unknown","unreviewed"
"https://clinicaltrialfailures.com/trial/NCT04856176-a-study-of-sargramostim-plus-pembrolizumab-with-or-without-pemetrexed-in-patient","trial","2025-01-01T00:00:00.000Z","unknown","unreviewed"
"https://clinicaltrialfailures.com/trial/NCT03606642-synergy-stent-system-implantation-with-mandatory-intra-vascularultra-sound-guida","trial","2024-12-27T00:00:00.000Z","unknown","unreviewed"
"https://clinicaltrialfailures.com/trial/NCT03890289-idelalisib-obinutuzumab-in-patients-with-relapsed-refractory-follicular-lymphoma","trial","2024-11-21T00:00:00.000Z","unknown","unreviewed"
"https://clinicaltrialfailures.com/trial/NCT03822455-a-phase-2b-randomised-placebo-controlled-study-of-oligog-in-patients-with-cystic","trial","2024-10-28T00:00:00.000Z","unknown","unreviewed"
"https://clinicaltrialfailures.com/trial/NCT03879798-ds-3201b-and-irinotecan-for-patients-with-recurrent-small-cell-lung-cancer","trial","2024-10-10T00:00:00.000Z","unknown","unreviewed"
"https://clinicaltrialfailures.com/trial/NCT04272242-drug-drug-interactions-between-rifapentine-and-dolutegravir-in-hiv-ltbi-co-infec","trial","2024-09-19T00:00:00.000Z","unknown","unreviewed"
"https://clinicaltrialfailures.com/trial/NCT01904253-a-phase-2-study-comparing-tas-102-versus-topotecan-or-amrubicin-to-treat-small-c","trial","2024-09-05T00:00:00.000Z","unknown","unreviewed"
"https://clinicaltrialfailures.com/trial/NCT04768881-safety-and-efficacy-of-selinexor-in-combination-with-pembrolizumab-in-recurrent-","trial","2024-08-23T00:00:00.000Z","unknown","unreviewed"
"https://clinicaltrialfailures.com/trial/NCT03263091-efficacy-and-safety-of-roxadustat-for-treatment-of-anemia-in-participants-with-l","trial","2024-08-01T00:00:00.000Z","unknown","unreviewed"
"https://clinicaltrialfailures.com/trial/NCT04049266-a-study-to-evaluate-the-efficacy-and-safety-of-ksi-301-an-anti-vegf-antibody-bio","trial","2024-07-18T00:00:00.000Z","unknown","unreviewed"
"https://clinicaltrialfailures.com/trial/NCT05267574-an-open-label-long-term-safety-study-of-ren001-in-primary-mitochondrial-myopathy","trial","2024-05-28T00:00:00.000Z","unknown","unreviewed"
"https://clinicaltrialfailures.com/trial/NCT04947579-a-study-of-cc-99677-in-participants-with-active-ankylosing-spondylitis","trial","2024-05-01T00:00:00.000Z","unknown","unreviewed"
"https://clinicaltrialfailures.com/trial/NCT04476797-phase-i-ii-study-of-sbrt-and-gc4711-for-centrally-located-or-large-nsclc","trial","2024-04-30T00:00:00.000Z","unknown","unreviewed"
"https://clinicaltrialfailures.com/trial/NCT03396471-study-of-pembrolizumab-and-concurrent-radiation-in-patients-with-previously-trea","trial","2024-04-18T00:00:00.000Z","unknown","unreviewed"
"https://clinicaltrialfailures.com/trial/NCT03448692-a-study-to-evaluate-pf-06730512-in-adults-with-focal-segmental-glomerulosclerosi","trial","2024-04-18T00:00:00.000Z","unknown","unreviewed"
"https://clinicaltrialfailures.com/trial/NCT04128371-mepolizumab-in-episodic-angioedema-with-eosinophilia","trial","2024-04-16T00:00:00.000Z","unknown","unreviewed"
"https://clinicaltrialfailures.com/trial/NCT04115059-dasatinib-in-waldenstr-m-macroglobulinemia","trial","2024-03-21T00:00:00.000Z","unknown","unreviewed"
"https://clinicaltrialfailures.com/trial/NCT04612725-a-study-to-investigate-the-use-of-benralizumab-in-patients-with-chronic-spontane","trial","2024-03-13T00:00:00.000Z","unknown","unreviewed"
"https://clinicaltrialfailures.com/trial/NCT06124144-safety-and-drug-absorption-of-orally-administered-oleylphosphocholine-olpc-in-he","trial","2024-03-12T00:00:00.000Z","unknown","unreviewed"
"https://clinicaltrialfailures.com/trial/NCT03283826-phase-1-2-study-to-evaluate-the-safety-and-efficacy-of-ata188-in-subjects-with-p","trial","2024-02-23T00:00:00.000Z","unknown","unreviewed"
"https://clinicaltrialfailures.com/trial/NCT03943550-double-blinded-placebo-controlled-phase-1b-study-for-safety-pk-efficacy-pd-of-ro","trial","2024-02-15T00:00:00.000Z","unknown","unreviewed"
"https://clinicaltrialfailures.com/trial/NCT05124210-pharmacokinetics-pharmacodynamics-and-safety-of-single-dose-sotrovimab-in-high-r","trial","2024-01-03T00:00:00.000Z","unknown","unreviewed"
"https://clinicaltrialfailures.com/trial/NCT04985968-the-efficacy-and-safety-of-cobitolimod-in-participants-with-moderate-to-severe-a","trial","2023-12-27T00:00:00.000Z","unknown","unreviewed"
"https://clinicaltrialfailures.com/trial/NCT04826484-opioid-reduction-initiative-during-outpatient-pediatric-urologic-procedures-usin","trial","2023-12-26T00:00:00.000Z","unknown","unreviewed"
"https://clinicaltrialfailures.com/trial/NCT00679029-chemotherapy-and-bevacizumab-for-human-epidermal-growth-factor-receptor-2-her2-n","trial","2023-12-11T00:00:00.000Z","unknown","unreviewed"
"https://clinicaltrialfailures.com/trial/NCT01500798-a-pharmacodynamic-study-of-measured-glomerular-filtration-rate-in-patients-with-","trial","2023-10-27T00:00:00.000Z","unknown","unreviewed"
"https://clinicaltrialfailures.com/trial/NCT03722108-regorafenib-combined-with-irinotecan-as-second-line-in-patients-with-metastatic-","trial","2023-10-16T00:00:00.000Z","unknown","unreviewed"
"https://clinicaltrialfailures.com/trial/NCT01303679-1st-line-treatment-of-bevacizumab-taxane-vs-bevacizumab-exemestane-in-metastatic","trial","2023-09-06T00:00:00.000Z","unknown","unreviewed"
"https://clinicaltrialfailures.com/trial/NCT03459443-a-proof-of-concept-study-for-a-12-month-treatment-in-patients-with-c3g-or-ic-mpg","trial","2023-08-21T00:00:00.000Z","unknown","unreviewed"
"https://clinicaltrialfailures.com/trial/NCT04729725-sar439459-and-cemiplimab-for-the-treatment-of-advanced-or-unresectable-solid-tum","trial","2023-08-14T00:00:00.000Z","unknown","unreviewed"
"https://clinicaltrialfailures.com/trial/NCT05222516-immunomodulation-by-om-85-broncho-vaxom-in-early-ad","trial","2023-08-08T00:00:00.000Z","unknown","unreviewed"
"https://clinicaltrialfailures.com/trial/NCT05794672-a-study-to-investigate-the-safety-tolerability-and-pharmacokinetics-of-elarekibe","trial","2023-07-18T00:00:00.000Z","unknown","unreviewed"
"https://clinicaltrialfailures.com/trial/NCT05614453-tislelizumab-in-combination-with-sitravatinib-for-recurrent-metastatic-cervical-","trial","2023-06-29T00:00:00.000Z","unknown","unreviewed"
"https://clinicaltrialfailures.com/trial/NCT04849273-a-study-of-tpx-0131-a-novel-oral-alk-tyrosine-kinase-inhibitor-in-patients-with-","trial","2023-05-26T00:00:00.000Z","unknown","unreviewed"
"https://clinicaltrialfailures.com/trial/NCT03174522-the-efficacy-and-safety-of-rex-001-to-treat-ischemic-ulcers-in-subjects-with-cli","trial","2023-03-16T00:00:00.000Z","unknown","unreviewed"
"https://clinicaltrialfailures.com/trial/NCT03030131-immune-neoadjuvant-therapy-study-of-durvalumab-in-early-stage-non-small-cell-lun","trial","2023-03-14T00:00:00.000Z","unknown","unreviewed"
"https://clinicaltrialfailures.com/trial/NCT04438902-osimertinib-combined-with-anlotinib-in-egfr-t790m-mutated-nsclc-patients-with-pr","trial","2023-02-21T00:00:00.000Z","unknown","unreviewed"
"https://clinicaltrialfailures.com/trial/NCT05601648-pet-synaptogenesis-after-psilocybin-in-depression-recovery","trial","2023-01-30T00:00:00.000Z","unknown","unreviewed"
"https://clinicaltrialfailures.com/trial/NCT02352753-multicenter-single-arm-study-to-evaluate-efficacy-safety-and-pharmacokinetics-of","trial","2022-12-28T00:00:00.000Z","unknown","unreviewed"
"https://clinicaltrialfailures.com/trial/NCT00887926-study-of-imc-eb10-in-participant-with-leukemia","trial","2022-12-22T00:00:00.000Z","unknown","unreviewed"
"https://clinicaltrialfailures.com/trial/NCT03638128-open-label-extension-of-study-20130173-of-denosumab-in-children-and-young-adults","trial","2022-12-20T00:00:00.000Z","unknown","unreviewed"
"https://clinicaltrialfailures.com/trial/NCT04775797-safety-tolerability-and-pharmacokinetics-of-ab-836-in-healthy-subjects-and-subje","trial","2022-11-21T00:00:00.000Z","unknown","unreviewed"
"https://clinicaltrialfailures.com/trial/NCT03920254-td-1473-long-term-safety-lts-ulcerative-colitis-uc-study","trial","2022-11-02T00:00:00.000Z","unknown","unreviewed"
"https://clinicaltrialfailures.com/trial/NCT03943290-extension-study-to-evaluate-the-long-term-effects-of-ace-083-in-patients-with-fa","trial","2022-09-26T00:00:00.000Z","unknown","unreviewed"
"https://clinicaltrialfailures.com/trial/NCT02499952-pembrolizumab-in-subjects-with-incurable-platinum-refractory-germ-cell-tumors","trial","2022-07-11T00:00:00.000Z","unknown","unreviewed"
"https://clinicaltrialfailures.com/trial/NCT02880371-a-study-of-arry-382-in-combination-with-pembrolizumab-for-the-treatment-of-patie","trial","2022-06-16T00:00:00.000Z","unknown","unreviewed"
"https://clinicaltrialfailures.com/trial/NCT04131192-gemcitabine-and-z650-in-treating-patients-with-metastatic-or-recurrent-pancreati","trial","2022-05-06T00:00:00.000Z","unknown","unreviewed"
"https://clinicaltrialfailures.com/trial/NCT03720574-lorcaserin-and-behavioral-modification-for-overweight-and-obesity-management-in-","trial","2022-05-02T00:00:00.000Z","unknown","unreviewed"
"https://clinicaltrialfailures.com/trial/NCT03434366-intranasal-ketamine-with-dexmedetomidine-for-the-treatment-of-children-with-auti","trial","2022-04-12T00:00:00.000Z","unknown","unreviewed"
"https://clinicaltrialfailures.com/trial/NCT03809663-a-dose-ranging-placebo-controlled-double-blind-study-to-evaluate-the-safety-and-","trial","2022-03-10T00:00:00.000Z","unknown","unreviewed"
"https://clinicaltrialfailures.com/trial/NCT01059448-safety-and-efficacy-of-amg-827-in-subjects-with-ra","trial","2022-02-28T00:00:00.000Z","unknown","unreviewed"
"https://clinicaltrialfailures.com/trial/NCT04617847-open-label-extension-study-to-evaluate-the-safety-and-tolerability-of-wve-120101","trial","2022-02-09T00:00:00.000Z","unknown","unreviewed"
"https://clinicaltrialfailures.com/trial/NCT04344444-treatment-in-patients-with-suspected-or-confirmed-covid-19-with-early-moderate-o","trial","2022-01-21T00:00:00.000Z","unknown","unreviewed"
"https://clinicaltrialfailures.com/trial/NCT03937141-efficacy-and-safety-trial-of-adu-s100-and-pembrolizumab-in-head-and-neck-cancer","trial","2022-01-03T00:00:00.000Z","unknown","unreviewed"
"https://clinicaltrialfailures.com/trial/NCT04287348-intravitreal-brolucizumab-in-neovascular-age-related-macular-degeneration-with-l","trial","2021-12-29T00:00:00.000Z","unknown","unreviewed"
"https://clinicaltrialfailures.com/trial/NCT04637555-open-label-extension-study-for-clcz696g2301-paradise-mi","trial","2021-11-26T00:00:00.000Z","unknown","unreviewed"
"https://clinicaltrialfailures.com/trial/NCT03071094-a-trial-to-evaluate-the-safety-and-efficacy-of-the-combination-of-the-oncolytic-","trial","2021-11-19T00:00:00.000Z","unknown","unreviewed"
"https://clinicaltrialfailures.com/trial/NCT02964338-a-study-comparing-the-efficacy-and-safety-of-fremanezumab-tev-48125-for-the-prev","trial","2021-11-09T00:00:00.000Z","unknown","unreviewed"
"https://clinicaltrialfailures.com/trial/NCT03517566-a-study-to-assess-the-safety-and-efficacy-of-zpl389-in-patients-with-moderate-to","trial","2021-10-08T00:00:00.000Z","unknown","unreviewed"
"https://clinicaltrialfailures.com/trial/NCT04344951-chloroquine-phosphate-against-infection-by-the-novel-coronavirus-sars-cov-2-covi","trial","2021-09-23T00:00:00.000Z","unknown","unreviewed"
"https://clinicaltrialfailures.com/trial/NCT04342897-a-study-of-ly3127804-in-participants-with-covid-19","trial","2021-08-12T00:00:00.000Z","unknown","unreviewed"
"https://clinicaltrialfailures.com/trial/NCT03490162-safety-and-pharmacokinetics-study-of-dm1157-to-treat-malaria","trial","2021-07-23T00:00:00.000Z","unknown","unreviewed"
"https://clinicaltrialfailures.com/trial/NCT03510897-qpi-1002-phase-3-for-prevention-of-major-adverse-kidney-events-make-in-subjects-","trial","2021-07-16T00:00:00.000Z","unknown","unreviewed"
"https://clinicaltrialfailures.com/trial/NCT02817906-iti-007-for-the-treatment-of-agitation-in-patients-with-dementia-including-alzhe","trial","2021-06-29T00:00:00.000Z","unknown","unreviewed"
"https://clinicaltrialfailures.com/trial/NCT03451773-m7824-msb0011359c-in-combination-with-gemcitabine-in-adults-with-previously-trea","trial","2021-06-16T00:00:00.000Z","unknown","unreviewed"
"https://clinicaltrialfailures.com/trial/NCT03203447-suprachoroidal-injection-of-triamcinolone-acetonide-with-ivt-anti-vegf-in-subjec","trial","2021-04-23T00:00:00.000Z","unknown","unreviewed"
"https://clinicaltrialfailures.com/trial/NCT00742014-the-assessment-of-right-ventricular-contractility-in-response-to-sildenafil","trial","2021-04-19T00:00:00.000Z","unknown","unreviewed"
"https://clinicaltrialfailures.com/trial/NCT04372082-hydroxychloroquine-or-diltiazem-niclosamide-for-the-treatment-of-covid-19","trial","2021-03-11T00:00:00.000Z","unknown","unreviewed"
"https://clinicaltrialfailures.com/trial/NCT00066677-bevacizumab-with-or-without-docetaxel-in-treating-patients-with-previously-treat","trial","2021-03-05T00:00:00.000Z","unknown","unreviewed"
"https://clinicaltrialfailures.com/trial/NCT02796144-metformin-and-lorcaserin-for-weight-loss-in-schizophrenia","trial","2021-03-03T00:00:00.000Z","unknown","unreviewed"
"https://clinicaltrialfailures.com/trial/NCT03490942-glucagon-infusion-in-t1d-patients-with-recurrent-severe-hypoglycemia-effects-on-","trial","2021-02-21T00:00:00.000Z","unknown","unreviewed"
"https://clinicaltrialfailures.com/trial/NCT03382899-study-of-pegilodecakin-ly3500518-with-pembrolizumab-compared-to-pembrolizumab-al","trial","2021-01-20T00:00:00.000Z","unknown","unreviewed"
"https://clinicaltrialfailures.com/trial/NCT02763644-efficacy-and-safety-of-lfg316-in-transplant-associated-microangiopathy-tam-patie","trial","2021-01-05T00:00:00.000Z","unknown","unreviewed"
"https://clinicaltrialfailures.com/trial/NCT03407482-an-extension-study-of-gdc-0853-in-participants-with-moderate-to-severe-active-sy","trial","2020-12-19T00:00:00.000Z","unknown","unreviewed"
"https://clinicaltrialfailures.com/trial/NCT04187508-a-study-to-evaluate-the-effect-of-azd8154-administered-via-nebulizer-once-daily-","trial","2020-11-03T00:00:00.000Z","unknown","unreviewed"
"https://clinicaltrialfailures.com/trial/NCT04334967-hydroxychloroquine-in-patients-with-newly-diagnosed-covid-19-compared-to-standar","trial","2020-09-16T00:00:00.000Z","unknown","unreviewed"
"https://clinicaltrialfailures.com/trial/NCT02989168-study-to-evaluate-the-effect-of-gbt440-administered-to-subjects-with-ipf-on-supp","trial","2020-08-21T00:00:00.000Z","unknown","unreviewed"
"https://clinicaltrialfailures.com/trial/NCT02614131-a-study-of-ly2599666-in-healthy-participants-and-participants-with-mild-cognitiv","trial","2020-06-17T00:00:00.000Z","unknown","unreviewed"
"https://clinicaltrialfailures.com/trial/NCT01796470-entospletinib-in-combination-with-idelalisib-in-adults-with-relapsed-or-refracto","trial","2020-06-02T00:00:00.000Z","unknown","unreviewed"
"https://clinicaltrialfailures.com/trial/NCT01548924-determination-of-dose-of-antiangiogenic-multitargeted-dovitinib-tki258-plus-pacl","trial","2020-04-17T00:00:00.000Z","unknown","unreviewed"
"https://clinicaltrialfailures.com/trial/NCT03303794-0-25-bupivacaine-versus-a-mixture-of-0-25-bupivacaine-and-1-3-liposomal-bupivaca","trial","2020-03-20T00:00:00.000Z","unknown","unreviewed"
"https://clinicaltrialfailures.com/trial/NCT02858362-proof-of-concept-study-to-assess-activity-and-safety-of-smt-c1100-ezutromid-in-b","trial","2020-01-02T00:00:00.000Z","unknown","unreviewed"
"https://clinicaltrialfailures.com/trial/NCT00840827-efficacy-and-safety-of-lenalidomide-in-combination-with-cyclosporine-a-in-patien","trial","2019-11-19T00:00:00.000Z","unknown","unreviewed"
"https://clinicaltrialfailures.com/trial/NCT01370239-humanah-hu3s193-in-the-treatment-of-advanced-breast-cancer-after-hormonal-therap","trial","2019-10-11T00:00:00.000Z","unknown","unreviewed"
"https://clinicaltrialfailures.com/trial/NCT01900665-progress-of-mild-alzheimer-s-disease-in-participants-on-solanezumab-versus-place","trial","2019-10-09T00:00:00.000Z","unknown","unreviewed"
"https://clinicaltrialfailures.com/trial/NCT01865084-a-study-of-tadalafil-for-duchenne-muscular-dystrophy","trial","2019-10-09T00:00:00.000Z","unknown","unreviewed"
"https://clinicaltrialfailures.com/trial/NCT02111096-a-study-of-ly2409021-in-participants-with-type-2-diabetes-mellitus","trial","2019-10-09T00:00:00.000Z","unknown","unreviewed"
"https://clinicaltrialfailures.com/trial/NCT02537080-the-effect-of-nimodipine-on-the-postoperative-cognitive-dysfunction","trial","2019-10-01T00:00:00.000Z","unknown","unreviewed"
"https://clinicaltrialfailures.com/trial/NCT02058108-study-of-efficacy-and-safety-tolerability-and-pharmacokinetics-of-telbivudine-in","trial","2019-09-10T00:00:00.000Z","unknown","unreviewed"
"https://clinicaltrialfailures.com/trial/NCT00742001-feasibility-study-of-mirasol-treated-whole-blood-red-cell-recovery-and-survival","trial","2019-08-28T00:00:00.000Z","unknown","unreviewed"
"https://clinicaltrialfailures.com/trial/NCT02949492-low-dose-il-2-for-treg-expansion-and-tolerance-lite","trial","2019-08-14T00:00:00.000Z","unknown","unreviewed"
"https://clinicaltrialfailures.com/trial/NCT03096444-antipruritic-effect-of-topical-ketamine-amitriptyline-and-lidocaine","trial","2019-07-02T00:00:00.000Z","unknown","unreviewed"
"https://clinicaltrialfailures.com/trial/NCT03333746-lenalidomide-and-nivolumab-in-treating-patients-with-relapsed-or-refractory-mult","trial","2019-05-30T00:00:00.000Z","unknown","unreviewed"
"https://clinicaltrialfailures.com/trial/NCT02993783-a-dose-finding-study-of-vedolizumab-for-treatment-of-steroid-refractory-acute-in","trial","2019-05-24T00:00:00.000Z","unknown","unreviewed"
"https://clinicaltrialfailures.com/trial/NCT02782325-safety-and-efficacy-of-fecal-microbiome-transplantation-fmt-in-the-treatment-of-","trial","2019-05-14T00:00:00.000Z","unknown","unreviewed"
"https://clinicaltrialfailures.com/trial/NCT03381118-haploidentical-lymphocytes-with-nivolumab-ara-c-as-consolidation-in-elderly-aml-","trial","2019-04-05T00:00:00.000Z","unknown","unreviewed"
"https://clinicaltrialfailures.com/trial/NCT00870519-brain-imaging-study-in-subjects-with-alzheimer-disease-in-comparison-to-healthy-","trial","2019-04-03T00:00:00.000Z","unknown","unreviewed"
"https://clinicaltrialfailures.com/trial/NCT03154047-study-in-subjects-with-light-chain-al-amyloidosis","trial","2019-03-26T00:00:00.000Z","unknown","unreviewed"
"https://clinicaltrialfailures.com/trial/NCT02699385-a-study-to-evaluate-the-safety-and-efficacy-of-domperidone-in-pediatric-particip","trial","2019-03-20T00:00:00.000Z","unknown","unreviewed"
"https://clinicaltrialfailures.com/trial/NCT01230970-exploratory-study-to-assess-the-short-term-intratumoural-and-peripheral-effects-","trial","2019-01-07T00:00:00.000Z","unknown","unreviewed"
"https://clinicaltrialfailures.com/trial/NCT01602679-acute-effects-of-progesterone-on-lh-pulses-during-the-follicular-phase-crm006","trial","2018-10-16T00:00:00.000Z","unknown","unreviewed"
"https://clinicaltrialfailures.com/trial/NCT00847223-efficacy-and-safety-of-the-farnesyl-transferase-inhibitor-tipifarnib-in-mantle-c","trial","2018-08-23T00:00:00.000Z","unknown","unreviewed"
"https://clinicaltrialfailures.com/trial/NCT02762617-safety-and-pharmacokinetics-pk-of-a-polyurethane-tenofovir-disoproxil-fumarate-t","trial","2018-08-21T00:00:00.000Z","unknown","unreviewed"
"https://clinicaltrialfailures.com/trial/NCT01424501-safety-and-immunogenicity-of-a-candidate-tuberculosis-tb-vaccine-in-adults-with-","trial","2018-08-20T00:00:00.000Z","unknown","unreviewed"
"https://clinicaltrialfailures.com/trial/NCT00449150-cetrorelix-cet-pamoate-regimens-in-patients-with-symptomatic-benign-prostatic-hy","trial","2018-08-03T00:00:00.000Z","unknown","unreviewed"
"https://clinicaltrialfailures.com/trial/NCT01556347-multi-drug-desensitization-protocol-for-heart-transplant-candidates","trial","2018-06-15T00:00:00.000Z","unknown","unreviewed"
"https://clinicaltrialfailures.com/trial/NCT02227576-prevention-of-thrombocytopenia-in-glioblastoma-patients","trial","2018-04-25T00:00:00.000Z","unknown","unreviewed"
"https://clinicaltrialfailures.com/trial/NCT00491387-sympathetic-nervous-system-modulation-in-hypertension","trial","2018-02-07T00:00:00.000Z","unknown","unreviewed"
"https://clinicaltrialfailures.com/trial/NCT02393209-docetaxel-with-or-without-tak-117-mln1117-in-participants-with-locally-advanced-","trial","2018-02-07T00:00:00.000Z","unknown","unreviewed"
"https://clinicaltrialfailures.com/trial/NCT02333045-characterization-and-modulation-of-mucosal-immunity-for-hiv-prevention-in-women","trial","2018-01-19T00:00:00.000Z","unknown","unreviewed"
"https://clinicaltrialfailures.com/trial/NCT00226941-a-phase-1-2-trial-of-cetuximab-in-combination-with-oxaliplatin-capecitabine-and-","trial","2017-12-08T00:00:00.000Z","unknown","unreviewed"
"https://clinicaltrialfailures.com/trial/NCT01740401-ctla-4-blockade-and-low-dose-cyclophosphamide-in-patients-with-advanced-malignan","trial","2017-12-06T00:00:00.000Z","unknown","unreviewed"
"https://clinicaltrialfailures.com/trial/NCT00912509-cross-linking-for-treatment-of-corneal-infection","trial","2017-11-22T00:00:00.000Z","unknown","unreviewed"
"https://clinicaltrialfailures.com/trial/NCT01199731-dose-finding-study-of-gsk2248761-in-antiretroviral-therapy-experienced-subjects-","trial","2017-11-17T00:00:00.000Z","unknown","unreviewed"
"https://clinicaltrialfailures.com/trial/NCT01319539-mk2206-in-treating-patients-with-stage-i-stage-ii-or-stage-iii-breast-cancer","trial","2017-08-30T00:00:00.000Z","unknown","unreviewed"
"https://clinicaltrialfailures.com/trial/NCT00730483-doxorubicin-beads-in-treating-patients-with-unresectable-liver-metastases-from-n","trial","2017-08-25T00:00:00.000Z","unknown","unreviewed"
"https://clinicaltrialfailures.com/trial/NCT00381810-a-study-to-evaluate-the-safety-of-rituximab-retreatment-in-subjects-with-systemi","trial","2017-08-01T00:00:00.000Z","unknown","unreviewed"
"https://clinicaltrialfailures.com/trial/NCT00004465-phase-iii-randomized-study-of-synsorb-pk-in-children-with-e-coli-associated-hemo","trial","2017-06-01T00:00:00.000Z","unknown","unreviewed"
"https://clinicaltrialfailures.com/trial/NCT00462202-open-label-tolerability-and-safety-study-of-krx-101-in-australia-new-zealand-and","trial","2017-03-03T00:00:00.000Z","unknown","unreviewed"
"https://clinicaltrialfailures.com/trial/NCT01792635-a-6-week-study-of-pf-05175157-in-type-2-diabetes-mellitus","trial","2017-02-16T00:00:00.000Z","unknown","unreviewed"
"https://clinicaltrialfailures.com/trial/NCT01550705-effect-of-isoniazid-on-protoporphyrin-levels-in-erythropoietic-protoporphyria","trial","2017-01-16T00:00:00.000Z","unknown","unreviewed"
"https://clinicaltrialfailures.com/trial/NCT02213744-mm-302-plus-trastuzumab-vs-chemotherapy-of-physician-s-choice-plus-trastuzumab-i","trial","2017-01-06T00:00:00.000Z","unknown","unreviewed"
"https://clinicaltrialfailures.com/trial/NCT01114997-effect-of-lidocaine-and-esmolol-to-improve-the-quality-of-recovery","trial","2016-11-03T00:00:00.000Z","unknown","unreviewed"
"https://clinicaltrialfailures.com/trial/NCT01737593-can-acetaminophen-given-1-2-hours-to-children-before-ear-tube-surgery-reduce-agi","trial","2016-10-21T00:00:00.000Z","unknown","unreviewed"
"https://clinicaltrialfailures.com/trial/NCT00788606-r-chop-b-bevacizumab-for-diffuse-large-b-cell-lymphoma","trial","2016-10-14T00:00:00.000Z","unknown","unreviewed"
"https://clinicaltrialfailures.com/trial/NCT00862836-addition-of-vandetanib-to-standard-therapy-pegliposomal-doxorubicin-pld","trial","2016-10-10T00:00:00.000Z","unknown","unreviewed"
"https://clinicaltrialfailures.com/trial/NCT00117884-efficacy-of-851b-gel-for-treating-high-risk-cervical-human-papillomavirus-infect","trial","2016-08-19T00:00:00.000Z","unknown","unreviewed"
"https://clinicaltrialfailures.com/trial/NCT00718965-evaluation-of-efficacy-and-safety-of-ave5530-in-patients-with-primary-hyperchole","trial","2016-05-16T00:00:00.000Z","unknown","unreviewed"
"https://clinicaltrialfailures.com/trial/NCT01499251-clinical-study-on-the-safety-and-tolerability-of-macitentan-in-combination-with-","trial","2016-05-05T00:00:00.000Z","unknown","unreviewed"
"https://clinicaltrialfailures.com/trial/NCT00971126-study-of-sorafenib-with-combination-of-thalidomide-in-hepatocellular-carcinoma-h","trial","2016-05-04T00:00:00.000Z","unknown","unreviewed"
"https://clinicaltrialfailures.com/trial/NCT00608881-coenzyme-q10-in-huntington-s-disease-hd","trial","2016-03-30T00:00:00.000Z","unknown","unreviewed"
"https://clinicaltrialfailures.com/trial/NCT02720120-a-study-of-ocrelizumab-in-participants-with-moderate-to-severe-rheumatoid-arthri","trial","2016-03-28T00:00:00.000Z","unknown","unreviewed"
"https://clinicaltrialfailures.com/trial/NCT01573247-safety-study-of-akn-028-in-patients-with-acute-myelogenous-leukemia","trial","2016-03-25T00:00:00.000Z","unknown","unreviewed"
"https://clinicaltrialfailures.com/trial/NCT01677182-safety-and-efficacy-study-of-ramelteon-tak-375-tablets-for-sublingual-administra","trial","2016-03-16T00:00:00.000Z","unknown","unreviewed"
"https://clinicaltrialfailures.com/trial/NCT00822900-progesterone-for-the-treatment-of-traumatic-brain-injury-iii","trial","2016-01-20T00:00:00.000Z","unknown","unreviewed"
"https://clinicaltrialfailures.com/trial/NCT00299390-safety-and-efficacy-study-of-a-new-chemotherapy-agent-to-treat-small-cell-lung-c","trial","2015-12-31T00:00:00.000Z","unknown","unreviewed"
"https://clinicaltrialfailures.com/trial/NCT00924287-gene-therapy-using-anti-her-2-cells-to-treat-metastatic-cancer","trial","2015-10-28T00:00:00.000Z","unknown","unreviewed"
"https://clinicaltrialfailures.com/trial/NCT01167738-combination-chemotherapy-with-or-without-metformin-hydrochloride-in-treating-pat","trial","2015-04-24T00:00:00.000Z","unknown","unreviewed"
"https://clinicaltrialfailures.com/trial/NCT00217464-fulvestrant-in-treating-patients-with-recurrent-prostate-cancer","trial","2015-04-16T00:00:00.000Z","unknown","unreviewed"
"https://clinicaltrialfailures.com/trial/NCT00735345-chemotherapy-induction-and-chemoradiotherapy-in-patients-with-esophageal-carcino","trial","2015-03-09T00:00:00.000Z","unknown","unreviewed"
"https://clinicaltrialfailures.com/trial/NCT01001585-anesthetic-effects-in-mitochondrial-disease","trial","2015-03-09T00:00:00.000Z","unknown","unreviewed"
"https://clinicaltrialfailures.com/trial/NCT02358642-drug-to-prevent-pneumonia-in-the-tube-fed","trial","2015-02-09T00:00:00.000Z","unknown","unreviewed"
"https://clinicaltrialfailures.com/trial/NCT05650567-study-of-m5049-in-dm-and-pm-participants-neptunia","trial","2026-09-09T00:00:00.000Z","unknown","unreviewed"
"https://clinicaltrialfailures.com/trial/NCT03635073-a-study-of-soticlestat-in-adults-and-children-with-rare-epilepsies","trial","2026-09-04T00:00:00.000Z","unknown","unreviewed"
"https://clinicaltrialfailures.com/trial/NCT06620302-testing-the-addition-of-an-anti-cancer-drug-dt2216-to-the-usual-chemotherapy-tre","trial","2026-08-24T00:00:00.000Z","unknown","unreviewed"
"https://clinicaltrialfailures.com/trial/NCT03417739-a-phase-ii-study-of-bvd-523-in-metastatic-uveal-melanoma","trial","2026-07-27T00:00:00.000Z","unknown","unreviewed"
"https://clinicaltrialfailures.com/trial/NCT06685068-a-phase-1-2-study-of-gen1286-in-patients-with-advanced-solid-tumors","trial","2026-07-13T00:00:00.000Z","unknown","unreviewed"
"https://clinicaltrialfailures.com/trial/NCT06685835-a-study-of-the-efficacy-and-safety-of-brensocatib-in-adults-with-moderate-to-sev","trial","2026-06-29T00:00:00.000Z","unknown","unreviewed"
"https://clinicaltrialfailures.com/trial/NCT03386240-antibacterial-coated-sutures-at-time-of-cesarean","trial","2026-06-22T00:00:00.000Z","unknown","unreviewed"
"https://clinicaltrialfailures.com/trial/NCT06171789-pro1107-in-patients-with-advanced-solid-tumors","trial","2026-06-01T00:00:00.000Z","unknown","unreviewed"
"https://clinicaltrialfailures.com/trial/NCT03895437-diabetes-autoimmunity-withdrawn-in-new-onset-and-in-established-patients","trial","2026-05-20T00:00:00.000Z","unknown","unreviewed"
"https://clinicaltrialfailures.com/trial/NCT05517447-extension-study-to-assess-batoclimab-in-participants-with-thyroid-eye-disease","trial","2026-04-29T00:00:00.000Z","unknown","unreviewed"
"https://clinicaltrialfailures.com/trial/NCT05887882-intra-tumoral-injections-of-natural-killer-cells-for-recurrent-malignant-pediatr","trial","2026-04-24T00:00:00.000Z","unknown","unreviewed"
"https://clinicaltrialfailures.com/trial/NCT04864392-study-of-efficacy-safety-and-tolerability-of-lna043-in-patients-with-knee-osteoa","trial","2026-04-02T00:00:00.000Z","unknown","unreviewed"
"https://clinicaltrialfailures.com/trial/NCT04234113-study-of-nanrilkefusp-alfa-alone-and-with-pembrolizumab-in-adult-patients-with-a","trial","2026-03-27T00:00:00.000Z","unknown","unreviewed"
"https://clinicaltrialfailures.com/trial/NCT01113229-combined-use-of-oxytocin-and-misoprostol-in-the-prevention-of-post-partum-haemor","trial","2026-03-27T00:00:00.000Z","unknown","unreviewed"
"https://clinicaltrialfailures.com/trial/NCT05983367-a-study-to-investigate-ompenaclid-combined-with-folfiri-plus-bevacizumab-in-adva","trial","2026-02-20T00:00:00.000Z","unknown","unreviewed"
"https://clinicaltrialfailures.com/trial/NCT04918147-elotuzumab-in-immunoglobulin-g4-related-disease-igg4-rd","trial","2026-02-05T00:00:00.000Z","unknown","unreviewed"
"https://clinicaltrialfailures.com/trial/NCT05814666-activity-and-safety-of-danvatirsen-and-pembrolizumab-in-hnscc","trial","2026-01-30T00:00:00.000Z","unknown","unreviewed"
"https://clinicaltrialfailures.com/trial/NCT03760523-dose-escalation-study-of-minnelide-in-relapsed-or-refractory-acute-myeloid-leuke","trial","2026-01-07T00:00:00.000Z","unknown","unreviewed"
"https://clinicaltrialfailures.com/trial/NCT07283848-zimberelimab-domvanalimab-in-gastroesophageal-adenocarcinoma","trial","2025-12-26T00:00:00.000Z","unknown","unreviewed"
"https://clinicaltrialfailures.com/trial/NCT06488716-a-study-to-evaluate-the-safety-pharmacokinetics-and-activity-of-ro7759065-as-a-s","trial","2025-12-24T00:00:00.000Z","unknown","unreviewed"
"https://clinicaltrialfailures.com/trial/NCT04445064-activity-and-safety-of-peptide-based-immunotherapy-in-patients-with-squamous-cel","trial","2025-12-16T00:00:00.000Z","unknown","unreviewed"
"https://clinicaltrialfailures.com/trial/NCT05032066-a-multicenter-trial-to-evaluate-the-efficacy-safety-and-tolerability-of-hzn-825-","trial","2025-12-03T00:00:00.000Z","unknown","unreviewed"
"https://clinicaltrialfailures.com/trial/NCT05478031-a-phase-2a-study-to-investigate-rem0046127-in-mild-to-moderate-alzheimer-s-disea","trial","2025-12-03T00:00:00.000Z","unknown","unreviewed"
"https://clinicaltrialfailures.com/trial/NCT05727878-trial-to-evaluate-safety-and-efficacy-of-kpi-012-ophthalmic-solution-in-particip","trial","2025-10-22T00:00:00.000Z","unknown","unreviewed"
"https://clinicaltrialfailures.com/trial/NCT04551053-to-evaluate-efficacy-and-safety-of-parsaclisib-and-ruxolitinib-in-participants-w","trial","2025-10-02T00:00:00.000Z","unknown","unreviewed"
"https://clinicaltrialfailures.com/trial/NCT05019521-a-study-of-danicopan-in-participants-with-geographic-atrophy-secondary-to-age-re","trial","2025-09-05T00:00:00.000Z","unknown","unreviewed"
"https://clinicaltrialfailures.com/trial/NCT04757636-opt-302-with-aflibercept-in-neovascular-age-related-macular-degeneration-namd","trial","2025-08-05T00:00:00.000Z","unknown","unreviewed"
"https://clinicaltrialfailures.com/trial/NCT03744910-clazakizumab-for-the-treatment-of-chronic-active-antibody-mediated-rejection-in-","trial","2025-07-23T00:00:00.000Z","unknown","unreviewed"
"https://clinicaltrialfailures.com/trial/NCT04517253-a-study-of-baricitinib-ly3009104-in-adult-and-pediatric-japanese-participants-wi","trial","2025-07-10T00:00:00.000Z","unknown","unreviewed"
"https://clinicaltrialfailures.com/trial/NCT04865419-study-of-azd0466-monotherapy-or-in-combination-in-patients-with-advanced-haemato","trial","2025-06-15T00:00:00.000Z","unknown","unreviewed"
"https://clinicaltrialfailures.com/trial/NCT02603146-strategy-to-prevent-the-onset-of-clinically-apparent-rheumatoid-arthritis","trial","2025-06-12T00:00:00.000Z","unknown","unreviewed"
"https://clinicaltrialfailures.com/trial/NCT01751425-ruxolitinib-in-treating-participants-with-chronic-myeloid-leukemia-with-minimal-","trial","2025-06-03T00:00:00.000Z","unknown","unreviewed"
"https://clinicaltrialfailures.com/trial/NCT02093962-study-of-th-302-or-placebo-in-combination-with-pemetrexed-in-patients-with-non-s","trial","2025-05-16T00:00:00.000Z","unknown","unreviewed"
"https://clinicaltrialfailures.com/trial/NCT02438787-a-study-to-evaluate-the-efficacy-and-safety-of-ustekinumab-in-the-treatment-of-a","trial","2025-04-29T00:00:00.000Z","unknown","unreviewed"
"https://clinicaltrialfailures.com/trial/NCT05003908-safety-of-cultured-allogeneic-adult-umbilical-cord-derived-mesenchymal-stem-cell","trial","2025-04-08T00:00:00.000Z","unknown","unreviewed"
"https://clinicaltrialfailures.com/trial/NCT04084366-phase-1-2-study-of-obi-999-in-patients-with-advanced-solid-tumors","trial","2025-03-26T00:00:00.000Z","unknown","unreviewed"
"https://clinicaltrialfailures.com/trial/NCT05360264-tailored-drug-repurposing-of-decitabine-in-kras-dependent-refractory-pancreatic-","trial","2025-03-24T00:00:00.000Z","unknown","unreviewed"
"https://clinicaltrialfailures.com/trial/NCT05770882-chidamide-regorafenib-in-hepatocellular-carcinoma-hcc","trial","2025-03-11T00:00:00.000Z","unknown","unreviewed"
"https://clinicaltrialfailures.com/trial/NCT01032070-erlotinib-versus-oral-etoposide-in-patients-with-recurrent-or-refractory-pediatr","trial","2024-12-12T00:00:00.000Z","unknown","unreviewed"
"https://clinicaltrialfailures.com/trial/NCT04111497-glasdegib-for-chronic-graft-versus-host-disease","trial","2024-10-29T00:00:00.000Z","unknown","unreviewed"
"https://clinicaltrialfailures.com/trial/NCT04915846-tamoxifen-therapy-for-myotubular-myopathy","trial","2024-09-19T00:00:00.000Z","unknown","unreviewed"
"https://clinicaltrialfailures.com/trial/NCT04267393-safety-and-effectiveness-of-bms-986263-in-adults-with-compensated-cirrhosis-live","trial","2024-09-04T00:00:00.000Z","unknown","unreviewed"
"https://clinicaltrialfailures.com/trial/NCT03669640-a-study-to-assess-the-effects-of-ro6889450-ralmitaront-in-participants-with-schi","trial","2024-08-12T00:00:00.000Z","unknown","unreviewed"
"https://clinicaltrialfailures.com/trial/NCT02779777-tipifarnib-in-subjects-with-myelodysplastic-syndromes","trial","2024-07-31T00:00:00.000Z","unknown","unreviewed"
"https://clinicaltrialfailures.com/trial/NCT05764239-efficacy-and-safety-of-synb1934-in-patients-with-pku-synpheny-3","trial","2024-06-20T00:00:00.000Z","unknown","unreviewed"
"https://clinicaltrialfailures.com/trial/NCT02418572-testosterone-transdermal-gel-for-poor-ovarian-responders-trial","trial","2024-05-22T00:00:00.000Z","unknown","unreviewed"
"https://clinicaltrialfailures.com/trial/NCT05486208-a-study-of-ly3844583-in-healthy-participants-and-participants-with-atopic-dermat","trial","2024-05-10T00:00:00.000Z","unknown","unreviewed"
"https://clinicaltrialfailures.com/trial/NCT03735433-the-effect-of-two-aspirin-dosing-strategies-for-obese-women-at-high-risk-for-pre","trial","2024-04-29T00:00:00.000Z","unknown","unreviewed"
"https://clinicaltrialfailures.com/trial/NCT03353220-predictors-of-lorcaserin-induced-weight-loss","trial","2024-03-27T00:00:00.000Z","unknown","unreviewed"
"https://clinicaltrialfailures.com/trial/NCT04075136-optical-coherence-tomography-angiography-octa-directed-pdt-triple-therapy","trial","2024-03-22T00:00:00.000Z","unknown","unreviewed"
"https://clinicaltrialfailures.com/trial/NCT05532046-a-study-to-learn-how-safe-study-drug-bay2413555-is-how-it-affects-the-body-and-h","trial","2024-03-12T00:00:00.000Z","unknown","unreviewed"
"https://clinicaltrialfailures.com/trial/NCT03341962-phase-2-dose-finding-imu-838-for-ulcerative-colitis","trial","2024-03-05T00:00:00.000Z","unknown","unreviewed"
"https://clinicaltrialfailures.com/trial/NCT05116046-continuation-study-of-long-term-safety-tolerability-pharmacokinetics-and-efficac","trial","2024-02-08T00:00:00.000Z","unknown","unreviewed"
"https://clinicaltrialfailures.com/trial/NCT03444870-efficacy-and-safety-study-of-gantenerumab-in-participants-with-early-alzheimer-s","trial","2024-01-30T00:00:00.000Z","unknown","unreviewed"
"https://clinicaltrialfailures.com/trial/NCT04025216-a-study-of-cart-tnmuc1-in-patients-with-tnmuc1-positive-advanced-cancers","trial","2024-01-24T00:00:00.000Z","unknown","unreviewed"
"https://clinicaltrialfailures.com/trial/NCT03840902-m7824-with-ccrt-in-unresectable-stage-iii-non-small-cell-lung-cancer-nsclc","trial","2024-01-16T00:00:00.000Z","unknown","unreviewed"
"https://clinicaltrialfailures.com/trial/NCT04790916-effect-of-ro7049665-on-the-time-to-relapse-following-steroid-tapering-in-partici","trial","2023-09-18T00:00:00.000Z","unknown","unreviewed"
"https://clinicaltrialfailures.com/trial/NCT02519439-a-two-year-open-label-extension-study-of-ganaxolone-in-patients-with-drug-resist","trial","2023-06-28T00:00:00.000Z","unknown","unreviewed"
"https://clinicaltrialfailures.com/trial/NCT04033159-early-phase-human-drug-trial-to-investigate-dynamin-101-dyn101-in-patients-16-ye","trial","2023-06-27T00:00:00.000Z","unknown","unreviewed"
"https://clinicaltrialfailures.com/trial/NCT05153408-harmony-study-of-blu-701-in-egfr-mutant-nsclc","trial","2023-06-18T00:00:00.000Z","unknown","unreviewed"
"https://clinicaltrialfailures.com/trial/NCT03254927-a-study-of-cdx-3379-and-cetuximab-and-in-patients-with-advanced-head-and-neck-sq","trial","2023-04-03T00:00:00.000Z","unknown","unreviewed"
"https://clinicaltrialfailures.com/trial/NCT03838848-kn046-in-patients-with-advanced-non-small-cell-lung-cancer","trial","2023-03-02T00:00:00.000Z","unknown","unreviewed"
"https://clinicaltrialfailures.com/trial/NCT04784520-a-study-of-ha121-28-tablets-in-advanced-biliary-tract-cancer","trial","2023-02-06T00:00:00.000Z","unknown","unreviewed"
"https://clinicaltrialfailures.com/trial/NCT04969861-bempeg-with-pembrolizumab-vs-pembrolizumab-alone-in-patients-with-metastatic-or-","trial","2023-01-12T00:00:00.000Z","unknown","unreviewed"
"https://clinicaltrialfailures.com/trial/NCT05014919-vortioxetine-to-prevent-return-of-symptoms-in-children-with-depression","trial","2023-01-05T00:00:00.000Z","unknown","unreviewed"
"https://clinicaltrialfailures.com/trial/NCT02562443-controlled-study-of-rigosertib-versus-physician-s-choice-of-treatment-in-mds-pat","trial","2022-09-26T00:00:00.000Z","unknown","unreviewed"
"https://clinicaltrialfailures.com/trial/NCT03500939-penumbral-rescue-by-normobaric-o2-administration-in-patients-with-ischemic-strok","trial","2022-09-23T00:00:00.000Z","unknown","unreviewed"
"https://clinicaltrialfailures.com/trial/NCT00936832-sunitinib-malate-and-combination-chemotherapy-as-front-line-therapy-in-treating-","trial","2022-08-30T00:00:00.000Z","unknown","unreviewed"
"https://clinicaltrialfailures.com/trial/NCT04832139-a-study-of-marstacimab-to-compare-prefilled-pen-pfp-device-to-prefilled-syringe-","trial","2022-07-11T00:00:00.000Z","unknown","unreviewed"
"https://clinicaltrialfailures.com/trial/NCT03367819-isatuximab-in-combination-with-regn2810-cemiplimab-in-patients-with-advanced-mal","trial","2022-05-16T00:00:00.000Z","unknown","unreviewed"
"https://clinicaltrialfailures.com/trial/NCT01067144-stanford-accelerated-recovery-trial-start","trial","2022-05-05T00:00:00.000Z","unknown","unreviewed"
"https://clinicaltrialfailures.com/trial/NCT02498444-perioperative-treprostinil-in-pediatric-patients-undergoing-the-fontan-operation","trial","2022-03-31T00:00:00.000Z","unknown","unreviewed"
"https://clinicaltrialfailures.com/trial/NCT04617860-open-label-extension-study-to-evaluate-the-safety-and-tolerability-of-wve-120102","trial","2022-02-09T00:00:00.000Z","unknown","unreviewed"
"https://clinicaltrialfailures.com/trial/NCT02545283-a-study-of-idasanutlin-with-cytarabine-versus-cytarabine-plus-placebo-in-partici","trial","2022-01-11T00:00:00.000Z","unknown","unreviewed"
"https://clinicaltrialfailures.com/trial/NCT01312389-a-clinical-trial-of-autologous-oxidized-tumor-cell-lysate-vaccine-for-recurrent-","trial","2021-11-15T00:00:00.000Z","unknown","unreviewed"
"https://clinicaltrialfailures.com/trial/NCT02890381-evaluating-the-infectivity-safety-and-immunogenicity-of-a-recombinant-live-atten","trial","2021-11-05T00:00:00.000Z","unknown","unreviewed"
"https://clinicaltrialfailures.com/trial/NCT03736967-efficacy-and-safety-of-regn3500-monotherapy-and-combination-of-regn3500-plus-dup","trial","2021-11-01T00:00:00.000Z","unknown","unreviewed"
"https://clinicaltrialfailures.com/trial/NCT00354432-soy-protein-effexor-hormone-therapy-for-prostate-cancer","trial","2021-09-28T00:00:00.000Z","unknown","unreviewed"
"https://clinicaltrialfailures.com/trial/NCT02952586-study-to-compare-avelumab-in-combination-with-standard-of-care-chemoradiotherapy","trial","2021-09-22T00:00:00.000Z","unknown","unreviewed"
"https://clinicaltrialfailures.com/trial/NCT03561090-a-trial-of-iw-3718-for-8-weeks-in-patients-with-persistent-gastroesophageal-refl","trial","2021-08-19T00:00:00.000Z","unknown","unreviewed"
"https://clinicaltrialfailures.com/trial/NCT03285646-evaluate-the-efficacy-and-safety-of-fasinumab-in-patients-with-moderate-to-sever","trial","2021-06-30T00:00:00.000Z","unknown","unreviewed"
"https://clinicaltrialfailures.com/trial/NCT01736579-long-term-study-of-igiv-10-in-alzheimer-s-disease","trial","2021-05-19T00:00:00.000Z","unknown","unreviewed"
"https://clinicaltrialfailures.com/trial/NCT04806529-an-efficacy-immunogenicity-and-safety-study-investigating-an-adjuvanted-sars-cov","trial","2021-03-23T00:00:00.000Z","unknown","unreviewed"
"https://clinicaltrialfailures.com/trial/NCT02433158-safety-of-rivipansel-gmi-1070-in-the-treatment-of-one-or-more-vaso-occlusive-cri","trial","2021-02-10T00:00:00.000Z","unknown","unreviewed"
"https://clinicaltrialfailures.com/trial/NCT00673920-a-study-to-evaluate-ocrelizumab-compared-with-placebo-in-patients-with-rheumatoi","trial","2020-12-04T00:00:00.000Z","unknown","unreviewed"
"https://clinicaltrialfailures.com/trial/NCT01114503-a-safety-and-tolerability-study-of-otelixizumab-in-thyroid-eye-disease","trial","2020-10-30T00:00:00.000Z","unknown","unreviewed"
"https://clinicaltrialfailures.com/trial/NCT01801358-a-phase-ib-ii-study-of-aeb071-and-mek162-in-adult-patients-with-metastatic-uveal","trial","2020-09-16T00:00:00.000Z","unknown","unreviewed"
"https://clinicaltrialfailures.com/trial/NCT03382912-study-of-pegilodecakin-ly3500518-with-nivolumab-compared-to-nivolumab-alone-seco","trial","2020-09-11T00:00:00.000Z","unknown","unreviewed"
"https://clinicaltrialfailures.com/trial/NCT03168906-renal-al-amyloid-involvement-and-neod001","trial","2020-09-09T00:00:00.000Z","unknown","unreviewed"
"https://clinicaltrialfailures.com/trial/NCT03657095-a-study-with-bps-314d-mr-pah-303-in-participants-with-pulmonary-arterial-hyperte","trial","2020-09-07T00:00:00.000Z","unknown","unreviewed"
"https://clinicaltrialfailures.com/trial/NCT00780676-personalized-treatment-selection-for-metastatic-breast-cancer","trial","2020-09-03T00:00:00.000Z","unknown","unreviewed"
"https://clinicaltrialfailures.com/trial/NCT03719300-codex-study-of-inodiftagene-vixteplasmid-bc-819-in-unresponsive-nmibc","trial","2020-08-19T00:00:00.000Z","unknown","unreviewed"
"https://clinicaltrialfailures.com/trial/NCT01009294-study-of-ataluren-ptc124-in-nonambulatory-participants-with-nonsense-mutation-me","trial","2020-07-29T00:00:00.000Z","unknown","unreviewed"
"https://clinicaltrialfailures.com/trial/NCT02955147-ustekinumab-for-the-treatment-of-giant-cell-arteritis","trial","2020-06-12T00:00:00.000Z","unknown","unreviewed"
"https://clinicaltrialfailures.com/trial/NCT03001219-a-study-of-ro7123520-to-evaluate-the-safety-and-efficacy-in-participants-with-mo","trial","2020-01-29T00:00:00.000Z","unknown","unreviewed"
"https://clinicaltrialfailures.com/trial/NCT01882764-hmpl-004-maintenance-treatment-in-subjects-with-mild-to-moderate-ulcerative-coli","trial","2020-01-13T00:00:00.000Z","unknown","unreviewed"
"https://clinicaltrialfailures.com/trial/NCT03569033-study-of-gefapixant-mk-7264-in-acute-cough-for-participants-with-induced-viral-u","trial","2019-12-10T00:00:00.000Z","unknown","unreviewed"
"https://clinicaltrialfailures.com/trial/NCT04139915-effect-of-rtb101-on-illness-associated-with-respiratory-tract-infections-in-the-","trial","2019-11-22T00:00:00.000Z","unknown","unreviewed"
"https://clinicaltrialfailures.com/trial/NCT03379584-a-safety-study-of-sgn-cd48a-in-patients-with-multiple-myeloma","trial","2019-09-18T00:00:00.000Z","unknown","unreviewed"
"https://clinicaltrialfailures.com/trial/NCT02797704-subconjunctival-aflibercept-eylea-for-the-treatment-of-corneal-neovascularizatio","trial","2019-09-16T00:00:00.000Z","unknown","unreviewed"
"https://clinicaltrialfailures.com/trial/NCT01611662-gemcitabine-hydrochloride-and-cisplatin-before-surgery-in-treating-patients-with","trial","2019-07-29T00:00:00.000Z","unknown","unreviewed"
"https://clinicaltrialfailures.com/trial/NCT01739400-clinical-study-to-assess-the-long-term-safety-tolerability-and-efficacy-of-macit","trial","2019-04-16T00:00:00.000Z","unknown","unreviewed"
"https://clinicaltrialfailures.com/trial/NCT01365130-chemotherapy-for-patients-with-gastroesophageal-cancers-who-have-progressed-afte","trial","2019-04-12T00:00:00.000Z","unknown","unreviewed"
"https://clinicaltrialfailures.com/trial/NCT02453386-safety-and-efficacy-study-of-tozadenant-to-treat-end-of-dose-wearing-off-in-park","trial","2019-04-03T00:00:00.000Z","unknown","unreviewed"
"https://clinicaltrialfailures.com/trial/NCT00735878-pharmacokinetic-and-pharmacodynamic-study-of-abt-751-with-carboplatin-in-patient","trial","2018-10-12T00:00:00.000Z","unknown","unreviewed"
"https://clinicaltrialfailures.com/trial/NCT02409095-study-comparing-dtp-hb-hib-by-disposable-syringe-jet-injector-to-vaccination-by-","trial","2018-09-11T00:00:00.000Z","unknown","unreviewed"
"https://clinicaltrialfailures.com/trial/NCT00626574-treating-patients-with-aneurysmal-subarachnoid-hemorrhage-sah-with-epoetin-alfa","trial","2018-07-31T00:00:00.000Z","unknown","unreviewed"
"https://clinicaltrialfailures.com/trial/NCT02540928-amg-319-in-hpv-positive-and-negative-hnscc","trial","2018-07-18T00:00:00.000Z","unknown","unreviewed"
"https://clinicaltrialfailures.com/trial/NCT01050764-haploidentical-allogeneic-transplant-with-post-transplant-infusion-of-regulatory","trial","2018-06-27T00:00:00.000Z","unknown","unreviewed"
"https://clinicaltrialfailures.com/trial/NCT01776008-akt-inhibitor-mk-2206-and-anastrozole-with-or-without-goserelin-acetate-in-treat","trial","2018-05-08T00:00:00.000Z","unknown","unreviewed"
"https://clinicaltrialfailures.com/trial/NCT01834638-long-term-safety-and-efficacy-of-abt-126-in-subjects-with-schizophrenia-an-exten","trial","2018-05-02T00:00:00.000Z","unknown","unreviewed"
"https://clinicaltrialfailures.com/trial/NCT00754052-evaluating-the-efficacy-and-safety-of-donepezil-hydrochloride-aricept-in-the-tre","trial","2018-04-23T00:00:00.000Z","unknown","unreviewed"
"https://clinicaltrialfailures.com/trial/NCT01717898-a-multicenter-phase-i-ii-trial-of-abiraterone-acetate-bez235-in-metastatic-castr","trial","2018-03-27T00:00:00.000Z","unknown","unreviewed"
"https://clinicaltrialfailures.com/trial/NCT01252238-assessment-of-renin-inhibition-on-insulin-sensitivity-diastolic-function-and-aor","trial","2018-02-13T00:00:00.000Z","unknown","unreviewed"
"https://clinicaltrialfailures.com/trial/NCT03401606-controlled-sedation-for-cataract-surgery","trial","2018-01-17T00:00:00.000Z","unknown","unreviewed"
"https://clinicaltrialfailures.com/trial/NCT01808261-proof-of-concept-poc-in-patients-with-ischaemic-stroke","trial","2017-11-17T00:00:00.000Z","unknown","unreviewed"
"https://clinicaltrialfailures.com/trial/NCT02864264-single-ascending-dose-and-multiple-ascending-dose-study-in-healthy-participants-","trial","2017-10-20T00:00:00.000Z","unknown","unreviewed"
"https://clinicaltrialfailures.com/trial/NCT00016523-inhaled-nitric-oxide-for-preterm-infants-with-severe-respiratory-failure","trial","2017-09-26T00:00:00.000Z","unknown","unreviewed"
"https://clinicaltrialfailures.com/trial/NCT01622660-gemcitabine-and-pazopanib-in-chemotherapy-na-ve-patients-with-advanced-metastati","trial","2017-08-22T00:00:00.000Z","unknown","unreviewed"
"https://clinicaltrialfailures.com/trial/NCT00957580-trial-of-pimasertib-in-hematological-malignancies","trial","2017-08-21T00:00:00.000Z","unknown","unreviewed"
"https://clinicaltrialfailures.com/trial/NCT02075008-long-term-safety-study-of-qge031-in-patients-with-allergic-asthma-who-completed-","trial","2017-08-11T00:00:00.000Z","unknown","unreviewed"
"https://clinicaltrialfailures.com/trial/NCT01466764-immunomodulation-il-1-inhibition-and-postoperative-incisional-pain","trial","2017-08-09T00:00:00.000Z","unknown","unreviewed"
"https://clinicaltrialfailures.com/trial/NCT00916617-study-evaluating-the-long-term-safety-and-efficacy-of-subcutaneous-bapineuzumab","trial","2017-06-01T00:00:00.000Z","unknown","unreviewed"
"https://clinicaltrialfailures.com/trial/NCT00868751-single-patient-use-of-tocilizumab-in-systemic-onset-juvenile-idiopathic-arthriti","trial","2017-05-15T00:00:00.000Z","unknown","unreviewed"
"https://clinicaltrialfailures.com/trial/NCT00738699-an-efficacy-and-safety-study-of-morab-003-in-platinum-resistant-or-refractory-re","trial","2017-03-30T00:00:00.000Z","unknown","unreviewed"
"https://clinicaltrialfailures.com/trial/NCT02801799-effects-of-local-anaesthetic-infusion-rates-on-nerve-block-duration","trial","2017-03-30T00:00:00.000Z","unknown","unreviewed"
"https://clinicaltrialfailures.com/trial/NCT02299271-fascia-iliaca-block-for-post-operative-pain-control-after-total-hip-arthroplasty","trial","2017-02-09T00:00:00.000Z","unknown","unreviewed"
"https://clinicaltrialfailures.com/trial/NCT01930890-biib023-long-term-extension-study-in-subjects-with-lupus-nephritis","trial","2017-01-18T00:00:00.000Z","unknown","unreviewed"
"https://clinicaltrialfailures.com/trial/NCT01386372-tolvaptan-for-in-hospital-hyponatremia","trial","2016-12-15T00:00:00.000Z","unknown","unreviewed"
"https://clinicaltrialfailures.com/trial/NCT01555853-phase-i-ii-study-of-abraxane-in-recurrent-and-refractory-lymphoma","trial","2016-12-06T00:00:00.000Z","unknown","unreviewed"
"https://clinicaltrialfailures.com/trial/NCT02618499-delayed-cord-clamping-and-use-of-oxytocin","trial","2016-11-23T00:00:00.000Z","unknown","unreviewed"
"https://clinicaltrialfailures.com/trial/NCT01051011-a-study-to-compare-taspoglutide-and-insulin-glargine-in-insulin-na-ve-patients-w","trial","2016-11-02T00:00:00.000Z","unknown","unreviewed"
"https://clinicaltrialfailures.com/trial/NCT01549964-comparison-of-fasiglifam-tak-875-to-placebo-and-sitagliptin-in-combination-with-","trial","2016-06-02T00:00:00.000Z","unknown","unreviewed"
"https://clinicaltrialfailures.com/trial/NCT00543114-dose-escalation-study-of-revlimid-with-fludarabine-rituximab-for-cll-sll","trial","2016-05-27T00:00:00.000Z","unknown","unreviewed"
"https://clinicaltrialfailures.com/trial/NCT00337792-comparing-the-effectiveness-of-oral-versus-intravenous-pain-medicine-for-suction","trial","2016-03-18T00:00:00.000Z","unknown","unreviewed"
"https://clinicaltrialfailures.com/trial/NCT02670720-open-label-long-term-safety-study-of-avoralstat-in-subjects-with-hereditary-angi","trial","2016-02-17T00:00:00.000Z","unknown","unreviewed"
"https://clinicaltrialfailures.com/trial/NCT00734851-multimodality-phase-ii-study-in-prostate-cancer","trial","2015-12-23T00:00:00.000Z","unknown","unreviewed"
"https://clinicaltrialfailures.com/trial/NCT00344448-pilot-study-of-raptiva-to-treat-sjogren-s-syndrome","trial","2015-12-21T00:00:00.000Z","unknown","unreviewed"
"https://clinicaltrialfailures.com/trial/NCT02049164-safety-and-efficacy-study-of-ar08-for-the-treatment-of-vasomotor-symptoms-vms","trial","2015-12-09T00:00:00.000Z","unknown","unreviewed"
"https://clinicaltrialfailures.com/trial/NCT00381836-effect-of-darbepoetin-alfa-aranesp-on-anemia-in-patients-with-advanced-hormone-i","trial","2015-12-04T00:00:00.000Z","unknown","unreviewed"
"https://clinicaltrialfailures.com/trial/NCT02327182-safety-study-of-mt-4666-in-subjects-with-alzheimer-s-disease","trial","2015-11-13T00:00:00.000Z","unknown","unreviewed"
"https://clinicaltrialfailures.com/trial/NCT00671112-everolimus-and-bortezomib-in-treating-patients-with-relapsed-or-refractory-lymph","trial","2015-10-28T00:00:00.000Z","unknown","unreviewed"
"https://clinicaltrialfailures.com/trial/NCT00471692-local-anaesthetic-following-hernia-repair","trial","2015-10-28T00:00:00.000Z","unknown","unreviewed"
"https://clinicaltrialfailures.com/trial/NCT00428168-study-to-examine-the-effect-of-betahistine-on-body-weight-gain-due-to-olanzapine","trial","2015-10-15T00:00:00.000Z","unknown","unreviewed"
"https://clinicaltrialfailures.com/trial/NCT00544908-dasatinib-in-treating-patients-with-stage-iv-pancreatic-cancer","trial","2015-10-05T00:00:00.000Z","unknown","unreviewed"
"https://clinicaltrialfailures.com/trial/NCT02480010-a-study-of-pertuzumab-in-participants-with-prostate-cancer","trial","2015-09-18T00:00:00.000Z","unknown","unreviewed"
"https://clinicaltrialfailures.com/trial/NCT02108548-a-study-to-assess-the-safety-and-tolerability-including-gastrointestinal-safety-","trial","2015-03-27T00:00:00.000Z","unknown","unreviewed"
"https://clinicaltrialfailures.com/trial/NCT01803399-a-study-to-evaluate-the-effect-of-gsk1322322-on-cardiac-conduction-as-assessed-b","trial","2015-01-28T00:00:00.000Z","unknown","unreviewed"
"https://clinicaltrialfailures.com/trial/NCT01400451-ph-i-ipilimumab-vemurafenib-combo-in-patients-with-v-raf-murine-sarcoma-viral-on","trial","2015-01-01T00:00:00.000Z","unknown","unreviewed"
"https://clinicaltrialfailures.com/trial/NCT06585488-a-first-in-human-study-of-bgb-53038-a-pan-kras-inhibitor-alone-or-in-combination","trial","2026-07-08T00:00:00.000Z","unknown","unreviewed"
"https://clinicaltrialfailures.com/trial/NCT04037527-gemcitabine-and-docetaxel-with-radiation-in-adults-with-soft-tissue-sarcoma-of-t","trial","2026-07-06T00:00:00.000Z","unknown","unreviewed"
"https://clinicaltrialfailures.com/trial/NCT06447506-long-term-study-atdvance-to-evaluate-gsk1070806-in-atopic-dermatitis","trial","2026-06-16T00:00:00.000Z","unknown","unreviewed"
"https://clinicaltrialfailures.com/trial/NCT05971602-efficacy-and-safety-evaluation-of-two-to-four-months-of-treatment-with-the-combi","trial","2026-05-20T00:00:00.000Z","unknown","unreviewed"
"https://clinicaltrialfailures.com/trial/NCT04652700-oral-islatravir-mk-8591-once-monthly-as-preexposure-prophylaxis-prep-in-men-and-","trial","2026-05-05T00:00:00.000Z","unknown","unreviewed"
"https://clinicaltrialfailures.com/trial/NCT05039515-a-study-to-assess-the-effectiveness-and-safety-of-2-dosage-regimens-of-oral-fidr","trial","2026-04-24T00:00:00.000Z","unknown","unreviewed"
"https://clinicaltrialfailures.com/trial/NCT04619420-a-study-of-jnj-63733657-in-participants-with-early-alzheimer-s-disease","trial","2026-04-03T00:00:00.000Z","unknown","unreviewed"
"https://clinicaltrialfailures.com/trial/NCT04179864-a-study-of-tazemetostat-with-enzalutamide-or-abiraterone-prednisone-in-participa","trial","2026-03-10T00:00:00.000Z","unknown","unreviewed"
"https://clinicaltrialfailures.com/trial/NCT04157335-efficacy-and-safety-study-of-benralizumab-in-patient-with-eosinophilic-chronic-r","trial","2026-02-19T00:00:00.000Z","unknown","unreviewed"
"https://clinicaltrialfailures.com/trial/NCT05676697-pi3k-delta-inhibitor-in-relapsed-refractory-autoimmune-hemolytic-anemia-patients","trial","2026-02-11T00:00:00.000Z","unknown","unreviewed"
"https://clinicaltrialfailures.com/trial/NCT06381466-a-study-to-investigate-safety-tolerability-and-pharmacokinetics-of-oral-azd0233-","trial","2026-01-26T00:00:00.000Z","unknown","unreviewed"
"https://clinicaltrialfailures.com/trial/NCT06388889-phase-iii-long-term-extension-study-with-dexpramipexole","trial","2025-12-15T00:00:00.000Z","unknown","unreviewed"
"https://clinicaltrialfailures.com/trial/NCT04044690-a-study-to-evaluate-the-efficacy-safety-and-pharmacokinetics-of-igpro20-in-adult","trial","2025-12-09T00:00:00.000Z","unknown","unreviewed"
"https://clinicaltrialfailures.com/trial/NCT05838742-a-dose-finding-study-to-evaluate-the-efficacy-and-safety-of-gsk3858279-in-adults","trial","2025-11-10T00:00:00.000Z","unknown","unreviewed"
"https://clinicaltrialfailures.com/trial/NCT04551066-to-evaluate-the-efficacy-and-safety-of-parsaclisib-and-ruxolitinib-in-participan","trial","2025-10-21T00:00:00.000Z","unknown","unreviewed"
"https://clinicaltrialfailures.com/trial/NCT04544410-a-ph2b-to-evaluate-tildacerfont-in-the-reduction-of-glucocorticoid-steroid-doses","trial","2025-10-01T00:00:00.000Z","unknown","unreviewed"
"https://clinicaltrialfailures.com/trial/NCT03094169-avid100-in-advanced-epithelial-carcinomas","trial","2025-06-11T00:00:00.000Z","unknown","unreviewed"
"https://clinicaltrialfailures.com/trial/NCT01655186-a-double-blind-randomized-placebo-controlled-study-evaluating-the-effects-of-bar","trial","2025-05-29T00:00:00.000Z","unknown","unreviewed"
"https://clinicaltrialfailures.com/trial/NCT03192215-atrial-cardiopathy-and-antithrombotic-drugs-in-prevention-after-cryptogenic-stro","trial","2025-04-09T00:00:00.000Z","unknown","unreviewed"
"https://clinicaltrialfailures.com/trial/NCT04778397-study-of-magrolimab-in-combination-with-azacitidine-versus-physician-s-choice-of","trial","2025-02-05T00:00:00.000Z","unknown","unreviewed"
"https://clinicaltrialfailures.com/trial/NCT04370834-tocilizumab-for-patients-with-cancer-and-covid-19-disease","trial","2025-02-04T00:00:00.000Z","unknown","unreviewed"
"https://clinicaltrialfailures.com/trial/NCT02626455-study-of-copanlisib-in-combination-with-standard-immunochemotherapy-in-relapsed-","trial","2024-12-11T00:00:00.000Z","unknown","unreviewed"
"https://clinicaltrialfailures.com/trial/NCT04944784-a-study-to-evaluate-the-efficacy-and-safety-of-reldesemtiv-in-patients-with-amyo","trial","2024-12-05T00:00:00.000Z","unknown","unreviewed"
"https://clinicaltrialfailures.com/trial/NCT04287894-assess-the-safety-of-immunotherapy-induction-with-tremelimumab-and-durvalumab-pr","trial","2024-11-06T00:00:00.000Z","unknown","unreviewed"
"https://clinicaltrialfailures.com/trial/NCT03755154-study-of-a-new-intravenous-drug-called-s65487-in-patients-with-acute-myeloid-leu","trial","2024-10-16T00:00:00.000Z","unknown","unreviewed"
"https://clinicaltrialfailures.com/trial/NCT05695378-trial-to-evaluate-the-efficacy-and-safety-of-km-819-treatment-to-slow-the-progre","trial","2024-09-19T00:00:00.000Z","unknown","unreviewed"
"https://clinicaltrialfailures.com/trial/NCT05953688-poc-study-to-evaluate-the-efficacy-and-safety-of-esk-001-in-patients-with-active","trial","2024-08-28T00:00:00.000Z","unknown","unreviewed"
"https://clinicaltrialfailures.com/trial/NCT04159896-esk981-and-nivolumab-for-the-treatment-of-metastatic-castration-resistant-prosta","trial","2024-07-16T00:00:00.000Z","unknown","unreviewed"
"https://clinicaltrialfailures.com/trial/NCT04524949-imcy-0098-proof-of-action-in-type-1-diabetes-impact-study","trial","2024-06-24T00:00:00.000Z","unknown","unreviewed"
"https://clinicaltrialfailures.com/trial/NCT03690141-an-open-label-study-of-the-effect-of-tomivosertib-eft508-in-patients-with-advanc","trial","2024-06-21T00:00:00.000Z","unknown","unreviewed"
"https://clinicaltrialfailures.com/trial/NCT05048732-imaging-apoptosis-for-lymphoma-treatment-response","trial","2024-05-30T00:00:00.000Z","unknown","unreviewed"
"https://clinicaltrialfailures.com/trial/NCT05126303-efficacy-and-safety-of-rmc-035-in-subjects-at-high-risk-for-acute-kidney-injury-","trial","2024-05-16T00:00:00.000Z","unknown","unreviewed"
"https://clinicaltrialfailures.com/trial/NCT04697758-safety-and-bioactivity-of-axt107-in-subjects-with-diabetic-macular-edema","trial","2024-03-22T00:00:00.000Z","unknown","unreviewed"
"https://clinicaltrialfailures.com/trial/NCT04581785-gene-therapy-with-hlb-001-in-pediatric-patients-with-severe-methylmalonic-acidem","trial","2024-02-23T00:00:00.000Z","unknown","unreviewed"
"https://clinicaltrialfailures.com/trial/NCT03630224-plasmalyte-versus-saline-in-trauma-patients","trial","2024-01-31T00:00:00.000Z","unknown","unreviewed"
"https://clinicaltrialfailures.com/trial/NCT01996696-prevention-of-metabolic-syndrome-and-increased-weight-using-metformin-concurrent","trial","2024-01-30T00:00:00.000Z","unknown","unreviewed"
"https://clinicaltrialfailures.com/trial/NCT05673109-a-study-of-ac176-for-the-treatment-of-metastatic-castration-resistant-prostate-c","trial","2024-01-25T00:00:00.000Z","unknown","unreviewed"
"https://clinicaltrialfailures.com/trial/NCT03439514-a-study-of-arry-371797-pf-07265803-in-patients-with-symptomatic-dilated-cardiomy","trial","2024-01-09T00:00:00.000Z","unknown","unreviewed"
"https://clinicaltrialfailures.com/trial/NCT04988308-a-study-of-bermekimab-for-the-treatment-of-participants-with-moderate-to-severe-","trial","2023-11-13T00:00:00.000Z","unknown","unreviewed"
"https://clinicaltrialfailures.com/trial/NCT05920408-study-to-assess-exs21546-in-combination-in-patients-with-advanced-solid-tumours","trial","2023-11-08T00:00:00.000Z","unknown","unreviewed"
"https://clinicaltrialfailures.com/trial/NCT05084560-development-of-awz1066s-a-small-molecule-anti-wolbachia-candidate-macrofilaricid","trial","2023-09-21T00:00:00.000Z","unknown","unreviewed"
"https://clinicaltrialfailures.com/trial/NCT04088734-gene-transfer-study-of-abo-102-in-patients-with-middle-and-advanced-phases-of-mp","trial","2023-07-25T00:00:00.000Z","unknown","unreviewed"
"https://clinicaltrialfailures.com/trial/NCT00788125-dasatinib-ifosfamide-carboplatin-and-etoposide-in-treating-young-patients-with-m","trial","2023-07-14T00:00:00.000Z","unknown","unreviewed"
"https://clinicaltrialfailures.com/trial/NCT04504734-bucillamine-in-treatment-of-patients-with-covid-19","trial","2023-07-07T00:00:00.000Z","unknown","unreviewed"
"https://clinicaltrialfailures.com/trial/NCT02450331-a-study-of-atezolizumab-versus-observation-as-adjuvant-therapy-in-participants-w","trial","2023-06-18T00:00:00.000Z","unknown","unreviewed"
"https://clinicaltrialfailures.com/trial/NCT04940949-a-study-to-evaluate-lu-af90103-in-healthy-men","trial","2023-03-16T00:00:00.000Z","unknown","unreviewed"
"https://clinicaltrialfailures.com/trial/NCT03948178-effects-of-oral-levosimendan-on-respiratory-function-in-patients-with-amyotrophi","trial","2023-03-09T00:00:00.000Z","unknown","unreviewed"
"https://clinicaltrialfailures.com/trial/NCT03713944-carboplatin-plus-pemetrexed-plus-atezolizumab-plus-bevacizumab-in-chemotherapy-a","trial","2023-03-01T00:00:00.000Z","unknown","unreviewed"
"https://clinicaltrialfailures.com/trial/NCT05725343-a-prevention-trial-of-canakinumab-in-subjects-at-high-risk-for-lung-cancer","trial","2023-02-13T00:00:00.000Z","unknown","unreviewed"
"https://clinicaltrialfailures.com/trial/NCT03523728-a-medical-research-study-designed-to-determine-if-venglustat-can-be-a-future-tre","trial","2023-02-03T00:00:00.000Z","unknown","unreviewed"
"https://clinicaltrialfailures.com/trial/NCT03616912-a-study-of-baricitinib-ly3009104-in-participants-with-systemic-lupus-erythematos","trial","2023-01-30T00:00:00.000Z","unknown","unreviewed"
"https://clinicaltrialfailures.com/trial/NCT04248465-an-efficacy-and-safety-study-of-ravulizumab-in-als-participants","trial","2023-01-10T00:00:00.000Z","unknown","unreviewed"
"https://clinicaltrialfailures.com/trial/NCT03784599-t-dm1-and-osimertinib-combination-treatment-to-target-her2-bypass-track-resistan","trial","2022-11-10T00:00:00.000Z","unknown","unreviewed"
"https://clinicaltrialfailures.com/trial/NCT01286038-eltrombopag-in-myelodysplastic-syndrome-mds-patients-with-thrombocytopenia","trial","2022-11-07T00:00:00.000Z","unknown","unreviewed"
"https://clinicaltrialfailures.com/trial/NCT01307800-a-study-of-ly2140023-in-patients-with-schizophrenia","trial","2022-10-18T00:00:00.000Z","unknown","unreviewed"
"https://clinicaltrialfailures.com/trial/NCT04762771-colchicine-for-the-treatment-of-cardiac-injury-in-hospitalized-patients-with-cov","trial","2022-07-25T00:00:00.000Z","unknown","unreviewed"
"https://clinicaltrialfailures.com/trial/NCT00015002-repeat-antenatal-steroids-trial","trial","2022-03-31T00:00:00.000Z","unknown","unreviewed"
"https://clinicaltrialfailures.com/trial/NCT03235986-a-study-to-investigatethe-safety-tolerability-and-efficacy-of-nebulised-curosurf","trial","2022-03-31T00:00:00.000Z","unknown","unreviewed"
"https://clinicaltrialfailures.com/trial/NCT03696537-imrt-tmi-with-fludarabine-as-myeloablative-conditioning-for-allogeneic-hsct","trial","2022-03-09T00:00:00.000Z","unknown","unreviewed"
"https://clinicaltrialfailures.com/trial/NCT02236572-neoadj-ph-2-ai-plus-everolimus-in-postmenopausal-women-w-er-pos-her2-neg-low-ris","trial","2022-02-01T00:00:00.000Z","unknown","unreviewed"
"https://clinicaltrialfailures.com/trial/NCT02790034-evaluation-of-the-efficacy-safety-and-tolerability-of-sarizotan-in-rett-syndrome","trial","2021-12-21T00:00:00.000Z","unknown","unreviewed"
"https://clinicaltrialfailures.com/trial/NCT03377309-safety-and-tolerability-of-perampanel-in-amyotrophic-lateral-sclerosis-patients","trial","2021-09-01T00:00:00.000Z","unknown","unreviewed"
"https://clinicaltrialfailures.com/trial/NCT04331665-study-of-the-efficacy-and-safety-of-ruxolitinib-to-treat-covid-19-pneumonia","trial","2021-08-19T00:00:00.000Z","unknown","unreviewed"
"https://clinicaltrialfailures.com/trial/NCT01524887-phase-3-igiv-10-in-alzheimer-s-disease","trial","2021-05-19T00:00:00.000Z","unknown","unreviewed"
"https://clinicaltrialfailures.com/trial/NCT03051672-phase-ii-pembrolizumab-palliative-radiotherapy-in-bc","trial","2021-04-27T00:00:00.000Z","unknown","unreviewed"
"https://clinicaltrialfailures.com/trial/NCT03831191-a-study-of-ly3375880-in-adults-with-moderate-to-severe-atopic-dermatitis","trial","2021-04-20T00:00:00.000Z","unknown","unreviewed"
"https://clinicaltrialfailures.com/trial/NCT03265951-ramelteon-for-complex-insomnia-in-veterans-with-ptsd","trial","2021-04-09T00:00:00.000Z","unknown","unreviewed"
"https://clinicaltrialfailures.com/trial/NCT03044249-a-study-of-mp-101-in-dementia-related-psychosis-and-or-agitation-and-aggression","trial","2021-04-01T00:00:00.000Z","unknown","unreviewed"
"https://clinicaltrialfailures.com/trial/NCT03729297-cabozantinib-in-advanced-salivary-gland-cancer-patients","trial","2021-03-12T00:00:00.000Z","unknown","unreviewed"
"https://clinicaltrialfailures.com/trial/NCT02985879-a-study-to-assess-efficacy-safety-tolerability-and-pharmacokinetics-of-abbv-8e12","trial","2021-02-03T00:00:00.000Z","unknown","unreviewed"
"https://clinicaltrialfailures.com/trial/NCT02296476-a-dose-finding-study-of-birabresib-mk-8628-in-participants-with-recurrent-gliobl","trial","2021-01-26T00:00:00.000Z","unknown","unreviewed"
"https://clinicaltrialfailures.com/trial/NCT00987545-efficacy-2-part-study-of-identification-of-keloid-biomarkers-and-effect-of-qax57","trial","2020-12-19T00:00:00.000Z","unknown","unreviewed"
"https://clinicaltrialfailures.com/trial/NCT00406419-a-study-of-ocrelizumab-compared-to-placebo-in-patients-with-active-rheumatoid-ar","trial","2020-11-27T00:00:00.000Z","unknown","unreviewed"
"https://clinicaltrialfailures.com/trial/NCT03917719-an-open-label-extension-study-of-edasalonexent-in-boys-with-duchenne-muscular-dy","trial","2020-11-23T00:00:00.000Z","unknown","unreviewed"
"https://clinicaltrialfailures.com/trial/NCT00467350-comparison-trial-of-enema-vs-peg-3350-for-constipation","trial","2020-11-02T00:00:00.000Z","unknown","unreviewed"
"https://clinicaltrialfailures.com/trial/NCT00671645-preoperative-combined-radiochemo-molecular-target-therapy-with-capecitabine-beva","trial","2020-10-19T00:00:00.000Z","unknown","unreviewed"
"https://clinicaltrialfailures.com/trial/NCT04561817-to-evaluate-the-safety-and-efficacy-of-ipatasertib-gdc-0068-in-combination-with-","trial","2020-10-06T00:00:00.000Z","unknown","unreviewed"
"https://clinicaltrialfailures.com/trial/NCT03929497-flexible-dose-long-term-extension-study-of-lu-af11167-in-patients-with-schizophr","trial","2020-09-23T00:00:00.000Z","unknown","unreviewed"
"https://clinicaltrialfailures.com/trial/NCT04402580-efficacy-of-anti-cd20-antibodies-rituximab-biosimilar-in-the-treatment-of-childh","trial","2020-09-14T00:00:00.000Z","unknown","unreviewed"
"https://clinicaltrialfailures.com/trial/NCT01859741-a-phase-1b-2-study-of-omp-59r5-tarextumab-in-combination-with-etoposide-and-plat","trial","2020-09-09T00:00:00.000Z","unknown","unreviewed"
"https://clinicaltrialfailures.com/trial/NCT03002012-cryptococcal-antigen-screening-plus-sertraline","trial","2020-06-09T00:00:00.000Z","unknown","unreviewed"
"https://clinicaltrialfailures.com/trial/NCT01826448-a-phase-1b-open-label-dose-escalation-study-of-plx3397-in-combination-with-vemur","trial","2020-05-28T00:00:00.000Z","unknown","unreviewed"
"https://clinicaltrialfailures.com/trial/NCT01545882-a-phase-ii-study-of-degarelix-in-the-management-of-non-metastatic-hormone-refrac","trial","2020-05-07T00:00:00.000Z","unknown","unreviewed"
"https://clinicaltrialfailures.com/trial/NCT03015831-effect-of-low-dose-colchicine-on-the-incidence-of-poaf","trial","2020-05-01T00:00:00.000Z","unknown","unreviewed"
"https://clinicaltrialfailures.com/trial/NCT03281044-fecal-microbiota-transplantation-in-depression","trial","2020-04-16T00:00:00.000Z","unknown","unreviewed"
"https://clinicaltrialfailures.com/trial/NCT03212690-study-of-renin-angiotensin-system-in-mechanically-ventilated-subjects","trial","2020-04-01T00:00:00.000Z","unknown","unreviewed"
"https://clinicaltrialfailures.com/trial/NCT01629329-prochlorperazine-versus-acetaminophen-aspirin-and-caffeine-for-the-treatment-of-","trial","2020-03-18T00:00:00.000Z","unknown","unreviewed"
"https://clinicaltrialfailures.com/trial/NCT01313429-tumor-cell-vaccine-for-patients-undergoing-surgery-for-sarcomas-melanomas-germ-c","trial","2020-03-03T00:00:00.000Z","unknown","unreviewed"
"https://clinicaltrialfailures.com/trial/NCT03230864-efficacy-of-lu-af35700-in-patients-with-early-in-disease-or-late-in-disease-trea","trial","2020-01-21T00:00:00.000Z","unknown","unreviewed"
"https://clinicaltrialfailures.com/trial/NCT03154333-safety-and-efficacy-of-diacerein-1-ointment-for-subjects-with-epidermolysis-bull","trial","2019-11-05T00:00:00.000Z","unknown","unreviewed"
"https://clinicaltrialfailures.com/trial/NCT02760602-a-study-of-solanezumab-ly2062430-in-participants-with-prodromal-alzheimer-s-dise","trial","2019-10-10T00:00:00.000Z","unknown","unreviewed"
"https://clinicaltrialfailures.com/trial/NCT03592862-a-study-to-assess-safety-tolerability-and-efficacy-of-htl0018318-in-patients-wit","trial","2019-10-01T00:00:00.000Z","unknown","unreviewed"
"https://clinicaltrialfailures.com/trial/NCT02759315-efficacy-and-safety-of-uprifosbuvir-mk-3682-with-ruzasvir-mk-8408-in-adults-with","trial","2019-06-26T00:00:00.000Z","unknown","unreviewed"
"https://clinicaltrialfailures.com/trial/NCT00290706-a-phase-i-ii-trial-of-velcade-and-gemcitabine-for-patients-with-relapsed-or-refr","trial","2019-05-28T00:00:00.000Z","unknown","unreviewed"
"https://clinicaltrialfailures.com/trial/NCT00657813-evaluation-of-123i-mni-330-and-spect-as-a-marker-of-beta-amyloid-protein-deposit","trial","2019-04-03T00:00:00.000Z","unknown","unreviewed"
"https://clinicaltrialfailures.com/trial/NCT02377362-a-study-to-assess-the-safety-tolerability-pharmacokinetics-and-pharmacodynamics-","trial","2019-03-21T00:00:00.000Z","unknown","unreviewed"
"https://clinicaltrialfailures.com/trial/NCT02472080-gemcitabine-oxaliplatin-for-advanced-refractory-thyroid-cancer-patients-a-phase-","trial","2019-03-18T00:00:00.000Z","unknown","unreviewed"
"https://clinicaltrialfailures.com/trial/NCT02662036-analgesic-efficacy-of-liposomal-bupivacaine-vs-bupivacaine-hcl-as-a-tap-block-af","trial","2019-02-18T00:00:00.000Z","unknown","unreviewed"
"https://clinicaltrialfailures.com/trial/NCT01818011-a-three-part-study-to-determine-the-safety-tolerability-and-pharmacokinetics-of-","trial","2019-01-15T00:00:00.000Z","unknown","unreviewed"
"https://clinicaltrialfailures.com/trial/NCT00796575-effects-of-multiple-doses-of-cs-8080-in-healthy-volunteers","trial","2018-12-21T00:00:00.000Z","unknown","unreviewed"
"https://clinicaltrialfailures.com/trial/NCT02966171-a-dose-escalation-study-to-assess-the-safety-and-tolerability-of-hmpl-453-in-pat","trial","2018-11-21T00:00:00.000Z","unknown","unreviewed"
"https://clinicaltrialfailures.com/trial/NCT01740947-does-administration-of-antibiotics-in-patients-undergoing-surgery-for-colorectal","trial","2018-11-09T00:00:00.000Z","unknown","unreviewed"
"https://clinicaltrialfailures.com/trial/NCT00090779-nine-month-course-of-anti-hiv-medications-for-people-recently-infected-with-hiv","trial","2018-10-11T00:00:00.000Z","unknown","unreviewed"
"https://clinicaltrialfailures.com/trial/NCT02260635-a-study-of-evacetrapib-ly2484595-in-japanese-participants-with-primary-hyperchol","trial","2018-10-09T00:00:00.000Z","unknown","unreviewed"
"https://clinicaltrialfailures.com/trial/NCT01558674-a-study-of-mk-7145-in-participants-with-renal-insufficiency-part-i-and-heart-fai","trial","2018-09-21T00:00:00.000Z","unknown","unreviewed"
"https://clinicaltrialfailures.com/trial/NCT02489500-trial-of-high-dose-melphalan-stem-cell-transplant-with-or-without-bortezomib","trial","2018-09-10T00:00:00.000Z","unknown","unreviewed"
"https://clinicaltrialfailures.com/trial/NCT00699283-a-double-blind-randomized-conversion-to-monotherapy-study-to-evaluate-the-effica","trial","2018-07-11T00:00:00.000Z","unknown","unreviewed"
"https://clinicaltrialfailures.com/trial/NCT02372240-a-study-of-vlx1570-and-dexamethasone-in-myeloma-patients","trial","2018-05-11T00:00:00.000Z","unknown","unreviewed"
"https://clinicaltrialfailures.com/trial/NCT01676701-evaluation-of-tabalumab-using-auto-injector-or-prefilled-syringe-in-participants","trial","2018-04-26T00:00:00.000Z","unknown","unreviewed"
"https://clinicaltrialfailures.com/trial/NCT02342548-open-label-extension-study-to-investigate-long-term-safety-tolerability-and-effi","trial","2018-04-23T00:00:00.000Z","unknown","unreviewed"
"https://clinicaltrialfailures.com/trial/NCT01442714-azacitidine-lenalidomide-combo-in-the-elderly-with-previously-treated-aml-and-hi","trial","2018-01-03T00:00:00.000Z","unknown","unreviewed"
"https://clinicaltrialfailures.com/trial/NCT02977689-trial-of-idh305-in-idh1-mutant-grade-ii-or-iii-glioma","trial","2017-12-20T00:00:00.000Z","unknown","unreviewed"
"https://clinicaltrialfailures.com/trial/NCT02777489-influence-of-carboxypeptidase-d-cpd-gene-on-body-weight-and-fat-mass-reduction-b","trial","2017-08-03T00:00:00.000Z","unknown","unreviewed"
"https://clinicaltrialfailures.com/trial/NCT00695448-phase-i-open-label-dose-escalation-study-of-gsk1059615-in-patients-with-solid-tu","trial","2017-07-25T00:00:00.000Z","unknown","unreviewed"
"https://clinicaltrialfailures.com/trial/NCT01709968-magnesium-oxide-monohydrate-for-nocturnal-leg-cramps","trial","2017-07-21T00:00:00.000Z","unknown","unreviewed"
"https://clinicaltrialfailures.com/trial/NCT01038739-two-doses-mesalazine-granules-versus-placebo-for-the-prevention-of-recurrence-of","trial","2017-07-21T00:00:00.000Z","unknown","unreviewed"
"https://clinicaltrialfailures.com/trial/NCT02849951-a-study-to-investigate-the-safety-and-efficacy-of-lt-02-in-patients-with-mesalam","trial","2017-06-15T00:00:00.000Z","unknown","unreviewed"
"https://clinicaltrialfailures.com/trial/NCT02167698-trial-of-an-alternate-mode-of-providing-artificial-breaths-to-children-with-very","trial","2017-05-19T00:00:00.000Z","unknown","unreviewed"
"https://clinicaltrialfailures.com/trial/NCT01417104-aliskiren-effect-on-aortic-plaque-progression","trial","2017-05-11T00:00:00.000Z","unknown","unreviewed"
"https://clinicaltrialfailures.com/trial/NCT00548496-a-phase-iia-study-of-men-and-post-menopausal-women-with-a-fractured-distal-radiu","trial","2017-04-12T00:00:00.000Z","unknown","unreviewed"
"https://clinicaltrialfailures.com/trial/NCT01611675-leflunomide-vemurafenib-in-v600-mutant-met-melanoma","trial","2017-04-06T00:00:00.000Z","unknown","unreviewed"
"https://clinicaltrialfailures.com/trial/NCT01266070-tki-258-in-von-hippel-lindau-syndrome-vhl","trial","2017-02-13T00:00:00.000Z","unknown","unreviewed"
"https://clinicaltrialfailures.com/trial/NCT00414869-preliminary-efficacy-and-tolerability-of-ncx-1000-after-repeated-oral-doses-in-p","trial","2017-02-09T00:00:00.000Z","unknown","unreviewed"
"https://clinicaltrialfailures.com/trial/NCT00361114-ipt-and-efficacy-of-sulphadoxine-pyrimethamine-and-chlorproguanil-dapsone-in-6-5","trial","2017-01-26T00:00:00.000Z","unknown","unreviewed"
"https://clinicaltrialfailures.com/trial/NCT02074007-study-to-compare-efficacy-and-safety-of-ar01-to-a-placebo-solution-for-relief-of","trial","2017-01-24T00:00:00.000Z","unknown","unreviewed"
"https://clinicaltrialfailures.com/trial/NCT02035345-slowed-carboplatin-infusion-for-ovarian-cancer-patients-receiving-carboplatin-re","trial","2016-12-08T00:00:00.000Z","unknown","unreviewed"
"https://clinicaltrialfailures.com/trial/NCT01405846-feasibility-study-to-estimate-number-of-patients-with-precancerous-areas-in-thei","trial","2016-08-19T00:00:00.000Z","unknown","unreviewed"
"https://clinicaltrialfailures.com/trial/NCT00123539-estrogen-replacement-to-reduce-risk-of-neurologic-injury-after-coronary-artery-b","trial","2016-07-29T00:00:00.000Z","unknown","unreviewed"
"https://clinicaltrialfailures.com/trial/NCT00268437-radiation-therapy-pemetrexed-disodium-and-carboplatin-in-treating-patients-with-","trial","2016-07-06T00:00:00.000Z","unknown","unreviewed"
"https://clinicaltrialfailures.com/trial/NCT01481116-efficacy-and-safety-of-tak-875-compared-to-glimepiride-when-used-with-metformin-","trial","2016-06-01T00:00:00.000Z","unknown","unreviewed"
"https://clinicaltrialfailures.com/trial/NCT02720926-study-of-tki-258-in-combination-with-xeloda-and-oxaliplatin-in-advanced-colorect","trial","2016-03-28T00:00:00.000Z","unknown","unreviewed"
"https://clinicaltrialfailures.com/trial/NCT01962909-phase-0-biodistribution-of-novel-imaging-for-resectable-pancreatic-cancer","trial","2016-03-18T00:00:00.000Z","unknown","unreviewed"
"https://clinicaltrialfailures.com/trial/NCT00870298-computer-stop-order-alert-to-prevent-concurrent-prescribing-of-trimethoprim-sulf","trial","2015-12-09T00:00:00.000Z","unknown","unreviewed"
"https://clinicaltrialfailures.com/trial/NCT01361555-long-term-safety-and-tolerability-of-bms-820836-in-the-treatment-of-patients-wit","trial","2015-10-12T00:00:00.000Z","unknown","unreviewed"
"https://clinicaltrialfailures.com/trial/NCT01348503-lenalidomide-in-combination-with-a-fixed-dose-of-sorafenib-for-the-treatment-of-","trial","2015-08-31T00:00:00.000Z","unknown","unreviewed"
"https://clinicaltrialfailures.com/trial/NCT00954005-study-with-rituximab-gemcitabine-oxaliplatin-in-relapsed-indolent-lymphoma","trial","2015-08-19T00:00:00.000Z","unknown","unreviewed"
"https://clinicaltrialfailures.com/trial/NCT00005777-minimal-breathing-support-and-early-steroids-to-prevent-chronic-lung-disease-in-","trial","2015-06-08T00:00:00.000Z","unknown","unreviewed"
"https://clinicaltrialfailures.com/trial/NCT02170012-a-study-in-healthy-elderly-people-to-evaluate-safety-toleration-pharmacokinetics","trial","2015-03-17T00:00:00.000Z","unknown","unreviewed"
"https://clinicaltrialfailures.com/trial/NCT00430742-an-investigational-drug-study-to-assess-weight-loss-in-patients-with-type-2-diab","trial","2015-02-13T00:00:00.000Z","unknown","unreviewed"
"https://clinicaltrialfailures.com/trial/NCT01111448-temsirolimus-in-myelodysplastic-syndrome-mds","trial","2015-02-13T00:00:00.000Z","unknown","unreviewed"
"https://clinicaltrialfailures.com/trial/NCT01813656-an-study-of-aripiprazole-in-the-treatment-of-methamphetamine-dependence","trial","2015-02-04T00:00:00.000Z","unknown","unreviewed"
"https://clinicaltrialfailures.com/trial/NCT01704599-addition-of-modulators-of-homocysteine-to-adalimumab-therapy-in-the-treatment-of","trial","2015-02-04T00:00:00.000Z","unknown","unreviewed"
"https://clinicaltrialfailures.com/trial/NCT02333851-basal-bolus-and-premixed-insulin-regimens-in-hospitalized-patients-with-type-2-d","trial","2015-01-07T00:00:00.000Z","unknown","unreviewed"
"https://clinicaltrialfailures.com/trial/NCT01517984-immune-monitoring-and-cni-withdrawal-in-low-risk-recipients-of-kidney-transplant","trial","2026-09-24T00:00:00.000Z","unknown","unreviewed"
"https://clinicaltrialfailures.com/trial/NCT06076837-the-seven-trial-exploiting-the-unfolded-protein-response","trial","2026-06-23T00:00:00.000Z","unknown","unreviewed"
"https://clinicaltrialfailures.com/trial/NCT04965038-early-reperfusion-therapy-with-intravenous-thrombolysis-for-recovery-of-vision-i","trial","2026-05-18T00:00:00.000Z","unknown","unreviewed"
"https://clinicaltrialfailures.com/trial/NCT04746924-a-study-of-ociperlimab-with-tislelizumab-compared-to-pembrolizumab-in-participan","trial","2026-05-12T00:00:00.000Z","unknown","unreviewed"
"https://clinicaltrialfailures.com/trial/NCT03643822-adjuncts-for-adductor-block-dexamethasone-dexmedetomidine-or-combination-to-redu","trial","2026-04-23T00:00:00.000Z","unknown","unreviewed"
"https://clinicaltrialfailures.com/trial/NCT05023655-phase-ii-study-of-tazemetostat-in-solid-tumors-harboring-an-arid1a-mutation","trial","2026-03-17T00:00:00.000Z","unknown","unreviewed"
"https://clinicaltrialfailures.com/trial/NCT04566445-horizon-a-phase-ii-study-to-evaluate-the-safety-and-efficacy-of-two-doses-of-gt0","trial","2026-01-28T00:00:00.000Z","unknown","unreviewed"
"https://clinicaltrialfailures.com/trial/NCT05070247-a-study-of-tak-500-with-or-without-pembrolizumab-in-adults-with-select-locally-a","trial","2026-01-22T00:00:00.000Z","unknown","unreviewed"
"https://clinicaltrialfailures.com/trial/NCT04987307-safety-and-efficacy-of-efavaleukin-alfa-in-participants-with-moderately-to-sever","trial","2026-01-13T00:00:00.000Z","unknown","unreviewed"
"https://clinicaltrialfailures.com/trial/NCT03946670-a-study-of-mbg453-in-combination-with-hypomethylating-agents-in-subjects-with-ip","trial","2026-01-13T00:00:00.000Z","unknown","unreviewed"
"https://clinicaltrialfailures.com/trial/NCT06162351-a-study-to-evaluate-the-efficacy-and-toxicities-of-plx038-in-patients-with-local","trial","2026-01-02T00:00:00.000Z","unknown","unreviewed"
"https://clinicaltrialfailures.com/trial/NCT05267106-study-to-evaluate-the-efficacy-and-safety-of-pemigatinib-in-participants-with-pr","trial","2025-12-30T00:00:00.000Z","unknown","unreviewed"
"https://clinicaltrialfailures.com/trial/NCT05838755-a-study-to-evaluate-efficacy-and-safety-of-gsk3858279-in-diabetic-peripheral-neu","trial","2025-11-21T00:00:00.000Z","unknown","unreviewed"
"https://clinicaltrialfailures.com/trial/NCT05617313-study-of-gt103-in-combination-with-pembrolizumab-in-refractory-metastatic-non-sm","trial","2025-07-30T00:00:00.000Z","unknown","unreviewed"
"https://clinicaltrialfailures.com/trial/NCT05879458-ritlecitinib-in-ctcl","trial","2025-07-18T00:00:00.000Z","unknown","unreviewed"
"https://clinicaltrialfailures.com/trial/NCT04789408-study-of-kite-222-in-participants-with-relapsed-refractory-acute-myeloid-leukemi","trial","2025-07-11T00:00:00.000Z","unknown","unreviewed"
"https://clinicaltrialfailures.com/trial/NCT04641962-a-study-to-evaluate-asp0367-in-participants-with-primary-mitochondrial-myopathy","trial","2025-07-03T00:00:00.000Z","unknown","unreviewed"
"https://clinicaltrialfailures.com/trial/NCT06313632-erector-spinae-plane-block-with-bupivacaine-for-medical-thoracoscopy","trial","2025-05-01T00:00:00.000Z","unknown","unreviewed"
"https://clinicaltrialfailures.com/trial/NCT04855201-a-study-to-evaluate-asp0367-in-participants-with-reduced-maximum-oxygen-uptake-d","trial","2025-04-16T00:00:00.000Z","unknown","unreviewed"
"https://clinicaltrialfailures.com/trial/NCT03624101-novel-therapeutic-approaches-for-treatment-of-cf-patients-with-w1282x-premature-","trial","2025-04-16T00:00:00.000Z","unknown","unreviewed"
"https://clinicaltrialfailures.com/trial/NCT05866926-study-to-investigate-the-long-term-safety-of-fab122-in-patients-with-amyotrophic","trial","2025-03-04T00:00:00.000Z","unknown","unreviewed"
"https://clinicaltrialfailures.com/trial/NCT03854500-the-norwegian-tenecteplase-stroke-trial-2","trial","2025-03-03T00:00:00.000Z","unknown","unreviewed"
"https://clinicaltrialfailures.com/trial/NCT05903274-jsp191-briquilimab-in-subjects-with-lr-mds","trial","2025-02-27T00:00:00.000Z","unknown","unreviewed"
"https://clinicaltrialfailures.com/trial/NCT03110575-12-week-open-label-extension-study-of-tnx-102-sl-in-ptsd-patients","trial","2025-02-06T00:00:00.000Z","unknown","unreviewed"
"https://clinicaltrialfailures.com/trial/NCT06424236-dominantly-inherited-alzheimer-network-trial-an-opportunity-to-prevent-dementia-","trial","2025-02-04T00:00:00.000Z","unknown","unreviewed"
"https://clinicaltrialfailures.com/trial/NCT03031470-pilot-study-of-reparixin-for-early-allograft-dysfunction-prevention-in-liver-tra","trial","2025-01-07T00:00:00.000Z","unknown","unreviewed"
"https://clinicaltrialfailures.com/trial/NCT05205161-a-phase-i-ii-study-of-azd0466-as-monotherapy-or-in-combination-with-anticancer-a","trial","2025-01-07T00:00:00.000Z","unknown","unreviewed"
"https://clinicaltrialfailures.com/trial/NCT04586920-a-study-of-ly3509754-in-healthy-non-japanese-and-japanese-participants","trial","2025-01-03T00:00:00.000Z","unknown","unreviewed"
"https://clinicaltrialfailures.com/trial/NCT03478956-a-phase-i-study-of-etrolizumab-followed-by-open-label-extension-and-safety-monit","trial","2024-12-27T00:00:00.000Z","unknown","unreviewed"
"https://clinicaltrialfailures.com/trial/NCT05602727-efficacy-and-safety-of-mk-1942-as-an-adjunct-therapy-in-participants-with-mild-t","trial","2024-12-10T00:00:00.000Z","unknown","unreviewed"
"https://clinicaltrialfailures.com/trial/NCT05788328-a-drug-drug-interaction-study-to-estimate-the-effect-of-pf-07081532-on-the-pharm","trial","2024-11-15T00:00:00.000Z","unknown","unreviewed"
"https://clinicaltrialfailures.com/trial/NCT02864290-a-study-to-evaluate-escalating-doses-of-asp1235-ags62p1-given-as-monotherapy-in-","trial","2024-10-23T00:00:00.000Z","unknown","unreviewed"
"https://clinicaltrialfailures.com/trial/NCT06065059-study-to-evaluate-tng348-alone-and-with-a-parp-inhibitor-in-patients-with-brca-1","trial","2024-08-13T00:00:00.000Z","unknown","unreviewed"
"https://clinicaltrialfailures.com/trial/NCT02295722-gemhdm2014-gem-hdm-hdt-and-asct-for-relapsed-refractory-lymphoma","trial","2024-07-08T00:00:00.000Z","unknown","unreviewed"
"https://clinicaltrialfailures.com/trial/NCT05295784-pk-and-safety-of-caffeine-in-neonates-with-hypoxic-ischemic-encephalopathy-recei","trial","2024-05-10T00:00:00.000Z","unknown","unreviewed"
"https://clinicaltrialfailures.com/trial/NCT04876716-azole-echinocandin-combination-therapy-for-invasive-aspergillosis","trial","2024-05-07T00:00:00.000Z","unknown","unreviewed"
"https://clinicaltrialfailures.com/trial/NCT00199342-a-study-of-a-monoclonal-antibody-kw-2871-in-patients-with-advanced-melanoma","trial","2024-05-03T00:00:00.000Z","unknown","unreviewed"
"https://clinicaltrialfailures.com/trial/NCT01898156-two-part-open-label-multi-center-phase-1-2-study-of-biw-8962-as-monotherapy-in-s","trial","2024-04-25T00:00:00.000Z","unknown","unreviewed"
"https://clinicaltrialfailures.com/trial/NCT04200352-a-study-to-test-if-tev-50717-is-safe-and-effective-in-relieving-abnormal-involun","trial","2024-04-22T00:00:00.000Z","unknown","unreviewed"
"https://clinicaltrialfailures.com/trial/NCT02498977-liver-immunosuppression-free-trial","trial","2024-03-07T00:00:00.000Z","unknown","unreviewed"
"https://clinicaltrialfailures.com/trial/NCT03643562-niemann-pick-type-c-treatment-with-adrabetadex-for-symptoms-of-brain-and-nervous","trial","2024-01-17T00:00:00.000Z","unknown","unreviewed"
"https://clinicaltrialfailures.com/trial/NCT04196010-continuous-infusion-chemotherapy-ci-clam-for-the-treatment-of-relapsed-or-refrac","trial","2023-12-28T00:00:00.000Z","unknown","unreviewed"
"https://clinicaltrialfailures.com/trial/NCT04267939-atr-inhibitor-elimusertib-bay1895344-plus-niraparib-phase-1b-study-in-advanced-s","trial","2023-12-21T00:00:00.000Z","unknown","unreviewed"
"https://clinicaltrialfailures.com/trial/NCT02642094-aging-mammary-stem-cells-and-breast-cancer-prevention","trial","2023-12-05T00:00:00.000Z","unknown","unreviewed"
"https://clinicaltrialfailures.com/trial/NCT03458728-safety-tolerability-efficacy-and-pharmacokinetics-of-copanlisib-in-pediatric-pat","trial","2023-12-04T00:00:00.000Z","unknown","unreviewed"
"https://clinicaltrialfailures.com/trial/NCT01133990-folfiri-alone-versus-folfiri-plus-bevacizumab-versus-folfiri-plus-e7820-as-secon","trial","2023-11-07T00:00:00.000Z","unknown","unreviewed"
"https://clinicaltrialfailures.com/trial/NCT04404140-a-study-evaluating-the-safety-efficacy-and-pharmacokinetics-of-ipatasertib-in-co","trial","2023-10-17T00:00:00.000Z","unknown","unreviewed"
"https://clinicaltrialfailures.com/trial/NCT04607148-a-study-assessing-the-long-term-safety-and-tolerability-of-galegenimab-fhtr2163-","trial","2023-10-16T00:00:00.000Z","unknown","unreviewed"
"https://clinicaltrialfailures.com/trial/NCT00745134-radiation-therapy-and-capecitabine-with-or-without-curcumin-before-surgery-in-tr","trial","2023-09-28T00:00:00.000Z","unknown","unreviewed"
"https://clinicaltrialfailures.com/trial/NCT05435053-irreversible-electroporation-nivolumab-for-patients-with-metastatic-pancreatic-c","trial","2023-09-15T00:00:00.000Z","unknown","unreviewed"
"https://clinicaltrialfailures.com/trial/NCT03508648-durability-extension-study-to-assess-clinical-activity-and-safety-of-enobosarm-g","trial","2023-09-14T00:00:00.000Z","unknown","unreviewed"
"https://clinicaltrialfailures.com/trial/NCT04605094-efficacy-and-safety-study-of-the-use-of-benralizumab-for-patients-with-moderate-","trial","2023-08-31T00:00:00.000Z","unknown","unreviewed"
"https://clinicaltrialfailures.com/trial/NCT03192995-treatment-with-lorcaserin-for-cocaine-use-the-tlc-study","trial","2023-08-14T00:00:00.000Z","unknown","unreviewed"
"https://clinicaltrialfailures.com/trial/NCT04157088-study-to-compare-the-effects-of-drug-darolutamide-and-drug-enzalutamide-on-physi","trial","2023-08-04T00:00:00.000Z","unknown","unreviewed"
"https://clinicaltrialfailures.com/trial/NCT00792740-effect-of-itf2357-on-mucosal-healing-in-patients-with-moderate-to-severe-active-","trial","2023-07-19T00:00:00.000Z","unknown","unreviewed"
"https://clinicaltrialfailures.com/trial/NCT03965091-a-study-to-test-the-effectiveness-and-safety-of-fremanezumab-on-participants-wit","trial","2023-03-30T00:00:00.000Z","unknown","unreviewed"
"https://clinicaltrialfailures.com/trial/NCT02771626-study-cb-839-in-combination-with-nivolumab-in-patients-with-melanoma-clear-cell-","trial","2023-03-17T00:00:00.000Z","unknown","unreviewed"
"https://clinicaltrialfailures.com/trial/NCT01709734-a-2-part-phase-2-trial-of-galeterone-in-the-treatment-of-castration-resistant-pr","trial","2023-03-15T00:00:00.000Z","unknown","unreviewed"
"https://clinicaltrialfailures.com/trial/NCT02138786-selinexor-in-initial-or-refractory-and-or-relapsed-richter-s-transformation","trial","2023-01-26T00:00:00.000Z","unknown","unreviewed"
"https://clinicaltrialfailures.com/trial/NCT02978222-folate-receptor-alpha-peptide-vaccine-with-gm-csf-versus-gm-csf-alone-in-patient","trial","2022-12-15T00:00:00.000Z","unknown","unreviewed"
"https://clinicaltrialfailures.com/trial/NCT02703272-a-safety-and-efficacy-study-of-ibrutinib-in-pediatric-and-young-adult-participan","trial","2022-12-02T00:00:00.000Z","unknown","unreviewed"
"https://clinicaltrialfailures.com/trial/NCT00394147-pemetrexed-and-gemcitabine-in-patients-with-advanced-head-and-neck-cancer","trial","2022-08-05T00:00:00.000Z","unknown","unreviewed"
"https://clinicaltrialfailures.com/trial/NCT02820519-tolerability-and-analgesic-efficacy-of-loxapine-in-patients-with-refractory-chem","trial","2022-07-01T00:00:00.000Z","unknown","unreviewed"
"https://clinicaltrialfailures.com/trial/NCT03063203-single-agent-decitabine-in-tp53-mutated-relapsed-refractory-acute-myeloid-leukem","trial","2022-06-02T00:00:00.000Z","unknown","unreviewed"
"https://clinicaltrialfailures.com/trial/NCT02906020-a-global-study-to-assess-the-drug-dynamics-efficacy-and-safety-of-venglustat-gz-","trial","2022-05-24T00:00:00.000Z","unknown","unreviewed"
"https://clinicaltrialfailures.com/trial/NCT01887912-study-of-a-candidate-clostridium-difficile-toxoid-vaccine-in-subjects-at-risk-fo","trial","2022-03-28T00:00:00.000Z","unknown","unreviewed"
"https://clinicaltrialfailures.com/trial/NCT01150890-brodalumab-amg-827-in-adults-with-moderate-to-severe-crohn-s-disease","trial","2022-01-03T00:00:00.000Z","unknown","unreviewed"
"https://clinicaltrialfailures.com/trial/NCT04750759-safety-and-preliminary-efficacy-of-the-combination-of-niclosamide-and-camostat","trial","2021-12-09T00:00:00.000Z","unknown","unreviewed"
"https://clinicaltrialfailures.com/trial/NCT04165031-a-study-of-ly3499446-in-participants-with-advanced-solid-tumors-with-kras-g12c-m","trial","2021-11-24T00:00:00.000Z","unknown","unreviewed"
"https://clinicaltrialfailures.com/trial/NCT03184558-bemcentinib-bgb324-in-combination-with-pembrolizumab-in-patients-with-tnbc","trial","2021-11-09T00:00:00.000Z","unknown","unreviewed"
"https://clinicaltrialfailures.com/trial/NCT03645603-efficacy-and-safety-of-dexmedetomidine-during-weaning-from-analgesia-and-sedatio","trial","2021-11-02T00:00:00.000Z","unknown","unreviewed"
"https://clinicaltrialfailures.com/trial/NCT03984812-evaluation-of-the-safety-tolerability-and-pharmacokinetics-pk-of-gsk3732394-firs","trial","2021-10-25T00:00:00.000Z","unknown","unreviewed"
"https://clinicaltrialfailures.com/trial/NCT03909295-an-open-label-extension-study-evaluating-safety-and-tolerability-of-lcz696-in-su","trial","2021-10-08T00:00:00.000Z","unknown","unreviewed"
"https://clinicaltrialfailures.com/trial/NCT01364389-a-3-arm-proof-of-concept-study-of-ain457-acz885-or-corticosteroids-in-patients-w","trial","2021-09-17T00:00:00.000Z","unknown","unreviewed"
"https://clinicaltrialfailures.com/trial/NCT03431337-treatment-of-acute-sinusitis-with-high-dose-vs-standard-dose-amoxicillin-clavula","trial","2021-08-12T00:00:00.000Z","unknown","unreviewed"
"https://clinicaltrialfailures.com/trial/NCT02573740-safety-tolerability-and-the-effects-on-cerebrospinal-fluid-spectrin-breakdown-pr","trial","2021-07-06T00:00:00.000Z","unknown","unreviewed"
"https://clinicaltrialfailures.com/trial/NCT03147690-contrast-enhanced-ultrasound-in-the-evaluation-of-abdominal-injuries-in-children","trial","2021-06-11T00:00:00.000Z","unknown","unreviewed"
"https://clinicaltrialfailures.com/trial/NCT00317356-a-dose-finding-study-of-opc-6535-in-patients-with-active-ulcerative-colitis","trial","2021-04-30T00:00:00.000Z","unknown","unreviewed"
"https://clinicaltrialfailures.com/trial/NCT00866476-safety-and-efficacy-study-of-cvd-1208s-a-live-attenuated-oral-vaccine-to-prevent","trial","2021-04-29T00:00:00.000Z","unknown","unreviewed"
"https://clinicaltrialfailures.com/trial/NCT01125293-everolimus-bortezomib-and-or-rituximab-in-patients-with-relapsed-refractory-wald","trial","2021-04-23T00:00:00.000Z","unknown","unreviewed"
"https://clinicaltrialfailures.com/trial/NCT04239014-a-study-to-evaluate-the-effectiveness-and-tolerability-of-a-second-maintenance-t","trial","2021-03-10T00:00:00.000Z","unknown","unreviewed"
"https://clinicaltrialfailures.com/trial/NCT00220844-tricyclic-antidepressants-tcas-on-gastric-emptying","trial","2021-03-05T00:00:00.000Z","unknown","unreviewed"
"https://clinicaltrialfailures.com/trial/NCT04543916-venetoclax-and-irinotecan-in-relapsed-refractory-sclc","trial","2021-03-03T00:00:00.000Z","unknown","unreviewed"
"https://clinicaltrialfailures.com/trial/NCT03146663-nuc-1031-in-patients-with-platinum-resistant-ovarian-cancer","trial","2021-02-21T00:00:00.000Z","unknown","unreviewed"
"https://clinicaltrialfailures.com/trial/NCT04068259-single-ascending-dose-study-of-pbi-4547-in-healthy-subjects","trial","2020-12-08T00:00:00.000Z","unknown","unreviewed"
"https://clinicaltrialfailures.com/trial/NCT02847650-efficacy-safety-and-tolerability-of-pf-06649751-in-parkinson-s-disease-patients-","trial","2020-11-23T00:00:00.000Z","unknown","unreviewed"
"https://clinicaltrialfailures.com/trial/NCT03234465-efficacy-safety-and-tolerability-of-ag013-in-oral-mucositis-compared-to-placebo-","trial","2020-11-23T00:00:00.000Z","unknown","unreviewed"
"https://clinicaltrialfailures.com/trial/NCT02897830-ixazomib-lenalidomide-dexamethasone-induction-and-extended-consolidation-plus-le","trial","2020-11-12T00:00:00.000Z","unknown","unreviewed"
"https://clinicaltrialfailures.com/trial/NCT01483690-a-pilot-study-of-decitabine-and-vorinostat-with-chemotherapy-for-relapsed-all","trial","2020-10-27T00:00:00.000Z","unknown","unreviewed"
"https://clinicaltrialfailures.com/trial/NCT04049578-a-study-to-investigate-the-pharmacokinetics-safety-and-tolerability-of-balovapta","trial","2020-10-14T00:00:00.000Z","unknown","unreviewed"
"https://clinicaltrialfailures.com/trial/NCT02431663-ketamine-in-refractory-convulsive-status-epilepticus","trial","2020-10-08T00:00:00.000Z","unknown","unreviewed"
"https://clinicaltrialfailures.com/trial/NCT00330668-treatment-of-children-and-adolescents-with-growth-failure-associated-with-primar","trial","2020-08-14T00:00:00.000Z","unknown","unreviewed"
"https://clinicaltrialfailures.com/trial/NCT04023721-evaluating-the-safety-and-efficacy-of-inarigivir-in-non-cirrhotic-hepatitis-b-e-","trial","2020-07-22T00:00:00.000Z","unknown","unreviewed"
"https://clinicaltrialfailures.com/trial/NCT03114657-a-study-of-crenezumab-versus-placebo-to-evaluate-the-efficacy-and-safety-in-part","trial","2020-07-16T00:00:00.000Z","unknown","unreviewed"
"https://clinicaltrialfailures.com/trial/NCT04199585-safety-and-tolerability-of-lu-af95245-in-healthy-young-men","trial","2020-05-12T00:00:00.000Z","unknown","unreviewed"
"https://clinicaltrialfailures.com/trial/NCT01241513-induced-changes-in-ventilatory-responsiveness-and-altitude-exposure","trial","2020-04-30T00:00:00.000Z","unknown","unreviewed"
"https://clinicaltrialfailures.com/trial/NCT02082977-a-study-to-investigate-the-safety-pharmacokinetics-pharmacodynamics-and-clinical","trial","2020-02-25T00:00:00.000Z","unknown","unreviewed"
"https://clinicaltrialfailures.com/trial/NCT01736358-the-use-of-intranasal-ketoralac-for-pain-management-sprix","trial","2020-02-13T00:00:00.000Z","unknown","unreviewed"
"https://clinicaltrialfailures.com/trial/NCT02743975-near-infrared-image-guided-surgery-in-pancreatic-adenocarcinoma","trial","2020-01-28T00:00:00.000Z","unknown","unreviewed"
"https://clinicaltrialfailures.com/trial/NCT02014116-a-study-of-ly3009120-in-participants-with-advanced-cancer-or-cancer-that-has-spr","trial","2019-12-27T00:00:00.000Z","unknown","unreviewed"
"https://clinicaltrialfailures.com/trial/NCT01437605-phase-ii-study-to-assess-the-safety-and-immunogenicity-of-recmage-a3-as15-asci-w","trial","2019-12-20T00:00:00.000Z","unknown","unreviewed"
"https://clinicaltrialfailures.com/trial/NCT00625833-a-trial-of-s-s-reboxetine-in-patients-with-chronic-painful-diabetic-peripheral-n","trial","2019-12-13T00:00:00.000Z","unknown","unreviewed"
"https://clinicaltrialfailures.com/trial/NCT00458159-a-phase-i-open-label-dose-escalation-study-of-cc-11006-in-subjects-with-low-or-i","trial","2019-12-13T00:00:00.000Z","unknown","unreviewed"
"https://clinicaltrialfailures.com/trial/NCT01975727-dexamethasone-for-the-treatment-of-established-postoperative-nausea-and-vomiting","trial","2019-12-10T00:00:00.000Z","unknown","unreviewed"
"https://clinicaltrialfailures.com/trial/NCT00582816-haploidentical-transplant-with-nk-cell-infusion-for-pediatric-acute-leukemia-and","trial","2019-12-09T00:00:00.000Z","unknown","unreviewed"
"https://clinicaltrialfailures.com/trial/NCT00994214-study-to-assess-the-efficacy-and-safety-of-repeated-administration-of-bim-23a760","trial","2019-11-22T00:00:00.000Z","unknown","unreviewed"
"https://clinicaltrialfailures.com/trial/NCT01747876-study-of-safety-and-efficacy-in-patients-with-malignant-rhabdoid-tumors-mrt-and-","trial","2019-11-22T00:00:00.000Z","unknown","unreviewed"
"https://clinicaltrialfailures.com/trial/NCT03028129-prevention-of-tuberculosis-in-prisons","trial","2019-10-25T00:00:00.000Z","unknown","unreviewed"
"https://clinicaltrialfailures.com/trial/NCT03332524-clinical-trial-of-the-safety-and-efficacy-of-sp160412-in-the-temporary-relief-of","trial","2019-09-27T00:00:00.000Z","unknown","unreviewed"
"https://clinicaltrialfailures.com/trial/NCT02399917-lirilumab-and-azacitidine-in-treating-patients-with-refractory-or-relapsed-acute","trial","2019-09-24T00:00:00.000Z","unknown","unreviewed"
"https://clinicaltrialfailures.com/trial/NCT02854059-ides-in-asymptomatic-antibody-mediated-thrombotic-thrombocytopenic-purpura-ttp-p","trial","2019-09-13T00:00:00.000Z","unknown","unreviewed"
"https://clinicaltrialfailures.com/trial/NCT01662895-high-dose-deferoxamine-in-intracerebral-hemorrhage","trial","2019-06-12T00:00:00.000Z","unknown","unreviewed"
"https://clinicaltrialfailures.com/trial/NCT01601184-study-of-vismodegib-in-combination-with-temozolomide-versus-temozolomide-alone-i","trial","2019-05-21T00:00:00.000Z","unknown","unreviewed"
"https://clinicaltrialfailures.com/trial/NCT02910882-pegph20-plus-gemcitabine-with-radiotherapy-in-patients-with-localized-unresectab","trial","2019-04-11T00:00:00.000Z","unknown","unreviewed"
"https://clinicaltrialfailures.com/trial/NCT00886951-single-photon-emission-computed-tomography-spect-imaging-study-to-develop-a-biom","trial","2019-04-03T00:00:00.000Z","unknown","unreviewed"
"https://clinicaltrialfailures.com/trial/NCT00968097-evaluation-of-123i-mni-340-and-spect-as-a-marker-of-beta-amyloid-protein-deposit","trial","2019-04-03T00:00:00.000Z","unknown","unreviewed"
"https://clinicaltrialfailures.com/trial/NCT01478828-pre-prostatectomy-lovastatin-on-prostate-cancer","trial","2019-03-27T00:00:00.000Z","unknown","unreviewed"
"https://clinicaltrialfailures.com/trial/NCT01232556-a-study-of-inotuzumab-ozogamicin-plus-rituximab-for-relapsed-refractory-aggressi","trial","2019-01-08T00:00:00.000Z","unknown","unreviewed"
"https://clinicaltrialfailures.com/trial/NCT00823979-a-phase-2b-multicenter-randomized-comparative-trial-of-uk-453-061-versus-etravir","trial","2018-12-04T00:00:00.000Z","unknown","unreviewed"
"https://clinicaltrialfailures.com/trial/NCT01820325-safety-and-efficacy-of-buparlisib-bkm120-in-patients-with-untreated-squamous-non","trial","2018-10-11T00:00:00.000Z","unknown","unreviewed"
"https://clinicaltrialfailures.com/trial/NCT02260648-a-study-of-evacetrapib-ly2484595-in-combination-with-atorvastatin-in-japanese-pa","trial","2018-10-09T00:00:00.000Z","unknown","unreviewed"
"https://clinicaltrialfailures.com/trial/NCT03139500-a-study-to-investigate-the-safety-tolerability-pharmacokinetics-and-pharmacodyna","trial","2018-07-20T00:00:00.000Z","unknown","unreviewed"
"https://clinicaltrialfailures.com/trial/NCT01006252-a-study-of-tasisulam-sodium-versus-paclitaxel-as-treatment-for-metastatic-melano","trial","2018-07-17T00:00:00.000Z","unknown","unreviewed"
"https://clinicaltrialfailures.com/trial/NCT03023527-nivolumab-role-in-the-treatment-of-patients-with-refractory-or-relapse-multiple-","trial","2018-05-23T00:00:00.000Z","unknown","unreviewed"
"https://clinicaltrialfailures.com/trial/NCT01134497-carboplatin-with-or-without-zd4054-in-patients-with-metastatic-breast-cancer","trial","2018-05-22T00:00:00.000Z","unknown","unreviewed"
"https://clinicaltrialfailures.com/trial/NCT01010854-valproic-acid-in-combination-with-fec100-for-primary-therapy-in-patients-with-br","trial","2018-03-09T00:00:00.000Z","unknown","unreviewed"
"https://clinicaltrialfailures.com/trial/NCT00638378-study-of-ruxolitinib-incb018424-administered-orally-to-patients-with-androgen-in","trial","2018-02-12T00:00:00.000Z","unknown","unreviewed"
"https://clinicaltrialfailures.com/trial/NCT01759407-femoral-nerve-block-for-femur-fracture-repair-in-pediatrics","trial","2018-01-25T00:00:00.000Z","unknown","unreviewed"
"https://clinicaltrialfailures.com/trial/NCT02593708-phase1-of-neratinib-trastuzumab-pertuzumab-paclitaxel-in-patients-with-advanced-","trial","2017-11-17T00:00:00.000Z","unknown","unreviewed"
"https://clinicaltrialfailures.com/trial/NCT01554085-first-in-human-study-of-als-002158-single-dose-food-effect-in-healthy-volunteers","trial","2017-10-31T00:00:00.000Z","unknown","unreviewed"
"https://clinicaltrialfailures.com/trial/NCT01646762-paclitaxel-albumin-stabilized-nanoparticle-formulation-in-treating-patients-with","trial","2017-10-16T00:00:00.000Z","unknown","unreviewed"
"https://clinicaltrialfailures.com/trial/NCT01362348-12-week-patient-study-in-neovascular-age-related-macular-degeneration-amd","trial","2017-09-21T00:00:00.000Z","unknown","unreviewed"
"https://clinicaltrialfailures.com/trial/NCT02740387-open-label-study-of-oto-104-in-subjects-with-meniere-s-disease","trial","2017-09-15T00:00:00.000Z","unknown","unreviewed"
"https://clinicaltrialfailures.com/trial/NCT01381549-gsk2251052-in-complicated-urinary-tract-infection","trial","2017-09-08T00:00:00.000Z","unknown","unreviewed"
"https://clinicaltrialfailures.com/trial/NCT02336425-efficacy-and-safety-of-qge031-compared-with-placebo-in-patients-aged-18-75-years","trial","2017-08-11T00:00:00.000Z","unknown","unreviewed"
"https://clinicaltrialfailures.com/trial/NCT00085410-bortezomib-in-treating-patients-with-unresectable-locally-advanced-or-metastatic","trial","2017-07-02T00:00:00.000Z","unknown","unreviewed"
"https://clinicaltrialfailures.com/trial/NCT01751724-caffeine-to-reduce-mechanical-ventilation-in-preterm-infants","trial","2017-06-19T00:00:00.000Z","unknown","unreviewed"
"https://clinicaltrialfailures.com/trial/NCT01025193-desensitization-with-belimumab-in-sensitized-patients-awaiting-kidney-transplant","trial","2017-06-12T00:00:00.000Z","unknown","unreviewed"
"https://clinicaltrialfailures.com/trial/NCT00428207-glycemic-stability-of-insulin-aspart-versus-insulin-lispro-in-insulin-pump-thera","trial","2017-05-30T00:00:00.000Z","unknown","unreviewed"
"https://clinicaltrialfailures.com/trial/NCT00995501-the-effects-of-corticosteroids-glucose-control-and-depth-of-anesthesia-on-periop","trial","2017-04-25T00:00:00.000Z","unknown","unreviewed"
"https://clinicaltrialfailures.com/trial/NCT02227108-study-in-pediatrics-with-relapsed-or-refractory-pediatric-acute-lymphoblastic-le","trial","2017-04-06T00:00:00.000Z","unknown","unreviewed"
"https://clinicaltrialfailures.com/trial/NCT01483170-multiple-dose-study-to-evaluate-security-tolerance-and-pharmacokinetic-of-fexini","trial","2017-03-31T00:00:00.000Z","unknown","unreviewed"
"https://clinicaltrialfailures.com/trial/NCT00883116-a-study-of-ixabepilone-as-second-line-therapy-for-locally-advanced-recurrent-or-","trial","2017-03-09T00:00:00.000Z","unknown","unreviewed"
"https://clinicaltrialfailures.com/trial/NCT00806572-treatment-with-hokt3gamma1-ala-ala-in-t1dm","trial","2017-02-08T00:00:00.000Z","unknown","unreviewed"
"https://clinicaltrialfailures.com/trial/NCT02711462-study-in-healthy-subjects-to-evaluate-the-safety-tolerability-pharmacokinetics-a","trial","2016-11-07T00:00:00.000Z","unknown","unreviewed"
"https://clinicaltrialfailures.com/trial/NCT01838499-assessment-of-the-safety-tolerability-and-efficacy-of-medi8968-in-subjects-with-","trial","2016-09-01T00:00:00.000Z","unknown","unreviewed"
"https://clinicaltrialfailures.com/trial/NCT02786979-efficacy-and-safety-of-dorner-tablets-and-aspirin-for-prevention-of-arterioscler","trial","2016-06-21T00:00:00.000Z","unknown","unreviewed"
"https://clinicaltrialfailures.com/trial/NCT00831649-a-phase-ii-multicenter-open-label-long-term-study-of-the-safety-tolerability-and","trial","2016-06-16T00:00:00.000Z","unknown","unreviewed"
"https://clinicaltrialfailures.com/trial/NCT01765803-feasibility-of-thioridazine-as-a-mobilizing-agent-for-cd34-hematopoietic-progeni","trial","2016-04-14T00:00:00.000Z","unknown","unreviewed"
"https://clinicaltrialfailures.com/trial/NCT00556205-bevacizumab-with-or-without-sunitinib-in-sunitinib-refractory-renal-cell-carcino","trial","2016-03-24T00:00:00.000Z","unknown","unreviewed"
"https://clinicaltrialfailures.com/trial/NCT01545635-retic-trial-reversal-of-trauma-induced-coagulopathy-using-coagulation-factor-con","trial","2016-03-23T00:00:00.000Z","unknown","unreviewed"
"https://clinicaltrialfailures.com/trial/NCT01367210-switch-to-darunavir-r-maraviroc-quaque-die-in-patients-with-r5-tropism-by-viral-","trial","2016-02-08T00:00:00.000Z","unknown","unreviewed"
"https://clinicaltrialfailures.com/trial/NCT00667810-study-evaluating-the-efficacy-and-safety-of-bapineuzumab-in-alzheimer-disease-pa","trial","2016-01-08T00:00:00.000Z","unknown","unreviewed"
"https://clinicaltrialfailures.com/trial/NCT01045928-lenalidomide-and-rituximab-as-maintenance-therapy-in-treating-patients-with-b-ce","trial","2015-11-26T00:00:00.000Z","unknown","unreviewed"
"https://clinicaltrialfailures.com/trial/NCT01104298-doxorubicin-vs-trabectedin-plus-doxorubicin-in-non-operable-and-or-metastatic-st","trial","2015-10-27T00:00:00.000Z","unknown","unreviewed"
"https://clinicaltrialfailures.com/trial/NCT00591019-use-of-modafinil-in-the-treatment-of-tinnitus","trial","2015-10-08T00:00:00.000Z","unknown","unreviewed"
"https://clinicaltrialfailures.com/trial/NCT01796522-utility-of-tocolytic-therapy-for-maintenance-tocolysis-in-the-management-of-thre","trial","2015-07-22T00:00:00.000Z","unknown","unreviewed"
"https://clinicaltrialfailures.com/trial/NCT02500524-cocamide-dea-vs-permethrin-for-head-lice","trial","2015-07-16T00:00:00.000Z","unknown","unreviewed"
"https://clinicaltrialfailures.com/trial/NCT01760161-bilateral-dual-transversus-abdominis-plane-block-for-robotic-assisted-laparoscop","trial","2015-05-12T00:00:00.000Z","unknown","unreviewed"
"https://clinicaltrialfailures.com/trial/NCT00132002-suberoylanilide-hydroxamic-acid-in-treating-patients-with-progressive-stage-iv-b","trial","2015-03-19T00:00:00.000Z","unknown","unreviewed"
"https://clinicaltrialfailures.com/trial/NCT05861050-glofitamab-with-obinutuzumab-venetoclax-and-lenalidomide-for-the-treatment-of-pa","trial","2026-09-22T00:00:00.000Z","unknown","unreviewed"
"https://clinicaltrialfailures.com/trial/NCT07500987-phase-i-study-of-111in-fpi-2107-in-egfr-mutation-positive-nsclc","trial","2026-09-11T00:00:00.000Z","unknown","unreviewed"
"https://clinicaltrialfailures.com/trial/NCT04910269-outpatient-treatment-with-anti-coronavirus-immunoglobulin","trial","2026-08-13T00:00:00.000Z","unknown","unreviewed"
"https://clinicaltrialfailures.com/trial/NCT05574335-siplizumab-in-t1dm","trial","2026-07-28T00:00:00.000Z","unknown","unreviewed"
"https://clinicaltrialfailures.com/trial/NCT05327803-study-of-epetraborole-in-patients-with-treatment-refractory-mac-lung-disease","trial","2026-06-10T00:00:00.000Z","unknown","unreviewed"
"https://clinicaltrialfailures.com/trial/NCT07395258-a-study-to-test-different-doses-of-bi-3923948-alone-and-in-combination-with-an-a","trial","2026-06-04T00:00:00.000Z","unknown","unreviewed"
"https://clinicaltrialfailures.com/trial/NCT05999799-a-dose-finding-study-to-investigate-the-safety-and-effectiveness-of-gsk1070806-i","trial","2026-06-03T00:00:00.000Z","unknown","unreviewed"
"https://clinicaltrialfailures.com/trial/NCT06008249-platform-trial-to-assess-the-efficacy-of-multiple-drugs-in-amyotrophic-lateral-s","trial","2026-05-13T00:00:00.000Z","unknown","unreviewed"
"https://clinicaltrialfailures.com/trial/NCT04644029-oral-isl-qm-as-prep-in-cisgender-women-at-high-risk-for-hiv-1-infection-mk-8591-","trial","2026-02-04T00:00:00.000Z","unknown","unreviewed"
"https://clinicaltrialfailures.com/trial/NCT05085366-a-study-to-evaluate-the-efficacy-safety-and-immunogenicity-of-mrna-1647-cytomega","trial","2025-12-15T00:00:00.000Z","unknown","unreviewed"
"https://clinicaltrialfailures.com/trial/NCT04635059-pacritinib-for-biochemical-relapse-after-definitive-treatment-for-prostate-cance","trial","2025-11-17T00:00:00.000Z","unknown","unreviewed"
"https://clinicaltrialfailures.com/trial/NCT05256381-a-study-of-sot101-in-combination-with-pembrolizumab-to-evaluate-the-efficacy-and","trial","2025-11-17T00:00:00.000Z","unknown","unreviewed"
"https://clinicaltrialfailures.com/trial/NCT05678257-a-study-of-nuc-3373-in-combination-with-other-agents-in-patients-with-colorectal","trial","2025-09-12T00:00:00.000Z","unknown","unreviewed"
"https://clinicaltrialfailures.com/trial/NCT00766142-chemotherapy-and-cetuximab-in-patients-undergoing-surgery-for-peritoneal-carcino","trial","2025-08-29T00:00:00.000Z","unknown","unreviewed"
"https://clinicaltrialfailures.com/trial/NCT02697136-cer-001-therapy-as-a-novel-approach-to-treat-genetic-orphan-diseases","trial","2025-07-22T00:00:00.000Z","unknown","unreviewed"
"https://clinicaltrialfailures.com/trial/NCT05078710-telitacicept-in-primary-aps-patients","trial","2025-06-08T00:00:00.000Z","unknown","unreviewed"
"https://clinicaltrialfailures.com/trial/NCT01576887-a-double-blind-randomized-placebo-controlled-safety-study-evaluating-the-effects","trial","2025-05-29T00:00:00.000Z","unknown","unreviewed"
"https://clinicaltrialfailures.com/trial/NCT05930938-study-comparing-rt-with-cetuximab-xevinapant-to-rt-with-cetuximab-placebo-in-pat","trial","2025-05-09T00:00:00.000Z","unknown","unreviewed"
"https://clinicaltrialfailures.com/trial/NCT02569398-an-efficacy-and-safety-study-of-atabecestat-in-participants-who-are-asymptomatic","trial","2025-04-29T00:00:00.000Z","unknown","unreviewed"
"https://clinicaltrialfailures.com/trial/NCT03981744-a-study-of-ustekinumab-in-participants-with-active-polymyositis-and-dermatomyosi","trial","2025-04-29T00:00:00.000Z","unknown","unreviewed"
"https://clinicaltrialfailures.com/trial/NCT05079230-study-of-magrolimab-versus-placebo-in-combination-with-venetoclax-and-azacitidin","trial","2025-04-04T00:00:00.000Z","unknown","unreviewed"
"https://clinicaltrialfailures.com/trial/NCT04251065-daratumumab-plus-gemcitabine-dexamethasone-cisplatin-in-pt-r-r-cd38-ptcl-nos-ait","trial","2025-03-28T00:00:00.000Z","unknown","unreviewed"
"https://clinicaltrialfailures.com/trial/NCT04952753-study-of-nis793-and-other-novel-investigational-combinations-with-soc-anti-cance","trial","2025-03-26T00:00:00.000Z","unknown","unreviewed"
"https://clinicaltrialfailures.com/trial/NCT05653427-a-study-of-amivantamab-monotherapy-in-participants-with-previously-treated-advan","trial","2025-01-13T00:00:00.000Z","unknown","unreviewed"
"https://clinicaltrialfailures.com/trial/NCT04492722-a-study-to-evaluate-the-safety-and-efficacy-of-azd5718-in-participants-with-prot","trial","2024-12-20T00:00:00.000Z","unknown","unreviewed"
"https://clinicaltrialfailures.com/trial/NCT04939701-study-of-asp0739-alone-and-with-pembrolizumab-in-advanced-solid-tumors-with-ny-e","trial","2024-12-11T00:00:00.000Z","unknown","unreviewed"
"https://clinicaltrialfailures.com/trial/NCT01247922-single-agent-erlotinib-in-patients-previously-treated-with-oral-etoposide-in-pro","trial","2024-12-06T00:00:00.000Z","unknown","unreviewed"
"https://clinicaltrialfailures.com/trial/NCT04612790-a-study-to-investigate-the-use-of-benralizumab-in-patients-with-bullous-pemphigo","trial","2024-11-29T00:00:00.000Z","unknown","unreviewed"
"https://clinicaltrialfailures.com/trial/NCT05601466-natural-killer-nk-cell-therapy-for-acute-myeloid-leukemia","trial","2024-11-06T00:00:00.000Z","unknown","unreviewed"
"https://clinicaltrialfailures.com/trial/NCT02118584-study-for-participants-with-ulcerative-colitis-previously-enrolled-in-etrolizuma","trial","2024-10-23T00:00:00.000Z","unknown","unreviewed"
"https://clinicaltrialfailures.com/trial/NCT05557942-inhaled-imatinib-pulmonary-arterial-hypertension-clinical-trial-follow-up-long-t","trial","2024-10-10T00:00:00.000Z","unknown","unreviewed"
"https://clinicaltrialfailures.com/trial/NCT05397171-a-first-in-human-study-to-evaluate-the-safety-and-tolerability-of-azd8853-in-par","trial","2024-10-01T00:00:00.000Z","unknown","unreviewed"
"https://clinicaltrialfailures.com/trial/NCT04199351-single-and-multiple-ascending-dose-study-of-amg-171-in-subjects-with-obesity","trial","2024-09-19T00:00:00.000Z","unknown","unreviewed"
"https://clinicaltrialfailures.com/trial/NCT02978235-a-dose-finding-study-followed-by-a-safety-and-efficacy-study-for-patients-with-m","trial","2024-09-05T00:00:00.000Z","unknown","unreviewed"
"https://clinicaltrialfailures.com/trial/NCT03025087-hydroxychloroquine-and-cognitive-function-after-surgery","trial","2024-08-20T00:00:00.000Z","unknown","unreviewed"
"https://clinicaltrialfailures.com/trial/NCT03340727-moderately-preterm-infants-with-caffeine-at-home-for-apnea-mocha-trial","trial","2024-07-31T00:00:00.000Z","unknown","unreviewed"
"https://clinicaltrialfailures.com/trial/NCT04680637-efficacy-and-safety-of-efavaleukin-alfa-in-subjects-with-active-systemic-lupus-e","trial","2024-06-28T00:00:00.000Z","unknown","unreviewed"
"https://clinicaltrialfailures.com/trial/NCT03451825-phase-i-ii-study-of-avelumab-in-pediatric-cancer-participants","trial","2024-06-24T00:00:00.000Z","unknown","unreviewed"
"https://clinicaltrialfailures.com/trial/NCT05609656-electroporation-and-immunotherapy-in-metastatic-colorectal-cancer","trial","2024-06-03T00:00:00.000Z","unknown","unreviewed"
"https://clinicaltrialfailures.com/trial/NCT05179057-posoleucel-alvr105-for-the-treatment-of-adenovirus-infection-in-pediatric-and-ad","trial","2024-05-08T00:00:00.000Z","unknown","unreviewed"
"https://clinicaltrialfailures.com/trial/NCT02085304-tumor-resection-and-gliadel-wafers-followed-by-temodar-with-standard-radiation-o","trial","2024-04-19T00:00:00.000Z","unknown","unreviewed"
"https://clinicaltrialfailures.com/trial/NCT02723006-study-to-evaluate-the-safety-tolerability-and-pharmacodynamics-of-investigationa","trial","2024-03-05T00:00:00.000Z","unknown","unreviewed"
"https://clinicaltrialfailures.com/trial/NCT05387707-study-to-evaluate-the-efficacy-and-safety-of-oral-difelikefalin-as-adjunct-thera","trial","2024-02-22T00:00:00.000Z","unknown","unreviewed"
"https://clinicaltrialfailures.com/trial/NCT00617656-study-to-evaluate-treatment-customized-according-to-rap80-and-brca1-in-patients-","trial","2024-01-30T00:00:00.000Z","unknown","unreviewed"
"https://clinicaltrialfailures.com/trial/NCT05124795-imu-935-in-patients-with-progressive-metastatic-castration-resistant-prostate-ca","trial","2024-01-17T00:00:00.000Z","unknown","unreviewed"
"https://clinicaltrialfailures.com/trial/NCT05760703-evaluate-the-safety-and-efficacy-of-stsg-0002-injection-in-patients-with-chronic","trial","2023-12-19T00:00:00.000Z","unknown","unreviewed"
"https://clinicaltrialfailures.com/trial/NCT03552692-use-of-venetoclax-as-single-agent-in-patients-with-relapsed-refractory-bcl-2-pos","trial","2023-12-12T00:00:00.000Z","unknown","unreviewed"
"https://clinicaltrialfailures.com/trial/NCT04543409-a-study-of-benralizumab-in-patients-with-eosinophilic-esophagitis","trial","2023-11-18T00:00:00.000Z","unknown","unreviewed"
"https://clinicaltrialfailures.com/trial/NCT04066491-gemcitabine-plus-cisplatin-with-or-without-bintrafusp-alfa-m7824-in-participants","trial","2023-11-14T00:00:00.000Z","unknown","unreviewed"
"https://clinicaltrialfailures.com/trial/NCT05510843-a-study-to-evaluate-thb001-in-adult-patients-with-chronic-cold-urticaria","trial","2023-10-10T00:00:00.000Z","unknown","unreviewed"
"https://clinicaltrialfailures.com/trial/NCT03067571-daratumumab-in-treating-patients-with-relapsed-or-refractory-acute-myeloid-leuke","trial","2023-09-21T00:00:00.000Z","unknown","unreviewed"
"https://clinicaltrialfailures.com/trial/NCT03738800-a-safety-efficacy-and-systemic-exposure-study-of-cd5789-cream-in-adults-and-adol","trial","2023-08-14T00:00:00.000Z","unknown","unreviewed"
"https://clinicaltrialfailures.com/trial/NCT02516670-docetaxel-with-or-without-ascorbic-acid-in-treating-patients-with-metastatic-pro","trial","2023-06-07T00:00:00.000Z","unknown","unreviewed"
"https://clinicaltrialfailures.com/trial/NCT03775421-an-upcoming-clinical-study-to-measure-the-safety-and-impact-of-a-drug-called-mac","trial","2023-03-07T00:00:00.000Z","unknown","unreviewed"
"https://clinicaltrialfailures.com/trial/NCT03052725-a-study-of-reslizumab-in-patients-12-years-of-age-and-older-with-severe-eosinoph","trial","2022-12-14T00:00:00.000Z","unknown","unreviewed"
"https://clinicaltrialfailures.com/trial/NCT01905592-a-phase-iii-trial-of-niraparib-versus-physician-s-choice-in-her2-negative-germli","trial","2022-11-15T00:00:00.000Z","unknown","unreviewed"
"https://clinicaltrialfailures.com/trial/NCT01881789-oprozomib-and-dexamethasone-in-combination-with-lenalidomide-or-oral-cyclophosph","trial","2022-11-14T00:00:00.000Z","unknown","unreviewed"
"https://clinicaltrialfailures.com/trial/NCT02046135-sodium-bicarbonate-to-prevent-acute-kidney-injury-in-children-undergoing-cardiac","trial","2022-11-02T00:00:00.000Z","unknown","unreviewed"
"https://clinicaltrialfailures.com/trial/NCT04880564-a-study-of-cn1-in-combination-with-cn401-in-adult-patients-with-relapsed-refract","trial","2022-10-24T00:00:00.000Z","unknown","unreviewed"
"https://clinicaltrialfailures.com/trial/NCT01174199-temsirolimus-and-vorinostat-in-treating-patients-with-metastatic-prostate-cancer","trial","2022-10-03T00:00:00.000Z","unknown","unreviewed"
"https://clinicaltrialfailures.com/trial/NCT01440179-sar3419-in-acute-lymphoblastic-leukemia","trial","2022-09-21T00:00:00.000Z","unknown","unreviewed"
"https://clinicaltrialfailures.com/trial/NCT04060342-gb1275-monotherapy-and-in-combination-with-an-anti-pd1-antibody-in-patients-with","trial","2022-08-18T00:00:00.000Z","unknown","unreviewed"
"https://clinicaltrialfailures.com/trial/NCT03711162-a-clinical-study-to-test-how-effective-and-safe-glpg1690-is-for-subjects-with-id","trial","2022-07-29T00:00:00.000Z","unknown","unreviewed"
"https://clinicaltrialfailures.com/trial/NCT01529008-study-on-autologous-osteoblastic-cells-implantation-to-early-stage-osteonecrosis","trial","2022-06-24T00:00:00.000Z","unknown","unreviewed"
"https://clinicaltrialfailures.com/trial/NCT02121405-randomized-trial-of-primary-surgery-followed-selective-radiochemotherapy-for-rec","trial","2022-05-11T00:00:00.000Z","unknown","unreviewed"
"https://clinicaltrialfailures.com/trial/NCT03603639-a-study-to-evaluate-the-pharmacodynamic-activity-of-e2730-in-adult-participants-","trial","2022-05-04T00:00:00.000Z","unknown","unreviewed"
"https://clinicaltrialfailures.com/trial/NCT03222973-efficacy-and-safety-of-biib033-opicinumab-as-an-add-on-therapy-to-disease-modify","trial","2022-04-28T00:00:00.000Z","unknown","unreviewed"
"https://clinicaltrialfailures.com/trial/NCT00762554-depodur-vs-fentanyl-infusion-for-post-c-s-analgesia","trial","2022-03-29T00:00:00.000Z","unknown","unreviewed"
"https://clinicaltrialfailures.com/trial/NCT03404726-a-study-to-investigate-bay2402234-a-dihydroorotate-dehydrogenase-dhodh-inhibitor","trial","2022-01-11T00:00:00.000Z","unknown","unreviewed"
"https://clinicaltrialfailures.com/trial/NCT03598777-dysport-in-vulvodynia-phase-ii-study","trial","2021-12-09T00:00:00.000Z","unknown","unreviewed"
"https://clinicaltrialfailures.com/trial/NCT03954106-a-safety-and-efficacy-study-of-defibrotide-in-the-prevention-of-chimeric-antigen","trial","2021-12-09T00:00:00.000Z","unknown","unreviewed"
"https://clinicaltrialfailures.com/trial/NCT03567291-evaluation-of-safety-and-tolerability-of-long-term-tev-50717-deutetrabenazine-fo","trial","2021-11-09T00:00:00.000Z","unknown","unreviewed"
"https://clinicaltrialfailures.com/trial/NCT04936113-continued-safety-evaluation-of-fb-401-in-children-adolescents-and-adults-2-years","trial","2021-10-28T00:00:00.000Z","unknown","unreviewed"
"https://clinicaltrialfailures.com/trial/NCT03094195-dose-response-study-of-ema401-in-patients-with-post-herpetic-neuralgia-phn","trial","2021-10-08T00:00:00.000Z","unknown","unreviewed"
"https://clinicaltrialfailures.com/trial/NCT03639987-a-study-of-aducanumab-in-participants-with-mild-cognitive-impairment-due-to-alzh","trial","2021-09-16T00:00:00.000Z","unknown","unreviewed"
"https://clinicaltrialfailures.com/trial/NCT01767857-a-phase-iii-study-of-xilonix-in-patients-with-advanced-colorectal-cancer","trial","2021-06-29T00:00:00.000Z","unknown","unreviewed"
"https://clinicaltrialfailures.com/trial/NCT01376700-early-prophylaxis-immunologic-challenge-epic-study","trial","2021-05-24T00:00:00.000Z","unknown","unreviewed"
"https://clinicaltrialfailures.com/trial/NCT03447730-safety-tolerability-and-pharmacodynamics-of-synb1020","trial","2021-05-13T00:00:00.000Z","unknown","unreviewed"
"https://clinicaltrialfailures.com/trial/NCT01403064-safety-and-efficacy-of-ald518-for-reducing-oral-mucositis-in-head-and-neck-cance","trial","2021-05-11T00:00:00.000Z","unknown","unreviewed"
"https://clinicaltrialfailures.com/trial/NCT04084158-a-study-of-toripalimab-combined-with-concurrent-chemoradiotherapy-for-locally-ad","trial","2021-02-23T00:00:00.000Z","unknown","unreviewed"
"https://clinicaltrialfailures.com/trial/NCT00317369-a-dose-finding-study-of-opc-6535-in-patients-with-active-crohn-s-disease","trial","2021-02-15T00:00:00.000Z","unknown","unreviewed"
"https://clinicaltrialfailures.com/trial/NCT02901431-a-study-to-investigate-the-efficacy-and-safety-of-balovaptan-ro5285119-in-partic","trial","2021-02-08T00:00:00.000Z","unknown","unreviewed"
"https://clinicaltrialfailures.com/trial/NCT02368691-efficacy-and-safety-of-gtx-024-in-patients-with-androgen-receptor-positive-tripl","trial","2020-11-18T00:00:00.000Z","unknown","unreviewed"
"https://clinicaltrialfailures.com/trial/NCT01656252-trial-of-eltrombopag-during-consolidation-therapy-in-adults-with-aml-in-complete","trial","2020-11-03T00:00:00.000Z","unknown","unreviewed"
"https://clinicaltrialfailures.com/trial/NCT01222078-investigating-re-dosing-with-otelixizumab-in-adults-with-newly-diagnosed-type-1-","trial","2020-10-30T00:00:00.000Z","unknown","unreviewed"
"https://clinicaltrialfailures.com/trial/NCT00539838-a-study-to-evaluate-two-doses-of-ocrelizumab-in-patients-with-active-systemic-lu","trial","2020-09-17T00:00:00.000Z","unknown","unreviewed"
"https://clinicaltrialfailures.com/trial/NCT01535157-fenretinide-lxs-oral-powder-plus-ketoconazole-in-recurrent-ovarian-cancer","trial","2020-08-27T00:00:00.000Z","unknown","unreviewed"
"https://clinicaltrialfailures.com/trial/NCT03170232-a-pilot-study-of-danirixin-for-disease-progression-in-chronic-obstructive-pulmon","trial","2020-07-31T00:00:00.000Z","unknown","unreviewed"
"https://clinicaltrialfailures.com/trial/NCT02341560-phase-2-3-randomized-double-masked-sham-controlled-trial-of-qpi-1007-in-subjects","trial","2020-07-20T00:00:00.000Z","unknown","unreviewed"
"https://clinicaltrialfailures.com/trial/NCT02387125-phase-1b-safety-study-of-cmb305-in-patients-with-locally-advanced-relapsed-or-me","trial","2020-07-01T00:00:00.000Z","unknown","unreviewed"
"https://clinicaltrialfailures.com/trial/NCT03051698-c1-inhibitor-in-allergic-asthma-patients","trial","2020-06-24T00:00:00.000Z","unknown","unreviewed"
"https://clinicaltrialfailures.com/trial/NCT02816437-fmt-for-mdro-colonization-in-solid-organ-transplant","trial","2020-05-26T00:00:00.000Z","unknown","unreviewed"
"https://clinicaltrialfailures.com/trial/NCT01285310-study-of-apremilast-to-evaluate-the-safety-and-effectiveness-for-patients-with-r","trial","2020-05-08T00:00:00.000Z","unknown","unreviewed"
"https://clinicaltrialfailures.com/trial/NCT00353457-capecitabine-oxaliplatin-and-erbitux-given-throughout-multi-modal-therapy-for-lo","trial","2020-04-09T00:00:00.000Z","unknown","unreviewed"
"https://clinicaltrialfailures.com/trial/NCT03819699-study-with-lu-af20513-in-patients-with-mild-alzheimer-s-disease-ad-or-mild-cogni","trial","2020-02-21T00:00:00.000Z","unknown","unreviewed"
"https://clinicaltrialfailures.com/trial/NCT03306420-first-in-human-study-of-ms201408-0005a-as-single-agent-and-in-combinations","trial","2020-02-06T00:00:00.000Z","unknown","unreviewed"
"https://clinicaltrialfailures.com/trial/NCT02039219-trial-of-obeticholic-acid-in-patients-with-moderately-severe-alcoholic-hepatitis","trial","2020-01-28T00:00:00.000Z","unknown","unreviewed"
"https://clinicaltrialfailures.com/trial/NCT00616122-sunitinib-cyclophosphamide-and-methotrexate-in-treating-patients-with-metastatic","trial","2020-01-13T00:00:00.000Z","unknown","unreviewed"
"https://clinicaltrialfailures.com/trial/NCT02465983-pilot-study-of-autologous-t-cells-in-patients-with-metastatic-pancreatic-cancer","trial","2019-12-16T00:00:00.000Z","unknown","unreviewed"
"https://clinicaltrialfailures.com/trial/NCT02388152-study-to-evaluate-the-safety-and-tolerability-of-a-new-drug-named-lu-af20513-in-","trial","2019-11-29T00:00:00.000Z","unknown","unreviewed"
"https://clinicaltrialfailures.com/trial/NCT00975806-study-of-lenalidomide-in-combination-with-sunitinib-to-evaluate-the-safety-and-e","trial","2019-11-25T00:00:00.000Z","unknown","unreviewed"
"https://clinicaltrialfailures.com/trial/NCT03436732-mesothelin-targeted-immunotoxin-lmb-100-in-combination-with-sel-110-in-subjects-","trial","2019-11-22T00:00:00.000Z","unknown","unreviewed"
"https://clinicaltrialfailures.com/trial/NCT03668405-a-study-to-evaluate-the-long-term-safety-and-tolerability-of-lu-af20513-and-the-","trial","2019-11-21T00:00:00.000Z","unknown","unreviewed"
"https://clinicaltrialfailures.com/trial/NCT02628028-a-study-of-ly3337641-in-rheumatoid-arthritis","trial","2019-10-09T00:00:00.000Z","unknown","unreviewed"
"https://clinicaltrialfailures.com/trial/NCT01687478-a-study-of-olanzapine-and-fluoxetine-for-treatment-resistant-depression","trial","2019-10-09T00:00:00.000Z","unknown","unreviewed"
"https://clinicaltrialfailures.com/trial/NCT02076594-low-tox-vs-eox-in-patients-with-locally-advanced-unresectable-or-metastatic-gast","trial","2019-10-09T00:00:00.000Z","unknown","unreviewed"
"https://clinicaltrialfailures.com/trial/NCT01687998-a-study-of-evacetrapib-in-high-risk-vascular-disease","trial","2019-10-08T00:00:00.000Z","unknown","unreviewed"
"https://clinicaltrialfailures.com/trial/NCT00408252-efficacy-of-su-011248-in-head-and-neck-carcinoma","trial","2019-09-19T00:00:00.000Z","unknown","unreviewed"
"https://clinicaltrialfailures.com/trial/NCT03166904-phase-ii-trial-of-azd2014-in-rictor-amplified-solid-cancer-patients-refractory-t","trial","2019-05-20T00:00:00.000Z","unknown","unreviewed"
"https://clinicaltrialfailures.com/trial/NCT02613182-open-label-extension-study-of-neod001-in-subjects-with-light-chain-al-amyloidosi","trial","2019-05-16T00:00:00.000Z","unknown","unreviewed"
"https://clinicaltrialfailures.com/trial/NCT01214655-a-study-for-patients-with-acute-leukemia","trial","2019-05-13T00:00:00.000Z","unknown","unreviewed"
"https://clinicaltrialfailures.com/trial/NCT00054704-riluzole-to-treat-depression-in-bipolar-disorder","trial","2019-04-25T00:00:00.000Z","unknown","unreviewed"
"https://clinicaltrialfailures.com/trial/NCT02518971-trial-of-prophylactic-tamsulosin-for-postoperative-urinary-retention-in-primary-","trial","2019-04-12T00:00:00.000Z","unknown","unreviewed"
"https://clinicaltrialfailures.com/trial/NCT02313909-rivaroxaban-versus-aspirin-in-secondary-prevention-of-stroke-and-prevention-of-s","trial","2019-01-09T00:00:00.000Z","unknown","unreviewed"
"https://clinicaltrialfailures.com/trial/NCT03145909-a-study-evaluating-the-safety-pharmacokinetics-and-anti-tumor-activity-of-abbv-1","trial","2018-11-29T00:00:00.000Z","unknown","unreviewed"
"https://clinicaltrialfailures.com/trial/NCT00910000-vorinostat-carboplatin-and-gemcitabine-in-women-with-recurrent-platinum-sensitiv","trial","2018-09-10T00:00:00.000Z","unknown","unreviewed"
"https://clinicaltrialfailures.com/trial/NCT00566462-assessment-of-perampanel-e2007-on-synaptic-dopamine-in-mild-moderate-pd-patients","trial","2018-09-06T00:00:00.000Z","unknown","unreviewed"
"https://clinicaltrialfailures.com/trial/NCT02386098-strategy-confirming-study-of-bms-955176-to-treat-hiv-1-infected-treatment-experi","trial","2018-08-20T00:00:00.000Z","unknown","unreviewed"
"https://clinicaltrialfailures.com/trial/NCT02351037-study-of-ibrutinib-in-subjects-with-acute-myeloid-leukemia","trial","2018-08-14T00:00:00.000Z","unknown","unreviewed"
"https://clinicaltrialfailures.com/trial/NCT00200382-phase-ii-study-of-therapy-with-ps-341-in-patients-with-advanced-stage-non-small-","trial","2018-08-02T00:00:00.000Z","unknown","unreviewed"
"https://clinicaltrialfailures.com/trial/NCT02053311-orteronel-maintenance-therapy-in-patients-with-mcrpc-previously-treated-with-nov","trial","2018-07-30T00:00:00.000Z","unknown","unreviewed"
"https://clinicaltrialfailures.com/trial/NCT02286258-validation-of-new-markers-of-glomerular-filtration-rate-dota-gadolinium-and-calc","trial","2018-05-18T00:00:00.000Z","unknown","unreviewed"
"https://clinicaltrialfailures.com/trial/NCT01198002-a-rheumatoid-arthritis-study-in-participants-on-a-background-treatment-of-methot","trial","2018-05-08T00:00:00.000Z","unknown","unreviewed"
"https://clinicaltrialfailures.com/trial/NCT00281021-second-line-erlotinib-tarceva-plus-digoxin-in-non-small-cell-lung-cancer","trial","2018-03-29T00:00:00.000Z","unknown","unreviewed"
"https://clinicaltrialfailures.com/trial/NCT02686385-efficacy-of-n-acetylcysteine-with-or-without-steroids-in-drug-induced-liver-inju","trial","2017-12-18T00:00:00.000Z","unknown","unreviewed"
"https://clinicaltrialfailures.com/trial/NCT01381562-gsk2251052-in-the-treatment-of-complicated-intra-abdominal-infections","trial","2017-11-29T00:00:00.000Z","unknown","unreviewed"
"https://clinicaltrialfailures.com/trial/NCT01334710-a-phase-ii-trial-of-osi-906-and-sorafenib-in-advanced-hepatocellular-cancer","trial","2017-11-21T00:00:00.000Z","unknown","unreviewed"
"https://clinicaltrialfailures.com/trial/NCT02151357-safety-tolerability-and-pharmacokinetics-of-dcbci0901-in-patients-with-advanced-","trial","2017-10-06T00:00:00.000Z","unknown","unreviewed"
"https://clinicaltrialfailures.com/trial/NCT00005047-4b951-combination-chemotherapy-in-treating-patients-with-bladder-cancer","trial","2017-06-08T00:00:00.000Z","unknown","unreviewed"
"https://clinicaltrialfailures.com/trial/NCT01564095-top-study-tacrolimus-organ-perfusion-treatment-of-ischemia-reperfusion-injury-in","trial","2017-03-23T00:00:00.000Z","unknown","unreviewed"
"https://clinicaltrialfailures.com/trial/NCT00352690-a-phase-ii-study-of-radiation-therapy-paclitaxel-poliglumex-and-carboplatin-in-s","trial","2016-12-12T00:00:00.000Z","unknown","unreviewed"
"https://clinicaltrialfailures.com/trial/NCT02689726-safety-tolerability-and-immunogenicity-of-gtl001-vaccine-adjuvanted-with-imiquim","trial","2016-12-02T00:00:00.000Z","unknown","unreviewed"
"https://clinicaltrialfailures.com/trial/NCT02894515-bioequivalence-study-of-idalopirdine-in-healthy-subjects","trial","2016-11-11T00:00:00.000Z","unknown","unreviewed"
"https://clinicaltrialfailures.com/trial/NCT01078974-pomalidomide-dexamethasone-and-rituximab-in-waldenstrom-s-macroglobulinemia","trial","2016-07-25T00:00:00.000Z","unknown","unreviewed"
"https://clinicaltrialfailures.com/trial/NCT00464061-efficacy-an-safety-of-volinanserin-on-sleep-maintenance-insomnia-with-a-sub-stud","trial","2016-05-26T00:00:00.000Z","unknown","unreviewed"
"https://clinicaltrialfailures.com/trial/NCT00979121-statins-for-acutely-injured-lungs-from-sepsis","trial","2016-05-16T00:00:00.000Z","unknown","unreviewed"
"https://clinicaltrialfailures.com/trial/NCT01212094-double-blind-combination-of-rituximab-by-intravenous-and-intrathecal-injection-v","trial","2016-03-28T00:00:00.000Z","unknown","unreviewed"
"https://clinicaltrialfailures.com/trial/NCT00670397-photodynamic-therapy-using-hpph-in-treating-patients-with-recurrent-dysplasia-ca","trial","2016-03-16T00:00:00.000Z","unknown","unreviewed"
"https://clinicaltrialfailures.com/trial/NCT02443194-the-effect-of-duloxetine-on-mood-quality-of-life-and-cognitive-functioning-in-gl","trial","2015-12-03T00:00:00.000Z","unknown","unreviewed"
"https://clinicaltrialfailures.com/trial/NCT01730495-tumor-necrosis-factor-alpha-inhibition-using-etanercept-in-chronic-fatigue-syndr","trial","2015-12-02T00:00:00.000Z","unknown","unreviewed"
"https://clinicaltrialfailures.com/trial/NCT01647542-study-to-evaluate-the-efficacy-and-safety-of-daily-oral-tak-875-25-and-50mg-in-a","trial","2015-11-11T00:00:00.000Z","unknown","unreviewed"
"https://clinicaltrialfailures.com/trial/NCT01746875-a-study-testing-if-medicine-can-make-pigment-epithelium-detachments-regress-and-","trial","2015-09-15T00:00:00.000Z","unknown","unreviewed"
"https://clinicaltrialfailures.com/trial/NCT01771198-efficacy-study-of-simvastatin-to-treat-chronic-rhinosinusitis-after-failure-of-o","trial","2015-07-13T00:00:00.000Z","unknown","unreviewed"
"https://clinicaltrialfailures.com/trial/NCT00905398-nilotinib-with-chemotherapy-for-the-treatment-of-philadelphia-chromosome-positiv","trial","2015-07-09T00:00:00.000Z","unknown","unreviewed"
"https://clinicaltrialfailures.com/trial/NCT00694200-vinorelbine-metronomic-plus-bevacizumab-as-salvage-therapy-for-breast-cancer","trial","2015-05-29T00:00:00.000Z","unknown","unreviewed"
"https://clinicaltrialfailures.com/trial/NCT01238965-panobinostat-and-fluorouracil-followed-by-leucovorin-calcium-in-treating-patient","trial","2015-05-27T00:00:00.000Z","unknown","unreviewed"
"https://clinicaltrialfailures.com/trial/NCT00787644-pilot-study-of-pioglitazone-for-the-treatment-of-moderate-to-severe-asthma-in-ob","trial","2015-02-26T00:00:00.000Z","unknown","unreviewed"
"https://clinicaltrialfailures.com/trial/NCT04843982-immunoinflammatory-regulation-of-esketamine-in-septic-patients","trial","2026-09-30T00:00:00.000Z","unknown","unreviewed"
"https://clinicaltrialfailures.com/trial/NCT04667078-reperfusion-with-p2y12-inhibitors-in-addition-to-mechanical-thrombectomy-for-per","trial","2026-09-25T00:00:00.000Z","unknown","unreviewed"
"https://clinicaltrialfailures.com/trial/NCT01129674-a-long-term-open-label-study-on-schizophrenia","trial","2026-09-14T00:00:00.000Z","unknown","unreviewed"
"https://clinicaltrialfailures.com/trial/NCT03075527-a-phase-2-study-of-durvalumab-in-combination-with-tremelimumab-in-malignant-pleu","trial","2026-07-16T00:00:00.000Z","unknown","unreviewed"
"https://clinicaltrialfailures.com/trial/NCT04311502-clofazimine-and-rifapentine-containing-treatment-shortening-regimens-in-drug-sus","trial","2026-07-08T00:00:00.000Z","unknown","unreviewed"
"https://clinicaltrialfailures.com/trial/NCT06169280-repeated-neural-stem-cell-based-virotherapy-for-newly-diagnosed-high-grade-gliom","trial","2026-06-30T00:00:00.000Z","unknown","unreviewed"
"https://clinicaltrialfailures.com/trial/NCT07585734-clinical-trial-of-cd38-monoclonal-antibody-combined-with-chemotherapy-for-t-cell","trial","2026-05-14T00:00:00.000Z","unknown","unreviewed"
"https://clinicaltrialfailures.com/trial/NCT04516811-therapeutic-use-of-convalescent-plasma-in-the-treatment-of-patients-with-moderat","trial","2026-05-08T00:00:00.000Z","unknown","unreviewed"
"https://clinicaltrialfailures.com/trial/NCT03506373-ibrutinib-and-ixazomib-citrate-in-treating-newly-diagnosed-relapsed-or-refractor","trial","2026-05-05T00:00:00.000Z","unknown","unreviewed"
"https://clinicaltrialfailures.com/trial/NCT03225547-study-of-pembrolizumab-and-mifepristone-in-patients-with-advanced-her2-negative-","trial","2025-12-23T00:00:00.000Z","unknown","unreviewed"
"https://clinicaltrialfailures.com/trial/NCT06153420-study-of-the-research-medicine-cin-103-in-adults-with-irritable-bowel-syndrome-w","trial","2025-12-15T00:00:00.000Z","unknown","unreviewed"
"https://clinicaltrialfailures.com/trial/NCT04686786-an-open-label-extension-trial-of-cvl-865-as-adjunctive-therapy-in-the-treatment-","trial","2025-12-11T00:00:00.000Z","unknown","unreviewed"
"https://clinicaltrialfailures.com/trial/NCT06964165-a-study-comparing-niraparib-versus-platinum-taxane-doublet-chemotherapy-as-neoad","trial","2025-11-26T00:00:00.000Z","unknown","unreviewed"
"https://clinicaltrialfailures.com/trial/NCT02623439-a-study-of-haploidentical-bone-marrow-transplant-for-patients-with-hematologic-m","trial","2025-11-10T00:00:00.000Z","unknown","unreviewed"
"https://clinicaltrialfailures.com/trial/NCT04066244-study-of-safety-and-proof-of-the-mechanism-of-blz945-in-als-patients","trial","2025-10-16T00:00:00.000Z","unknown","unreviewed"
"https://clinicaltrialfailures.com/trial/NCT04459715-a-study-of-xevinapant-debio-1143-in-combination-with-platinum-based-chemotherapy","trial","2025-10-08T00:00:00.000Z","unknown","unreviewed"
"https://clinicaltrialfailures.com/trial/NCT03071692-pemafibrate-to-reduce-cardiovascular-outcomes-by-reducing-triglycerides-in-patie","trial","2025-09-25T00:00:00.000Z","unknown","unreviewed"
"https://clinicaltrialfailures.com/trial/NCT06854861-premixed-glucagon-insulin-solution-for-faster-insulin-absorption-in-type-1-diabe","trial","2025-06-13T00:00:00.000Z","unknown","unreviewed"
"https://clinicaltrialfailures.com/trial/NCT05256134-a-study-to-evaluate-the-efficacy-and-safety-of-gantenerumab-in-participants-at-r","trial","2025-06-12T00:00:00.000Z","unknown","unreviewed"
"https://clinicaltrialfailures.com/trial/NCT01549769-pharmacokinetic-and-pharmacodynamic-study-of-bardoxolone-methyl-in-patients-with","trial","2025-05-29T00:00:00.000Z","unknown","unreviewed"
"https://clinicaltrialfailures.com/trial/NCT04479436-a-study-to-evaluate-u3-1402-in-subjects-with-advanced-or-metastatic-colorectal-c","trial","2025-05-18T00:00:00.000Z","unknown","unreviewed"
"https://clinicaltrialfailures.com/trial/NCT04474314-a-study-of-imr-687-in-subjects-with-sickle-cell-disease","trial","2025-05-15T00:00:00.000Z","unknown","unreviewed"
"https://clinicaltrialfailures.com/trial/NCT04411082-a-study-of-imr-687-in-subjects-with-beta-thalassemia","trial","2025-05-15T00:00:00.000Z","unknown","unreviewed"
"https://clinicaltrialfailures.com/trial/NCT05930951-study-of-obt076-associated-or-not-in-patients-with-recurrent-or-metastatic-adeno","trial","2025-05-09T00:00:00.000Z","unknown","unreviewed"
"https://clinicaltrialfailures.com/trial/NCT04598477-a-study-to-assess-the-long-term-safety-and-efficacy-of-a-subcutaneous-formulatio","trial","2025-03-30T00:00:00.000Z","unknown","unreviewed"
"https://clinicaltrialfailures.com/trial/NCT03387592-captem-or-folfiri-as-second-line-therapy-in-neuroendocrine-carcinomas","trial","2025-03-10T00:00:00.000Z","unknown","unreviewed"
"https://clinicaltrialfailures.com/trial/NCT03686345-midostaurin-associated-with-standard-chemotherapy-in-patients-with-core-binding-","trial","2025-02-25T00:00:00.000Z","unknown","unreviewed"
"https://clinicaltrialfailures.com/trial/NCT03381196-a-study-to-evaluate-the-efficacy-and-safety-of-pimodivir-in-combination-with-the","trial","2025-02-04T00:00:00.000Z","unknown","unreviewed"
"https://clinicaltrialfailures.com/trial/NCT02592967-safety-and-immunogenicity-of-jnj-64041757-live-attenuated-double-deleted-listeri","trial","2025-02-03T00:00:00.000Z","unknown","unreviewed"
"https://clinicaltrialfailures.com/trial/NCT05144009-a-study-of-loncastuximab-tesirine-and-rituximab-lonca-r-in-previously-untreated-","trial","2025-01-30T00:00:00.000Z","unknown","unreviewed"
"https://clinicaltrialfailures.com/trial/NCT02986698-in-utero-hematopoietic-stem-cell-transplantation-for-alpha-thalassemia-major-atm","trial","2025-01-27T00:00:00.000Z","unknown","unreviewed"
"https://clinicaltrialfailures.com/trial/NCT03701711-lenalidomide-in-anti-mag-neuropathy-phase-1b-study","trial","2024-09-27T00:00:00.000Z","unknown","unreviewed"
"https://clinicaltrialfailures.com/trial/NCT05280717-relative-bioavailability-safety-and-tolerability-of-single-dose-sotrovimab-injec","trial","2024-09-19T00:00:00.000Z","unknown","unreviewed"
"https://clinicaltrialfailures.com/trial/NCT03955146-zephyrus-i-evaluation-of-efficacy-and-safety-of-pamrevlumab-in-participants-with","trial","2024-09-19T00:00:00.000Z","unknown","unreviewed"
"https://clinicaltrialfailures.com/trial/NCT04747470-study-to-assess-the-effects-of-gs-3583-in-participants-with-advanced-solid-tumor","trial","2024-09-03T00:00:00.000Z","unknown","unreviewed"
"https://clinicaltrialfailures.com/trial/NCT05579977-trial-to-learn-about-the-study-medicine-pf-07081532-and-rybelsus-in-people-with-","trial","2024-08-01T00:00:00.000Z","unknown","unreviewed"
"https://clinicaltrialfailures.com/trial/NCT05062083-pet-imaging-of-cyclooxygenase-in-multiple-sclerosis","trial","2024-06-27T00:00:00.000Z","unknown","unreviewed"
"https://clinicaltrialfailures.com/trial/NCT05978063-study-to-evaluate-the-efficacy-and-safety-of-oral-difelikefalin-for-moderate-to-","trial","2024-06-21T00:00:00.000Z","unknown","unreviewed"
"https://clinicaltrialfailures.com/trial/NCT04552899-a-study-to-evaluate-the-efficacy-and-safety-of-recombinant-human-pentraxin-2-rhp","trial","2024-04-18T00:00:00.000Z","unknown","unreviewed"
"https://clinicaltrialfailures.com/trial/NCT04154826-recombinant-interleukin-7-cyt107-to-treat-patients-with-refractory-nontuberculou","trial","2024-04-11T00:00:00.000Z","unknown","unreviewed"
"https://clinicaltrialfailures.com/trial/NCT03005379-microbiota-or-placebo-after-antimicrobial-therapy-for-recurrent-c-difficile-at-h","trial","2024-04-11T00:00:00.000Z","unknown","unreviewed"
"https://clinicaltrialfailures.com/trial/NCT04638153-a-study-of-safety-tolerability-and-effectiveness-of-recifercept-in-children-with","trial","2024-02-15T00:00:00.000Z","unknown","unreviewed"
"https://clinicaltrialfailures.com/trial/NCT02841540-a-study-of-h3b-8800-rvt-2001-in-participants-with-lower-risk-myelodysplastic-syn","trial","2024-02-14T00:00:00.000Z","unknown","unreviewed"
"https://clinicaltrialfailures.com/trial/NCT03493568-switch-from-dual-regimens-based-on-dolutegravir-plus-a-reverse-transcriptase-inh","trial","2024-02-09T00:00:00.000Z","unknown","unreviewed"
"https://clinicaltrialfailures.com/trial/NCT04634825-enoblituzumab-plus-retifanlimab-or-tebotelimab-in-head-and-neck-cancer","trial","2023-12-20T00:00:00.000Z","unknown","unreviewed"
"https://clinicaltrialfailures.com/trial/NCT03890120-study-of-cilofexor-in-adults-with-primary-sclerosing-cholangitis","trial","2023-11-29T00:00:00.000Z","unknown","unreviewed"
"https://clinicaltrialfailures.com/trial/NCT05038020-a-study-to-evaluate-the-efficacy-of-oral-akst4290-in-participants-with-moderatel","trial","2023-11-01T00:00:00.000Z","unknown","unreviewed"
"https://clinicaltrialfailures.com/trial/NCT04049097-arimoclomol-in-sporadic-inclusion-body-myositis-open-label-extension-trial","trial","2023-09-15T00:00:00.000Z","unknown","unreviewed"
"https://clinicaltrialfailures.com/trial/NCT05439941-a-long-term-extension-trial-in-participants-with-atopic-dermatitis-who-participa","trial","2023-09-07T00:00:00.000Z","unknown","unreviewed"
"https://clinicaltrialfailures.com/trial/NCT04311489-refractory-ascites-in-patients-with-liver-cirrhosis-and-the-potential-treatment-","trial","2023-05-18T00:00:00.000Z","unknown","unreviewed"
"https://clinicaltrialfailures.com/trial/NCT05156034-a-multiple-dose-study-to-evaluate-the-safety-tolerability-and-pharmacokinetics-o","trial","2023-03-13T00:00:00.000Z","unknown","unreviewed"
"https://clinicaltrialfailures.com/trial/NCT04336332-randomized-comparison-of-combination-azithromycin-and-hydroxychloroquine-vs-hydr","trial","2023-02-28T00:00:00.000Z","unknown","unreviewed"
"https://clinicaltrialfailures.com/trial/NCT05448391-a-study-to-evaluate-rist4721-in-familial-mediterranean-fever-fmf","trial","2023-02-13T00:00:00.000Z","unknown","unreviewed"
"https://clinicaltrialfailures.com/trial/NCT03123393-tak-659-in-participants-with-relapsed-or-refractory-diffuse-large-b-cell-lymphom","trial","2023-02-08T00:00:00.000Z","unknown","unreviewed"
"https://clinicaltrialfailures.com/trial/NCT02539459-sporadic-angiomyolipomas-amls-growth-kinetics-while-on-everolimus","trial","2022-12-15T00:00:00.000Z","unknown","unreviewed"
"https://clinicaltrialfailures.com/trial/NCT02374853-topical-use-of-vancomycin-in-reducing-sternal-wound-infection-in-cardiac-surgery","trial","2022-11-03T00:00:00.000Z","unknown","unreviewed"
"https://clinicaltrialfailures.com/trial/NCT04952519-efficacy-of-amantadine-treatment-in-covid-19-patients","trial","2022-09-30T00:00:00.000Z","unknown","unreviewed"
"https://clinicaltrialfailures.com/trial/NCT03273153-a-study-of-cobimetinib-plus-atezolizumab-versus-pembrolizumab-in-participants-wi","trial","2022-09-21T00:00:00.000Z","unknown","unreviewed"
"https://clinicaltrialfailures.com/trial/NCT02698189-a-dose-exploration-study-with-birabresib-mk-8628-in-participants-with-selected-h","trial","2022-09-13T00:00:00.000Z","unknown","unreviewed"
"https://clinicaltrialfailures.com/trial/NCT03759041-a-study-to-assess-efficacy-and-safety-of-ser-287-in-adults-with-active-mild-to-m","trial","2022-08-12T00:00:00.000Z","unknown","unreviewed"
"https://clinicaltrialfailures.com/trial/NCT04345289-efficacy-and-safety-of-novel-treatment-options-for-adults-with-covid-19-pneumoni","trial","2022-08-04T00:00:00.000Z","unknown","unreviewed"
"https://clinicaltrialfailures.com/trial/NCT03733444-a-clinical-study-to-test-how-effective-and-safe-glpg1690-is-for-participants-wit","trial","2022-07-29T00:00:00.000Z","unknown","unreviewed"
"https://clinicaltrialfailures.com/trial/NCT03591874-study-of-brimonidine-tartrate-nanoemulsion-eye-drops-in-patients-with-ocular-gra","trial","2022-07-06T00:00:00.000Z","unknown","unreviewed"
"https://clinicaltrialfailures.com/trial/NCT00573131-efficacy-and-safety-of-oncogel-added-to-chemotherapy-and-radiation-before-surger","trial","2022-06-22T00:00:00.000Z","unknown","unreviewed"
"https://clinicaltrialfailures.com/trial/NCT04371393-mscs-in-covid-19-ards","trial","2022-04-25T00:00:00.000Z","unknown","unreviewed"
"https://clinicaltrialfailures.com/trial/NCT03976648-a-clinical-study-to-test-long-term-safety-of-glpg1690-for-patients-with-systemic","trial","2022-03-29T00:00:00.000Z","unknown","unreviewed"
"https://clinicaltrialfailures.com/trial/NCT01199302-long-term-safety-study-of-brodalumab-in-adults-with-crohn-s-disease","trial","2021-12-28T00:00:00.000Z","unknown","unreviewed"
"https://clinicaltrialfailures.com/trial/NCT01018563-an-open-label-extension-study-of-the-efficacy-of-morab-003","trial","2021-12-08T00:00:00.000Z","unknown","unreviewed"
"https://clinicaltrialfailures.com/trial/NCT00402883-chemotherapy-radiotherapy-and-bevacizumab-in-patients-with-unresectable-stage-ii","trial","2021-11-09T00:00:00.000Z","unknown","unreviewed"
"https://clinicaltrialfailures.com/trial/NCT02221765-safety-tolerability-and-efficacy-study-of-pp1420-in-hv","trial","2021-09-22T00:00:00.000Z","unknown","unreviewed"
"https://clinicaltrialfailures.com/trial/NCT01956812-phase-3-trial-of-90y-clivatuzumab-tetraxetan-and-gemcitabine-vs-placebo-and-gemc","trial","2021-08-16T00:00:00.000Z","unknown","unreviewed"
"https://clinicaltrialfailures.com/trial/NCT03325894-safety-and-tolerability-study-of-shp465-in-children-aged-4-to-12-years-diagnosed","trial","2021-06-03T00:00:00.000Z","unknown","unreviewed"
"https://clinicaltrialfailures.com/trial/NCT00866242-safety-and-efficacy-challenge-study-of-cvd-1208s-a-live-attenuated-oral-vaccine-","trial","2021-04-29T00:00:00.000Z","unknown","unreviewed"
"https://clinicaltrialfailures.com/trial/NCT01557452-open-label-extension-of-the-dose-finding-study-dsc-08-2357-36-in-patients-with-p","trial","2021-04-06T00:00:00.000Z","unknown","unreviewed"
"https://clinicaltrialfailures.com/trial/NCT04232397-anlotinib-treatment-in-steroid-depenent-refractory-cgvhd","trial","2021-03-24T00:00:00.000Z","unknown","unreviewed"
"https://clinicaltrialfailures.com/trial/NCT03449030-a-study-of-tak-164-in-participants-with-advanced-gastrointestinal-gi-cancer-expr","trial","2021-03-22T00:00:00.000Z","unknown","unreviewed"
"https://clinicaltrialfailures.com/trial/NCT03279809-the-effect-of-aspirin-on-patency-of-metal-stent-in-malignant-distal-bile-duct-ob","trial","2021-03-17T00:00:00.000Z","unknown","unreviewed"
"https://clinicaltrialfailures.com/trial/NCT02698176-a-dose-exploration-study-with-birabresib-mk-8628-in-participants-with-selected-a","trial","2021-01-27T00:00:00.000Z","unknown","unreviewed"
"https://clinicaltrialfailures.com/trial/NCT00515528-vaccination-plus-ontak-in-patients-with-metastatic-melanoma","trial","2021-01-26T00:00:00.000Z","unknown","unreviewed"
"https://clinicaltrialfailures.com/trial/NCT03472326-study-to-evaluate-the-efficacy-of-gs-9131-functional-monotherapy-in-human-immuno","trial","2021-01-05T00:00:00.000Z","unknown","unreviewed"
"https://clinicaltrialfailures.com/trial/NCT01495247-phase-ib-ii-trial-of-bez235-with-paclitaxel-in-patients-with-her2-negative-local","trial","2020-12-08T00:00:00.000Z","unknown","unreviewed"
"https://clinicaltrialfailures.com/trial/NCT03358407-gsk2983559-first-time-in-human-study","trial","2020-11-27T00:00:00.000Z","unknown","unreviewed"
"https://clinicaltrialfailures.com/trial/NCT03037645-safety-pk-pd-and-antitumor-activity-of-vecabrutinib-sns-062-in-b-lymphoid-cancer","trial","2020-10-19T00:00:00.000Z","unknown","unreviewed"
"https://clinicaltrialfailures.com/trial/NCT03106753-success-of-external-cephalic-version-study","trial","2020-10-09T00:00:00.000Z","unknown","unreviewed"
"https://clinicaltrialfailures.com/trial/NCT01532362-evaluation-of-apricoxib-selective-cyclooxygenase-2-inhibition-in-modulating-t-re","trial","2020-09-22T00:00:00.000Z","unknown","unreviewed"
"https://clinicaltrialfailures.com/trial/NCT02997189-study-of-oto-104-in-subjects-at-risk-from-cisplatin-induced-hearing-loss","trial","2020-09-16T00:00:00.000Z","unknown","unreviewed"
"https://clinicaltrialfailures.com/trial/NCT03471559-cannabidiol-an-in-vivo-innovative-drug-delivery-study","trial","2020-07-01T00:00:00.000Z","unknown","unreviewed"
"https://clinicaltrialfailures.com/trial/NCT04434378-tamsulosin-to-prevent-postoperative-urinary-retention-in-laparoscopic-inguinal-h","trial","2020-06-16T00:00:00.000Z","unknown","unreviewed"
"https://clinicaltrialfailures.com/trial/NCT02061774-postoperative-opioid-use-and-pain-scores-in-patients-undergoing-transforaminal-l","trial","2020-05-06T00:00:00.000Z","unknown","unreviewed"
"https://clinicaltrialfailures.com/trial/NCT02535364-study-evaluating-the-efficacy-and-safety-of-jcar015-in-adult-b-cell-acute-lympho","trial","2020-05-04T00:00:00.000Z","unknown","unreviewed"
"https://clinicaltrialfailures.com/trial/NCT02653131-the-use-of-dpp-4-inhibitors-in-short-bowel-syndrome","trial","2020-04-15T00:00:00.000Z","unknown","unreviewed"
"https://clinicaltrialfailures.com/trial/NCT03568071-a-study-to-assess-efficacy-safety-tolerability-and-pharmacokinetics-pk-pharmacod","trial","2020-03-18T00:00:00.000Z","unknown","unreviewed"
"https://clinicaltrialfailures.com/trial/NCT02452424-a-combination-clinical-study-of-plx3397-and-pembrolizumab-to-treat-advanced-mela","trial","2020-03-05T00:00:00.000Z","unknown","unreviewed"
"https://clinicaltrialfailures.com/trial/NCT03828929-effect-of-iv-vitamin-c-thiamine-and-steroids-on-mortality-of-septic-shock","trial","2020-02-10T00:00:00.000Z","unknown","unreviewed"
"https://clinicaltrialfailures.com/trial/NCT02034123-investigation-of-gsk2879552-in-subjects-with-relapsed-refractory-small-cell-lung","trial","2019-12-06T00:00:00.000Z","unknown","unreviewed"
"https://clinicaltrialfailures.com/trial/NCT03675854-defining-the-optimal-duration-of-treatment-for-low-risk-peritoneal-dialysis-rela","trial","2019-11-13T00:00:00.000Z","unknown","unreviewed"
"https://clinicaltrialfailures.com/trial/NCT01113801-a-study-in-participants-with-diabetic-kidney-disease","trial","2019-09-17T00:00:00.000Z","unknown","unreviewed"
"https://clinicaltrialfailures.com/trial/NCT02337478-vincristine-sulfate-liposome-in-treating-patients-with-relapsed-or-refractory-ac","trial","2019-08-14T00:00:00.000Z","unknown","unreviewed"
"https://clinicaltrialfailures.com/trial/NCT03418571-evaluation-of-alx-0171-in-japanese-children-hospitalized-for-respiratory-syncyti","trial","2019-07-30T00:00:00.000Z","unknown","unreviewed"
"https://clinicaltrialfailures.com/trial/NCT00325572-evaluation-and-treatment-of-copper-zinc-imbalance-in-children-with-autism","trial","2019-07-17T00:00:00.000Z","unknown","unreviewed"
"https://clinicaltrialfailures.com/trial/NCT02723786-efficacy-safety-tolerability-and-pharmacokinetic-pk-study-of-gsk1070806-for-the-","trial","2019-06-26T00:00:00.000Z","unknown","unreviewed"
"https://clinicaltrialfailures.com/trial/NCT03832517-single-and-multiple-dose-escalation-trial-of-an-intravenous-antibiotic-rc-01","trial","2019-05-29T00:00:00.000Z","unknown","unreviewed"
"https://clinicaltrialfailures.com/trial/NCT03061708-trial-of-single-agent-azd2014-in-rictor-amplified-gc-patients-as-second-line-the","trial","2019-05-20T00:00:00.000Z","unknown","unreviewed"
"https://clinicaltrialfailures.com/trial/NCT01467076-inhaled-prostaglandin-e1-ipge1-for-hypoxemic-respiratory-failure-nhrf","trial","2019-04-24T00:00:00.000Z","unknown","unreviewed"
"https://clinicaltrialfailures.com/trial/NCT03892161-clinical-evaluation-of-adjusted-doses-of-darunavir-ritonavir-with-rifampicin-in-","trial","2019-04-03T00:00:00.000Z","unknown","unreviewed"
"https://clinicaltrialfailures.com/trial/NCT02764229-open-label-extension-study-to-assess-safety-and-tolerability-of-lyc-30937-ec-in-","trial","2019-03-27T00:00:00.000Z","unknown","unreviewed"
"https://clinicaltrialfailures.com/trial/NCT03590860-a-study-of-ly3322207-in-healthy-participants-and-in-participants-with-hypertensi","trial","2019-02-25T00:00:00.000Z","unknown","unreviewed"
"https://clinicaltrialfailures.com/trial/NCT01195974-a-study-to-evaluate-the-pharmacokinetics-of-an-oral-contraceptive-when-co-admini","trial","2019-02-20T00:00:00.000Z","unknown","unreviewed"
"https://clinicaltrialfailures.com/trial/NCT00958412-study-evaluating-the-safety-and-efficacy-of-proellex-in-the-treatment-of-endomet","trial","2019-02-12T00:00:00.000Z","unknown","unreviewed"
"https://clinicaltrialfailures.com/trial/NCT02612428-randomized-open-label-multicenter-controlled-pivotal-study-to-assess-safety-and-","trial","2019-01-25T00:00:00.000Z","unknown","unreviewed"
"https://clinicaltrialfailures.com/trial/NCT01852110-efficacy-and-safety-of-mk-7622-as-adjunct-therapy-in-participants-with-alzheimer","trial","2018-09-18T00:00:00.000Z","unknown","unreviewed"
"https://clinicaltrialfailures.com/trial/NCT02460354-metformin-and-congenital-nephrogenic-diabetes-insipidus","trial","2018-07-17T00:00:00.000Z","unknown","unreviewed"
"https://clinicaltrialfailures.com/trial/NCT01009346-rad001-in-combination-with-cetuximab-and-cisplatin-in-recurrent-and-metastatic-s","trial","2018-07-17T00:00:00.000Z","unknown","unreviewed"
"https://clinicaltrialfailures.com/trial/NCT01482949-a-rollover-protocol-for-subjects-previously-treated-with-ags-003","trial","2018-06-27T00:00:00.000Z","unknown","unreviewed"
"https://clinicaltrialfailures.com/trial/NCT01215942-an-open-label-study-for-participants-with-rheumatoid-arthritis","trial","2018-06-11T00:00:00.000Z","unknown","unreviewed"
"https://clinicaltrialfailures.com/trial/NCT01200589-single-agent-ofatumumab-vs-single-agent-rituximab-in-indolent-b-cell-non-hodgkin","trial","2018-05-16T00:00:00.000Z","unknown","unreviewed"
"https://clinicaltrialfailures.com/trial/NCT03253185-a-study-of-sc-007-in-subjects-with-advanced-cancer","trial","2018-04-27T00:00:00.000Z","unknown","unreviewed"
"https://clinicaltrialfailures.com/trial/NCT01921985-terlipressin-administration-in-patients-undergoing-major-liver-resection","trial","2018-03-29T00:00:00.000Z","unknown","unreviewed"
"https://clinicaltrialfailures.com/trial/NCT01402817-study-of-sutent-sunitinib-su11248-in-subjects-with-nf-1-plexiform-neurofibromas","trial","2018-03-14T00:00:00.000Z","unknown","unreviewed"
"https://clinicaltrialfailures.com/trial/NCT01668550-a-phase-i-study-of-azd0424-alone-and-in-combination-in-advanced-solid-tumours","trial","2018-02-05T00:00:00.000Z","unknown","unreviewed"
"https://clinicaltrialfailures.com/trial/NCT00471237-a-phase-ii-study-evaluating-sb-751689-in-post-menopausal-women-with-osteoporosis","trial","2017-11-07T00:00:00.000Z","unknown","unreviewed"
"https://clinicaltrialfailures.com/trial/NCT00964288-effect-of-gsk1014802-on-electrical-hyperalgesia-and-threshold-tracking-in-health","trial","2017-10-26T00:00:00.000Z","unknown","unreviewed"
"https://clinicaltrialfailures.com/trial/NCT02496975-traumatic-brain-injury-and-effects-of-acute-cyclosporine-a","trial","2017-10-26T00:00:00.000Z","unknown","unreviewed"
"https://clinicaltrialfailures.com/trial/NCT00994253-evaluating-the-effect-of-aliskiren-versus-hctz-on-coronary-flow-reserve-in-hyper","trial","2017-10-02T00:00:00.000Z","unknown","unreviewed"
"https://clinicaltrialfailures.com/trial/NCT01702350-a-four-part-study-to-investigate-relative-bioavailability-safety-and-tolerabilit","trial","2017-06-28T00:00:00.000Z","unknown","unreviewed"
"https://clinicaltrialfailures.com/trial/NCT02753218-a-phase-i-study-with-leo-32731-and-midazolam-in-healthy-male-subjects","trial","2017-05-03T00:00:00.000Z","unknown","unreviewed"
"https://clinicaltrialfailures.com/trial/NCT02555085-single-ascending-doses-of-biib063-in-healthy-volunteers","trial","2017-04-18T00:00:00.000Z","unknown","unreviewed"
"https://clinicaltrialfailures.com/trial/NCT01712074-study-evaluating-thesafety-and-efficacy-of-pf-05212377-or-placebo-in-subjects-wi","trial","2017-03-20T00:00:00.000Z","unknown","unreviewed"
"https://clinicaltrialfailures.com/trial/NCT01261767-first-human-dose-study-of-anti-il-20-in-psoriasis-a-study-of-safety-tolerability","trial","2017-02-09T00:00:00.000Z","unknown","unreviewed"
"https://clinicaltrialfailures.com/trial/NCT01480388-a-dose-range-finding-study-of-jnj-39758979-in-patients-with-active-rheumatoid-ar","trial","2016-12-01T00:00:00.000Z","unknown","unreviewed"
"https://clinicaltrialfailures.com/trial/NCT01450696-a-study-of-herceptin-trastuzumab-in-combination-with-cisplatin-capecitabine-chem","trial","2016-11-28T00:00:00.000Z","unknown","unreviewed"
"https://clinicaltrialfailures.com/trial/NCT01538251-efficacy-safety-and-tolerability-of-propionyl-l-carnitine-hydrochloride-in-patie","trial","2016-11-07T00:00:00.000Z","unknown","unreviewed"
"https://clinicaltrialfailures.com/trial/NCT00023244-steroid-withdrawal-in-pediatric-kidney-transplant-recipients","trial","2016-10-21T00:00:00.000Z","unknown","unreviewed"
"https://clinicaltrialfailures.com/trial/NCT00676559-combined-approach-to-treatment-using-ranibizumab-and-efalizumab-for-diabetic-mac","trial","2016-08-26T00:00:00.000Z","unknown","unreviewed"
"https://clinicaltrialfailures.com/trial/NCT01888965-maintenance-dovitinib-for-colorectal-and-pancreas-cancer","trial","2016-07-19T00:00:00.000Z","unknown","unreviewed"
"https://clinicaltrialfailures.com/trial/NCT01515969-phase-1-erlotinib-and-dovitinib-tki258-in-advanced-non-small-cell-lung-cancer-ns","trial","2016-07-12T00:00:00.000Z","unknown","unreviewed"
"https://clinicaltrialfailures.com/trial/NCT00366795-satavaptan-for-the-prevention-of-ascites-recurrence-in-patients-with-ascites-due","trial","2016-05-18T00:00:00.000Z","unknown","unreviewed"
"https://clinicaltrialfailures.com/trial/NCT00729027-evaluation-of-safety-and-efficacy-of-ave5530-as-add-on-to-ongoing-statins-in-pat","trial","2016-05-16T00:00:00.000Z","unknown","unreviewed"
"https://clinicaltrialfailures.com/trial/NCT00859339-neoadjuvant-cisplatin-gemcitabine-sunitinib-malate-radical-cystectomy-for-tcc","trial","2016-04-14T00:00:00.000Z","unknown","unreviewed"
"https://clinicaltrialfailures.com/trial/NCT00585156-the-effects-of-celecoxib-on-bone-ingrowth","trial","2016-03-14T00:00:00.000Z","unknown","unreviewed"
"https://clinicaltrialfailures.com/trial/NCT00526799-sorafenib-topotecan-for-platinum-resistant-recurrent-ovarian-cancer","trial","2016-03-03T00:00:00.000Z","unknown","unreviewed"
"https://clinicaltrialfailures.com/trial/NCT02243787-safety-and-tolerability-study-of-cova322-in-patients-with-stable-chronic-moderat","trial","2016-03-01T00:00:00.000Z","unknown","unreviewed"
"https://clinicaltrialfailures.com/trial/NCT01225159-tight-glycaemic-control-during-cardiac-surgery","trial","2015-12-18T00:00:00.000Z","unknown","unreviewed"
"https://clinicaltrialfailures.com/trial/NCT01539018-sorafenib-plus-tegafur-uracil-uft-versus-sorafenib-as-first-line-systemic-treatm","trial","2015-08-05T00:00:00.000Z","unknown","unreviewed"
"https://clinicaltrialfailures.com/trial/NCT01413581-comparison-of-rhbssl-with-placebo-when-added-to-infant-formula-or-pasteurized-br","trial","2015-07-30T00:00:00.000Z","unknown","unreviewed"
"https://clinicaltrialfailures.com/trial/NCT02083276-mecillinam-for-treatment-of-genital-chlamydia-infection","trial","2015-06-19T00:00:00.000Z","unknown","unreviewed"
"https://clinicaltrialfailures.com/trial/NCT00690118-study-of-pioglitazone-in-patients-with-amyotrophic-lateral-sclerosis","trial","2015-05-29T00:00:00.000Z","unknown","unreviewed"
"https://clinicaltrialfailures.com/trial/NCT01262274-randomized-phase-ii-trial-of-anastrozole-plus-metronomic-tegafur-uracil-as-neo-a","trial","2015-05-21T00:00:00.000Z","unknown","unreviewed"
"https://clinicaltrialfailures.com/trial/NCT01615822-safety-tolerability-and-pharmacokinetics-pk-of-co-administered-single-doses-of-o","trial","2015-04-16T00:00:00.000Z","unknown","unreviewed"
"https://clinicaltrialfailures.com/trial/NCT00740545-prevention-of-unexplained-recurrent-abortion-by-enoxaparine","trial","2015-03-05T00:00:00.000Z","unknown","unreviewed"
"https://clinicaltrialfailures.com/trial/NCT01592773-safety-study-of-memantine-in-pediatric-patients-with-autism-asperger-s-disorder-","trial","2015-02-16T00:00:00.000Z","unknown","unreviewed"
"https://clinicaltrialfailures.com/trial/NCT06079190-efficacy-and-safety-of-gsk4527226-al101-in-participants-with-early-alzheimer-s-d","trial","2026-09-17T00:00:00.000Z","unknown","unreviewed"
"https://clinicaltrialfailures.com/trial/NCT06441682-a-safety-and-efficacy-study-of-argx-119-in-adult-patients-with-amyotrophic-later","trial","2026-09-15T00:00:00.000Z","unknown","unreviewed"
"https://clinicaltrialfailures.com/trial/NCT05018585-a-phase-iii-study-to-investigate-if-the-study-drug-diamyd-can-preserve-insulin-p","trial","2026-08-26T00:00:00.000Z","unknown","unreviewed"
"https://clinicaltrialfailures.com/trial/NCT04204252-phase-iii-efficacy-and-safety-of-kamada-aat-for-inhalation","trial","2026-08-12T00:00:00.000Z","unknown","unreviewed"
"https://clinicaltrialfailures.com/trial/NCT06961370-a-study-to-investigate-safety-tolerability-pharmacokinetics-pk-pharmacodynamics-","trial","2026-08-10T00:00:00.000Z","unknown","unreviewed"
"https://clinicaltrialfailures.com/trial/NCT06217939-early-intravenous-hydrocortisone-in-sepsis","trial","2026-07-28T00:00:00.000Z","unknown","unreviewed"
"https://clinicaltrialfailures.com/trial/NCT04173273-a-study-evaluating-the-efficacy-and-safety-of-oral-etrasimod-in-the-treatment-of","trial","2026-07-01T00:00:00.000Z","unknown","unreviewed"
"https://clinicaltrialfailures.com/trial/NCT05419479-switch-maintenance-in-pancreatic","trial","2026-06-04T00:00:00.000Z","unknown","unreviewed"
"https://clinicaltrialfailures.com/trial/NCT05983965-study-of-tazemetostat-in-lymphoid-malignancies","trial","2026-04-17T00:00:00.000Z","unknown","unreviewed"
"https://clinicaltrialfailures.com/trial/NCT06602453-a-study-to-evaluate-the-efficacy-and-safety-of-gdc-8264-in-preventing-cardiac-su","trial","2026-03-16T00:00:00.000Z","unknown","unreviewed"
"https://clinicaltrialfailures.com/trial/NCT05534165-tecovirimat-in-non-hospitalized-patients-with-monkeypox","trial","2026-03-04T00:00:00.000Z","unknown","unreviewed"
"https://clinicaltrialfailures.com/trial/NCT04217304-sonothrombolysis-in-patients-with-an-st-segment-elevation-myocardial-infarction-","trial","2026-03-04T00:00:00.000Z","unknown","unreviewed"
"https://clinicaltrialfailures.com/trial/NCT02744287-safety-and-activity-study-of-psca-targeted-car-t-cells-bpx-601-in-subjects-with-","trial","2026-02-23T00:00:00.000Z","unknown","unreviewed"
"https://clinicaltrialfailures.com/trial/NCT05592275-a-study-of-ly3540378-in-participants-with-worsening-chronic-heart-failure-with-p","trial","2026-02-05T00:00:00.000Z","unknown","unreviewed"
"https://clinicaltrialfailures.com/trial/NCT06771921-a-first-in-human-trial-of-safety-and-efficacy-of-gen1078-in-participants-with-so","trial","2026-01-30T00:00:00.000Z","unknown","unreviewed"
"https://clinicaltrialfailures.com/trial/NCT05223647-chemo-immunotherapy-plus-thoracic-radiotherapy-in-extensive-stage-small-cell-lun","trial","2026-01-28T00:00:00.000Z","unknown","unreviewed"
"https://clinicaltrialfailures.com/trial/NCT07029971-a-first-in-human-study-of-bb-tl1a-vial-hle-in-healthy-adults-and-people-with-ulc","trial","2026-01-22T00:00:00.000Z","unknown","unreviewed"
"https://clinicaltrialfailures.com/trial/NCT03902938-use-of-biodesign-otologic-graft-in-canal-wall-down-mastoidectomy-a-prospective-r","trial","2025-12-19T00:00:00.000Z","unknown","unreviewed"
"https://clinicaltrialfailures.com/trial/NCT05028569-study-of-botox-injections-in-prevention-of-migraine-in-adult-participants-with-e","trial","2025-12-09T00:00:00.000Z","unknown","unreviewed"
"https://clinicaltrialfailures.com/trial/NCT05516758-a-study-of-peresolimab-ly3462817-in-participants-with-moderately-to-severely-act","trial","2025-12-04T00:00:00.000Z","unknown","unreviewed"
"https://clinicaltrialfailures.com/trial/NCT07116499-a-study-of-k-645-in-the-treatment-of-multiple-migraine-attacks","trial","2025-11-25T00:00:00.000Z","unknown","unreviewed"
"https://clinicaltrialfailures.com/trial/NCT00688597-study-to-evaluate-the-safety-of-at2220-duvoglustat-in-pompe-disease","trial","2025-09-11T00:00:00.000Z","unknown","unreviewed"
"https://clinicaltrialfailures.com/trial/NCT04537299-covid-fis-pilot-in-covid-19-sars-cov-2-of-fisetin-in-older-adults-in-nursing-hom","trial","2025-08-26T00:00:00.000Z","unknown","unreviewed"
"https://clinicaltrialfailures.com/trial/NCT02813655-evaluation-of-the-effectiveness-and-tolerance-of-tetracosactide-synacthen-in-the","trial","2025-08-08T00:00:00.000Z","unknown","unreviewed"
"https://clinicaltrialfailures.com/trial/NCT05630937-study-on-safety-and-efficacy-of-nms-01940153e-in-adult-patients-with-unresectabl","trial","2025-06-19T00:00:00.000Z","unknown","unreviewed"
"https://clinicaltrialfailures.com/trial/NCT04171219-talabostat-and-pembrolizumab-for-the-treatment-of-advanced-solid-cancers","trial","2025-05-16T00:00:00.000Z","unknown","unreviewed"
"https://clinicaltrialfailures.com/trial/NCT05111249-a-dose-range-finding-study-with-open-label-extension-to-evaluate-the-safety-of-o","trial","2025-05-16T00:00:00.000Z","unknown","unreviewed"
"https://clinicaltrialfailures.com/trial/NCT05992922-a-study-to-assess-the-safety-and-efficacy-of-ic265-ophthalmic-solution-for-dry-e","trial","2025-04-25T00:00:00.000Z","unknown","unreviewed"
"https://clinicaltrialfailures.com/trial/NCT06515418-efficacy-and-safety-of-oral-azelaprag-plus-once-weekly-tirzepatide-compared-with","trial","2025-03-13T00:00:00.000Z","unknown","unreviewed"
"https://clinicaltrialfailures.com/trial/NCT02722512-trial-of-heat-shock-protein-peptide-complex-96-hsppc-96-vaccine","trial","2025-02-18T00:00:00.000Z","unknown","unreviewed"
"https://clinicaltrialfailures.com/trial/NCT04102111-a-study-evaluating-participants-with-moderately-to-severely-active-crohn-s-disea","trial","2025-02-04T00:00:00.000Z","unknown","unreviewed"
"https://clinicaltrialfailures.com/trial/NCT04060888-a-study-of-ustekinumab-in-chinese-participants-with-active-systemic-lupus-erythe","trial","2025-02-03T00:00:00.000Z","unknown","unreviewed"
"https://clinicaltrialfailures.com/trial/NCT03411421-a-study-to-assess-the-safety-tolerability-and-pharmacokinetics-of-repeated-dosin","trial","2025-02-03T00:00:00.000Z","unknown","unreviewed"
"https://clinicaltrialfailures.com/trial/NCT03799003-a-study-of-asp1951-in-subjects-with-advanced-solid-tumors","trial","2024-11-01T00:00:00.000Z","unknown","unreviewed"
"https://clinicaltrialfailures.com/trial/NCT04627675-corvax12-sars-cov-2-spike-s-protein-plasmid-dna-vaccine-trial-for-covid-19-sars-","trial","2024-10-26T00:00:00.000Z","unknown","unreviewed"
"https://clinicaltrialfailures.com/trial/NCT03447769-brief-title-study-of-efficacy-and-safety-of-canakinumab-as-adjuvant-therapy-in-a","trial","2024-10-09T00:00:00.000Z","unknown","unreviewed"
"https://clinicaltrialfailures.com/trial/NCT03498716-a-study-comparing-atezolizumab-anti-pd-l1-antibody-in-combination-with-adjuvant-","trial","2024-08-21T00:00:00.000Z","unknown","unreviewed"
"https://clinicaltrialfailures.com/trial/NCT05456854-evaluation-of-kisspeptin-stimulated-insulin-secretion-with-hyperglycemic-clamp","trial","2024-08-14T00:00:00.000Z","unknown","unreviewed"
"https://clinicaltrialfailures.com/trial/NCT05442775-a-phase-3-open-label-extension-of-courage-als-cy-5031","trial","2024-08-13T00:00:00.000Z","unknown","unreviewed"
"https://clinicaltrialfailures.com/trial/NCT04625114-the-potential-of-camostat-in-covid-19","trial","2024-08-09T00:00:00.000Z","unknown","unreviewed"
"https://clinicaltrialfailures.com/trial/NCT00848601-safety-of-sgi-1776-a-pim-kinase-inhibitor-in-refractory-prostate-cancer-and-rela","trial","2024-08-02T00:00:00.000Z","unknown","unreviewed"
"https://clinicaltrialfailures.com/trial/NCT03616470-study-to-determine-the-efficacy-of-uproleselan-gmi-1271-in-combination-with-chem","trial","2024-07-29T00:00:00.000Z","unknown","unreviewed"
"https://clinicaltrialfailures.com/trial/NCT04907227-study-of-pembrolizumab-mk-3475-plus-docetaxel-versus-placebo-plus-docetaxel-in-c","trial","2024-07-12T00:00:00.000Z","unknown","unreviewed"
"https://clinicaltrialfailures.com/trial/NCT04981717-a-study-to-examine-the-efficacy-and-safety-of-anti-fel-d-1-antibodies-injections","trial","2024-06-11T00:00:00.000Z","unknown","unreviewed"
"https://clinicaltrialfailures.com/trial/NCT05305040-study-of-posoleucel-alvr105-viralym-m-for-multi-virus-prevention-in-patients-pos","trial","2024-05-16T00:00:00.000Z","unknown","unreviewed"
"https://clinicaltrialfailures.com/trial/NCT00779480-safety-tolerability-and-pharmacokinetic-pharmacodynamic-study-of-kw-2449-in-acut","trial","2024-04-25T00:00:00.000Z","unknown","unreviewed"
"https://clinicaltrialfailures.com/trial/NCT00648414-study-of-the-effect-of-clinical-procedures-on-drug-delivery-of-mylan-fentanyl-tr","trial","2024-04-23T00:00:00.000Z","unknown","unreviewed"
"https://clinicaltrialfailures.com/trial/NCT06029530-delaying-the-onset-of-nearsightedness-until-treatment-study","trial","2024-04-16T00:00:00.000Z","unknown","unreviewed"
"https://clinicaltrialfailures.com/trial/NCT00310232-epoetin-alfa-in-advanced-non-small-cell-lung-cancer-epo-can-20","trial","2024-04-02T00:00:00.000Z","unknown","unreviewed"
"https://clinicaltrialfailures.com/trial/NCT04592341-a-study-to-evaluate-the-pharmacodynamic-pd-effects-of-once-weekly-administration","trial","2024-03-27T00:00:00.000Z","unknown","unreviewed"
"https://clinicaltrialfailures.com/trial/NCT04746963-safety-and-bioactivity-of-axt107-in-subjects-with-neovascular-age-related-macula","trial","2024-03-22T00:00:00.000Z","unknown","unreviewed"
"https://clinicaltrialfailures.com/trial/NCT04371666-phase-3-trial-of-pamrevlumab-or-placebo-with-systemic-corticosteroids-in-partici","trial","2024-03-12T00:00:00.000Z","unknown","unreviewed"
"https://clinicaltrialfailures.com/trial/NCT04339413-a-study-to-evaluate-the-safety-and-tolerability-of-long-term-administration-of-g","trial","2024-01-18T00:00:00.000Z","unknown","unreviewed"
"https://clinicaltrialfailures.com/trial/NCT04329949-study-of-relacorilant-in-combination-with-nab-paclitaxel-in-patients-with-metast","trial","2023-11-18T00:00:00.000Z","unknown","unreviewed"
"https://clinicaltrialfailures.com/trial/NCT04160468-direct-lysis-of-staph-aureus-resistant-pathogen-trial-of-exebacase","trial","2023-11-02T00:00:00.000Z","unknown","unreviewed"
"https://clinicaltrialfailures.com/trial/NCT01160926-dual-rectcal-angiogenesis-or-mek-inhibition-radiotherapy-trial","trial","2023-04-24T00:00:00.000Z","unknown","unreviewed"
"https://clinicaltrialfailures.com/trial/NCT04650451-safety-and-activity-study-of-her2-targeted-dual-switch-car-t-cells-bpx-603-in-su","trial","2023-04-20T00:00:00.000Z","unknown","unreviewed"
"https://clinicaltrialfailures.com/trial/NCT04489940-bintrafusp-alfa-in-high-mobility-group-at-hook-2-hmga2-expressing-triple-negativ","trial","2023-04-10T00:00:00.000Z","unknown","unreviewed"
"https://clinicaltrialfailures.com/trial/NCT03119064-bruog-329-onivyde-and-metronomic-temozolomide-in-recurrent-glioblastoma","trial","2022-12-13T00:00:00.000Z","unknown","unreviewed"
"https://clinicaltrialfailures.com/trial/NCT01902290-study-of-efficacy-and-safety-of-brodalumab-compared-with-placebo-in-adults-with-","trial","2022-09-21T00:00:00.000Z","unknown","unreviewed"
"https://clinicaltrialfailures.com/trial/NCT01328093-a-comparison-study-of-ly2140023-and-aripiprazole-in-schizophrenia-patients","trial","2022-09-07T00:00:00.000Z","unknown","unreviewed"
"https://clinicaltrialfailures.com/trial/NCT01507545-morphotek-investigation-in-colorectal-cancer-research-of-morab-004-micro","trial","2022-05-06T00:00:00.000Z","unknown","unreviewed"
"https://clinicaltrialfailures.com/trial/NCT03809234-pgp-transporter-and-cns-biodistribution-of-ondansetron-in-healthy-volunteers","trial","2022-04-07T00:00:00.000Z","unknown","unreviewed"
"https://clinicaltrialfailures.com/trial/NCT02419664-ga-68-dotatoc-pet-in-the-management-of-pituitary-tumours","trial","2022-03-31T00:00:00.000Z","unknown","unreviewed"
"https://clinicaltrialfailures.com/trial/NCT04159701-a-study-of-ly3454738-in-adults-with-chronic-spontaneous-urticaria","trial","2022-03-11T00:00:00.000Z","unknown","unreviewed"
"https://clinicaltrialfailures.com/trial/NCT04209621-duvelisib-for-ibrutinib-resistant-chronic-lymphocytic-leukemia-small-lymphocytic","trial","2022-03-09T00:00:00.000Z","unknown","unreviewed"
"https://clinicaltrialfailures.com/trial/NCT03592407-epacadostat-and-pembrolizumab-before-surgery-in-treating-participants-with-stage","trial","2022-03-08T00:00:00.000Z","unknown","unreviewed"
"https://clinicaltrialfailures.com/trial/NCT03549650-prevention-and-management-of-intravesical-bcg-related-lower-urinary-tract-sympto","trial","2022-03-04T00:00:00.000Z","unknown","unreviewed"
"https://clinicaltrialfailures.com/trial/NCT00457951-a-study-designed-to-evaluate-odsh-in-subjects-with-exacerbations-of-copd","trial","2021-12-02T00:00:00.000Z","unknown","unreviewed"
"https://clinicaltrialfailures.com/trial/NCT02212574-study-assessing-the-feasibility-of-a-surgery-and-chemotherapy-only-in-children-w","trial","2021-11-05T00:00:00.000Z","unknown","unreviewed"
"https://clinicaltrialfailures.com/trial/NCT03467217-losartan-for-the-treatment-of-pediatric-nafld","trial","2021-10-21T00:00:00.000Z","unknown","unreviewed"
"https://clinicaltrialfailures.com/trial/NCT01773785-phase-ii-study-of-spi-1620-in-combination-with-docetaxel-as-a-second-line-to-tre","trial","2021-10-13T00:00:00.000Z","unknown","unreviewed"
"https://clinicaltrialfailures.com/trial/NCT03687125-tinostamustine-conditioning-and-autologous-stem-cell","trial","2021-06-18T00:00:00.000Z","unknown","unreviewed"
"https://clinicaltrialfailures.com/trial/NCT02916056-2-year-extension-study-of-azeliragon-in-subjects-with-alzheimer-s-disease-steadf","trial","2021-06-01T00:00:00.000Z","unknown","unreviewed"
"https://clinicaltrialfailures.com/trial/NCT03716570-a-study-to-evaluate-safety-tolerability-pharmacokinetics-and-pharmacodynamics-of","trial","2021-05-25T00:00:00.000Z","unknown","unreviewed"
"https://clinicaltrialfailures.com/trial/NCT02759120-cleanup-ipf-for-the-pulmonary-trials-cooperative","trial","2021-04-08T00:00:00.000Z","unknown","unreviewed"
"https://clinicaltrialfailures.com/trial/NCT03339999-agn-242428-in-the-treatment-of-plaque-psoriasis","trial","2021-04-06T00:00:00.000Z","unknown","unreviewed"
"https://clinicaltrialfailures.com/trial/NCT00675025-evaluating-the-safety-of-donepezil-hydrochloride-aricept-for-up-to-1-year-in-the","trial","2021-03-29T00:00:00.000Z","unknown","unreviewed"
"https://clinicaltrialfailures.com/trial/NCT00040144-safety-and-antiviral-study-of-ach126-433-b-l-fd4c-in-adults-with-lamivudine-resi","trial","2021-02-18T00:00:00.000Z","unknown","unreviewed"
"https://clinicaltrialfailures.com/trial/NCT03125200-study-of-adct-502-in-patients-with-advanced-solid-tumors-withhuman-epidermal-gro","trial","2021-02-01T00:00:00.000Z","unknown","unreviewed"
"https://clinicaltrialfailures.com/trial/NCT02587351-beta-blockers-for-the-prevention-of-acute-exacerbations-of-chronic-obstructive-p","trial","2021-01-25T00:00:00.000Z","unknown","unreviewed"
"https://clinicaltrialfailures.com/trial/NCT02007252-acz885-for-the-treatment-of-abdominal-aortic-aneurysm","trial","2021-01-05T00:00:00.000Z","unknown","unreviewed"
"https://clinicaltrialfailures.com/trial/NCT02029274-safety-and-efficacy-of-baf312-in-dermatomyositis","trial","2021-01-05T00:00:00.000Z","unknown","unreviewed"
"https://clinicaltrialfailures.com/trial/NCT03597022-multiple-escalating-dose-study-of-bay1093884-in-adults-with-hemophilia-a-or-b-wi","trial","2020-11-30T00:00:00.000Z","unknown","unreviewed"
"https://clinicaltrialfailures.com/trial/NCT02495454-ga101-minichop-regimen-for-the-treatment-of-elderly-unfit-patients-with-diffuse-","trial","2020-11-05T00:00:00.000Z","unknown","unreviewed"
"https://clinicaltrialfailures.com/trial/NCT02515669-study-of-an-investigational-drug-ro7239361-bms-986089-in-ambulatory-boys-with-dm","trial","2020-11-04T00:00:00.000Z","unknown","unreviewed"
"https://clinicaltrialfailures.com/trial/NCT00485589-a-study-of-ocrelizumab-in-combination-with-methotrexate-in-patients-with-rheumat","trial","2020-11-03T00:00:00.000Z","unknown","unreviewed"
"https://clinicaltrialfailures.com/trial/NCT04220632-a-study-of-ibi377-in-combination-with-corticosteroids-for-the-treatment-of-first","trial","2020-10-29T00:00:00.000Z","unknown","unreviewed"
"https://clinicaltrialfailures.com/trial/NCT00915928-chronic-subdural-hematoma-reduction-of-recurrence-by-treatment-with-angiotensin-","trial","2020-08-19T00:00:00.000Z","unknown","unreviewed"
"https://clinicaltrialfailures.com/trial/NCT04220892-pilot-study-of-pembrolizumab-combined-with-pemetrexed-or-abemaciclib-for-high-gr","trial","2020-07-31T00:00:00.000Z","unknown","unreviewed"
"https://clinicaltrialfailures.com/trial/NCT03998423-oral-fecal-microbiota-transplant-feasibility-study-in-alzheimer-s-disease","trial","2020-07-24T00:00:00.000Z","unknown","unreviewed"
"https://clinicaltrialfailures.com/trial/NCT02899156-flumazenil-for-hypoactive-delirium-secondary-to-benzodiazepine-exposure","trial","2020-07-23T00:00:00.000Z","unknown","unreviewed"
"https://clinicaltrialfailures.com/trial/NCT02718417-avelumab-in-previously-untreated-patients-with-epithelial-ovarian-cancer-javelin","trial","2020-07-14T00:00:00.000Z","unknown","unreviewed"
"https://clinicaltrialfailures.com/trial/NCT04371926-prophylactic-benefit-of-hydroxychloroquine-in-covid-19-cases-with-mild-to-modera","trial","2020-06-04T00:00:00.000Z","unknown","unreviewed"
"https://clinicaltrialfailures.com/trial/NCT01110226-trial-of-cisplatin-and-kml-001-in-platinum-responsive-malignancies","trial","2020-03-17T00:00:00.000Z","unknown","unreviewed"
"https://clinicaltrialfailures.com/trial/NCT01805791-a-phase-iii-trial-of-hmpl-004-in-patients-with-mild-to-moderate-active-ulcerativ","trial","2020-01-02T00:00:00.000Z","unknown","unreviewed"
"https://clinicaltrialfailures.com/trial/NCT01127633-continued-safety-monitoring-of-solanezumab-ly2062430-in-alzheimer-s-disease","trial","2019-10-08T00:00:00.000Z","unknown","unreviewed"
"https://clinicaltrialfailures.com/trial/NCT01794000-a-study-of-prasugrel-in-pediatric-participants-with-sickle-cell-disease-scd","trial","2019-09-25T00:00:00.000Z","unknown","unreviewed"
"https://clinicaltrialfailures.com/trial/NCT00837590-vascular-function-endothelin-and-inflammation-in-pre-diabetic-obesity-versus-lea","trial","2019-08-01T00:00:00.000Z","unknown","unreviewed"
"https://clinicaltrialfailures.com/trial/NCT02940626-prevention-of-s-aureus-pneumonia-study-in-mechanically-ventilated-subjects-who-a","trial","2019-07-31T00:00:00.000Z","unknown","unreviewed"
"https://clinicaltrialfailures.com/trial/NCT02533336-the-effectiveness-of-non-pyrethroid-insecticide-treated-durable-wall-liners-as-a","trial","2019-02-05T00:00:00.000Z","unknown","unreviewed"
"https://clinicaltrialfailures.com/trial/NCT00418782-a-study-of-the-effect-of-ce-224535-on-knee-oa-osteoarthritis-pain","trial","2018-12-05T00:00:00.000Z","unknown","unreviewed"
"https://clinicaltrialfailures.com/trial/NCT02626520-phase-2-evaluation-of-multi-modality-algorithm-for-non-metastatic-adenocarcinoma","trial","2018-11-13T00:00:00.000Z","unknown","unreviewed"
"https://clinicaltrialfailures.com/trial/NCT03180762-a-study-to-investigate-safety-and-tolerability-pharmacokinetics-and-pharmacodyna","trial","2018-10-30T00:00:00.000Z","unknown","unreviewed"
"https://clinicaltrialfailures.com/trial/NCT02992860-single-agent-jnj-56022473-in-mds-and-aml-patients-failing-hypomethylating-agent-","trial","2018-10-25T00:00:00.000Z","unknown","unreviewed"
"https://clinicaltrialfailures.com/trial/NCT00804830-avastin-and-doxorubicin-postoperatively-for-patients-with-anaplastic-thyroid-can","trial","2018-08-28T00:00:00.000Z","unknown","unreviewed"
"https://clinicaltrialfailures.com/trial/NCT01965782-a-study-of-14c-ly3023703-in-healthy-participants","trial","2018-08-28T00:00:00.000Z","unknown","unreviewed"
"https://clinicaltrialfailures.com/trial/NCT01182675-hematopoietic-stem-cell-transplantation-hsct-for-children-with-scid-utilizing-al","trial","2018-07-31T00:00:00.000Z","unknown","unreviewed"
"https://clinicaltrialfailures.com/trial/NCT00698581-a-double-blind-randomized-conversion-to-monotherapy-study-to-evaluate-the-effica","trial","2018-07-11T00:00:00.000Z","unknown","unreviewed"
"https://clinicaltrialfailures.com/trial/NCT03506399-a-study-of-lanabecestat-in-healthy-female-participants-taking-oral-contraceptive","trial","2018-06-28T00:00:00.000Z","unknown","unreviewed"
"https://clinicaltrialfailures.com/trial/NCT03540953-endoscopic-injection-of-mitomycin-c-for-the-treatment-of-pharyngoesophageal-sten","trial","2018-05-30T00:00:00.000Z","unknown","unreviewed"
"https://clinicaltrialfailures.com/trial/NCT01195480-cd19-car-immunotherapy-for-childhood-acute-lymphoblastic-leukemia-all","trial","2018-05-17T00:00:00.000Z","unknown","unreviewed"
"https://clinicaltrialfailures.com/trial/NCT02365662-a-study-evaluating-safety-and-pharmacokinetics-of-abbv-221-in-subjects-with-adva","trial","2018-03-30T00:00:00.000Z","unknown","unreviewed"
"https://clinicaltrialfailures.com/trial/NCT01659099-ga-in-newly-diagnosed-diffuse-large-b-cell-lymphoma","trial","2018-03-07T00:00:00.000Z","unknown","unreviewed"
"https://clinicaltrialfailures.com/trial/NCT00268242-gemcitabine-and-mitoxantrone-in-treating-patients-with-relapsed-acute-myeloid-le","trial","2018-02-22T00:00:00.000Z","unknown","unreviewed"
"https://clinicaltrialfailures.com/trial/NCT00632541-a-phase-ii-study-of-bevacizumab-sorafenib-in-metastatic-breast-cancer","trial","2018-02-14T00:00:00.000Z","unknown","unreviewed"
"https://clinicaltrialfailures.com/trial/NCT02157272-rivaroxaban-in-thrombotic-antiphospholipid-syndrome","trial","2018-01-30T00:00:00.000Z","unknown","unreviewed"
"https://clinicaltrialfailures.com/trial/NCT00818649-bortezomib-and-vorinostat-in-treating-patients-with-high-risk-myelodysplastic-sy","trial","2017-12-28T00:00:00.000Z","unknown","unreviewed"
"https://clinicaltrialfailures.com/trial/NCT01659346-non-selective-beta-blockers-versus-evl-for-primary-prophylaxis-of-esophageal-var","trial","2017-11-17T00:00:00.000Z","unknown","unreviewed"
"https://clinicaltrialfailures.com/trial/NCT03145948-a-study-to-evaluate-the-pharmacokinetics-safety-and-tolerability-of-abbv-553-in-","trial","2017-11-06T00:00:00.000Z","unknown","unreviewed"
"https://clinicaltrialfailures.com/trial/NCT01895127-efficacy-and-safety-of-eculizumab-for-treatment-of-antibody-mediated-rejection-f","trial","2017-09-21T00:00:00.000Z","unknown","unreviewed"
"https://clinicaltrialfailures.com/trial/NCT00721110-lidocaine-and-ketamine-in-abdominal-surgery","trial","2017-07-26T00:00:00.000Z","unknown","unreviewed"
"https://clinicaltrialfailures.com/trial/NCT02484703-a-study-of-ro5186582-in-down-syndrome-among-children-6-to-11-years-of-age","trial","2017-07-06T00:00:00.000Z","unknown","unreviewed"
"https://clinicaltrialfailures.com/trial/NCT02925533-ph-1b-b-701-in-combination-with-pembrolizumab-in-metastatic-transitional-cell-ca","trial","2017-06-27T00:00:00.000Z","unknown","unreviewed"
"https://clinicaltrialfailures.com/trial/NCT01978327-gsk2647544-rd-ddi-in-healthy-young-and-elderly-volunteers","trial","2017-06-08T00:00:00.000Z","unknown","unreviewed"
"https://clinicaltrialfailures.com/trial/NCT01681368-birinapant-for-advanced-ovarian-fallopian-tube-and-peritoneal-cancer","trial","2017-05-30T00:00:00.000Z","unknown","unreviewed"
"https://clinicaltrialfailures.com/trial/NCT01445847-the-effect-of-intravenous-lidocaine-on-post-extubation-laryngospasm","trial","2017-05-22T00:00:00.000Z","unknown","unreviewed"
"https://clinicaltrialfailures.com/trial/NCT00315614-islet-cell-transplantation-alone-and-cd34-donor-bone-marrow-cell-infusion-in-typ","trial","2017-04-04T00:00:00.000Z","unknown","unreviewed"
"https://clinicaltrialfailures.com/trial/NCT01692626-1-topical-pimecrolimus-cream-for-the-treatment-of-the-rash-associated-with-erbit","trial","2017-03-15T00:00:00.000Z","unknown","unreviewed"
"https://clinicaltrialfailures.com/trial/NCT02089425-an-efficacy-and-safety-study-for-the-treatment-of-mild-to-moderate-acute-pain-as","trial","2017-03-03T00:00:00.000Z","unknown","unreviewed"
"https://clinicaltrialfailures.com/trial/NCT00947167-a-phase-ii-study-of-pertuzumab-and-erlotinib-for-metastatic-or-unresectable-neur","trial","2017-03-03T00:00:00.000Z","unknown","unreviewed"
"https://clinicaltrialfailures.com/trial/NCT02254551-safety-efficacy-study-of-lde225-sonidegib-plus-bortezomib-in-patients-with-relap","trial","2017-02-16T00:00:00.000Z","unknown","unreviewed"
"https://clinicaltrialfailures.com/trial/NCT01499355-biib023-proof-of-concept-study-in-participants-with-lupus-nephritis","trial","2017-01-18T00:00:00.000Z","unknown","unreviewed"
"https://clinicaltrialfailures.com/trial/NCT00046813-nicotine-patch-for-nicotine-dependence-in-individuals-with-schizophrenia-or-schi","trial","2017-01-12T00:00:00.000Z","unknown","unreviewed"
"https://clinicaltrialfailures.com/trial/NCT02125266-safety-and-preliminary-efficacy-study-of-v404-pds-in-uveitis","trial","2016-12-09T00:00:00.000Z","unknown","unreviewed"
"https://clinicaltrialfailures.com/trial/NCT01567956-propionyl-l-carnitine-hydrochloride-in-patients-with-mild-ulcerative-colitis-eff","trial","2016-11-07T00:00:00.000Z","unknown","unreviewed"
"https://clinicaltrialfailures.com/trial/NCT01468636-a-rtc-to-examine-the-effectiveness-of-400-mg-of-oral-zinc-gluconate-as-adjunctiv","trial","2016-11-02T00:00:00.000Z","unknown","unreviewed"
"https://clinicaltrialfailures.com/trial/NCT00312286-efficacy-of-851b-gel-for-treating-high-risk-cervical-human-papillomavirus-infect","trial","2016-09-23T00:00:00.000Z","unknown","unreviewed"
"https://clinicaltrialfailures.com/trial/NCT02894554-renal-function-improvement-in-hbsag-positive-kidney-transplantation-patients-und","trial","2016-09-09T00:00:00.000Z","unknown","unreviewed"
"https://clinicaltrialfailures.com/trial/NCT02414555-perioperative-fluid-management-in-patients-receiving-major-abdominal-surgery-eff","trial","2016-05-02T00:00:00.000Z","unknown","unreviewed"
"https://clinicaltrialfailures.com/trial/NCT00872404-a-study-of-cp-751-871-in-patients-with-recurrent-squamous-head-and-neck-carcinom","trial","2016-04-20T00:00:00.000Z","unknown","unreviewed"
"https://clinicaltrialfailures.com/trial/NCT00468442-b-lymphocyte-immunotherapy-in-islet-transplantation","trial","2016-03-21T00:00:00.000Z","unknown","unreviewed"
"https://clinicaltrialfailures.com/trial/NCT02362321-role-of-dexamethasone-in-the-conservative-treatment-of-chronic-subdural-hematoma","trial","2016-02-29T00:00:00.000Z","unknown","unreviewed"
"https://clinicaltrialfailures.com/trial/NCT01093846-38-week-extension-study-to-cain457c2303","trial","2016-02-22T00:00:00.000Z","unknown","unreviewed"
"https://clinicaltrialfailures.com/trial/NCT00040157-safety-and-antiviral-study-of-ach-126-443-beta-l-fd4c-in-the-treatment-of-adults","trial","2015-12-30T00:00:00.000Z","unknown","unreviewed"
"https://clinicaltrialfailures.com/trial/NCT02629848-study-of-motesanib-amg-706-in-combination-with-paclitaxel-and-carboplatin-for-ad","trial","2015-12-14T00:00:00.000Z","unknown","unreviewed"
"https://clinicaltrialfailures.com/trial/NCT01953744-high-dose-fluconazole-in-cutaneous-leishmaniasis-in-bahia-and-manaus","trial","2015-12-02T00:00:00.000Z","unknown","unreviewed"
"https://clinicaltrialfailures.com/trial/NCT01032915-safety-and-efficacy-of-ain457-in-patients-with-quiescent-non-infectious-uveitis","trial","2015-11-05T00:00:00.000Z","unknown","unreviewed"
"https://clinicaltrialfailures.com/trial/NCT02140112-efficacy-and-safety-of-trichuris-suis-ova-tso-as-compared-to-placebo-in-autism-s","trial","2015-11-04T00:00:00.000Z","unknown","unreviewed"
"https://clinicaltrialfailures.com/trial/NCT01568216-20101299-study-to-evaluate-the-effect-of-amg-747-on-schizophrenia-negative-sympt","trial","2015-07-30T00:00:00.000Z","unknown","unreviewed"
"https://clinicaltrialfailures.com/trial/NCT01517776-cilengitide-and-metronomic-temozolomide-for-relapsed-or-refractory-high-grade-gl","trial","2015-07-21T00:00:00.000Z","unknown","unreviewed"
"https://clinicaltrialfailures.com/trial/NCT02499549-two-treatment-regimens-of-cocamide-dea-lotion-for-head-lice","trial","2015-07-16T00:00:00.000Z","unknown","unreviewed"
"https://clinicaltrialfailures.com/trial/NCT00543959-efficacy-and-tolerability-of-mk0533-in-patients-with-type-2-diabetes-0533-005","trial","2015-06-23T00:00:00.000Z","unknown","unreviewed"
"https://clinicaltrialfailures.com/trial/NCT00555217-va-nephron-d-diabetes-in-nephropathy-study","trial","2015-05-29T00:00:00.000Z","unknown","unreviewed"
"https://clinicaltrialfailures.com/trial/NCT05605093-strategies-and-treatments-for-respiratory-infections-and-viral-emergencies-striv","trial","2026-09-24T00:00:00.000Z","unknown","unreviewed"
"https://clinicaltrialfailures.com/trial/NCT07217379-the-dart-deliver-02-study","trial","2026-09-22T00:00:00.000Z","unknown","unreviewed"
"https://clinicaltrialfailures.com/trial/NCT06317285-a-study-to-evaluate-the-efficacy-and-safety-of-gsk3915393-in-participants-with-i","trial","2026-09-18T00:00:00.000Z","unknown","unreviewed"
"https://clinicaltrialfailures.com/trial/NCT01487083-a-long-term-safety-study-of-pomaglumetad-methionil-in-schizophrenia","trial","2026-09-14T00:00:00.000Z","unknown","unreviewed"
"https://clinicaltrialfailures.com/trial/NCT06573294-trial-to-assess-the-safety-and-antitumor-activity-of-gen1057-in-malignant-solid-","trial","2026-09-09T00:00:00.000Z","unknown","unreviewed"
"https://clinicaltrialfailures.com/trial/NCT06598631-efficacy-and-safety-of-volenrelaxin-in-adults-with-chronic-kidney-disease","trial","2026-09-08T00:00:00.000Z","unknown","unreviewed"
"https://clinicaltrialfailures.com/trial/NCT05568225-a-study-of-etavopivat-for-the-treatment-of-anemia-in-patients-with-myelodysplast","trial","2026-09-03T00:00:00.000Z","unknown","unreviewed"
"https://clinicaltrialfailures.com/trial/NCT05580770-mirdametinib-bgb-3245-in-advanced-solid-tumors","trial","2026-08-20T00:00:00.000Z","unknown","unreviewed"
"https://clinicaltrialfailures.com/trial/NCT05151471-efficacy-and-safety-extension-study-of-oral-edaravone-administered-in-subjects-w","trial","2026-08-20T00:00:00.000Z","unknown","unreviewed"
"https://clinicaltrialfailures.com/trial/NCT06315491-a-study-of-cbx-12-in-subjects-with-platinum-resistant-or-refractory-ovarian-canc","trial","2026-08-20T00:00:00.000Z","unknown","unreviewed"
"https://clinicaltrialfailures.com/trial/NCT05401058-low-dose-droperidol-for-prevention-of-postoperative-delirium-in-elderly-patients","trial","2026-08-12T00:00:00.000Z","unknown","unreviewed"
"https://clinicaltrialfailures.com/trial/NCT06881251-a-study-of-jnj-95475939-in-the-treatment-of-participants-with-moderate-to-severe","trial","2026-07-31T00:00:00.000Z","unknown","unreviewed"
"https://clinicaltrialfailures.com/trial/NCT06815471-crf2-agonist-for-the-treatment-of-worsening-heart-failure","trial","2026-07-22T00:00:00.000Z","unknown","unreviewed"
"https://clinicaltrialfailures.com/trial/NCT06351332-zap-it-zn-c3-carboplatin-pembrolizumab-in-mtnbc","trial","2026-06-04T00:00:00.000Z","unknown","unreviewed"
"https://clinicaltrialfailures.com/trial/NCT03630055-rivaroxaban-post-transradial-access-for-the-prevention-of-radial-artery-occlusio","trial","2026-05-05T00:00:00.000Z","unknown","unreviewed"
"https://clinicaltrialfailures.com/trial/NCT06732258-low-dose-radiotherapy-combined-with-concurrent-chemotherapy-toripalimab-and-tifc","trial","2026-04-29T00:00:00.000Z","unknown","unreviewed"
"https://clinicaltrialfailures.com/trial/NCT04781543-a-multicenter-trial-to-evaluate-the-efficacy-safety-tolerability-and-pharmacokin","trial","2026-03-20T00:00:00.000Z","unknown","unreviewed"
"https://clinicaltrialfailures.com/trial/NCT04166383-vb-111-in-combination-with-nivolumab-in-people-with-metastatic-colorectal-cancer","trial","2026-03-10T00:00:00.000Z","unknown","unreviewed"
"https://clinicaltrialfailures.com/trial/NCT04218084-study-to-evaluate-the-effect-of-gbt440-on-tcd-in-pediatrics-with-sickle-cell-dis","trial","2026-03-10T00:00:00.000Z","unknown","unreviewed"
"https://clinicaltrialfailures.com/trial/NCT06625515-first-in-human-study-of-atx-559-an-oral-inhibitor-of-dhx9-in-patients-with-advan","trial","2026-02-24T00:00:00.000Z","unknown","unreviewed"
"https://clinicaltrialfailures.com/trial/NCT03290092-trial-of-taselisib-in-overgrowth","trial","2026-02-04T00:00:00.000Z","unknown","unreviewed"
"https://clinicaltrialfailures.com/trial/NCT02381548-phase-i-trial-of-azd1775-and-belinostat-in-treating-patients-with-relapsed-or-re","trial","2026-01-30T00:00:00.000Z","unknown","unreviewed"
"https://clinicaltrialfailures.com/trial/NCT04770272-study-to-compare-a-mono-atezolizumab-window-followed-by-a-atezolizumab-ctx-thera","trial","2026-01-12T00:00:00.000Z","unknown","unreviewed"
"https://clinicaltrialfailures.com/trial/NCT05128942-a-phase-2-study-to-evaluate-the-safety-efficacy-and-pk-of-tildacerfont-in-childr","trial","2025-12-24T00:00:00.000Z","unknown","unreviewed"
"https://clinicaltrialfailures.com/trial/NCT03608033-study-of-the-safety-and-efficacy-of-oms721-in-patients-with-immunoglobulin-a-iga","trial","2025-12-09T00:00:00.000Z","unknown","unreviewed"
"https://clinicaltrialfailures.com/trial/NCT03721965-safety-and-efficacy-of-itacitinib-in-combination-with-corticosteroids-for-treatm","trial","2025-11-04T00:00:00.000Z","unknown","unreviewed"
"https://clinicaltrialfailures.com/trial/NCT05643495-a-study-to-evaluate-efficacy-and-safety-of-vx-864-in-participants-with-the-pizz-","trial","2025-09-08T00:00:00.000Z","unknown","unreviewed"
"https://clinicaltrialfailures.com/trial/NCT05619172-a-study-of-nanrilkefusp-alfa-sot101-in-combination-with-cetuximab-to-evaluate-th","trial","2025-07-24T00:00:00.000Z","unknown","unreviewed"
"https://clinicaltrialfailures.com/trial/NCT00087776-study-of-taxoprexin-injection-vs-dacarbazine-in-patients-with-metastatic-maligna","trial","2025-07-23T00:00:00.000Z","unknown","unreviewed"
"https://clinicaltrialfailures.com/trial/NCT03294694-ribociclib-pdr001-in-breast-cancer-and-ovarian-cancer","trial","2025-05-31T00:00:00.000Z","unknown","unreviewed"
"https://clinicaltrialfailures.com/trial/NCT05232864-open-label-extension-study-of-efficacy-safety-and-tolerability-of-secukinumab-in","trial","2025-05-16T00:00:00.000Z","unknown","unreviewed"
"https://clinicaltrialfailures.com/trial/NCT02641639-focus-pcc-bevacizumab-ca4p-versus-pcc-bevacizumab-placebo-for-subjects-with-plat","trial","2025-03-24T00:00:00.000Z","unknown","unreviewed"
"https://clinicaltrialfailures.com/trial/NCT05283304-monthly-injectable-bup-for-ma-use-disorder-murb-trial","trial","2025-03-21T00:00:00.000Z","unknown","unreviewed"
"https://clinicaltrialfailures.com/trial/NCT04004065-two-part-study-for-dose-determination-of-vesleteplirsen-srp-5051-part-a-then-dos","trial","2025-03-10T00:00:00.000Z","unknown","unreviewed"
"https://clinicaltrialfailures.com/trial/NCT04989413-cannabidiol-133mg-cannabigerol-66mg-tetrahydrocannabinol-4mg-vs-placebo-as-adjuv","trial","2025-02-24T00:00:00.000Z","unknown","unreviewed"
"https://clinicaltrialfailures.com/trial/NCT06087406-a-phase-1b-study-of-imvotamab-in-moderate-to-severe-rheumatoid-arthritis","trial","2025-02-18T00:00:00.000Z","unknown","unreviewed"
"https://clinicaltrialfailures.com/trial/NCT05935085-this-study-will-evaluate-the-safety-tolerability-and-efficacy-of-anb032-in-subje","trial","2025-02-14T00:00:00.000Z","unknown","unreviewed"
"https://clinicaltrialfailures.com/trial/NCT04024813-a-study-to-evaluate-the-safety-and-tolerability-and-efficacy-of-seladelpar-in-pa","trial","2025-01-16T00:00:00.000Z","unknown","unreviewed"
"https://clinicaltrialfailures.com/trial/NCT05671653-a-study-to-evaluate-the-effect-of-the-experimental-glp-1-drug-pf-07081532-on-blo","trial","2025-01-14T00:00:00.000Z","unknown","unreviewed"
"https://clinicaltrialfailures.com/trial/NCT02473445-a-long-term-extension-of-study-rp103-mito-001-nct02023866-to-assess-cysteamine-b","trial","2024-12-27T00:00:00.000Z","unknown","unreviewed"
"https://clinicaltrialfailures.com/trial/NCT05355753-a-study-to-assess-the-safety-and-tolerability-of-cft8634-in-locally-advanced-or-","trial","2024-12-17T00:00:00.000Z","unknown","unreviewed"
"https://clinicaltrialfailures.com/trial/NCT03621605-a-phase1-study-of-vib9600","trial","2024-12-13T00:00:00.000Z","unknown","unreviewed"
"https://clinicaltrialfailures.com/trial/NCT03943407-characterization-of-the-toll-like-receptor-7-agonist-imiquimod-3-75-as-a-new-sur","trial","2024-11-22T00:00:00.000Z","unknown","unreviewed"
"https://clinicaltrialfailures.com/trial/NCT03452137-a-study-of-atezolizumab-anti-pd-l1-antibody-as-adjuvant-therapy-after-definitive","trial","2024-10-09T00:00:00.000Z","unknown","unreviewed"
"https://clinicaltrialfailures.com/trial/NCT04531176-emi-ehp-weight-management-and-type-2-diabetes-pragmatic-trial","trial","2024-09-19T00:00:00.000Z","unknown","unreviewed"
"https://clinicaltrialfailures.com/trial/NCT00667628-phase-2-study-of-tac-101-combined-with-transcatheter-arterial-chemoembolization-","trial","2024-09-19T00:00:00.000Z","unknown","unreviewed"
"https://clinicaltrialfailures.com/trial/NCT00687596-study-of-tac-101-as-second-line-treatment-in-patients-with-advanced-hepatocellul","trial","2024-09-19T00:00:00.000Z","unknown","unreviewed"
"https://clinicaltrialfailures.com/trial/NCT03199976-efficacy-of-intermittent-tiotropium-in-early-childhood-wheezing","trial","2024-09-19T00:00:00.000Z","unknown","unreviewed"
"https://clinicaltrialfailures.com/trial/NCT03410927-a-study-of-tas0728-in-patients-with-solid-tumors-with-her2-or-her3-abnormalities","trial","2024-09-05T00:00:00.000Z","unknown","unreviewed"
"https://clinicaltrialfailures.com/trial/NCT06084845-testing-the-addition-of-an-investigational-drug-xevinapant-to-usual-radiation-th","trial","2024-07-25T00:00:00.000Z","unknown","unreviewed"
"https://clinicaltrialfailures.com/trial/NCT05338346-a-study-of-atg-018-atr-inhibitor-treatment-in-patients-with-advanced-solid-tumor","trial","2024-07-18T00:00:00.000Z","unknown","unreviewed"
"https://clinicaltrialfailures.com/trial/NCT00848107-open-label-study-of-oral-treprostinil-in-digital-ulcers","trial","2024-06-18T00:00:00.000Z","unknown","unreviewed"
"https://clinicaltrialfailures.com/trial/NCT05160168-a-study-of-the-630-in-patients-with-advanced-gastrointestinal-stromal-tumors-gis","trial","2024-06-05T00:00:00.000Z","unknown","unreviewed"
"https://clinicaltrialfailures.com/trial/NCT04390113-study-to-evaluate-viralym-m-alvr105-for-the-treatment-of-virus-associated-hemorr","trial","2024-05-14T00:00:00.000Z","unknown","unreviewed"
"https://clinicaltrialfailures.com/trial/NCT04374253-a-study-to-evaluate-the-safety-tolerability-and-efficacy-of-long-term-gantenerum","trial","2024-05-08T00:00:00.000Z","unknown","unreviewed"
"https://clinicaltrialfailures.com/trial/NCT04114656-effects-of-intravenous-gsk3858279-on-a-battery-of-evoked-pain-tests-in-healthy-v","trial","2024-03-18T00:00:00.000Z","unknown","unreviewed"
"https://clinicaltrialfailures.com/trial/NCT06160609-platform-sub-study-of-belantamab-mafodotin-gsk2857916-in-combination-with-aox40-","trial","2024-03-12T00:00:00.000Z","unknown","unreviewed"
"https://clinicaltrialfailures.com/trial/NCT03550443-a-phase-3-study-of-bardoxolone-methyl-in-patients-with-diabetic-kidney-disease-a","trial","2023-09-26T00:00:00.000Z","unknown","unreviewed"
"https://clinicaltrialfailures.com/trial/NCT03201250-cabozantinib-as-a-targeted-strategy-to-reverse-carfilzomib-resistance-in-refract","trial","2023-09-08T00:00:00.000Z","unknown","unreviewed"
"https://clinicaltrialfailures.com/trial/NCT00489710-talabostat-in-treating-patients-with-metastatic-kidney-cancer","trial","2023-08-22T00:00:00.000Z","unknown","unreviewed"
"https://clinicaltrialfailures.com/trial/NCT04964843-a-study-of-nac-for-aud","trial","2023-07-21T00:00:00.000Z","unknown","unreviewed"
"https://clinicaltrialfailures.com/trial/NCT05860075-exploratory-study-of-imm01-for-injection-in-the-treatment-of-refractory-or-recur","trial","2023-05-16T00:00:00.000Z","unknown","unreviewed"
"https://clinicaltrialfailures.com/trial/NCT03884517-clinical-trial-of-bat8003-for-injection-for-patients-with-advanced-epithelial-ca","trial","2023-05-01T00:00:00.000Z","unknown","unreviewed"
"https://clinicaltrialfailures.com/trial/NCT00603109-effect-of-rimonabant-on-weight-gain-and-body-composition-in-adults-with-prader-w","trial","2023-03-20T00:00:00.000Z","unknown","unreviewed"
"https://clinicaltrialfailures.com/trial/NCT04404712-faah-availability-in-psychiatric-disorders-a-pet-study","trial","2023-02-21T00:00:00.000Z","unknown","unreviewed"
"https://clinicaltrialfailures.com/trial/NCT05135845-combination-of-capmatinib-spartalizumab-in-advanced-oesogastric-adenocarcinoma","trial","2023-02-03T00:00:00.000Z","unknown","unreviewed"
"https://clinicaltrialfailures.com/trial/NCT00543712-a-study-of-pro95780-in-patients-with-advanced-chondrosarcoma-apm4171g","trial","2022-12-13T00:00:00.000Z","unknown","unreviewed"
"https://clinicaltrialfailures.com/trial/NCT03352557-phase-2-study-of-biib092-in-participants-with-early-alzheimer-s-disease","trial","2022-11-08T00:00:00.000Z","unknown","unreviewed"
"https://clinicaltrialfailures.com/trial/NCT01416428-open-label-study-of-the-safety-and-activity-of-oprozomib-in-patients-with-hemato","trial","2022-11-08T00:00:00.000Z","unknown","unreviewed"
"https://clinicaltrialfailures.com/trial/NCT04142060-targeting-the-pam50-her2-enriched-phenotype-with-enzalutamide-in-hormone-recepto","trial","2022-10-28T00:00:00.000Z","unknown","unreviewed"
"https://clinicaltrialfailures.com/trial/NCT05475821-study-to-assess-adverse-events-and-how-oral-abbv-990-moves-through-the-body-of-a","trial","2022-10-27T00:00:00.000Z","unknown","unreviewed"
"https://clinicaltrialfailures.com/trial/NCT02927080-study-of-ace-083-in-patients-with-facioscapulohumeral-muscular-dystrophy-fshd","trial","2022-09-26T00:00:00.000Z","unknown","unreviewed"
"https://clinicaltrialfailures.com/trial/NCT03124459-study-of-ace-083-in-patients-with-charcot-marie-tooth-disease","trial","2022-09-26T00:00:00.000Z","unknown","unreviewed"
"https://clinicaltrialfailures.com/trial/NCT03150056-dose-escalation-and-dose-expansion-study-of-gsk525762-in-combination-with-androg","trial","2022-08-10T00:00:00.000Z","unknown","unreviewed"
"https://clinicaltrialfailures.com/trial/NCT03763175-efficacy-and-safety-of-syn-010-in-ibs-c","trial","2022-07-13T00:00:00.000Z","unknown","unreviewed"
"https://clinicaltrialfailures.com/trial/NCT03191526-a-study-of-kw-0761-in-subjects-with-htlv-1-associated-myelopathy-ham","trial","2022-04-14T00:00:00.000Z","unknown","unreviewed"
"https://clinicaltrialfailures.com/trial/NCT03225833-safety-and-tolerability-of-wve-120101-in-patients-with-huntington-s-disease","trial","2022-02-10T00:00:00.000Z","unknown","unreviewed"
"https://clinicaltrialfailures.com/trial/NCT02818023-dose-seeking-study-of-pembrolizumab-plus-vemurafenib-and-cobimetinib-advanced-me","trial","2022-01-03T00:00:00.000Z","unknown","unreviewed"
"https://clinicaltrialfailures.com/trial/NCT02675439-safety-and-efficacy-of-miw815-adu-s100-ipilimumab-in-patients-with-advanced-meta","trial","2021-12-30T00:00:00.000Z","unknown","unreviewed"
"https://clinicaltrialfailures.com/trial/NCT03938272-an-extension-study-to-evaluate-the-long-term-efficacy-and-safety-of-oxabact-in-p","trial","2021-12-08T00:00:00.000Z","unknown","unreviewed"
"https://clinicaltrialfailures.com/trial/NCT04230122-a-study-of-ly3478006-in-healthy-participants","trial","2021-12-06T00:00:00.000Z","unknown","unreviewed"
"https://clinicaltrialfailures.com/trial/NCT03107052-a-study-to-explore-the-long-term-safety-and-efficacy-of-fremanezumab-tev-48125-f","trial","2021-11-09T00:00:00.000Z","unknown","unreviewed"
"https://clinicaltrialfailures.com/trial/NCT03821038-recombinant-interleukin-7-cyt107-to-restore-absolute-lymphocyte-counts-in-sepsis","trial","2021-10-27T00:00:00.000Z","unknown","unreviewed"
"https://clinicaltrialfailures.com/trial/NCT03685344-safety-and-antitumor-activity-study-of-loncastuximab-tesirine-and-durvalumab-in-","trial","2021-10-26T00:00:00.000Z","unknown","unreviewed"
"https://clinicaltrialfailures.com/trial/NCT04504032-a-trial-to-evaluate-safety-and-efficacy-of-rivaroxaban-covid-19","trial","2021-10-22T00:00:00.000Z","unknown","unreviewed"
"https://clinicaltrialfailures.com/trial/NCT04052204-avelumab-with-bempegaldesleukin-with-or-without-talazoparib-or-enzalutamide-in-a","trial","2021-10-14T00:00:00.000Z","unknown","unreviewed"
"https://clinicaltrialfailures.com/trial/NCT04540393-azd1222-vaccine-for-the-prevention-of-covid-19","trial","2021-10-01T00:00:00.000Z","unknown","unreviewed"
"https://clinicaltrialfailures.com/trial/NCT01125358-a-study-in-schizophrenic-patients","trial","2021-09-14T00:00:00.000Z","unknown","unreviewed"
"https://clinicaltrialfailures.com/trial/NCT02477800-221ad301-phase-3-study-of-aducanumab-biib037-in-early-alzheimer-s-disease","trial","2021-09-02T00:00:00.000Z","unknown","unreviewed"
"https://clinicaltrialfailures.com/trial/NCT04432103-treatment-of-severe-and-critical-covid-19-pneumonia-with-convalescent-plasma","trial","2021-08-02T00:00:00.000Z","unknown","unreviewed"
"https://clinicaltrialfailures.com/trial/NCT01999335-a-study-of-oprozomib-pomalidomide-and-dexamethasone-in-adults-with-primary-refra","trial","2021-04-27T00:00:00.000Z","unknown","unreviewed"
"https://clinicaltrialfailures.com/trial/NCT04428268-chloroquine-losartan-compared-to-chloroquine-alone-for-the-treatment-of-covid-19","trial","2021-02-18T00:00:00.000Z","unknown","unreviewed"
"https://clinicaltrialfailures.com/trial/NCT03429101-a-study-of-poziotinib-in-combination-with-t-dm1-in-her2-positive-breast-cancer","trial","2021-01-15T00:00:00.000Z","unknown","unreviewed"
"https://clinicaltrialfailures.com/trial/NCT01721317-dose-optimization-adjunctive-treatment-study-of-ezogabine-retigabine-immediate-r","trial","2020-12-30T00:00:00.000Z","unknown","unreviewed"
"https://clinicaltrialfailures.com/trial/NCT02907619-an-open-label-extension-study-to-evaluate-safety-of-pf-06252616-in-boys-with-duc","trial","2020-11-23T00:00:00.000Z","unknown","unreviewed"
"https://clinicaltrialfailures.com/trial/NCT04262375-a-phase-2-study-of-durvalumab-medi4736-and-oleclumab-medi9447-in-multi-cancer-po","trial","2020-11-17T00:00:00.000Z","unknown","unreviewed"
"https://clinicaltrialfailures.com/trial/NCT00633061-identification-and-treatment-of-clinically-silent-catheter-related-deep-vein-thr","trial","2020-10-08T00:00:00.000Z","unknown","unreviewed"
"https://clinicaltrialfailures.com/trial/NCT03029988-an-evaluation-of-tilmanocept-by-iv-injection-using-spect-ct-vs-pet-imaging-in-su","trial","2020-09-10T00:00:00.000Z","unknown","unreviewed"
"https://clinicaltrialfailures.com/trial/NCT04403685-safety-and-efficacy-of-tocilizumab-in-moderate-to-severe-covid-19-with-inflammat","trial","2020-08-26T00:00:00.000Z","unknown","unreviewed"
"https://clinicaltrialfailures.com/trial/NCT02395627-reversing-therapy-resistance-with-epigenetic-immune-modification","trial","2020-07-07T00:00:00.000Z","unknown","unreviewed"
"https://clinicaltrialfailures.com/trial/NCT02996448-safety-tolerability-and-immunogenicity-of-one-dose-of-ndv-3a-vaccine-in-people-w","trial","2020-06-30T00:00:00.000Z","unknown","unreviewed"
"https://clinicaltrialfailures.com/trial/NCT02671084-sevoflurane-and-percutaneous-coronary-intervention-by-stent","trial","2020-04-28T00:00:00.000Z","unknown","unreviewed"
"https://clinicaltrialfailures.com/trial/NCT03075553-nivolumab-in-treating-patients-with-relapsed-or-refractory-peripheral-t-cell-lym","trial","2020-04-21T00:00:00.000Z","unknown","unreviewed"
"https://clinicaltrialfailures.com/trial/NCT01203943-a-study-to-characterize-the-safety-pk-and-biological-activity-of-cc-930-in-idiop","trial","2019-11-19T00:00:00.000Z","unknown","unreviewed"
"https://clinicaltrialfailures.com/trial/NCT01938664-a-pilot-study-of-candesartan-as-a-treatment-for-cocaine-dependence","trial","2019-09-04T00:00:00.000Z","unknown","unreviewed"
"https://clinicaltrialfailures.com/trial/NCT03417830-biodistribution-of-89zirconium-labelled-gsk2398852-using-pet-imaging","trial","2019-08-29T00:00:00.000Z","unknown","unreviewed"
"https://clinicaltrialfailures.com/trial/NCT02106091-safety-study-to-assess-afm11-in-patients-with-relapsed-and-or-refractory-cd19-po","trial","2019-06-18T00:00:00.000Z","unknown","unreviewed"
"https://clinicaltrialfailures.com/trial/NCT00731874-thymoglobulin-induction-therapy-with-minimal-immunosuppression-and-evaluation-of","trial","2019-06-12T00:00:00.000Z","unknown","unreviewed"
"https://clinicaltrialfailures.com/trial/NCT03166176-phase-ii-trial-of-vistusertib-azd2014-single-agent-in-tsc1or-2-null-or-tsc-1-2-m","trial","2019-05-20T00:00:00.000Z","unknown","unreviewed"
"https://clinicaltrialfailures.com/trial/NCT02720484-nivolumab-in-treating-patients-with-metastatic-adrenocortical-cancer","trial","2019-05-01T00:00:00.000Z","unknown","unreviewed"
"https://clinicaltrialfailures.com/trial/NCT01097707-a-study-in-men-with-benign-prostatic-hyperplasia","trial","2019-04-08T00:00:00.000Z","unknown","unreviewed"
"https://clinicaltrialfailures.com/trial/NCT01988077-clinical-evaluation-of-yervoy-in-combination-with-adoptive-t-cell-transfer-for-m","trial","2019-04-05T00:00:00.000Z","unknown","unreviewed"
"https://clinicaltrialfailures.com/trial/NCT02372578-study-to-assess-analgesic-efficacy-and-safety-of-asp3662-in-subjects-with-painfu","trial","2019-03-26T00:00:00.000Z","unknown","unreviewed"
"https://clinicaltrialfailures.com/trial/NCT01209832-a-tasisulam-and-midazolam-drug-interaction-study-in-cancer-patients","trial","2019-03-18T00:00:00.000Z","unknown","unreviewed"
"https://clinicaltrialfailures.com/trial/NCT02124265-oral-rehydration-therapy-in-burn-patients","trial","2019-02-18T00:00:00.000Z","unknown","unreviewed"
"https://clinicaltrialfailures.com/trial/NCT01185509-trastuzumab-and-vinorelbine-in-advanced-breast-cancer","trial","2019-01-23T00:00:00.000Z","unknown","unreviewed"
"https://clinicaltrialfailures.com/trial/NCT00621036-vaccine-therapy-and-gm-csf-in-treating-patients-with-cns-lymphoma","trial","2018-11-26T00:00:00.000Z","unknown","unreviewed"
"https://clinicaltrialfailures.com/trial/NCT02596334-study-to-evaluate-the-efficacy-of-monotherapy-of-tivicay-versus-a-triple-therapy","trial","2018-11-13T00:00:00.000Z","unknown","unreviewed"
"https://clinicaltrialfailures.com/trial/NCT00797667-mk0974-telcagepant-for-migraine-prophylaxis-in-patients-with-episodic-migraine-0","trial","2018-10-18T00:00:00.000Z","unknown","unreviewed"
"https://clinicaltrialfailures.com/trial/NCT00867308-trial-of-high-dose-lenalidomide-in-patients-with-mds-and-aml-with-trilineage-dys","trial","2018-10-17T00:00:00.000Z","unknown","unreviewed"
"https://clinicaltrialfailures.com/trial/NCT02415595-dose-finding-study-of-bms-955176-to-treat-hiv-1-infected-treatment-naive-adults","trial","2018-09-19T00:00:00.000Z","unknown","unreviewed"
"https://clinicaltrialfailures.com/trial/NCT00953576-ketoconazole-hydrocortisone-dutasteride-and-lapatinib-khad-l-in-prostate-cancer","trial","2018-09-04T00:00:00.000Z","unknown","unreviewed"
"https://clinicaltrialfailures.com/trial/NCT02790632-study-of-eg-1962-compared-to-standard-of-care-oral-nimodipine-in-adults-with-ane","trial","2018-07-26T00:00:00.000Z","unknown","unreviewed"
"https://clinicaltrialfailures.com/trial/NCT01183468-a-research-trial-of-aralast-in-new-onset-diabetes-retain","trial","2018-06-13T00:00:00.000Z","unknown","unreviewed"
"https://clinicaltrialfailures.com/trial/NCT03119077-single-ascending-dose-first-in-human-study-on-safety-tolerability-and-pharmacoki","trial","2018-05-17T00:00:00.000Z","unknown","unreviewed"
"https://clinicaltrialfailures.com/trial/NCT02357225-a-pilot-study-of-pyridostigmine-in-pompe-disease","trial","2018-05-15T00:00:00.000Z","unknown","unreviewed"
"https://clinicaltrialfailures.com/trial/NCT00014560-antibody-therapy-in-treating-patients-with-refractory-or-relapsed-non-hodgkin-s-","trial","2018-05-03T00:00:00.000Z","unknown","unreviewed"
"https://clinicaltrialfailures.com/trial/NCT00005097-green-tea-extract-in-treating-patients-with-actinic-keratosis","trial","2018-04-05T00:00:00.000Z","unknown","unreviewed"
"https://clinicaltrialfailures.com/trial/NCT02119650-ruxolitinib-in-combination-with-pemetrexed-cisplatin-in-non-small-cell-lung-canc","trial","2018-02-13T00:00:00.000Z","unknown","unreviewed"
"https://clinicaltrialfailures.com/trial/NCT02120417-a-study-of-ruxolitinib-in-combination-with-capecitabine-in-subjects-with-advance","trial","2018-02-13T00:00:00.000Z","unknown","unreviewed"
"https://clinicaltrialfailures.com/trial/NCT02119663-a-study-of-ruxolitinib-in-pancreatic-cancer-patients","trial","2018-02-13T00:00:00.000Z","unknown","unreviewed"
"https://clinicaltrialfailures.com/trial/NCT02047214-safety-and-efficacy-study-of-tpi-287-avastin-in-adults-with-glioblastoma-that-pr","trial","2018-01-31T00:00:00.000Z","unknown","unreviewed"
"https://clinicaltrialfailures.com/trial/NCT00574951-amg-706-in-treating-patients-with-persistent-or-recurrent-ovarian-epithelial-can","trial","2018-01-11T00:00:00.000Z","unknown","unreviewed"
"https://clinicaltrialfailures.com/trial/NCT00376805-allogeneic-natural-killer-nk-cells-in-patients-with-advanced-metastatic-breast-c","trial","2017-12-28T00:00:00.000Z","unknown","unreviewed"
"https://clinicaltrialfailures.com/trial/NCT02920424-a-study-to-evaluate-the-safety-pharmacokinetics-and-pharmacodynamics-of-jnj-5602","trial","2017-11-27T00:00:00.000Z","unknown","unreviewed"
"https://clinicaltrialfailures.com/trial/NCT00569062-a-study-of-gw856553x-for-the-treatment-of-depression","trial","2017-07-18T00:00:00.000Z","unknown","unreviewed"
"https://clinicaltrialfailures.com/trial/NCT01769196-study-to-assess-the-efficacy-and-safety-of-simtuzumab-gs-6624-in-adults-with-idi","trial","2017-05-30T00:00:00.000Z","unknown","unreviewed"
"https://clinicaltrialfailures.com/trial/NCT02381288-effects-of-tak-448-in-middle-aged-and-older-men-with-low-testosterone","trial","2017-05-17T00:00:00.000Z","unknown","unreviewed"
"https://clinicaltrialfailures.com/trial/NCT01629667-a-phase-2-randomized-dose-ranging-study-to-evaluate-the-efficacy-of-tralokinumab","trial","2017-05-15T00:00:00.000Z","unknown","unreviewed"
"https://clinicaltrialfailures.com/trial/NCT00537316-efficacy-and-safety-of-infliximab-monotherapy-vs-combination-therapy-vs-aza-mono","trial","2017-04-12T00:00:00.000Z","unknown","unreviewed"
"https://clinicaltrialfailures.com/trial/NCT01059305-phase-ii-trial-of-erlotinib-prior-to-surgery-or-radiation-in-patients-with-squam","trial","2017-04-04T00:00:00.000Z","unknown","unreviewed"
"https://clinicaltrialfailures.com/trial/NCT02670317-phase-ii-study-about-combination-chop-21-obinutuzumab-and-ibrutinib-in-untreated","trial","2017-03-20T00:00:00.000Z","unknown","unreviewed"
"https://clinicaltrialfailures.com/trial/NCT01108458-a-phase-2-study-of-pertuzumab-and-erlotinib-for-refractory-pancreatic-adenocarci","trial","2017-03-03T00:00:00.000Z","unknown","unreviewed"
"https://clinicaltrialfailures.com/trial/NCT01989091-efficacy-study-to-evaluate-b-lock-as-an-antimicrobial-lock-solution-in-dialysis-","trial","2017-02-27T00:00:00.000Z","unknown","unreviewed"
"https://clinicaltrialfailures.com/trial/NCT01338857-sorafenib-in-children-and-young-adults-with-recurrent-or-progressive-low-grade-a","trial","2017-02-17T00:00:00.000Z","unknown","unreviewed"
"https://clinicaltrialfailures.com/trial/NCT02236130-peripheral-nerve-blocks-in-pediatric-orthopedic-patients","trial","2017-02-13T00:00:00.000Z","unknown","unreviewed"
"https://clinicaltrialfailures.com/trial/NCT01485536-a-study-of-the-hsp90-inhibitor-auy922","trial","2017-01-23T00:00:00.000Z","unknown","unreviewed"
"https://clinicaltrialfailures.com/trial/NCT00115687-nicotine-replacement-treatment-for-pregnant-smokers-1","trial","2017-01-12T00:00:00.000Z","unknown","unreviewed"
"https://clinicaltrialfailures.com/trial/NCT02439138-study-of-phosphatidylinositol-3-kinase-pi3k-inhibitor-idelalisib-gs-1101-in-wald","trial","2017-01-11T00:00:00.000Z","unknown","unreviewed"
"https://clinicaltrialfailures.com/trial/NCT00565227-phase-i-study-of-vorinostat-in-combination-with-docetaxel-in-patients-with-advan","trial","2016-12-02T00:00:00.000Z","unknown","unreviewed"
"https://clinicaltrialfailures.com/trial/NCT01179113-esmolol-infusion-during-laminectomy-effect-on-quality-of-recovery","trial","2016-11-02T00:00:00.000Z","unknown","unreviewed"
"https://clinicaltrialfailures.com/trial/NCT02209506-safety-tolerability-pharmacokinetics-and-pharmacodynamics-of-mln3126-in-healthy-","trial","2016-07-25T00:00:00.000Z","unknown","unreviewed"
"https://clinicaltrialfailures.com/trial/NCT01143272-probiotic-saccharomyces-boulardii-for-the-prevention-of-antibiotic-associated-di","trial","2016-07-18T00:00:00.000Z","unknown","unreviewed"
"https://clinicaltrialfailures.com/trial/NCT00722917-efficacy-and-safety-of-tak-379-in-adult-subjects-with-type-2-diabetes-mellitus","trial","2016-06-22T00:00:00.000Z","unknown","unreviewed"
"https://clinicaltrialfailures.com/trial/NCT00746980-efalizumab-in-the-treatment-of-alopecia-phase-ii","trial","2016-06-14T00:00:00.000Z","unknown","unreviewed"
"https://clinicaltrialfailures.com/trial/NCT00973024-a-dose-ranging-study-of-the-safety-and-effectiveness-of-jnj-42160443-as-add-on-t","trial","2016-06-06T00:00:00.000Z","unknown","unreviewed"
"https://clinicaltrialfailures.com/trial/NCT00766688-evaluation-of-safety-and-efficacy-of-ave5530-as-add-on-to-ongoing-high-doses-of-","trial","2016-05-16T00:00:00.000Z","unknown","unreviewed"
"https://clinicaltrialfailures.com/trial/NCT01536483-effects-of-recto-colic-enemas-of-butyrate-on-the-digestive-disorders-of-very-low","trial","2016-05-11T00:00:00.000Z","unknown","unreviewed"
"https://clinicaltrialfailures.com/trial/NCT02053103-a-6-week-study-to-determine-the-safety-and-effect-of-an-investigational-drug-on-","trial","2016-05-02T00:00:00.000Z","unknown","unreviewed"
"https://clinicaltrialfailures.com/trial/NCT00120289-niacin-plus-statin-to-prevent-vascular-events","trial","2016-04-06T00:00:00.000Z","unknown","unreviewed"
"https://clinicaltrialfailures.com/trial/NCT01230827-a-study-of-the-safety-and-efficacy-of-cnto-148-golimumab-in-children-with-juveni","trial","2016-04-04T00:00:00.000Z","unknown","unreviewed"
"https://clinicaltrialfailures.com/trial/NCT00573157-the-efficacy-and-safety-of-atacicept-in-combination-with-mycophenolate-mofetil-u","trial","2016-03-23T00:00:00.000Z","unknown","unreviewed"
"https://clinicaltrialfailures.com/trial/NCT00712426-creatine-safety-tolerability-and-efficacy-in-huntington-s-disease-crest-e","trial","2016-03-11T00:00:00.000Z","unknown","unreviewed"
"https://clinicaltrialfailures.com/trial/NCT02486510-effect-of-cytoreductive-chemotherapy-and-a-ccr5-coreceptor-antagonist-on-hiv-1-e","trial","2015-12-18T00:00:00.000Z","unknown","unreviewed"
"https://clinicaltrialfailures.com/trial/NCT00923117-sunitinib-to-treat-recurrent-brain-cancer","trial","2015-09-30T00:00:00.000Z","unknown","unreviewed"
"https://clinicaltrialfailures.com/trial/NCT00498914-study-of-ym155-in-refractory-diffuse-large-b-cell-lymphoma-dlbcl-subjects","trial","2015-09-04T00:00:00.000Z","unknown","unreviewed"
"https://clinicaltrialfailures.com/trial/NCT00431340-a-phase-ii-study-of-belinostat-in-combination-with-bortezomib-in-patients-with-r","trial","2015-07-08T00:00:00.000Z","unknown","unreviewed"
"https://clinicaltrialfailures.com/trial/NCT00869856-study-to-evaluate-the-efficacy-safety-and-immunogenicity-of-subcutaneous-hx575-i","trial","2015-06-02T00:00:00.000Z","unknown","unreviewed"
"https://clinicaltrialfailures.com/trial/NCT00081900-a-safety-and-efficacy-study-of-denspm-in-patients-with-liver-cancer-who-are-not-","trial","2015-04-13T00:00:00.000Z","unknown","unreviewed"
"https://clinicaltrialfailures.com/trial/NCT00586976-a-phase-ii-iii-study-of-continuous-local-anesthetic-infusion-in-median-sternotom","trial","2015-04-07T00:00:00.000Z","unknown","unreviewed"
"https://clinicaltrialfailures.com/trial/NCT00420589-a-weight-maintenance-study-in-obese-patients-0364-012-terminated","trial","2015-02-05T00:00:00.000Z","unknown","unreviewed"
"https://clinicaltrialfailures.com/trial/NCT04569084-efficacy-and-safety-study-of-oral-edaravone-administered-in-subjects-with-als","trial","2026-07-20T00:00:00.000Z","unknown","unreviewed"
"https://clinicaltrialfailures.com/trial/NCT03298802-postpartum-management-of-hypertension-in-pregnancy-with-hydrochlorothiazide","trial","2026-07-14T00:00:00.000Z","unknown","unreviewed"
"https://clinicaltrialfailures.com/trial/NCT04867837-study-of-octaplex-in-patients-with-acute-major-bleeding-on-doac-therapy-with-fac","trial","2026-06-25T00:00:00.000Z","unknown","unreviewed"
"https://clinicaltrialfailures.com/trial/NCT04303858-a-study-to-evaluate-safety-and-anti-tumor-activity-of-eciskafusp-alfa-ro7284755-","trial","2026-06-02T00:00:00.000Z","unknown","unreviewed"
"https://clinicaltrialfailures.com/trial/NCT06243835-a-study-to-test-the-effects-of-kindolor-at-different-doses-in-healthy-adults","trial","2026-05-27T00:00:00.000Z","unknown","unreviewed"
"https://clinicaltrialfailures.com/trial/NCT06844669-her2heart-us-prevention-of-cardiotoxicity-in-breast-cancer-patients-receiving-he","trial","2026-05-13T00:00:00.000Z","unknown","unreviewed"
"https://clinicaltrialfailures.com/trial/NCT04550897-a-phase-i-ii-study-with-bm7pe-immunotoxin-in-colorectal-cancer-patients","trial","2026-05-13T00:00:00.000Z","unknown","unreviewed"
"https://clinicaltrialfailures.com/trial/NCT04396535-docetaxel-with-or-without-bintrafusp-alfa-for-the-treatment-of-advanced-non-smal","trial","2025-11-17T00:00:00.000Z","unknown","unreviewed"
"https://clinicaltrialfailures.com/trial/NCT05469178-a-clinical-study-of-bemcentinib-with-standard-of-care-chemoimmunotherapy-in-untr","trial","2025-10-29T00:00:00.000Z","unknown","unreviewed"
"https://clinicaltrialfailures.com/trial/NCT05429502-study-of-efficacy-and-safety-of-ribociclib-lee011-in-combination-with-topotecan-","trial","2025-10-10T00:00:00.000Z","unknown","unreviewed"
"https://clinicaltrialfailures.com/trial/NCT04968184-efficacy-and-safety-of-kbp-5074-in-uncontrolled-hypertension-and-moderate-or-sev","trial","2025-09-03T00:00:00.000Z","unknown","unreviewed"
"https://clinicaltrialfailures.com/trial/NCT02895100-safety-and-efficacy-study-of-ptg-100-in-the-treatment-of-moderate-to-severe-ulce","trial","2025-08-21T00:00:00.000Z","unknown","unreviewed"
"https://clinicaltrialfailures.com/trial/NCT04904185-immpact-expanded-multiple-antigen-specific-endogenously-derived-t-cells-mase-t-t","trial","2025-07-25T00:00:00.000Z","unknown","unreviewed"
"https://clinicaltrialfailures.com/trial/NCT02457598-dose-escalation-and-dose-expansion-study-of-tirabrutinib-in-combination-with-oth","trial","2025-06-17T00:00:00.000Z","unknown","unreviewed"
"https://clinicaltrialfailures.com/trial/NCT01351675-bardoxolone-methyl-evaluation-in-patients-with-chronic-kidney-disease-and-type-2","trial","2025-05-29T00:00:00.000Z","unknown","unreviewed"
"https://clinicaltrialfailures.com/trial/NCT01834235-quilt-3-010-a-study-of-gemcitabine-and-nab-paclitaxel-with-or-without-npc-1c-to-","trial","2025-05-07T00:00:00.000Z","unknown","unreviewed"
"https://clinicaltrialfailures.com/trial/NCT03714815-a-long-term-study-to-find-out-if-macitentan-is-an-effective-and-safe-treatment-f","trial","2025-02-04T00:00:00.000Z","unknown","unreviewed"
"https://clinicaltrialfailures.com/trial/NCT05281276-chidamide-celecoxib-in-advanced-metastatic-colorectal-cancer-ccmcc","trial","2024-12-20T00:00:00.000Z","unknown","unreviewed"
"https://clinicaltrialfailures.com/trial/NCT02403323-open-label-extension-and-safety-study-for-participants-with-crohn-s-disease-prev","trial","2024-12-02T00:00:00.000Z","unknown","unreviewed"
"https://clinicaltrialfailures.com/trial/NCT01318642-ganitumab-in-locally-advanced-unresectable-adenocarcinoma-of-the-pancreas","trial","2024-11-08T00:00:00.000Z","unknown","unreviewed"
"https://clinicaltrialfailures.com/trial/NCT05216510-assessment-of-delayed-type-hypersensitivity-reactions-to-sars-cov-2-peptide-anti","trial","2024-11-06T00:00:00.000Z","unknown","unreviewed"
"https://clinicaltrialfailures.com/trial/NCT05199090-study-to-assess-safety-tolerability-and-efficacy-of-sc-administered-mbl949-in-ob","trial","2024-10-09T00:00:00.000Z","unknown","unreviewed"
"https://clinicaltrialfailures.com/trial/NCT03716596-sbrt-and-anti-programmed-cell-death-protein-1-anti-pd-1-in-late-stage-or-recurre","trial","2024-09-20T00:00:00.000Z","unknown","unreviewed"
"https://clinicaltrialfailures.com/trial/NCT04578548-a-study-to-evaluate-the-effects-of-glpg2737-in-participants-with-autosomal-domin","trial","2024-08-22T00:00:00.000Z","unknown","unreviewed"
"https://clinicaltrialfailures.com/trial/NCT02400242-study-of-acy-241-alone-and-in-combination-with-pomalidomide-and-dexamethasone-in","trial","2024-07-09T00:00:00.000Z","unknown","unreviewed"
"https://clinicaltrialfailures.com/trial/NCT04002037-differential-efficacy-of-corticosteroid-solutions-for-non-operative-treatment-of","trial","2024-06-26T00:00:00.000Z","unknown","unreviewed"
"https://clinicaltrialfailures.com/trial/NCT05116917-immunotherapy-combined-with-radiation-and-influenza-vaccine-for-pancreatic-cance","trial","2024-05-28T00:00:00.000Z","unknown","unreviewed"
"https://clinicaltrialfailures.com/trial/NCT03132155-quilt-3-031-amg-337-in-subjects-with-advanced-or-metastatic-clear-cell-sarcoma","trial","2024-05-24T00:00:00.000Z","unknown","unreviewed"
"https://clinicaltrialfailures.com/trial/NCT04925947-a-study-of-kn046-in-patients-with-thymic-carcinoma-who-failed-immune-checkpoint-","trial","2024-04-16T00:00:00.000Z","unknown","unreviewed"
"https://clinicaltrialfailures.com/trial/NCT03172858-randomized-control-trial-of-intracervical-balloon-placement-vs-oxytocin-in-women","trial","2024-03-26T00:00:00.000Z","unknown","unreviewed"
"https://clinicaltrialfailures.com/trial/NCT03051516-hpv-vaccine-therapy-in-interrupting-progression-in-patients-with-high-grade-vulv","trial","2024-02-28T00:00:00.000Z","unknown","unreviewed"
"https://clinicaltrialfailures.com/trial/NCT04220411-a-study-for-ar100dp1-in-mild-to-moderate-atopic-dermatitis-ad","trial","2023-12-11T00:00:00.000Z","unknown","unreviewed"
"https://clinicaltrialfailures.com/trial/NCT05039359-flecainide-acetate-inhalation-solution-for-cardioversion-of-recent-onset-symptom","trial","2023-10-30T00:00:00.000Z","unknown","unreviewed"
"https://clinicaltrialfailures.com/trial/NCT04890353-impact-of-an-immune-modulator-dimethyl-fumarate-on-acute-ischemic-stroke","trial","2023-10-25T00:00:00.000Z","unknown","unreviewed"
"https://clinicaltrialfailures.com/trial/NCT02932475-medical-optimization-of-management-of-type-2-diabetes-complicating-pregnancy-mom","trial","2023-06-26T00:00:00.000Z","unknown","unreviewed"
"https://clinicaltrialfailures.com/trial/NCT04079088-study-to-evaluate-oral-biib061-added-to-interferon-beta1-ifn-1-or-glatiramer-ace","trial","2023-06-01T00:00:00.000Z","unknown","unreviewed"
"https://clinicaltrialfailures.com/trial/NCT05001724-kn046-plus-lenvatinib-in-subject-with-advanced-non-small-cell-lung-cancer-in-the","trial","2023-04-25T00:00:00.000Z","unknown","unreviewed"
"https://clinicaltrialfailures.com/trial/NCT02719990-open-label-extension-study-to-evaluate-the-safety-of-long-term-twice-monthly-adm","trial","2023-04-13T00:00:00.000Z","unknown","unreviewed"
"https://clinicaltrialfailures.com/trial/NCT02725372-clinical-study-of-pulsed-inhaled-nitric-oxide-versus-placebo-in-symptomatic-subj","trial","2023-02-21T00:00:00.000Z","unknown","unreviewed"
"https://clinicaltrialfailures.com/trial/NCT04891133-eu-solidact-an-adaptive-pandemic-and-emerging-infection-platform-trial","trial","2023-02-06T00:00:00.000Z","unknown","unreviewed"
"https://clinicaltrialfailures.com/trial/NCT01433328-lidocaine-subcutaneous-infusion-for-control-of-treprostinil-related-site-pain","trial","2023-02-01T00:00:00.000Z","unknown","unreviewed"
"https://clinicaltrialfailures.com/trial/NCT04857840-randomized-study-of-extended-treatment-with-firibastat-in-treatment-resistant-hy","trial","2023-01-17T00:00:00.000Z","unknown","unreviewed"
"https://clinicaltrialfailures.com/trial/NCT05065463-to-assess-the-pharmacokinetics-safety-and-tolerability-of-azd8233-in-participant","trial","2022-12-22T00:00:00.000Z","unknown","unreviewed"
"https://clinicaltrialfailures.com/trial/NCT04641273-a-2-part-trial-to-learn-more-about-how-bay1817080-works-how-safe-it-is-and-what-","trial","2022-12-12T00:00:00.000Z","unknown","unreviewed"
"https://clinicaltrialfailures.com/trial/NCT04729595-study-to-evaluate-the-effects-of-tempol-mbm-02-in-covid-19-patients","trial","2022-12-06T00:00:00.000Z","unknown","unreviewed"
"https://clinicaltrialfailures.com/trial/NCT04601077-the-evaluation-of-nitric-oxide-generating-lozenges-on-outcome-in-newly-diagnosed","trial","2022-12-06T00:00:00.000Z","unknown","unreviewed"
"https://clinicaltrialfailures.com/trial/NCT05231603-ivermectin-for-post-exposure-prophylaxis-of-covid-19","trial","2022-10-18T00:00:00.000Z","unknown","unreviewed"
"https://clinicaltrialfailures.com/trial/NCT01099761-study-of-ace-031-in-subjects-with-duchenne-muscular-dystrophy","trial","2022-10-13T00:00:00.000Z","unknown","unreviewed"
"https://clinicaltrialfailures.com/trial/NCT04861948-ibi188-combination-therapy-in-solid-tumors","trial","2022-10-04T00:00:00.000Z","unknown","unreviewed"
"https://clinicaltrialfailures.com/trial/NCT03308786-hiv-reservoir-reduction-with-interleukin-2","trial","2022-09-28T00:00:00.000Z","unknown","unreviewed"
"https://clinicaltrialfailures.com/trial/NCT03998709-effect-of-fasting-free-fatty-acids-and-fasting-glucose-on-1st-and-2nd-phase-insu","trial","2022-09-09T00:00:00.000Z","unknown","unreviewed"
"https://clinicaltrialfailures.com/trial/NCT05205759-non-inferiority-trial-on-monoclonal-antibodies-in-covid-19","trial","2022-07-26T00:00:00.000Z","unknown","unreviewed"
"https://clinicaltrialfailures.com/trial/NCT02856698-midazolam-versus-morphine-in-acute-pulmonary-edema-mimo-trial","trial","2022-06-09T00:00:00.000Z","unknown","unreviewed"
"https://clinicaltrialfailures.com/trial/NCT04727541-neoadjuvant-bintrafusp-alfa-in-patients-with-resectable-biliary-tract-cancer","trial","2022-05-23T00:00:00.000Z","unknown","unreviewed"
"https://clinicaltrialfailures.com/trial/NCT03225846-safety-and-tolerability-of-wve-120102-in-patients-with-huntington-s-disease","trial","2022-04-25T00:00:00.000Z","unknown","unreviewed"
"https://clinicaltrialfailures.com/trial/NCT04381169-aggressive-versus-non-aggressive-goal-directed-fluid-resuscitation-in-acute-panc","trial","2022-03-21T00:00:00.000Z","unknown","unreviewed"
"https://clinicaltrialfailures.com/trial/NCT04348656-convalescent-plasma-for-hospitalized-adults-with-covid-19-respiratory-illness-co","trial","2022-03-03T00:00:00.000Z","unknown","unreviewed"
"https://clinicaltrialfailures.com/trial/NCT03318523-evaluating-the-efficacy-safety-pharmacokinetics-and-pharmacodynamics-of-biib054-","trial","2022-02-28T00:00:00.000Z","unknown","unreviewed"
"https://clinicaltrialfailures.com/trial/NCT04971512-a-2-part-study-evaluating-edp-721-in-healthy-subjects-and-edp-721-in-combination","trial","2022-02-14T00:00:00.000Z","unknown","unreviewed"
"https://clinicaltrialfailures.com/trial/NCT03059446-rollover-study-of-cenicriviroc-for-the-treatment-of-liver-fibrosis-in-participan","trial","2022-02-02T00:00:00.000Z","unknown","unreviewed"
"https://clinicaltrialfailures.com/trial/NCT04353271-trial-of-hydroxychloroquine-in-covid-19-kinetics","trial","2022-01-03T00:00:00.000Z","unknown","unreviewed"
"https://clinicaltrialfailures.com/trial/NCT03752177-a-study-of-ly3415244-in-participants-with-advanced-solid-tumors","trial","2021-10-22T00:00:00.000Z","unknown","unreviewed"
"https://clinicaltrialfailures.com/trial/NCT03971825-a-safety-study-of-cc-92252-in-healthy-adult-subjects-and-adult-subjects-with-pso","trial","2021-08-30T00:00:00.000Z","unknown","unreviewed"
"https://clinicaltrialfailures.com/trial/NCT01988090-high-dose-vitamin-d-vs-standard-dose-vitamin-d-study","trial","2021-08-09T00:00:00.000Z","unknown","unreviewed"
"https://clinicaltrialfailures.com/trial/NCT03345407-dose-finding-study-of-nemiralisib-gsk2269557-in-subjects-with-an-acute-moderate-","trial","2021-07-14T00:00:00.000Z","unknown","unreviewed"
"https://clinicaltrialfailures.com/trial/NCT03869684-a-study-to-assess-the-safety-tolerability-and-effectiveness-of-mt-0814-for-the-t","trial","2021-04-20T00:00:00.000Z","unknown","unreviewed"
"https://clinicaltrialfailures.com/trial/NCT04341493-hydroxychloroquine-vs-nitazoxanide-in-patients-with-covid-19","trial","2021-04-01T00:00:00.000Z","unknown","unreviewed"
"https://clinicaltrialfailures.com/trial/NCT03572478-rucaparib-and-nivolumab-in-patients-with-prostate-or-endometrial-cancer","trial","2021-03-09T00:00:00.000Z","unknown","unreviewed"
"https://clinicaltrialfailures.com/trial/NCT02865915-mle4901-vs-placebo-for-the-treatment-of-pcos","trial","2021-02-01T00:00:00.000Z","unknown","unreviewed"
"https://clinicaltrialfailures.com/trial/NCT03412734-vaginal-preparation-prior-to-hysterectomy","trial","2021-01-11T00:00:00.000Z","unknown","unreviewed"
"https://clinicaltrialfailures.com/trial/NCT04410354-study-of-merimepodib-in-combination-with-remdesivir-in-adult-patients-with-advan","trial","2020-12-08T00:00:00.000Z","unknown","unreviewed"
"https://clinicaltrialfailures.com/trial/NCT04262388-a-multi-cancer-multi-state-platform-study-of-durvalumab-medi4736-and-oleclumab-m","trial","2020-11-17T00:00:00.000Z","unknown","unreviewed"
"https://clinicaltrialfailures.com/trial/NCT04347889-preventing-covid-19-in-healthcare-workers-with-hcq-a-rct","trial","2020-11-02T00:00:00.000Z","unknown","unreviewed"
"https://clinicaltrialfailures.com/trial/NCT03287804-april-car-t-cells-auto2-targeting-bcma-and-taci-for-the-treatment-of-multiple-my","trial","2020-10-23T00:00:00.000Z","unknown","unreviewed"
"https://clinicaltrialfailures.com/trial/NCT01806064-randomized-phase-2-trial-of-axitinib-and-trc105-versus-axitinib-alone-in-patient","trial","2020-10-19T00:00:00.000Z","unknown","unreviewed"
"https://clinicaltrialfailures.com/trial/NCT00914940-selective-depletion-of-cd45ra-t-cells-from-allogeneic-peripheral-blood-stem-cell","trial","2020-08-20T00:00:00.000Z","unknown","unreviewed"
"https://clinicaltrialfailures.com/trial/NCT04411134-e7-tcr-t-cell-immunotherapy-for-high-grade-cervical-intraepithelial-neoplasia","trial","2020-07-15T00:00:00.000Z","unknown","unreviewed"
"https://clinicaltrialfailures.com/trial/NCT03003390-catheter-related-early-thromboprophylaxis-with-enoxaparin-crete-trial","trial","2020-07-13T00:00:00.000Z","unknown","unreviewed"
"https://clinicaltrialfailures.com/trial/NCT03053050-safety-and-efficacy-of-selonsertib-in-adults-with-nonalcoholic-steatohepatitis-n","trial","2020-06-29T00:00:00.000Z","unknown","unreviewed"
"https://clinicaltrialfailures.com/trial/NCT04346355-efficacy-of-early-administration-of-tocilizumab-in-covid-19-patients","trial","2020-06-22T00:00:00.000Z","unknown","unreviewed"
"https://clinicaltrialfailures.com/trial/NCT03718143-azd1775-in-advanced-acute-myeloid-leukemia-myelodysplastic-syndrome-and-myelofib","trial","2020-06-02T00:00:00.000Z","unknown","unreviewed"
"https://clinicaltrialfailures.com/trial/NCT02263547-rapid-elimination-procedure-of-teriflunomide-with-colestipol-hydrochloride","trial","2020-04-03T00:00:00.000Z","unknown","unreviewed"
"https://clinicaltrialfailures.com/trial/NCT01143545-pilot-study-of-allogeneic-tumor-cell-vaccine-with-metronomic-oral-cyclophosphami","trial","2020-03-03T00:00:00.000Z","unknown","unreviewed"
"https://clinicaltrialfailures.com/trial/NCT01057017-first-line-folfox-bevacizumab-for-advanced-colorectal-cancer-with-wild-type-ras","trial","2020-02-17T00:00:00.000Z","unknown","unreviewed"
"https://clinicaltrialfailures.com/trial/NCT01083641-estrogen-for-triple-negative-breast-cancer","trial","2019-12-09T00:00:00.000Z","unknown","unreviewed"
"https://clinicaltrialfailures.com/trial/NCT02972658-a-study-of-lanabecestat-ly3314814-in-early-alzheimer-s-disease-dementia","trial","2019-12-03T00:00:00.000Z","unknown","unreviewed"
"https://clinicaltrialfailures.com/trial/NCT02190838-comparison-of-melatonin-or-metformin-and-dacarbazine-combination-versus-dacarbaz","trial","2019-11-25T00:00:00.000Z","unknown","unreviewed"
"https://clinicaltrialfailures.com/trial/NCT03610100-acelarin-first-line-randomised-pancreatic-study","trial","2019-10-29T00:00:00.000Z","unknown","unreviewed"
"https://clinicaltrialfailures.com/trial/NCT04002804-immunotherapy-with-autologous-tumor-lysate-loaded-dendritic-cells-in-patients-wi","trial","2019-07-01T00:00:00.000Z","unknown","unreviewed"
"https://clinicaltrialfailures.com/trial/NCT00347646-a-study-to-evaluate-plasmin-for-the-creation-of-a-posterior-vitreous-detachment-","trial","2019-06-21T00:00:00.000Z","unknown","unreviewed"
"https://clinicaltrialfailures.com/trial/NCT02147834-effectiveness-of-ranolazine-on-reducing-chest-pain-in-patients-with-blockage-but","trial","2019-06-11T00:00:00.000Z","unknown","unreviewed"
"https://clinicaltrialfailures.com/trial/NCT02449655-trial-of-azd5363-plus-paclitaxel-azd2014-plus-paclitaxel-in-biomarker-negative-p","trial","2019-05-20T00:00:00.000Z","unknown","unreviewed"
"https://clinicaltrialfailures.com/trial/NCT00153842-a-study-of-paclitaxel-and-carboplatin-in-combination-with-bexarotene-oral-capsul","trial","2019-03-06T00:00:00.000Z","unknown","unreviewed"
"https://clinicaltrialfailures.com/trial/NCT00080119-daily-isoniazid-to-prevent-tuberculosis-in-infants-born-to-mothers-with-hiv","trial","2019-02-05T00:00:00.000Z","unknown","unreviewed"
"https://clinicaltrialfailures.com/trial/NCT02641392-a-long-term-active-treatment-study-of-mongersen-ged-0301-in-subjects-with-crohn-","trial","2019-01-29T00:00:00.000Z","unknown","unreviewed"
"https://clinicaltrialfailures.com/trial/NCT00764660-trial-investigating-the-efficacy-and-safety-of-sch-900435-org-25935-in-relapse-p","trial","2018-10-16T00:00:00.000Z","unknown","unreviewed"
"https://clinicaltrialfailures.com/trial/NCT01184508-a-study-in-migraine-prevention","trial","2018-09-12T00:00:00.000Z","unknown","unreviewed"
"https://clinicaltrialfailures.com/trial/NCT00370942-gw823093c-for-the-treatment-of-type-2-diabetes-mellitus","trial","2018-08-31T00:00:00.000Z","unknown","unreviewed"
"https://clinicaltrialfailures.com/trial/NCT01621243-m402-in-combination-with-nab-paclitaxel-and-gemcitabine-in-pancreatic-cancer","trial","2018-08-29T00:00:00.000Z","unknown","unreviewed"
"https://clinicaltrialfailures.com/trial/NCT03545087-a-study-of-lanabecestat-in-participants-with-severe-kidney-impairment-compared-t","trial","2018-06-28T00:00:00.000Z","unknown","unreviewed"
"https://clinicaltrialfailures.com/trial/NCT02215161-selinexor-in-treating-patients-with-abiraterone-acetate-and-or-enzalutamide-refr","trial","2018-06-26T00:00:00.000Z","unknown","unreviewed"
"https://clinicaltrialfailures.com/trial/NCT03497715-gamma-scintigraphy-study-to-investigate-tablet-disintegration-in-healthy-volunte","trial","2018-04-13T00:00:00.000Z","unknown","unreviewed"
"https://clinicaltrialfailures.com/trial/NCT02119676-study-of-ruxolitinib-in-colorectal-cancer-patients","trial","2018-02-13T00:00:00.000Z","unknown","unreviewed"
"https://clinicaltrialfailures.com/trial/NCT02134015-study-of-patritumab-in-combination-with-erlotinib-in-subjects-with-locally-advan","trial","2018-01-23T00:00:00.000Z","unknown","unreviewed"
"https://clinicaltrialfailures.com/trial/NCT03020784-safety-and-tolerability-of-pf-06818883-in-healthy-subjects","trial","2017-12-11T00:00:00.000Z","unknown","unreviewed"
"https://clinicaltrialfailures.com/trial/NCT01252095-study-of-the-safety-and-tolerability-of-pg545-in-patients-with-advanced-solid-tu","trial","2017-10-09T00:00:00.000Z","unknown","unreviewed"
"https://clinicaltrialfailures.com/trial/NCT01416181-a-clinical-study-of-the-efficacy-of-natalizumab-on-reducing-disability-progressi","trial","2017-09-11T00:00:00.000Z","unknown","unreviewed"
"https://clinicaltrialfailures.com/trial/NCT02576119-a-study-to-determine-the-effect-of-multiple-doses-of-bms-955176-on-the-electroca","trial","2017-08-09T00:00:00.000Z","unknown","unreviewed"
"https://clinicaltrialfailures.com/trial/NCT02431221-efficacy-safety-and-tolerability-of-perhexiline-in-subjects-with-hypertrophic-ca","trial","2017-07-14T00:00:00.000Z","unknown","unreviewed"
"https://clinicaltrialfailures.com/trial/NCT01176565-antihypertensive-treatment-of-acute-cerebral-hemorrhage-ii","trial","2017-04-25T00:00:00.000Z","unknown","unreviewed"
"https://clinicaltrialfailures.com/trial/NCT01391611-pazopanib-in-imatinib-refractory-or-intolerant-gastrointestinal-stromal-tumors-g","trial","2017-04-07T00:00:00.000Z","unknown","unreviewed"
"https://clinicaltrialfailures.com/trial/NCT01562873-ruxolitinib-in-patients-with-breast-cancer","trial","2017-02-23T00:00:00.000Z","unknown","unreviewed"
"https://clinicaltrialfailures.com/trial/NCT01708798-study-of-the-effect-of-eplerenone-on-heart-function-in-women-receiving-anthracyc","trial","2017-01-05T00:00:00.000Z","unknown","unreviewed"
"https://clinicaltrialfailures.com/trial/NCT01374451-efficacy-of-everolimus-alone-or-in-combination-with-pasireotide-lar-in-advanced-","trial","2016-12-20T00:00:00.000Z","unknown","unreviewed"
"https://clinicaltrialfailures.com/trial/NCT00352755-a-phase-ii-study-of-surgical-debulking-with-peritonectomy-and-biweekly-intraperi","trial","2016-12-13T00:00:00.000Z","unknown","unreviewed"
"https://clinicaltrialfailures.com/trial/NCT01589237-extension-to-a-randomized-double-blind-placebo-controlled-study-of-lcq908-in-sub","trial","2016-11-15T00:00:00.000Z","unknown","unreviewed"
"https://clinicaltrialfailures.com/trial/NCT00487162-the-association-between-peri-operative-hyperglycemia-and-major-morbidity-and-mor","trial","2016-11-08T00:00:00.000Z","unknown","unreviewed"
"https://clinicaltrialfailures.com/trial/NCT01348087-long-term-safety-tolerability-and-efficacy-study-of-afq056-in-adult-patients-wit","trial","2016-05-25T00:00:00.000Z","unknown","unreviewed"
"https://clinicaltrialfailures.com/trial/NCT02144753-use-of-novel-prebiotic-fiber-for-targeted-dietary-management-of-irritable-bowel-","trial","2016-05-02T00:00:00.000Z","unknown","unreviewed"
"https://clinicaltrialfailures.com/trial/NCT02053116-a-6-week-study-to-determine-the-safety-and-effect-of-an-investigational-drug-giv","trial","2016-05-02T00:00:00.000Z","unknown","unreviewed"
"https://clinicaltrialfailures.com/trial/NCT01925118-irradiated-donor-lymphocyte-infusion-plus-high-dose-il-2","trial","2016-04-26T00:00:00.000Z","unknown","unreviewed"
"https://clinicaltrialfailures.com/trial/NCT01628913-efficacy-and-safety-of-bez235-compared-to-everolimus-in-patients-with-advanced-p","trial","2016-04-07T00:00:00.000Z","unknown","unreviewed"
"https://clinicaltrialfailures.com/trial/NCT02137343-a-phase-3-study-of-rilotumumab-amg-102-with-cisplatin-and-capecitabine-cx-as-fir","trial","2016-04-04T00:00:00.000Z","unknown","unreviewed"
"https://clinicaltrialfailures.com/trial/NCT00664573-104ra204-assessment-of-the-safety-and-efficacy-of-bg9924-in-rheumatoid-arthritis","trial","2016-01-21T00:00:00.000Z","unknown","unreviewed"
"https://clinicaltrialfailures.com/trial/NCT00492531-sildenafil-therapy-for-pulmonary-hypertension-and-sickle-cell-disease","trial","2016-01-06T00:00:00.000Z","unknown","unreviewed"
"https://clinicaltrialfailures.com/trial/NCT02169336-placebo-controlled-evaluation-of-intranasal-dexmedetomidine-for-postoperative-an","trial","2015-12-10T00:00:00.000Z","unknown","unreviewed"
"https://clinicaltrialfailures.com/trial/NCT01134835-ppar-gamma-a-novel-therapeutic-target-for-asthma","trial","2015-12-03T00:00:00.000Z","unknown","unreviewed"
"https://clinicaltrialfailures.com/trial/NCT00796666-study-looking-at-combination-therapy-sitaxsentan-sildenafil-vs-monotherapy-sitax","trial","2015-03-24T00:00:00.000Z","unknown","unreviewed"
"https://clinicaltrialfailures.com/trial/NCT00795639-sitaxsentan-efficacy-and-safety-trial-with-a-randomized-prospective-assessment-o","trial","2015-03-24T00:00:00.000Z","unknown","unreviewed"
"https://clinicaltrialfailures.com/trial/NCT00593658-pilot-study-of-pentoxifylline-for-hepatopulmonary-syndrome","trial","2015-03-09T00:00:00.000Z","unknown","unreviewed"
"https://clinicaltrialfailures.com/trial/NCT00072189-a-phase-ii-study-of-ucn-01-in-metastatic-melanoma","trial","2015-03-02T00:00:00.000Z","unknown","unreviewed"
