nct_id,brief_title,overall_status,why_stopped,classification_label,classification_reason,classification_confidence,classification_evidence,study_type,phases,lead_sponsor,collaborators,conditions,intervention_names,intervention_types,start_date,primary_completion_date,completion_date,last_update_post_date,url
NCT05070247,A Study of TAK-500 With or Without Pembrolizumab in Adults With Select Locally Advanced or Metastatic Solid Tumors,TERMINATED,Clinical Futility of TAK 500 met. No further development with this compound,BIOLOGICAL_FAILURE,EFFICACY/FUTILITY,HIGH,"score=6;eff:term:futility(w=3),eff:futility_phrase",INTERVENTIONAL,PHASE1; PHASE2,Takeda,,"Pancreatic Cancer; Hepatocellular Cancer; Mesothelioma; Breast Cancer; Gastric Cancer; Esophageal Cancer; Nasopharyngeal Cancer; Kidney Cancer; Squamous Cell Cancer of Head and Neck (SCCHN); Non-small Cell Lung Cancer (NSCLC), Non-squamous",TAK-500; Pembrolizumab; Tocilizumab; Dexamethasone; Dexamethasone,DRUG; DRUG; DRUG; DRUG; DRUG,2022-04-14,2025-01-06,2025-01-06,2026-01-22,https://clinicaltrials.gov/study/NCT05070247
NCT03926624,Trial of DFP-10917 vs Non-Intensive or Intensive Reinduction for AML Patients in 2nd/3rd/4th Salvage,TERMINATED,The data met the protocol-specified criteria for futility of the investigational treatment.,BIOLOGICAL_FAILURE,EFFICACY/FUTILITY,HIGH,"score=6;eff:term:futility(w=3),eff:futility_phrase",INTERVENTIONAL,PHASE3,"Delta-Fly Pharma, Inc.",,"Leukemia, Myeloid, Acute",DFP-10917; Cytarabine; Azacitidine; Decitabine; Mitoxantrone; Etoposide; Fludarabine; Idarubicin; Venetoclax; Cladribine,DRUG; DRUG; DRUG; DRUG; DRUG; DRUG; DRUG; DRUG; DRUG; DRUG,2019-11-22,2026-01-07,2026-01-07,2026-01-22,https://clinicaltrials.gov/study/NCT03926624
NCT05419479,Switch Maintenance in Pancreatic,SUSPENDED,Efficacy concerns.,BIOLOGICAL_FAILURE,EFFICACY/FUTILITY,MEDIUM,"score=4;eff:term:efficacy concern(w=2),eff:term:efficacy concerns(w=2)",INTERVENTIONAL,PHASE1; PHASE2,"James Cleary, MD, PhD","Arcus Biosciences, Inc.; Lustgarten Foundation",Pancreatic Cancer; Adenocarcinoma of the Pancreas; Squamous Cell Carcinoma of Pancreas; Adenosquamous Carcinoma of the Pancreas,ZIMBERELIMAB; DOMVANALIMAB; APX005M; FOLFIRI,DRUG; DRUG; DRUG; DRUG,2022-11-30,2026-01-31,2028-09-30,2026-01-15,https://clinicaltrials.gov/study/NCT05419479
NCT04266301,"Study of Efficacy and Safety of MBG453 in Combination With Azacitidine in Subjects With Intermediate, High or Very High Risk Myelodysplastic Syndrome (MDS) as Per IPSS-R, or Chronic Myelomonocytic Leukemia-2 (CMML-2)",TERMINATED,"In December 2023, Novartis decided to terminate the sabatolimab clinical development program early after Phase II (MDS1) and Phase III (MDS2) studies failed to meet their primary objectives. The termination was not due to safety concerns.",BIOLOGICAL_FAILURE,EFFICACY/FUTILITY,MEDIUM,score=3;eff:term:failed to meet(w=3),INTERVENTIONAL,PHASE3,Novartis Pharmaceuticals,,"Myelodysplastic Syndromes; Leukemia, Myelomonocytic, Chronic",Sabatolimab; Azacitidine; Placebo,DRUG; DRUG; DRUG,2020-06-08,2024-10-02,2024-10-02,2026-01-13,https://clinicaltrials.gov/study/NCT04266301
NCT06528093,A Study to Find a Suitable Dose of BI 765883 and to Test Whether it Helps People With Advanced Pancreatic Cancer When Taken Alone or Together With Chemotherapy,TERMINATED,Primary endpoint not met,BIOLOGICAL_FAILURE,EFFICACY/FUTILITY,HIGH,"score=7;eff:term:primary endpoint(w=1),eff:term:endpoint not met(w=3),eff:endpoint_not_met_phrase",INTERVENTIONAL,PHASE1,Boehringer Ingelheim,,Pancreatic Ductal Adenocarcinoma,BI 765883; gemcitabine; nab-paclitaxel,DRUG; DRUG; DRUG,2024-10-16,2025-03-19,2025-06-19,2026-01-09,https://clinicaltrials.gov/study/NCT06528093
NCT06692452,Tazemetostat Plus CHOP in 1L T-cell Lymphoma,SUSPENDED,Ipsen requested a temporary closure due to a safety concern.,BIOLOGICAL_FAILURE,SAFETY,HIGH,"score=7;saf:term:safety(w=1),saf:causal_near:safety,saf:term:safety concern(w=2),saf:causal_near:safety concern",INTERVENTIONAL,PHASE2,"Eric Jacobsen, MD",Ipsen,Lymphoma; Peripheral T Cell Lymphoma; Angioimmunoblastic T-cell Lymphoma; Enteropathy-Associated T-Cell Lymphoma; Monomorphic Epitheliotropic Intestinal T-Cell Lymphoma,Tazemetostat; Doxorubicin; Vincristine; Prednisone; Cytoxan; Carmustine; Etoposide; Cytarabine; Melphalan,DRUG; DRUG; DRUG; DRUG; DRUG; DRUG; DRUG; DRUG; DRUG,2024-12-24,2027-10-01,2032-10-01,2026-01-07,https://clinicaltrials.gov/study/NCT06692452
NCT03760523,Dose Escalation Study of Minnelide in Relapsed or Refractory Acute Myeloid Leukemia,TERMINATED,Toxicity -Two DLT events occurred,BIOLOGICAL_FAILURE,SAFETY,MEDIUM,"score=4;saf:term:toxicity(w=2),saf:term:toxic(w=1),saf:term:dlt(w=1)",INTERVENTIONAL,PHASE1,H. Lee Moffitt Cancer Center and Research Institute,Minneamrita Therapeutics LLC,Acute Myeloid Leukemia,Minnelide,DRUG,2019-04-18,2023-10-09,2023-10-09,2026-01-07,https://clinicaltrials.gov/study/NCT03760523
NCT06649682,68Ga-NYM096/177Lu-NYM096 in Metastatic ccRCC,SUSPENDED,This trial has been suspended given the concerns of stomach adverse effect in the first dose of 177Lu-NYM096 treatment (one patient developed grade 3 radiation-induced gastritis).,BIOLOGICAL_FAILURE,SAFETY,MEDIUM,score=2;saf:term:adverse effect(w=2),INTERVENTIONAL,PHASE1,Peking Union Medical College Hospital,,Clear Cell Renal Cell Carcinoma,68Ga-NYM096 PET/CT and 177Lu-NYM096,DRUG,2024-11-21,2026-10,2027-10,2025-12-31,https://clinicaltrials.gov/study/NCT06649682
NCT05267106,Study to Evaluate the Efficacy and Safety of Pemigatinib in Participants With Previously Treated Glioblastoma or Other Primary Central Nervous System Tumors Harboring Activating FGFR1-3 Alterations,TERMINATED,Recruitment ceased after a pre-planned futility interim analysis indicated a low probability to confer a clinically meaningful improvement in objective response when compared to currently available therapies. There were no safety related concerns.,BIOLOGICAL_FAILURE,EFFICACY/FUTILITY,HIGH,"score=6;eff:term:futility(w=3),eff:term:interim analysis(w=1),eff:futility_phrase",INTERVENTIONAL,PHASE2,Incyte Corporation,,Glioblastoma; Adult-type Diffuse Gliomas,Pemigatinib,DRUG,2022-05-20,2024-12-17,2024-12-17,2025-12-30,https://clinicaltrials.gov/study/NCT05267106
NCT06488716,"A Study to Evaluate the Safety, Pharmacokinetics, and Activity of RO7759065 as a Single Agent and in Combination With Atezolizumab in Patients With Locally Advanced or Metastatic Solid Tumors",TERMINATED,"Following a thorough review of safety data, preliminary efficacy data and an evaluation of overall risk-benefit, Sponsor made the decision to end the study.",BIOLOGICAL_FAILURE,SAFETY,MEDIUM,"score=3;saf:term:safety(w=1),saf:term:risk-benefit(w=2)",INTERVENTIONAL,PHASE1,"Genentech, Inc.",,Solid Tumour,RO7759065; Atezolizumab,DRUG; DRUG,2024-12-16,2025-11-05,2025-11-05,2025-12-24,https://clinicaltrials.gov/study/NCT06488716
NCT04157517,A Study of Modakafusp Alfa (TAK-573) Given by Itself and Together With Pembrolizumab in Adults With Advanced or Metastatic Solid Tumors,TERMINATED,Study was terminated early due to futility.,BIOLOGICAL_FAILURE,EFFICACY/FUTILITY,HIGH,"score=8;eff:term:futility(w=3),eff:causal_near:futility,eff:futility_phrase",INTERVENTIONAL,PHASE1; PHASE2,Takeda,,Neoplasms; Melanoma,Modakafusp Alfa; Pembrolizumab,DRUG; DRUG,2019-12-12,2023-12-20,2023-12-20,2025-12-19,https://clinicaltrials.gov/study/NCT04157517
NCT04445064,Activity and Safety of Peptide-based Immunotherapy in Patients With Squamous Cell Carcinoma of the Head and Neck.,TERMINATED,unmet primary endpoint,BIOLOGICAL_FAILURE,EFFICACY/FUTILITY,MEDIUM,"score=5;eff:term:unmet primary endpoint(w=3),eff:term:primary endpoint(w=1),eff:term:unmet primary(w=1)",INTERVENTIONAL,PHASE2,Cliniques universitaires Saint-Luc- Université Catholique de Louvain,,Oropharynx Squamous Cell Carcinoma; Larynx Squamous Cell Carcinoma; Hypopharynx Squamous Cell Carcinoma; Oral Cavity Squamous Cell Carcinoma,IO102; IO103,BIOLOGICAL; BIOLOGICAL,2020-08-14,2024-06-08,2025-03-20,2025-12-16,https://clinicaltrials.gov/study/NCT04445064
NCT05583110,Efficacy and Safety of the Combination of Trastuzumab Plus TUCAtinib Plus viNorelbine in Patients With HER2-positive Non-resectable Locally Advanced or Metastatic Breast Cancer,TERMINATED,"The study was closed early due to safety concerns and an unfavorable benefit-risk balance. Unexpected high neutropenia rates required a costly sub-study, which was not feasible, forcing the sponsor to terminate the trial prematurely.",BIOLOGICAL_FAILURE,SAFETY,HIGH,"score=11;saf:term:safety(w=1),saf:causal_near:safety,saf:term:safety concern(w=2),saf:causal_near:safety concern,saf:term:safety concerns(w=2),saf:causal_near:safety concerns",INTERVENTIONAL,PHASE2,Spanish Breast Cancer Research Group,Seagen Inc.,HER2-positive Metastatic Breast Cancer; Locally Advanced HER2 Positive Breast Carcinoma,Tucatinib; Trastuzumab; Vinorelbine,DRUG; DRUG; DRUG,2023-03-08,2025-05-30,2025-05-30,2025-12-10,https://clinicaltrials.gov/study/NCT05583110
NCT03274258,Phase II Trial of Nivolumab Plus Ipilimumab in Patients With Renal Medullary Carcinoma,TERMINATED,The study met its prespecified futility criteria during the prespecified interim futility analysis after enrolling the first cohort of 10 patients.,BIOLOGICAL_FAILURE,EFFICACY/FUTILITY,HIGH,"score=12;eff:term:futility(w=3),eff:term:futility(w=3),eff:term:futility analysis(w=3),eff:futility_phrase",INTERVENTIONAL,PHASE2,M.D. Anderson Cancer Center,National Cancer Institute (NCI),Kidney Medullary Carcinoma; Loss of INI 1 Protein Expression; Stage III Renal Cell Cancer AJCC v8; Stage IV Renal Cell Cancer AJCC v8,Ipilimumab; Nivolumab,BIOLOGICAL; BIOLOGICAL,2017-12-13,2025-11-21,2025-11-21,2025-12-03,https://clinicaltrials.gov/study/NCT03274258
NCT06964165,A Study Comparing Niraparib Versus Platinum-Taxane Doublet Chemotherapy as Neoadjuvant Treatment in Participants With Homologous Recombination-Deficient Stage III/IV Ovarian Cancer (COHORT-C),TERMINATED,The study stopped after meeting pre-specified futility criteria,BIOLOGICAL_FAILURE,EFFICACY/FUTILITY,HIGH,"score=6;eff:term:futility(w=3),eff:futility_phrase",INTERVENTIONAL,PHASE2,"Tesaro, Inc.",,Ovarian Neoplasms,Niraparib; Carboplatin; Paclitaxel,DRUG; DRUG; DRUG,2022-04-14,2024-06-28,2025-03-31,2025-11-26,https://clinicaltrials.gov/study/NCT06964165
NCT04549428,Atezolizumab Plus 8 Gy Single-fraction Radiotherapy for Advanced Oligoprogressive NSCLC,TERMINATED,"Terminated for futility, as determined by an interim data analysis.",BIOLOGICAL_FAILURE,EFFICACY/FUTILITY,HIGH,"score=6;eff:term:futility(w=3),eff:futility_phrase",INTERVENTIONAL,PHASE2,Oncology Institute of Southern Switzerland,"Ente Ospedaliero Cantonale, Bellinzona; Istituto Cantonale di Patologia; Clinical Trial Unit Ente Ospedaliero Cantonale",NSCLC Stage IV,Atezolizumab,DRUG,2020-10-01,2023-01-23,2025-05-31,2025-11-18,https://clinicaltrials.gov/study/NCT04549428
NCT02173756,Evaluation of Oral Morphine Gel in Oral Mucositis Induced by Chemotherapy in Children and Young Adults,TERMINATED,Numerous premature study discontinuations due to adverse events,BIOLOGICAL_FAILURE,SAFETY,HIGH,"score=8;saf:term:adverse event(w=2),saf:causal_near:adverse event,saf:term:adverse events(w=2),saf:causal_near:adverse events",INTERVENTIONAL,PHASE3,"University Hospital, Strasbourg, France",,Cancer,morphine gel; placebo gel,DRUG; DRUG,2014-06,2017-09,2017-09,2025-11-18,https://clinicaltrials.gov/study/NCT02173756
NCT04635059,Pacritinib for Biochemical Relapse After Definitive Treatment for Prostate Cancer,TERMINATED,futility and drug supplier in favor of new metastatic protocol.,BIOLOGICAL_FAILURE,EFFICACY/FUTILITY,HIGH,"score=6;eff:term:futility(w=3),eff:futility_phrase",INTERVENTIONAL,PHASE2,Medical College of Wisconsin,,Prostate Cancer,Pacritinib,DRUG,2021-06-01,2023-11-30,2024-10-27,2025-11-17,https://clinicaltrials.gov/study/NCT04635059
NCT05256381,A Study of SOT101 in Combination With Pembrolizumab to Evaluate the Efficacy and Safety in Patients With Selected Advanced Solid Tumors,TERMINATED,Due to lack of expected efficacy shown at the time of the interim analysis,BIOLOGICAL_FAILURE,EFFICACY/FUTILITY,MEDIUM,"score=3;eff:term:interim analysis(w=1),eff:causal_near:interim analysis",INTERVENTIONAL,PHASE2,SOTIO Biotech AG,Merck Sharp & Dohme LLC,Non-Small Cell Lung Cancer; Colorectal Cancer; Cutaneous Squamous Cell Carcinoma; Hepatocellular Carcinoma; Castration-resistant Prostate Cancer; Ovarian Cancer,Nanrilkefusp Alfa; Pembrolizumab,DRUG; DRUG,2022-06-21,2024-08-31,2024-11-29,2025-11-17,https://clinicaltrials.gov/study/NCT05256381
NCT02623439,A Study of Haploidentical Bone Marrow Transplant for Patients With Hematologic Malignancies,TERMINATED,Toxicity,BIOLOGICAL_FAILURE,SAFETY,MEDIUM,"score=3;saf:term:toxicity(w=2),saf:term:toxic(w=1)",INTERVENTIONAL,PHASE2,"University of California, San Diego",,Hematologic Malignancies,Cyclophosphamide 50 mg/kg IV Days 3 and 4 post transplant,DRUG,2012-09-21,2016-05-12,2023-01-01,2025-11-10,https://clinicaltrials.gov/study/NCT02623439
NCT05316116,Siltuximab in Large Granular Lymphocytic Leukemia (LGLL),TERMINATED,lack of efficacy/futility,BIOLOGICAL_FAILURE,EFFICACY/FUTILITY,HIGH,"score=9;eff:term:lack of efficacy(w=3),eff:term:futility(w=3),eff:futility_phrase",INTERVENTIONAL,EARLY_PHASE1,H. Lee Moffitt Cancer Center and Research Institute,"EUSA Pharma, Inc.",Large Granular Lymphocyte Leukemia,Siltuximab,DRUG,2023-02-15,2024-10-18,2024-10-18,2025-10-31,https://clinicaltrials.gov/study/NCT05316116
NCT05469178,A Clinical Study of Bemcentinib With Standard of Care Chemoimmunotherapy in Untreated Advanced/Metastatic Non-small Cell Lung Cancer Patients With a Mutation in the STK11 Gene,TERMINATED,Lack of efficacy,BIOLOGICAL_FAILURE,EFFICACY/FUTILITY,MEDIUM,score=3;eff:term:lack of efficacy(w=3),INTERVENTIONAL,PHASE1; PHASE2,BerGenBio ASA,,"Carcinoma, Non-Small-Cell Lung",Bemcentinib; Pembrolizumab; Pemetrexed; Carboplatin,DRUG; DRUG; DRUG; DRUG,2023-03-03,2025-04-03,2025-04-03,2025-10-29,https://clinicaltrials.gov/study/NCT05469178
NCT05491317,A Safety and Antitumor Activity Trial of Immunoradiotherapy Combinations as a Treatment Option for Subjects With Metastatic Solid Tumors,TERMINATED,"After reviewing all available data from Part 1 of the trial, the Sponsor has decided not to proceed to Part 2 (randomized Phase 2) of the trial due to lack of efficacy",BIOLOGICAL_FAILURE,EFFICACY/FUTILITY,MEDIUM,"score=5;eff:term:lack of efficacy(w=3),eff:causal_near:lack of efficacy",INTERVENTIONAL,PHASE1; PHASE2,Genmab,BioNTech SE,Non-CNS Tumor,GEN1042; Pembrolizumab; Radiotherapy,BIOLOGICAL; DRUG; RADIATION,2023-03-08,2025-08-11,2025-08-11,2025-10-23,https://clinicaltrials.gov/study/NCT05491317
NCT02711137,Open-Label Safety and Tolerability Study of INCB057643 in Subjects With Advanced Malignancies,TERMINATED,Study terminated due to safety issues.,BIOLOGICAL_FAILURE,SAFETY,HIGH,"score=11;saf:term:safety(w=1),saf:causal_near:safety,saf:term:safety issue(w=2),saf:causal_near:safety issue,saf:term:safety issues(w=2),saf:causal_near:safety issues",INTERVENTIONAL,PHASE1; PHASE2,Incyte Corporation,,Solid Tumors,INCB057643; Gemcitabine; Paclitaxel; Rucaparib; Abiraterone; Ruxolitinib; Azacitidine,DRUG; DRUG; DRUG; DRUG; DRUG; DRUG; DRUG,2016-05-18,2019-02-13,2019-02-13,2025-10-21,https://clinicaltrials.gov/study/NCT02711137
NCT04551066,To Evaluate the Efficacy and Safety of Parsaclisib and Ruxolitinib in Participants With Myelofibrosis (LIMBER-313),TERMINATED,The study was terminated due to futility.,BIOLOGICAL_FAILURE,EFFICACY/FUTILITY,HIGH,"score=8;eff:term:futility(w=3),eff:causal_near:futility,eff:futility_phrase",INTERVENTIONAL,PHASE3,Incyte Corporation,,Myelofibrosis; Primary Myelofibrosis; Post Essential Thrombocythemia Myelofibrosis; Post Polycythemia Vera Myelofibrosis,parsaclisib; ruxolitinib; placebo,DRUG; DRUG; DRUG,2021-05-24,2023-08-03,2024-11-25,2025-10-21,https://clinicaltrials.gov/study/NCT04551066
NCT05429502,Study of Efficacy and Safety of Ribociclib (LEE011) in Combination With Topotecan and Temozolomide (TOTEM) in Pediatric Patients With Relapsed or Refractory Neuroblastoma and Other Solid Tumors,TERMINATED,"Study halted early due to high toxicity risk (from BHLRM model) in combo treatment and inability to identify recommended Phase 2 dose in initial phase (Phase 1-Part A), making continuation to subsequent phases (Phase 1-Part B and Phase 2) unfeasible.",BIOLOGICAL_FAILURE,SAFETY,HIGH,"score=7;saf:term:toxicity(w=2),saf:causal_near:toxicity,saf:term:toxic(w=1),saf:causal_near:toxic",INTERVENTIONAL,PHASE1,Novartis Pharmaceuticals,Innovative Therapies For Children with Cancer Consortium,Neuroblastoma,Topotecan; Temozolomide; Ribociclib,DRUG; DRUG; DRUG,2022-12-27,2025-02-26,2025-02-26,2025-10-10,https://clinicaltrials.gov/study/NCT05429502
NCT04459715,"A Study of Xevinapant (Debio 1143) in Combination With Platinum-Based Chemotherapy and Standard Fractionation Intensity-Modulated Radiotherapy in Participants With Locally Advanced Squamous Cell Carcinoma of the Head and Neck, Suitable for Definitive Chemoradiotherapy (TrilynX)",TERMINATED,Study has crossed the pre-defined futility boundary at the Interim Analysis.,BIOLOGICAL_FAILURE,EFFICACY/FUTILITY,HIGH,"score=7;eff:term:futility(w=3),eff:term:interim analysis(w=1),eff:futility_phrase",INTERVENTIONAL,PHASE3,"EMD Serono Research & Development Institute, Inc.","GORTEC (Head and Neck Oncology and Radiotherapy Group); Merck KGaA, Darmstadt, Germany",Squamous Cell Carcinoma of the Head and Neck,Xevinapant (Debio 1143); Cisplatin; Intensity Modulation Radiation Therapy (IMRT); Placebo,DRUG; DRUG; RADIATION; DRUG,2020-08-07,2024-09-18,2024-09-18,2025-10-08,https://clinicaltrials.gov/study/NCT04459715
NCT03901469,A Study of ZEN003694 and Talazoparib in Patients With Triple Negative Breast Cancer,TERMINATED,Parts 1 and 2 and Expansion Cohort C were completed. Expansion Cohorts A and B were discontinued based on results from an interim futility analysis and not due to safety concerns.,BIOLOGICAL_FAILURE,EFFICACY/FUTILITY,HIGH,"score=9;eff:term:futility(w=3),eff:term:futility analysis(w=3),eff:futility_phrase",INTERVENTIONAL,PHASE2,Zenith Epigenetics,"Pfizer; Newsoara Biopharma Co., Ltd.",Triple Negative Breast Cancer,ZEN003694; Talazoparib,DRUG; DRUG,2019-06-26,2024-03-07,2024-03-07,2025-10-07,https://clinicaltrials.gov/study/NCT03901469
NCT04551053,To Evaluate Efficacy and Safety of Parsaclisib and Ruxolitinib in Participants With Myelofibrosis Who Have Suboptimal Response to Ruxolitinib (LIMBER-304),TERMINATED,The study was terminated due to futility.,BIOLOGICAL_FAILURE,EFFICACY/FUTILITY,HIGH,"score=8;eff:term:futility(w=3),eff:causal_near:futility,eff:futility_phrase",INTERVENTIONAL,PHASE3,Incyte Corporation,,Myelofibrosis; Primary Myelofibrosis; Post Essential Thrombocythemia Myelofibrosis; Post Polycythemia Vera Myelofibrosis,parsaclisib; ruxolitinib; placebo,DRUG; DRUG; DRUG,2021-05-26,2023-08-16,2024-08-21,2025-10-02,https://clinicaltrials.gov/study/NCT04551053
NCT05821777,"A Study to Evaluate Safety, Tolerability and Preliminary Activity of LB101 in Participants With Advanced Solid Tumors",TERMINATED,"Sponsor terminated the study due to non-safety reasons. Based on the data and the current competitive landscape, Sponsor made the decision to close the study.",BIOLOGICAL_FAILURE,SAFETY,MEDIUM,"score=3;saf:term:safety(w=1),saf:causal_near:safety",INTERVENTIONAL,PHASE1; PHASE2,Centessa Pharmaceuticals (UK) Limited,LockBody Therapeutics Ltd,Advanced Solid Tumor,LB101,DRUG,2023-03-28,2025-01-24,2025-09-09,2025-09-25,https://clinicaltrials.gov/study/NCT05821777
NCT04676360,Belantamab Mafodotin In Plasmablastic Lymphoma & ALK+ Large B-Cell Lymphoma,TERMINATED,The study was closed given lack of efficacy and plans to publish this negative study.,BIOLOGICAL_FAILURE,EFFICACY/FUTILITY,MEDIUM,score=3;eff:term:lack of efficacy(w=3),INTERVENTIONAL,PHASE2,"Jacob Soumerai, MD",GlaxoSmithKline,Relapsed Plasmablastic Lymphoma; Refractory Plasmablastic Lymphoma; Anaplastic Lymphoma Kinase Positive Large B-Cell Lymphoma,Belantamab Mafodotin,DRUG,2021-07-01,2023-11-27,2024-11-26,2025-09-25,https://clinicaltrials.gov/study/NCT04676360
NCT03506373,"Ibrutinib and Ixazomib Citrate in Treating Newly Diagnosed, Relapsed or Refractory Waldenstrom Macroglobulinemia",TERMINATED,Discontinued after interim analysis for futility; no treatment successes observed in the first 12 patients,BIOLOGICAL_FAILURE,EFFICACY/FUTILITY,HIGH,"score=7;eff:term:futility(w=3),eff:term:interim analysis(w=1),eff:futility_phrase",INTERVENTIONAL,PHASE2,Mayo Clinic,,Recurrent Waldenstrom Macroglobulinemia; Refractory Waldenstrom Macroglobulinemia; Waldenstrom Macroglobulinemia,Ibrutinib; Ixazomib Citrate; Laboratory Biomarker Analysis; Pharmacodynamic Study; Pharmacokinetic Study,DRUG; DRUG; OTHER; OTHER; OTHER,2018-08-14,2023-02-06,2025-06-23,2025-09-18,https://clinicaltrials.gov/study/NCT03506373
NCT02438761,PF-05212384 (PKI-587) for t-AML/MDS or de Novo Relapsed or Refractory Acute Myeloid Leukemia (AML) (LAM-PIK),TERMINATED,"No objective response was observed at the first step. The treatment was considered ineffective, with a complete clinical trial suspension.",BIOLOGICAL_FAILURE,EFFICACY/FUTILITY,MEDIUM,score=2;eff:term:ineffective(w=2),INTERVENTIONAL,PHASE2,Institut Curie,"Fondation ARC; National Cancer Institute, France","Therapy-related Acute Myeloid Leukemia and Myelodysplastic Syndrome; Acute Myeloid Leukemia, in Relapse; de Novo Acute Myeloid Leukemia at Diagnostic",PF-05212384,DRUG,2015-08-31,2017-05-10,2018-04-23,2025-09-08,https://clinicaltrials.gov/study/NCT02438761
NCT03150693,Inotuzumab Ozogamicin and Frontline Chemotherapy in Treating Young Adults With Newly Diagnosed B Acute Lymphoblastic Leukemia,SUSPENDED,Unacceptable Toxicity,BIOLOGICAL_FAILURE,SAFETY,HIGH,"score=6;saf:term:toxicity(w=2),saf:term:toxic(w=1),saf:term:unacceptable toxicity(w=3)",INTERVENTIONAL,PHASE3,Alliance for Clinical Trials in Oncology,National Cancer Institute (NCI),B Acute Lymphoblastic Leukemia,Allopurinol; Cytarabine; Daunorubicin Hydrochloride; Vincristine Sulfate; Dexamethasone; Pegylated L-Asparaginase; Methotrexate; Bone Marrow Aspiration and Biopsy; Cyclophosphamide; Mercaptopurine; Rituximab; Doxorubicin; Thioguanine; Inotuzumab Ozogamicin; Laboratory Biomarker Analysis,DRUG; DRUG; DRUG; DRUG; DRUG; DRUG; DRUG; PROCEDURE; DRUG; DRUG; BIOLOGICAL; DRUG; DRUG; BIOLOGICAL; OTHER,2017-09-20,2026-03-31,2026-08,2025-09-05,https://clinicaltrials.gov/study/NCT03150693
NCT00766142,Chemotherapy and Cetuximab in Patients Undergoing Surgery for Peritoneal Carcinomatosis From Colorectal Cancer,TERMINATED,"In 2008, new data highlighted that Cetuximab had no efficacy in case of KRAS mutation. As such, eligibility criteria were revised and limited to KRAS wild-type. Inclusions were thus slown down considerably, and the trial was stopped.",BIOLOGICAL_FAILURE,EFFICACY/FUTILITY,MEDIUM,score=3;eff:term:no efficacy(w=3),INTERVENTIONAL,PHASE2,Institut Bergonié,"Assistance Publique - Hôpitaux de Paris; Centre Alexis Vautrin, Nancy; Centre Leon Berard; Institut Cancerologie de l'Ouest; Hôpital Haut-Lévêque; Clinique Médicale de Francheville",Colorectal Cancer; Primary Peritoneal Cavity Cancer,cetuximab; fluorouracil; leucovorin calcium; oxaliplatin; adjuvant therapy; therapeutic conventional surgery,BIOLOGICAL; DRUG; DRUG; DRUG; PROCEDURE; PROCEDURE,2007-05-01,2013-09-17,2013-09-17,2025-08-29,https://clinicaltrials.gov/study/NCT00766142
NCT04057365,Study of the Combination of DKN-01 and Nivolumab in Previously Treated Patients With Advanced Biliary Tract Cancer (BTC),TERMINATED,"Based on a Simon 2-stage design, this study did not meet response criteria to proceed to stage 2.",BIOLOGICAL_FAILURE,EFFICACY/FUTILITY,MEDIUM,score=3;eff:term:did not meet(w=3),INTERVENTIONAL,PHASE2,Massachusetts General Hospital,"Bristol-Myers Squibb; Leap Therapeutics, Inc.",Biliary Tract Cancer,Nivolumab; DKN-01,DRUG; DRUG,2019-10-07,2022-09-25,2022-09-25,2025-08-13,https://clinicaltrials.gov/study/NCT04057365
NCT04141995,FOLFIRINOX With Digoxin in Patients With Resectable Pancreatic Cancer,TERMINATED,Due to low accrual and futility,BIOLOGICAL_FAILURE,EFFICACY/FUTILITY,HIGH,"score=7;eff:term:futility(w=3),eff:causal_near:futility,eff:futility_phrase",INTERVENTIONAL,PHASE2,University of Nebraska,National Cancer Institute (NCI),Pancreas Cancer; Adenocarcinoma of the Pancreas,Digoxin; 5Fluorouracil; Calcium Leucovorin; Irinotecan; Oxaliplatin,DRUG; DRUG; DRUG; DRUG; DRUG,2021-02-12,2025-05-13,2025-05-13,2025-08-07,https://clinicaltrials.gov/study/NCT04141995
NCT05617313,"Study of GT103 in Combination With Pembrolizumab in Refractory, Metastatic Non-Small Cell Lung Cancer",TERMINATED,Study did not meet the criteria for continuation after interim analysis,BIOLOGICAL_FAILURE,EFFICACY/FUTILITY,MEDIUM,score=3;eff:term:did not meet(w=3),INTERVENTIONAL,PHASE2,Jeffrey Clarke,Merck Sharp & Dohme LLC; Grid Therapeutics,Non Small Cell Lung Cancer; Metastatic NSCLC; Recurrent Non Small Cell Lung Cancer,Pembrolizumab; GT103,DRUG; DRUG,2023-02-17,2025-06-26,2025-06-26,2025-07-30,https://clinicaltrials.gov/study/NCT05617313
NCT05619172,A Study of Nanrilkefusp Alfa (SOT101) in Combination With Cetuximab to Evaluate the Efficacy and Safety in Patients With Colorectal Cancer,TERMINATED,Due to lack of efficacy shown at the time of the interim analysis.,BIOLOGICAL_FAILURE,EFFICACY/FUTILITY,HIGH,"score=8;eff:term:lack of efficacy(w=3),eff:causal_near:lack of efficacy,eff:term:interim analysis(w=1),eff:causal_near:interim analysis",INTERVENTIONAL,PHASE2,SOTIO Biotech AG,,Colorectal Cancer,Nanrilkefusp alfa; Cetuximab,DRUG; DRUG,2022-12-22,2024-03-06,2024-06-05,2025-07-24,https://clinicaltrials.gov/study/NCT05619172
NCT00087776,Study of Taxoprexin Injection vs. Dacarbazine in Patients With Metastatic Malignant Melanoma,TERMINATED,Interim analysis determined that the futility boundary had been crossed and there was no reasonable prospect that statistical significance would be achieved if patient accrual continued,BIOLOGICAL_FAILURE,EFFICACY/FUTILITY,HIGH,"score=6;eff:term:futility(w=3),eff:term:interim analysis(w=1),eff:futility_phrase",INTERVENTIONAL,PHASE3,"American Regent, Inc.",,Malignant Melanoma,Taxoprexin; Dacarbazine,DRUG; DRUG,2002-12-06,2007-10-27,2007-10-27,2025-07-23,https://clinicaltrials.gov/study/NCT00087776
NCT05714553,NUC-3373 in Combination With Other Agents in Patients With Advanced Solid Tumours,TERMINATED,The NuTide:303 study was terminated at NuCana's discretion due to refinement of the pipeline strategy. The overall risk benefit assessment of NUC-3373 remains positive and future NUC-3373 studies are under consideration.,BIOLOGICAL_FAILURE,SAFETY,MEDIUM,score=2;saf:term:risk benefit(w=2),INTERVENTIONAL,PHASE1; PHASE2,NuCana plc,,Advanced Cancer; Advanced Solid Tumor; Neoplasm Malignant; Metastatic Cancer; Melanoma; Classical Hodgkin Lymphoma; Non Small Cell Lung Cancer; Renal Cell Carcinoma; Urothelial Carcinoma; Head and Neck Squamous Cell Carcinoma; Subungual Squamous Cell Carcinoma; Oesophageal Carcinoma; MSI-H Colorectal Cancer; Gastric Cancer; Triple Negative Breast Cancer; Endometrial Carcinoma; Pleural Mesothelioma,Fosifloxuridine Nafalbenamide; Leucovorin; Pembrolizumab; Docetaxel,DRUG; DRUG; DRUG; DRUG,2023-03-08,2025-05-30,2025-05-30,2025-07-18,https://clinicaltrials.gov/study/NCT05714553
NCT04239092,9-ING-41 in Pediatric Patients With Refractory Malignancies.,TERMINATED,The decision to conclude study was made to optimize the clinical study design and protocol to further evaluate the safety profile of elraglusib (9-ING-41) in pediatric and adult patients with refractory Ewings Sarcoma.,BIOLOGICAL_FAILURE,SAFETY,MEDIUM,"score=3;saf:term:safety(w=1),saf:term:safety profile(w=2)",INTERVENTIONAL,PHASE1,Actuate Therapeutics Inc.,,Refractory Cancer; Refractory Neoplasm; Cancer Pediatric; Refractory Tumor; Pediatric Cancer; Pediatric Brain Tumor; Neuroblastoma; Neuroblastoma Recurrent; Pediatric Lymphoma; Pediatric Meningioma; Diffuse Intrinsic Pontine Glioma,9-ING-41; Irinotecan; Temozolomide; Cyclophosphamide; Topotecan,DRUG; DRUG; DRUG; DRUG; DRUG,2020-06-05,2025-07-07,2025-07-07,2025-07-17,https://clinicaltrials.gov/study/NCT04239092
NCT04789408,Study of KITE-222 in Participants With Relapsed/Refractory Acute Myeloid Leukemia,TERMINATED,Study was terminated due to futility,BIOLOGICAL_FAILURE,EFFICACY/FUTILITY,HIGH,"score=8;eff:term:futility(w=3),eff:causal_near:futility,eff:futility_phrase",INTERVENTIONAL,PHASE1,"Kite, A Gilead Company",,Acute Myeloid Leukemia,Cyclophosphamide; Fludarabine; KITE-222,DRUG; DRUG; BIOLOGICAL,2021-07-19,2024-05-18,2024-05-18,2025-07-11,https://clinicaltrials.gov/study/NCT04789408
NCT03333486,"Fludarabine Phosphate, Cyclophosphamide, Total Body Irradiation, and Donor Stem Cell Transplant in Treating Patients With Blood Cancer",TERMINATED,Futility analysis determined closure,BIOLOGICAL_FAILURE,EFFICACY/FUTILITY,HIGH,"score=9;eff:term:futility(w=3),eff:term:futility analysis(w=3),eff:futility_phrase",INTERVENTIONAL,PHASE2,Roswell Park Cancer Institute,,"Accelerated Phase Chronic Myelogenous Leukemia, BCR-ABL1 Positive; Acute Leukemia in Remission; Acute Lymphoblastic Leukemia; Acute Myeloid Leukemia; Acute Myeloid Leukemia With FLT3/ITD Mutation; Acute Myeloid Leukemia With Gene Mutations; Aplastic Anemia; B-Cell Non-Hodgkin Lymphoma; CD40 Ligand Deficiency; Chronic Granulomatous Disease; Chronic Leukemia in Remission; Chronic Lymphocytic Leukemia; Chronic Myelogenous Leukemia, BCR-ABL1 Positive; Chronic Myelomonocytic Leukemia; Chronic Phase Chronic Myelogenous Leukemia, BCR-ABL1 Positive; Congenital Amegakaryocytic Thrombocytopenia; Congenital Neutropenia; Congenital Pure Red Cell Aplasia; Glanzmann Thrombasthenia; Immunodeficiency Syndrome; Myelodysplastic Syndrome; Myelofibrosis; Myeloproliferative Neoplasm; Paroxysmal Nocturnal Hemoglobinuria; Plasma Cell Myeloma; Polycythemia Vera; Recurrent Non-Hodgkin Lymphoma; Refractory Non-Hodgkin Lymphoma; Secondary Acute Myeloid Leukemia; Secondary Myelodysplastic Syndrome; Severe Aplastic Anemia; Shwachman-Diamond Syndrome; Sickle Cell Disease; T-Cell Non-Hodgkin Lymphoma; Thalassemia; Waldenstrom Macroglobulinemia; Wiskott-Aldrich Syndrome",Cyclophosphamide; Fludarabine Phosphate; Laboratory Biomarker Analysis; Peripheral Blood Stem Cell Transplantation; Total-Body Irradiation,DRUG; DRUG; OTHER; PROCEDURE; RADIATION,2017-12-07,2023-08-28,2023-08-28,2025-07-04,https://clinicaltrials.gov/study/NCT03333486
NCT03991741,Adoptive Cell Transfer of Autologous Tumor Infiltrating Lymphocytes and High-Dose Interleukin 2 in Select Solid Tumors,TERMINATED,"Closed because of feasibility and safety issues, didn't reach our end point",BIOLOGICAL_FAILURE,SAFETY,HIGH,"score=11;saf:term:safety(w=1),saf:causal_near:safety,saf:term:safety issue(w=2),saf:causal_near:safety issue,saf:term:safety issues(w=2),saf:causal_near:safety issues",INTERVENTIONAL,PHASE1,Gregory Daniels,Immunotherapy Foundation,Metastatic Melanoma; Locally Advanced Refractory/Recurrent Melanoma; Metastatic Head and Neck Cancer; Locally Advanced Refractory/Recurrent Head and Neck Cancer,Autologous Tumor Infiltrating Lymphocytes; High-Dose Interleukin 2,BIOLOGICAL; BIOLOGICAL,2020-10-07,2023-01-26,2023-01-26,2025-07-03,https://clinicaltrials.gov/study/NCT03991741
NCT04921358,Tislelizumab in Combination With Sitravatinib in Participants With Locally Advanced or Metastatic Non-Small Cell Lung Cancer,TERMINATED,"Due to safety risks and unfavorable risk-benefit assessment results, the sponsor has decided to voluntarily terminate the study.",BIOLOGICAL_FAILURE,SAFETY,HIGH,"score=7;saf:term:safety(w=1),saf:causal_near:safety,saf:term:risk-benefit(w=2),saf:causal_near:risk-benefit",INTERVENTIONAL,PHASE3,BeiGene,,Non-Small Cell Lung Cancer (NSCLC),Tislelizumab; Docetaxel; Sitravatinib,DRUG; DRUG; DRUG,2021-07-27,2023-12-20,2023-12-20,2025-06-29,https://clinicaltrials.gov/study/NCT04921358
NCT06370663,First-line Treatment for Unresectable Locally Advanced Distal Cholangiocarcinoma Combining Radiotherapy and HAIC,TERMINATED,Study was terminated due to unacceptable treatment-related toxicity that raised safety concerns and outweighed the potential benefits.,BIOLOGICAL_FAILURE,SAFETY,HIGH,"score=18;saf:term:safety(w=1),saf:causal_near:safety,saf:term:safety concern(w=2),saf:causal_near:safety concern,saf:term:safety concerns(w=2),saf:causal_near:safety concerns,saf:term:toxicity(w=2),saf:causal_near:toxicity,saf:term:toxic(w=1),saf:causal_near:toxic",INTERVENTIONAL,PHASE2,Shandong Cancer Hospital and Institute,,Intrahepatic Cholangiocarcinoma,Radiotherapy; HAIC (GEMOX); Chemotherapy,RADIATION; DRUG; DRUG,2024-04-01,2024-06-01,2024-06-01,2025-06-25,https://clinicaltrials.gov/study/NCT06370663
NCT04613492,A Study of MEDI9253 in Combination With Durvalumab in Select Solid Tumors,TERMINATED,The study was terminated early due to lack of efficacy and absence of biomarker evidence of MEDI9253's impact on the tumors.,BIOLOGICAL_FAILURE,EFFICACY/FUTILITY,MEDIUM,"score=5;eff:term:lack of efficacy(w=3),eff:causal_near:lack of efficacy",INTERVENTIONAL,PHASE1,AstraZeneca,,Solid Tumors,MEDI9253; Durvalumab,BIOLOGICAL; BIOLOGICAL,2020-12-02,2024-05-31,2024-05-31,2025-06-24,https://clinicaltrials.gov/study/NCT04613492
NCT02457598,Dose Escalation and Dose Expansion Study of Tirabrutinib in Combination With Other Targeted Anti-cancer Therapies in Adults With B-cell Malignancies,TERMINATED,The goal of the study was to improve tolerability while maintaining or increasing efficacy. The results of this study showed no efficacy advantage although the combinations were well tolerated.,BIOLOGICAL_FAILURE,EFFICACY/FUTILITY,MEDIUM,score=3;eff:term:no efficacy(w=3),INTERVENTIONAL,PHASE1,Gilead Sciences,,B-cell Malignancies,Tirabrutinib; Idelalisib; Entospletinib; Obinutuzumab,DRUG; DRUG; DRUG; DRUG,2015-06-16,2024-09-25,2024-09-25,2025-06-17,https://clinicaltrials.gov/study/NCT02457598
NCT02848001,A Dose-finding Study of CC-90009 in Subjects With Relapsed or Refractory Acute Myeloid Leukemia or Relapsed or Refractory Higher-risk Myelodysplastic Syndromes,TERMINATED,Trial terminated because of lack of efficacy in the short term acute phase.,BIOLOGICAL_FAILURE,EFFICACY/FUTILITY,MEDIUM,"score=5;eff:term:lack of efficacy(w=3),eff:causal_near:lack of efficacy",INTERVENTIONAL,PHASE1,Celgene,,"Leukemia, Myeloid, Acute; Myelodysplastic Syndromes",CC-90009,DRUG,2016-11-14,2023-04-11,2024-04-11,2025-06-12,https://clinicaltrials.gov/study/NCT02848001
NCT03094169,AVID100 in Advanced Epithelial Carcinomas,TERMINATED,lack of efficacy,BIOLOGICAL_FAILURE,EFFICACY/FUTILITY,MEDIUM,score=3;eff:term:lack of efficacy(w=3),INTERVENTIONAL,PHASE1; PHASE2,Formation Biologics,,"Solid Tumor, Adult; Triple Negative Breast Cancer; Head and Neck Squamous Cell Carcinoma; Non Small Cell Lung Cancer",AVID100 IV,DRUG,2017-02-01,2020-11-28,2021-01-30,2025-06-11,https://clinicaltrials.gov/study/NCT03094169
NCT06108739,ATG Plus Low-dose PT-Cy for GVHD Prevention,TERMINATED,DSMB recommended halting the study owing to futility after the first interim analysis in August 2024.,BIOLOGICAL_FAILURE,EFFICACY/FUTILITY,HIGH,"score=7;eff:term:futility(w=3),eff:term:interim analysis(w=1),eff:futility_phrase",INTERVENTIONAL,PHASE3,Peking University People's Hospital,,Hematologic Malignancy,Cyclophosphamid; ATG,DRUG; DRUG,2023-11-01,2024-12-31,2024-12-31,2025-06-03,https://clinicaltrials.gov/study/NCT06108739
NCT06449482,Selinexor、Venetoclax and Azactidine in the Treatment of ND AML Patients Who Are Not Eligible for Intense Chemotherapy,TERMINATED,The number of participants in the study did not meet expectations,BIOLOGICAL_FAILURE,EFFICACY/FUTILITY,MEDIUM,score=3;eff:term:did not meet(w=3),INTERVENTIONAL,PHASE1; PHASE2,"Institute of Hematology & Blood Diseases Hospital, China",,"Acute Myeloid Leukemia, Adult",Selinexor; Venetoclax; Azacitidine,DRUG; DRUG; DRUG,2023-05-05,2025-03-30,2025-03-30,2025-05-30,https://clinicaltrials.gov/study/NCT06449482
NCT04377659,Tocilizumab for Prevention of Respiratory Failure in Patients With Severe COVID-19 Infection,TERMINATED,"Based on two large, multicenter, randomized trials showed no benefit to tocilizumab in this setting and study has been closed.",BIOLOGICAL_FAILURE,EFFICACY/FUTILITY,MEDIUM,score=2;eff:term:no benefit(w=2),INTERVENTIONAL,PHASE2,Memorial Sloan Kettering Cancer Center,,COVID-19,Tocilizumab,DRUG,2020-05-01,2022-10-28,2022-10-28,2025-05-28,https://clinicaltrials.gov/study/NCT04377659
NCT05468359,"Safety and Efficacy of Cyclophosphamide, Sorafenib, Bevacizumab, and Atezolizumab in Pediatric Solid Tumor Patients",SUSPENDED,Temporary closure due to review of toxicity,BIOLOGICAL_FAILURE,SAFETY,HIGH,"score=7;saf:term:toxicity(w=2),saf:causal_near:toxicity,saf:term:toxic(w=1),saf:causal_near:toxic",INTERVENTIONAL,PHASE1; PHASE2,St. Jude Children's Research Hospital,,Refractory Solid Tumor; Hepatocellular Carcinoma; Malignant Solid Tumor; Pediatric Cancer; Pediatric Solid Tumor; Fibrolamellar Carcinoma,Atezolizumab; Sorafenib; Bevacizumab; Cyclophosphamide,DRUG; DRUG; DRUG; DRUG,2022-11-07,2032-06,2037-06,2025-05-25,https://clinicaltrials.gov/study/NCT05468359
NCT04347226,Anti-Interleukin-8 (Anti-IL-8) for Patients With COVID-19,TERMINATED,Interim analysis indicated that futility boundary was reached.,BIOLOGICAL_FAILURE,EFFICACY/FUTILITY,HIGH,"score=7;eff:term:futility(w=3),eff:term:interim analysis(w=1),eff:futility_phrase",INTERVENTIONAL,PHASE2,Columbia University,Bristol-Myers Squibb,Solid Tumor; Sars-CoV2; Hematological Malignancy,BMS-986253,DRUG,2020-04-16,2021-03-01,2021-03-01,2025-05-22,https://clinicaltrials.gov/study/NCT04347226
NCT04479436,A Study to Evaluate U3-1402 in Subjects With Advanced or Metastatic Colorectal Cancer,TERMINATED,Study was terminated early given the Interim Analysis for Part 1 (signal finding) did not meet pre-specified criteria and will not proceed to Part 2. Sponsor will proceed closing the study.,BIOLOGICAL_FAILURE,EFFICACY/FUTILITY,MEDIUM,"score=4;eff:term:did not meet(w=3),eff:term:interim analysis(w=1)",INTERVENTIONAL,PHASE2,Daiichi Sankyo,,Metastatic Colorectal Cancer,Patritumab Deruxtecan,DRUG,2020-09-14,2022-02-03,2022-02-03,2025-05-18,https://clinicaltrials.gov/study/NCT04479436
NCT02093962,Study of TH-302 or Placebo in Combination With Pemetrexed in Patients With Non-squamous Non-small Cell Lung Cancer,TERMINATED,"At the interim analysis, the futility boundary was not met and the study was stopped due to insufficient efficacy.",BIOLOGICAL_FAILURE,EFFICACY/FUTILITY,HIGH,"score=11;eff:term:futility(w=3),eff:causal_near:futility,eff:term:interim analysis(w=1),eff:causal_near:interim analysis,eff:futility_phrase",INTERVENTIONAL,PHASE2,ImmunoGenesis,EMD Serono,Non-small Cell Lung Cancer,TH-302 combination with pemetrexed; Matched placebo in combination with pemetrexed,DRUG; DRUG,2014-06,2016-04,2016-05,2025-05-16,https://clinicaltrials.gov/study/NCT02093962
NCT05930938,Study Comparing RT With Cetuximab + Xevinapant to RT With Cetuximab-placebo in Patients With Head and Neck Cancer,TERMINATED,toxicity,BIOLOGICAL_FAILURE,SAFETY,MEDIUM,"score=3;saf:term:toxicity(w=2),saf:term:toxic(w=1)",INTERVENTIONAL,PHASE3,Groupe Oncologie Radiotherapie Tete et Cou,,Squamous Cell Carcinoma of the Head and Neck,Xevinapant; Placebo; cetuximab; IMRT,DRUG; DRUG; DRUG; RADIATION,2023-12-12,2024-09-30,2024-09-30,2025-05-09,https://clinicaltrials.gov/study/NCT05930938
NCT01834235,QUILT-3.010: A Study of Gemcitabine and Nab-paclitaxel With or Without NPC-1C to Treat Patients With Pancreatic Cancer,TERMINATED,DSMB terminated the trial for futility.,BIOLOGICAL_FAILURE,EFFICACY/FUTILITY,HIGH,"score=6;eff:term:futility(w=3),eff:futility_phrase",INTERVENTIONAL,PHASE1; PHASE2,"Precision Biologics, Inc",,"Pancreatic Cancer, Adult",Gemcitabine; nab-paclitaxel; NPC-1C,DRUG; DRUG; DRUG,2013-04,2017-03-13,2019-12,2025-05-07,https://clinicaltrials.gov/study/NCT01834235
NCT00640978,Erlotinib and RAD001 (Everolimus) in Patients With Previously Treated Advanced Pancreatic Cancer,TERMINATED,Significant Adverse Effects - Futility,BIOLOGICAL_FAILURE,EFFICACY/FUTILITY,HIGH,"score=6;eff:term:futility(w=3),eff:futility_phrase",INTERVENTIONAL,PHASE2,M.D. Anderson Cancer Center,Novartis; OSI Pharmaceuticals,Pancreatic Cancer,RAD001; Erlotinib,DRUG; DRUG,2008-03,2010-03,2010-03,2025-05-01,https://clinicaltrials.gov/study/NCT00640978
NCT00253318,RAD001 Plus Docetaxel in Patients With Metastatic Breast Cancer,TERMINATED,Toxicity and Lack of Efficacy,BIOLOGICAL_FAILURE,SAFETY,MEDIUM,"score=3;saf:term:toxicity(w=2),saf:term:toxic(w=1)",INTERVENTIONAL,PHASE1,M.D. Anderson Cancer Center,Novartis Pharmaceuticals,Breast Cancer,Docetaxel; RAD001; Dexamethasone,DRUG; DRUG; DRUG,2005-11-01,2012-04,2012-04,2025-04-27,https://clinicaltrials.gov/study/NCT00253318
NCT03610490,"Autologous Tumor Infiltrating Lymphocytes MDA-TIL in Treating Patients With Recurrent or Refractory Ovarian Cancer, Colorectal Cancer, or Pancreatic Ductal Adenocarcinoma",TERMINATED,Lack of Efficacy,BIOLOGICAL_FAILURE,EFFICACY/FUTILITY,MEDIUM,score=3;eff:term:lack of efficacy(w=3),INTERVENTIONAL,PHASE2,M.D. Anderson Cancer Center,Bristol-Myers Squibb; Iovance Biotherapeutics; National Cancer Institute (NCI),Malignant Solid Neoplasm; Metastatic Colorectal Adenocarcinoma; Metastatic Ovarian Carcinoma; Metastatic Pancreatic Ductal Adenocarcinoma; Platinum-Resistant Ovarian Carcinoma; Recurrent High Grade Ovarian Serous Adenocarcinoma; Recurrent Ovarian Carcinosarcoma; Refractory Colorectal Carcinoma; Stage IV Colorectal Cancer AJCC v8; Stage IVA Colorectal Cancer AJCC v8; Stage IVB Colorectal Cancer AJCC v8; Stage IVC Colorectal Cancer AJCC v8,Autologous Tumor Infiltrating Lymphocytes MDA-TIL; Cyclophosphamide; Fludarabine; Interleukin-2; Quality-of-Life Assessment,BIOLOGICAL; DRUG; DRUG; BIOLOGICAL; OTHER,2018-10-16,2024-08-21,2024-08-21,2025-04-17,https://clinicaltrials.gov/study/NCT03610490
NCT03267680,IRX-2 Regimen in Treating Women With Cervical Squamous Intraepithelial Neoplasia 3 or Squamous Vulvar Intraepithelial Neoplasia 3,TERMINATED,Lack of efficacy,BIOLOGICAL_FAILURE,EFFICACY/FUTILITY,MEDIUM,score=3;eff:term:lack of efficacy(w=3),INTERVENTIONAL,PHASE2,University of Southern California,"National Cancer Institute (NCI); Brooklyn ImmunoTherapeutics, LLC",Cervical Squamous Cell Carcinoma In Situ; Vulvar High Grade Squamous Intraepithelial Lesion,Cyclophosphamide; Indomethacin; IRX-2; Laboratory Biomarker Analysis; Multivitamin; Omeprazole; Placebo; Therapeutic Conventional Surgery,DRUG; DRUG; BIOLOGICAL; OTHER; DIETARY_SUPPLEMENT; DRUG; OTHER; PROCEDURE,2017-11-08,2023-08-04,2024-03-13,2025-04-13,https://clinicaltrials.gov/study/NCT03267680
NCT05429762,Effect of Tusamitamab Ravtansine on QTc Interval in Participants With Metastatic Solid Tumors,TERMINATED,Tusamitamab ravtansine clinical development program is discontinued as CARMEN-LC03 trial did not meet dual primary endpoint of improving progression-free survival. The decision is not related to any safety concern.,BIOLOGICAL_FAILURE,EFFICACY/FUTILITY,HIGH,"score=6;eff:term:did not meet(w=3),eff:endpoint_not_met_phrase",INTERVENTIONAL,PHASE1,Sanofi,,Neoplasm,Tusamitamab ravtansine,DRUG,2022-10-03,2023-08-01,2024-04-10,2025-04-06,https://clinicaltrials.gov/study/NCT05429762
NCT05079230,Study of Magrolimab Versus Placebo in Combination With Venetoclax and Azacitidine in Participants With Acute Myeloid Leukemia,TERMINATED,Study was terminated due to futility,BIOLOGICAL_FAILURE,EFFICACY/FUTILITY,HIGH,"score=8;eff:term:futility(w=3),eff:causal_near:futility,eff:futility_phrase",INTERVENTIONAL,PHASE3,Gilead Sciences,,Acute Myeloid Leukemia,Magrolimab; Venetoclax; Azacitidine; Placebo,DRUG; DRUG; DRUG; DRUG,2022-07-07,2024-04-11,2024-04-11,2025-04-04,https://clinicaltrials.gov/study/NCT05079230
NCT03871829,Daratumumab Retreatment in Participants With Multiple Myeloma Who Have Been Previously Treated With Daratumumab,TERMINATED,The decision was made to discontinue the 54767414MMY2065 study as the Data Review Committee recommendation was early stop of the study for futility.,BIOLOGICAL_FAILURE,EFFICACY/FUTILITY,HIGH,"score=6;eff:term:futility(w=3),eff:futility_phrase",INTERVENTIONAL,PHASE2,"Janssen Research & Development, LLC",,Multiple Myeloma,Carfilzomib 20 mg/m^2; Carfilzomib 70 mg/m^2; Dexamethasone 40 mg; Dara-SC 1800 mg; Dexamethasone 20 mg,DRUG; DRUG; DRUG; DRUG; DRUG,2019-05-31,2022-10-24,2023-01-10,2025-03-30,https://clinicaltrials.gov/study/NCT03871829
NCT04952753,Study of NIS793 and Other Novel Investigational Combinations With SOC Anti-cancer Therapy for the 2L Treatment of mCRC,TERMINATED,"The study was terminated early due to the halt of NIS793 treatment and urgent safety measures issued in July and August 2023, respectively, as continued evaluation of Standard of Care alone will not support the trial's purpose.",BIOLOGICAL_FAILURE,SAFETY,MEDIUM,"score=3;saf:term:safety(w=1),saf:causal_near:safety",INTERVENTIONAL,PHASE2,Novartis Pharmaceuticals,,Metastatic Colorectal Cancer,NIS793; Bevacizumab; Modified FOLFOX6; FOLFIRI; Tislelizumab,DRUG; DRUG; DRUG; DRUG; DRUG,2021-11-15,2025-01-20,2025-01-20,2025-03-26,https://clinicaltrials.gov/study/NCT04952753
NCT05494866,A Trial of Cobicistat and Gemcitabine and Nab-Paclitaxel in Patients with Advanced Stage or Metastatic Pancreatic Ductal Adenocarcinoma,TERMINATED,lack of efficacy paired with high toxicity,BIOLOGICAL_FAILURE,SAFETY,MEDIUM,"score=3;saf:term:toxicity(w=2),saf:term:toxic(w=1)",INTERVENTIONAL,PHASE1,German Cancer Research Center,University Hospital Heidelberg,CYP3A Inhibitor; Advanced Stage or Metastatic Pancreatic Ductal Adenocarcinoma; Pancreatic Cancer; Pancreatic Adenocarcinoma; Pancreatic Neoplasm,Cobicistat Oral Tablet; Gemcitabin; Nab paclitaxel,DRUG; DRUG; DRUG,2022-12-07,2024-03-15,2024-03-15,2025-03-25,https://clinicaltrials.gov/study/NCT05494866
NCT05360264,tailOred dRug repurposIng of dEcitabine in KRAS-dependeNt refracTory pAncreaTic cancEr,TERMINATED,Unexpected toxicity events were documented during interim safety evaluations of the investigational drug.,BIOLOGICAL_FAILURE,SAFETY,MEDIUM,"score=4;saf:term:safety(w=1),saf:term:toxicity(w=2),saf:term:toxic(w=1)",INTERVENTIONAL,PHASE2,Luca Cardone,"Anticancer Fund, Belgium; Azienda Ospedaliera Universitaria Integrata Verona; Catholic University of the Sacred Heart; Istituto Nazionale Tumori IRCCS - Fondazione G. Pascale; San Raffaele University Hospital, Italy; University of Pisa",Pancreatic Adenocarcinoma Metastatic; Pancreatic Adenocarcinoma Recurrent,Decitabine 50 MG [Dacogen],DRUG,2022-01-15,2024-10-10,2024-10-10,2025-03-24,https://clinicaltrials.gov/study/NCT05360264
NCT02641639,FOCUS: PCC + Bevacizumab + CA4P Versus PCC + Bevacizumab + Placebo for Subjects With Platinum Resistant Ovarian Cancer,TERMINATED,The study was terminated early due to the lack of efficacy and the study sponsor's decision to no longer continue the study,BIOLOGICAL_FAILURE,EFFICACY/FUTILITY,MEDIUM,"score=5;eff:term:lack of efficacy(w=3),eff:causal_near:lack of efficacy",INTERVENTIONAL,PHASE2; PHASE3,Mateon Therapeutics,,Platinum Resistant Ovarian Cancer,Fosbretabulin tromethamine; Placebo,DRUG; DRUG,2016-06,2017-10,2017-10,2025-03-24,https://clinicaltrials.gov/study/NCT02641639
NCT03387592,CAPTEM or FOLFIRI as SEcond-line Therapy in NEuroendocrine CArcinomas,TERMINATED,Efficacy endpoint not met according to first step of Briant-Day design,BIOLOGICAL_FAILURE,EFFICACY/FUTILITY,MEDIUM,score=3;eff:term:endpoint not met(w=3),INTERVENTIONAL,PHASE2,Istituto Romagnolo per lo Studio dei Tumori Dino Amadori IRST S.r.l. IRCCS,,Neuroendocrine Carcinoma,CPT-11; Calcio levofolinate; 5-Fluorouracil; Capecitabine; Temozolomide,DRUG; DRUG; DRUG; DRUG; DRUG,2017-03-06,2022-02-28,2022-02-28,2025-03-10,https://clinicaltrials.gov/study/NCT03387592
NCT04495894,Pre-Incisional Ketorolac for Patients Undergoing Surgery for Non-Small Cell Lung Cancer and Renal Cell Carcinoma,TERMINATED,This study was terminated after interim analyses showed no benefits.,BIOLOGICAL_FAILURE,EFFICACY/FUTILITY,MEDIUM,score=2;eff:term:no benefit(w=2),INTERVENTIONAL,PHASE2,Emory University,,Non-small Cell Lung Cancer; Renal Cell Carcinoma,Preoperative Ketorolac,DRUG,2020-08-24,2024-02-01,2024-02-01,2025-03-04,https://clinicaltrials.gov/study/NCT04495894
NCT06655818,Sub-study of Belantamab Mafodotin (GSK2857916) as Monotherapy and in Combination With Dostarlimab (GSK4057190) in Participants With RRMM,TERMINATED,The study was terminated due to lack of efficacy,BIOLOGICAL_FAILURE,EFFICACY/FUTILITY,MEDIUM,"score=5;eff:term:lack of efficacy(w=3),eff:causal_near:lack of efficacy",INTERVENTIONAL,PHASE1; PHASE2,GlaxoSmithKline,,Relapsed/Refractory Multiple Myeloma,Belantamab Mafodotin; Dostarlimab,DRUG; DRUG,2021-03-09,2024-02-14,2024-02-14,2025-03-03,https://clinicaltrials.gov/study/NCT06655818
NCT04709380,Phase III RCT of Radiotherapy Plus Toripalimab Versus Sorafenib in Advanced Hepatocellular Carcinoma With PVTT,TERMINATED,"IDMC recommended to terminate the study since Interim analysis showed that the experimental group had significant superiority over the control group in TTP and OS (p\<0.001), meeting the predefined interim analysis endpoints in the study protocol.",BIOLOGICAL_FAILURE,EFFICACY/FUTILITY,MEDIUM,"score=2;eff:term:interim analysis(w=1),eff:term:interim analysis(w=1)",INTERVENTIONAL,PHASE3,"Cancer Institute and Hospital, Chinese Academy of Medical Sciences",,Radiotherapy; Toripalimab; Sorafenib; Advanced Hepatocellular Carcinoma,Radiotherapy plus Toripalimab; Sorafenib,OTHER; DRUG,2021-03-02,2024-12-27,2025-02-05,2025-02-26,https://clinicaltrials.gov/study/NCT04709380
NCT04718675,A Study of KB-0742 in Participants With Relapsed or Refractory Solid Tumors Including Platinum Resistant High Grade Serous Ovarian Cancer (HGSOC),TERMINATED,Due to lack of safety and futility,BIOLOGICAL_FAILURE,EFFICACY/FUTILITY,HIGH,"score=8;eff:term:futility(w=3),eff:causal_near:futility,eff:futility_phrase",INTERVENTIONAL,PHASE1; PHASE2,Kronos Bio,,Relapsed Solid Tumors; Refractory Solid Tumors; Non-Hodgkin Lymphoma; HGSOC; Platinum Resistant High Grade Serous Ovarian Cancer,KB-0742,DRUG,2021-02-08,2025-01-07,2025-02-07,2025-02-17,https://clinicaltrials.gov/study/NCT04718675
NCT01205828,ABT-888 and Temozolomide for Liver Cancer,TERMINATED,Lack of efficacy,BIOLOGICAL_FAILURE,EFFICACY/FUTILITY,MEDIUM,score=3;eff:term:lack of efficacy(w=3),INTERVENTIONAL,PHASE2,Georgetown University,Abbott,Hepatocellular Carcinoma,Temozolomide; ABT-888,DRUG; DRUG,2010-08,2014-10,2014-10,2025-02-12,https://clinicaltrials.gov/study/NCT01205828
NCT00961571,Sunitinib and Capecitabine for First Line Colon Cancer,TERMINATED,Unanticipated side effects and futility,BIOLOGICAL_FAILURE,EFFICACY/FUTILITY,HIGH,"score=6;eff:term:futility(w=3),eff:futility_phrase",INTERVENTIONAL,PHASE2,Georgetown University,Pfizer,Metastatic Colorectal Cancer,sunitinib and capecitabine,DRUG,2009-08,2011-03,2011-03,2025-02-12,https://clinicaltrials.gov/study/NCT00961571
NCT04778397,Study of Magrolimab in Combination With Azacitidine Versus Physician's Choice of Venetoclax in Combination With Azacitidine or Intensive Chemotherapy in Patients With TP53 Mutant Acute Myeloid Leukemia That Have Not Been Treated,TERMINATED,Study discontinued due to futility.,BIOLOGICAL_FAILURE,EFFICACY/FUTILITY,HIGH,"score=8;eff:term:futility(w=3),eff:causal_near:futility,eff:futility_phrase",INTERVENTIONAL,PHASE3,Gilead Sciences,,Acute Myeloid Leukemia,Magrolimab; Venetoclax; Azacitidine; Cytarabine; Daunorubicin; Idarubicin; Steroidal Eye Drops,DRUG; DRUG; DRUG; DRUG; DRUG; DRUG; DRUG,2021-07-01,2024-03-25,2024-03-25,2025-02-05,https://clinicaltrials.gov/study/NCT04778397
NCT05181540,A Study of the Effects of AB-205 in Patients With Lymphoma Undergoing Autologous Hematopoietic Cell Transplantation,TERMINATED,Interim analysis showed lack of efficacy,BIOLOGICAL_FAILURE,EFFICACY/FUTILITY,MEDIUM,"score=4;eff:term:lack of efficacy(w=3),eff:term:interim analysis(w=1)",INTERVENTIONAL,PHASE3,Angiocrine Bioscience,California Institute for Regenerative Medicine (CIRM),Hodgkin Lymphoma; Non Hodgkin Lymphoma,AB-205; Placebo,BIOLOGICAL; OTHER,2022-02-21,2023-12-29,2025-01-31,2025-02-04,https://clinicaltrials.gov/study/NCT05181540
NCT02413489,"An Efficacy and Safety Proof of Concept Study of Daratumumab in Relapsed/Refractory Mantle Cell Lymphoma, Diffuse Large B-Cell Lymphoma, and Follicular Lymphoma",TERMINATED,DLBCL and FL cohorts met the pre-specified futility criteria and will not proceed. The MCL cohort was terminated due to slow recruitment and aggressive disease.,BIOLOGICAL_FAILURE,EFFICACY/FUTILITY,HIGH,"score=7;eff:term:futility(w=3),eff:causal_near:futility,eff:futility_phrase",INTERVENTIONAL,PHASE2,"Janssen Research & Development, LLC",,"Lymphoma, Mantle-Cell; Lymphoma, Large B-Cell, Diffuse; Lymphoma, Follicular",Daratumumab,DRUG,2015-09-02,2017-06-01,2017-06-01,2025-02-04,https://clinicaltrials.gov/study/NCT02413489
NCT02592967,"Safety & Immunogenicity of JNJ-64041757, Live-attenuated Double-deleted Listeria Immunotherapy, in Subjects With Non Small Cell Lung Cancer",TERMINATED,"Development of JNJ-64041757 discontinued due to lack of efficacy. No further follow up data will be collected after October 22, 2018.",BIOLOGICAL_FAILURE,EFFICACY/FUTILITY,MEDIUM,"score=5;eff:term:lack of efficacy(w=3),eff:causal_near:lack of efficacy",INTERVENTIONAL,PHASE1,"Janssen Research & Development, LLC",,"Carcinoma, Non-Small-Cell Lung",JNJ-64041757 (Cohort 1A and 1B); JNJ-64041757 (Cohort 2A and 2B),BIOLOGICAL; BIOLOGICAL,2015-12-02,2018-08-14,2018-10-22,2025-02-03,https://clinicaltrials.gov/study/NCT02592967
NCT05098405,First-in-human Safety and Tolerability of MP0317 in Patients With Relapsed/Refractory Advanced Solid Tumors,TERMINATED,"After completion of the dose-escalation part of the study, the safety profile of MP0317 in monotherapy is considered adequately characterized in the dose-escalation part of the study.",BIOLOGICAL_FAILURE,SAFETY,MEDIUM,"score=3;saf:term:safety(w=1),saf:term:safety profile(w=2)",INTERVENTIONAL,PHASE1,Molecular Partners AG,,Advanced Malignant Solid Tumor,"MP0317, a tri-specific fibroblast activation protein (FAP) x CD40 DARPin® drug candidate (q3w regimen); MP0317, a tri-specific fibroblast activation protein (FAP) x CD40 DARPin® drug candidate (q1w regimen)",DRUG; DRUG,2021-10-11,2024-01-19,2024-01-19,2025-01-30,https://clinicaltrials.gov/study/NCT05098405
NCT04916236,Combination Therapy of RMC-4630 and LY3214996 in Metastatic KRAS Mutant Cancers,TERMINATED,Due to a lack of safety and efficacy.,BIOLOGICAL_FAILURE,SAFETY,MEDIUM,"score=3;saf:term:safety(w=1),saf:causal_near:safety",INTERVENTIONAL,PHASE1,The Netherlands Cancer Institute,Lustgarten Foundation,Pancreatic Cancer; Colorectal Cancer; Non-small Cell Lung Cancer; KRAS Mutation-Related Tumors,RMC-4630; LY3214996,DRUG; DRUG,2022-03-31,2024-07-30,2024-07-30,2025-01-24,https://clinicaltrials.gov/study/NCT04916236
NCT01814813,Vaccine Therapy With Bevacizumab Versus Bevacizumab Alone in Treating Patients With Recurrent Glioblastoma Multiforme That Can Be Removed by Surgery,TERMINATED,DSMB futility analysis,BIOLOGICAL_FAILURE,EFFICACY/FUTILITY,HIGH,"score=9;eff:term:futility(w=3),eff:term:futility analysis(w=3),eff:futility_phrase",INTERVENTIONAL,PHASE2,Alliance for Clinical Trials in Oncology,National Cancer Institute (NCI); Agenus Inc.,Recurrent Glioblastoma; Recurrent Adult Brain Tumor; Gliosarcoma,HSPPC-96; bevacizumab,BIOLOGICAL; DRUG,2013-06-19,2017-04-03,2023-05-22,2025-01-24,https://clinicaltrials.gov/study/NCT01814813
NCT03248479,Magrolimab Monotherapy or Magrolimab in Combination With Azacitidine in Participants With Hematological Malignancies,TERMINATED,This study has been discontinued due to futility based on the results of a planned analysis of the ENHANCE trial.,BIOLOGICAL_FAILURE,EFFICACY/FUTILITY,HIGH,"score=8;eff:term:futility(w=3),eff:causal_near:futility,eff:futility_phrase",INTERVENTIONAL,PHASE1,Gilead Sciences,,Hematological Malignancies,Magrolimab; Azacitidine,DRUG; DRUG,2017-09-08,2023-09-05,2023-09-05,2025-01-17,https://clinicaltrials.gov/study/NCT03248479
NCT05653427,A Study of Amivantamab Monotherapy in Participants With Previously Treated Advanced Hepatocellular Carcinoma,TERMINATED,N\~15 subjects data analysis did not meet statistical consideration of ORR and study primary/secondary objectives were not met. Enrollment was terminated for futility,BIOLOGICAL_FAILURE,EFFICACY/FUTILITY,HIGH,"score=8;eff:term:did not meet(w=3),eff:term:futility(w=3),eff:futility_phrase",INTERVENTIONAL,PHASE2,"Janssen Research & Development, LLC",,"Carcinoma, Hepatocellular",Amivantamab,DRUG,2022-12-08,2023-10-10,2023-10-10,2025-01-13,https://clinicaltrials.gov/study/NCT05653427
NCT04234113,Study of Nanrilkefusp Alfa Alone and With Pembrolizumab in Adult Patients With Advanced/Metastatic Solid Tumors,TERMINATED,Due to lack of efficacy shown at the time of the interim analysis.,BIOLOGICAL_FAILURE,EFFICACY/FUTILITY,HIGH,"score=8;eff:term:lack of efficacy(w=3),eff:causal_near:lack of efficacy,eff:term:interim analysis(w=1),eff:causal_near:interim analysis",INTERVENTIONAL,PHASE1,SOTIO Biotech AG,SOTIO Biotech a.s.,Thyroid Cancer; Renal Cell Carcinoma; Non Small Cell Lung Cancer; Small-cell Lung Cancer; Bladder Cancer; Melanoma; Merkel Cell Carcinoma; Skin Squamous Cell Carcinoma; Microsatellite Instability High; Triple Negative Breast Cancer; Mesothelioma; Thymic Cancer; Cervical Cancer; Biliary Tract Cancer; Hepatocellular Carcinoma; Ovarian Cancer; Gastric Cancer; Head and Neck Squamous Cell Carcinoma; Anal Cancer,Nanrilkefusp alfa; Pembrolizumab,DRUG; DRUG,2019-06-13,2024-08-31,2024-11-27,2025-01-08,https://clinicaltrials.gov/study/NCT04234113
NCT05205161,A Phase I/II Study of AZD0466 as Monotherapy or in Combination With Anticancer Agents in Advanced Non-Hodgkin Lymphoma,TERMINATED,Due to safety reasons.,BIOLOGICAL_FAILURE,SAFETY,MEDIUM,"score=3;saf:term:safety(w=1),saf:causal_near:safety",INTERVENTIONAL,PHASE1,AstraZeneca,,Non-Hodgkin Lymphoma,AZD0466,DRUG,2022-07-05,2023-08-17,2023-08-17,2025-01-07,https://clinicaltrials.gov/study/NCT05205161
NCT04856176,A Study of Sargramostim Plus Pembrolizumab with or Without Pemetrexed in Patients with Advance Non-small Cell Lung Cancer After Completion of Chemoimmunotherapy,TERMINATED,Futility,BIOLOGICAL_FAILURE,EFFICACY/FUTILITY,HIGH,"score=6;eff:term:futility(w=3),eff:futility_phrase",INTERVENTIONAL,PHASE2,Tufts Medical Center,"Partner Therapeutics, Inc.","Advanced Lung Non-Small Cell Carcinoma; Non-Small Cell Carcinoma of Lung, TNM Stage 4",Granulocyte-Macrophage Colony-Stimulating Factor; Pembrolizumab; pemetrexed; Paclitaxel; Carboplatin,DRUG; DRUG; DRUG; DRUG; DRUG,2022-01-03,2024-12-06,2024-12-06,2025-01-01,https://clinicaltrials.gov/study/NCT04856176
NCT04214418,"Study of Combination Therapy With the MEK Inhibitor, Cobimetinib, Immune Checkpoint Blockade, Atezolizumab, and the AUTOphagy Inhibitor, Hydroxychloroquine in KRAS-mutated Advanced Malignancies",TERMINATED,Toxicity and Lack of Efficacy,BIOLOGICAL_FAILURE,SAFETY,MEDIUM,"score=3;saf:term:toxicity(w=2),saf:term:toxic(w=1)",INTERVENTIONAL,PHASE1; PHASE2,Columbia University,"Genentech, Inc.",Gastrointestinal Cancer,Cobimetinib; Hydroxychloroquine; Atezolizumab,DRUG; DRUG; DRUG,2020-02-12,2022-04-11,2022-07-01,2024-12-18,https://clinicaltrials.gov/study/NCT04214418
NCT02626455,Study of Copanlisib in Combination With Standard Immunochemotherapy in Relapsed Indolent Non-Hodgkin's Lymphoma (iNHL),TERMINATED,Company decided to terminate this study due to study did not meet the primary endpoint.,BIOLOGICAL_FAILURE,EFFICACY/FUTILITY,HIGH,"score=8;eff:term:did not meet(w=3),eff:causal_near:did not meet,eff:endpoint_not_met_phrase",INTERVENTIONAL,PHASE3,Bayer,,"Lymphoma, Non-Hodgkin",Copanlisib (BAY80-6946); Placebo; Rituximab; Cyclophosphamide; Doxorubicin; Vincristine; Bendamustine; Prednisone,DRUG; DRUG; DRUG; DRUG; DRUG; DRUG; DRUG; DRUG,2016-01-06,2023-09-15,2023-11-10,2024-12-11,https://clinicaltrials.gov/study/NCT02626455
NCT05350163,T-cell Receptor α/β Depleted Donor Lymphocyte Infusion,TERMINATED,The study met criteria for stopping due to lack of efficacy per protocol specifications.,BIOLOGICAL_FAILURE,EFFICACY/FUTILITY,MEDIUM,"score=5;eff:term:lack of efficacy(w=3),eff:causal_near:lack of efficacy",INTERVENTIONAL,PHASE1,Guenther Koehne,,"Lymphoid Leukemia, Acute; Myeloid Malignancy; Plasma Cell Tumor",T-cell Receptor α/β Depleted Donor Lymphocyte Infusions,BIOLOGICAL,2022-04-05,2023-09-18,2023-09-18,2024-12-10,https://clinicaltrials.gov/study/NCT05350163
NCT05049863,Chemotherapy in Patients With Relapsed Small Cell Lung Cancer in Combination With Allopurinol and MycoPhenolate (CLAMP Trial),TERMINATED,Futility,BIOLOGICAL_FAILURE,EFFICACY/FUTILITY,HIGH,"score=6;eff:term:futility(w=3),eff:futility_phrase",INTERVENTIONAL,PHASE1,Washington University School of Medicine,,Small-cell Lung Cancer; Small Cell Lung Carcinoma,Mycophenolate Mofetil; Allopurinol; Irinotecan,DRUG; DRUG; DRUG,2023-02-27,2024-11-17,2024-11-17,2024-12-05,https://clinicaltrials.gov/study/NCT05049863
NCT02495233,A Study of ASP2215 in Combination With Erlotinib in Subjects With Epidermal Growth Factor Receptor (EGFR) Activating Mutation-Positive (EGFRm+) Advanced Non-Small-Cell Lung Cancer (NSCLC) Who Have Acquired Resistance to an EGFR Tyrosine Kinase Inhibitor (TKI),TERMINATED,Study terminated due to adverse events related to the combination therapy,BIOLOGICAL_FAILURE,SAFETY,HIGH,"score=8;saf:term:adverse event(w=2),saf:causal_near:adverse event,saf:term:adverse events(w=2),saf:causal_near:adverse events",INTERVENTIONAL,PHASE1; PHASE2,"Astellas Pharma Global Development, Inc.",,Non-Small-Cell Lung Cancer,Gilteritinib; Erlotinib,DRUG; DRUG,2015-09-08,2016-09-28,2016-09-28,2024-11-27,https://clinicaltrials.gov/study/NCT02495233
NCT03890289,Idelalisib+Obinutuzumab in Patients With Relapsed/Refractory Follicular Lymphoma,TERMINATED,"Study was halted prematurely due to safety, since tocity stopping rules have been met",BIOLOGICAL_FAILURE,SAFETY,MEDIUM,"score=3;saf:term:safety(w=1),saf:causal_near:safety",INTERVENTIONAL,PHASE2,Fondazione Italiana Linfomi - ETS,,Follicular Lymphoma,Idelalisib; Obinutuzumab,DRUG; DRUG,2019-10-18,2021-04-29,2023-05-10,2024-11-21,https://clinicaltrials.gov/study/NCT03890289
NCT03769467,Tabelecleucel in Combination With Pembrolizumab in Subjects With Epstein-Barr Virus-associated Nasopharyngeal Carcinoma (EBV+ NPC),TERMINATED,"Phase 1B part was completed with review of DLTs and cumulative safety data by Safety Data Review Committee and identification of a safe RP2D. Post-internal review, sponsor decided to terminate the study, and hence, Phase 2 part was not conducted.",BIOLOGICAL_FAILURE,SAFETY,MEDIUM,"score=4;saf:term:safety(w=1),saf:term:safety(w=1),saf:term:dlt(w=1),saf:term:dlts(w=1)",INTERVENTIONAL,PHASE1; PHASE2,Atara Biotherapeutics,Merck Sharp & Dohme LLC,Nasopharyngeal Carcinoma; Nasopharyngeal Neoplasms; Epstein-Barr Virus Infections; Epstein-Barr Viraemia; Epstein-Barr Virus-associated Nasopharyngeal Carcinoma (EBV+ NPC),Tabelecleucel; Pembrolizumab,BIOLOGICAL; BIOLOGICAL,2019-02-19,2021-08-19,2021-08-19,2024-11-14,https://clinicaltrials.gov/study/NCT03769467
NCT01318642,Ganitumab in Locally Advanced Unresectable Adenocarcinoma of the Pancreas,TERMINATED,NCT01318642: Planned independent DMC Interim review: ended for futility,BIOLOGICAL_FAILURE,EFFICACY/FUTILITY,HIGH,"score=6;eff:term:futility(w=3),eff:futility_phrase",INTERVENTIONAL,PHASE2,"NantBioScience, Inc.",,Adenocarcinoma of the Pancreas; Locally Advanced; Unresectable,Gemcitabine; AMG 479; Placebo,DRUG; DRUG; DRUG,2012-05-31,2012-11-27,2012-12-03,2024-11-08,https://clinicaltrials.gov/study/NCT01318642
NCT04287894,Assess the Safety of Immunotherapy Induction With Tremelimumab and Durvalumab Prior to Chemoradiotherapy and/or Resection in the Treatment,TERMINATED,Based on initially defined safety rules not continued with expansion phase of study (too much toxicity with neo-adjuvant immunotherapy),BIOLOGICAL_FAILURE,SAFETY,MEDIUM,"score=4;saf:term:safety(w=1),saf:term:toxicity(w=2),saf:term:toxic(w=1)",INTERVENTIONAL,PHASE1,The Netherlands Cancer Institute,AstraZeneca,Stage III NSCLC,Durvalumab; Tremelimumab; Pemetrexed; Cisplatin; chemo radiotherapy; Resection,DRUG; DRUG; DRUG; DRUG; RADIATION; PROCEDURE,2018-12-28,2024-11-04,2024-11-04,2024-11-06,https://clinicaltrials.gov/study/NCT04287894
NCT03799003,A Study of ASP1951 in Subjects With Advanced Solid Tumors,TERMINATED,Study was terminated for lack of efficacy.,BIOLOGICAL_FAILURE,EFFICACY/FUTILITY,MEDIUM,score=3;eff:term:lack of efficacy(w=3),INTERVENTIONAL,PHASE1,"Astellas Pharma Global Development, Inc.",Merck Sharp & Dohme LLC,Advanced Solid Tumors,ASP1951; pembrolizumab,DRUG; DRUG,2019-01-14,2023-07-06,2023-07-06,2024-11-01,https://clinicaltrials.gov/study/NCT03799003
NCT02864290,A Study to Evaluate Escalating Doses of ASP1235 (AGS62P1) Given as Monotherapy in Subjects With Acute Myeloid Leukemia (AML),TERMINATED,Study was terminated due to lack of efficacy.,BIOLOGICAL_FAILURE,EFFICACY/FUTILITY,MEDIUM,"score=5;eff:term:lack of efficacy(w=3),eff:causal_near:lack of efficacy",INTERVENTIONAL,PHASE1,"Astellas Pharma Global Development, Inc.",,Acute Myeloid Leukemia,ASP1235,DRUG,2016-11-10,2020-09-03,2020-09-03,2024-10-23,https://clinicaltrials.gov/study/NCT02864290
NCT03879798,DS-3201b and Irinotecan for Patients With Recurrent Small Cell Lung Cancer,TERMINATED,Due to DLTs,BIOLOGICAL_FAILURE,SAFETY,HIGH,"score=6;saf:term:dlt(w=1),saf:causal_near:dlt,saf:term:dlts(w=1),saf:causal_near:dlts",INTERVENTIONAL,PHASE1; PHASE2,Memorial Sloan Kettering Cancer Center,,Small Cell Lung Cancer,DS-3201b; irinotecan,DRUG; DRUG,2019-03-15,2023-05-02,2023-05-02,2024-10-10,https://clinicaltrials.gov/study/NCT03879798
NCT02994953,"A Phase Ib Study to Evaluate the Safety, Tolerability, and Pharmacokinetics (PK) of Avelumab in Combination With M9241(NHS-IL12) (JAVELIN IL-12)",TERMINATED,The study was terminated due to pre-specified futility criteria met.,BIOLOGICAL_FAILURE,EFFICACY/FUTILITY,HIGH,"score=8;eff:term:futility(w=3),eff:causal_near:futility,eff:futility_phrase",INTERVENTIONAL,PHASE1,"EMD Serono Research & Development Institute, Inc.","Merck KGaA, Darmstadt, Germany",Advanced Solid Tumors,Avelumab; M9241; Avelumab (Once weekly); M9241 (MTD); Avelumab (Expansion cohort),DRUG; DRUG; DRUG; DRUG; DRUG,2017-01-31,2020-10-08,2020-10-08,2024-09-20,https://clinicaltrials.gov/study/NCT02994953
NCT00687596,Study of TAC-101 as Second Line Treatment in Patients With Advanced Hepatocellular Carcinoma Who Received Sorafenib as First Line Therapy,TERMINATED,Terminated due to safety concerns,BIOLOGICAL_FAILURE,SAFETY,HIGH,"score=11;saf:term:safety(w=1),saf:causal_near:safety,saf:term:safety concern(w=2),saf:causal_near:safety concern,saf:term:safety concerns(w=2),saf:causal_near:safety concerns",INTERVENTIONAL,PHASE2,"Taiho Oncology, Inc.","Quintiles, Inc.",Hepatocellular Carcinoma,TAC-101; Placebo,DRUG; DRUG,2008-08-01,2010-05-10,2010-05-10,2024-09-19,https://clinicaltrials.gov/study/NCT00687596
NCT03410927,A Study of TAS0728 in Patients With Solid Tumors With HER2 or HER3 Abnormalities,TERMINATED,The study was stopped due to unacceptable toxicity during the dose-escalation portion (Phase 1) of the study and did not progress to Phase 2,BIOLOGICAL_FAILURE,SAFETY,HIGH,"score=12;saf:term:toxicity(w=2),saf:causal_near:toxicity,saf:term:toxic(w=1),saf:causal_near:toxic,saf:term:unacceptable toxicity(w=3),saf:causal_near:unacceptable toxicity",INTERVENTIONAL,PHASE1,"Taiho Oncology, Inc.",,Advanced Solid Tumors With HER2 Abnormalities; Advanced Solid Tumors With HER3 Abnormalities,TAS0728,DRUG,2018-04-06,2022-06-09,2022-06-09,2024-09-05,https://clinicaltrials.gov/study/NCT03410927
NCT02964507,Dose Escalation and Expansion Study of GSK525762 in Combination With Fulvestrant in Participants With Hormone Receptor-positive (HR+)/Human Epidermal Growth Factor Receptor 2 Negative (HER2-) Advanced or Metastatic Breast Cancer,TERMINATED,This study has been terminated due to meeting protocol defined futility.,BIOLOGICAL_FAILURE,EFFICACY/FUTILITY,HIGH,"score=8;eff:term:futility(w=3),eff:causal_near:futility,eff:futility_phrase",INTERVENTIONAL,PHASE1,GlaxoSmithKline,,Neoplasms,GSK525762; Placebo; Fulvestrant,DRUG; DRUG; DRUG,2019-09-26,2020-09-29,2021-07-19,2024-08-29,https://clinicaltrials.gov/study/NCT02964507
NCT03498716,A Study Comparing Atezolizumab (Anti PD-L1 Antibody) In Combination With Adjuvant Anthracycline/Taxane-Based Chemotherapy Versus Chemotherapy Alone In Patients With Operable Triple-Negative Breast Cancer,TERMINATED,The study was terminated by the sponsor following interim analysis as the primary endpoint of iDFS crossed the pre-specified futility boundary of hazard ratio \> 1 in the Intent-to-Treat (ITT) population.,BIOLOGICAL_FAILURE,EFFICACY/FUTILITY,HIGH,"score=8;eff:term:primary endpoint(w=1),eff:term:futility(w=3),eff:term:interim analysis(w=1),eff:futility_phrase",INTERVENTIONAL,PHASE3,Hoffmann-La Roche,"Breast International Group; Alliance Foundation Trials, LLC.; Jules Bordet Institute; Frontier Science & Technology Research Foundation, Inc.",Triple Negative Breast Cancer,Atezolizumab; Paclitaxel; Dose-dense Doxorubicin or dose-dense Epirubicin; Cyclophosphamide,DRUG; DRUG; DRUG; DRUG,2018-08-02,2023-08-14,2023-08-14,2024-08-21,https://clinicaltrials.gov/study/NCT03498716
NCT06065059,Study to Evaluate TNG348 Alone and With a PARP Inhibitor in Patients With BRCA 1/2 Mutant or HRD+ Solid Tumors,TERMINATED,Terminated due to safety,BIOLOGICAL_FAILURE,SAFETY,MEDIUM,"score=3;saf:term:safety(w=1),saf:causal_near:safety",INTERVENTIONAL,PHASE1; PHASE2,"Tango Therapeutics, Inc.",,Breast Cancer; Ovarian Cancer; Pancreas Cancer; Prostate Cancer; BRCA1 Mutation; BRCA-Mutated Ovarian Carcinoma; BRCA-Associated Breast Carcinoma; HRD Positive Advanced Ovarian Cancer,TNG348; Olaparib,DRUG; DRUG,2023-12-08,2024-05-22,2024-05-22,2024-08-13,https://clinicaltrials.gov/study/NCT06065059
NCT02353143,Study of MEN1112 Intravenous Infusion in Relapsed or Refractory Acute Myeloid Leukemia,TERMINATED,The Sponsor accepted the iDSMB recommendation to terminate the study due to evidence of unpredictable liver toxicity and meaningful target engagement not translating into any clinical objective response.,BIOLOGICAL_FAILURE,SAFETY,HIGH,"score=7;saf:term:toxicity(w=2),saf:causal_near:toxicity,saf:term:toxic(w=1),saf:causal_near:toxic",INTERVENTIONAL,PHASE1,Menarini Group,,"Recurrent Adult Acute Myeloid Leukemia; Acute Myeloid Leukemia, in Relapse",MEN1112,DRUG,2014-12,2021-04-09,2021-04-09,2024-08-12,https://clinicaltrials.gov/study/NCT02353143
NCT04534283,A Basket Trial of an ERK1/2 Inhibitor (LY3214996) in Combination With Abemaciclib.,TERMINATED,Lack of efficacy.,BIOLOGICAL_FAILURE,EFFICACY/FUTILITY,MEDIUM,score=3;eff:term:lack of efficacy(w=3),INTERVENTIONAL,PHASE2,Anita Turk,Eli Lilly and Company,Cancer; Cancer Metastatic; BRAF V600E; MEK1 Gene Mutation; MEK2 Gene Mutation; ERK Mutation; RAF1 Gene Mutation,Abemaciclib; LY3214996,DRUG; DRUG,2020-10-05,2023-08-07,2023-08-07,2024-08-07,https://clinicaltrials.gov/study/NCT04534283
NCT00848601,"Safety of SGI-1776, A PIM Kinase Inhibitor in Refractory Prostate Cancer and Relapsed/Refractory Non Hodgkin's Lymphoma",TERMINATED,The dose limiting toxicity of cardiac QTc prolongation was identifiedin the phase 1 study in patients with refractory prostate and lymphoma,BIOLOGICAL_FAILURE,SAFETY,MEDIUM,"score=4;saf:term:toxicity(w=2),saf:term:toxic(w=1),saf:term:dose limiting(w=1)",INTERVENTIONAL,PHASE1,"Astex Pharmaceuticals, Inc.",,Prostate Cancer; Non-Hodgkins Lymphoma,SGI-1776,DRUG,2009-02,2010-10,2010-10,2024-08-02,https://clinicaltrials.gov/study/NCT00848601
NCT03616470,Study to Determine the Efficacy of Uproleselan (GMI-1271) in Combination With Chemotherapy to Treat Relapsed/Refractory Acute Myeloid Leukemia,TERMINATED,Trial failed to meet primary endpoint.,BIOLOGICAL_FAILURE,EFFICACY/FUTILITY,HIGH,"score=7;eff:term:failed to meet(w=3),eff:term:primary endpoint(w=1),eff:endpoint_not_met_phrase",INTERVENTIONAL,PHASE3,GlycoMimetics Incorporated,,Acute Myeloid Leukemia,Uproleselan; Placebo,DRUG; DRUG,2018-10-15,2024-03-31,2024-03-31,2024-07-29,https://clinicaltrials.gov/study/NCT03616470
NCT05338346,A Study of ATG-018 (ATR Inhibitor) Treatment in Patients With Advanced Solid Tumors and Hematological Malignancies,TERMINATED,Lack of efficacy of study compound,BIOLOGICAL_FAILURE,EFFICACY/FUTILITY,MEDIUM,score=3;eff:term:lack of efficacy(w=3),INTERVENTIONAL,PHASE1,Antengene Discovery Limited,,Advanced Solid Tumors; Hematological Malignancies,ATG-018,DRUG,2022-07-08,2024-01-08,2024-01-08,2024-07-18,https://clinicaltrials.gov/study/NCT05338346
NCT04159896,ESK981 and Nivolumab for the Treatment of Metastatic Castration Resistant Prostate Cancer,TERMINATED,The study was closed to accrual on 3/1/21 due to safety concerns since 2 patients experienced CVA events.,BIOLOGICAL_FAILURE,SAFETY,HIGH,"score=10;saf:term:safety(w=1),saf:causal_near:safety,saf:term:safety concern(w=2),saf:causal_near:safety concern,saf:term:safety concerns(w=2),saf:causal_near:safety concerns",INTERVENTIONAL,PHASE2,Barbara Ann Karmanos Cancer Institute,National Cancer Institute (NCI),Castration Levels of Testosterone; Castration-Resistant Prostate Carcinoma; Metastatic Prostate Carcinoma; Prostate Carcinoma Metastatic in the Bone; Stage IVB Prostate Cancer AJCC v8,Pan-VEGFR/TIE2 Tyrosine Kinase Inhibitor CEP-11981; Nivolumab,DRUG; BIOLOGICAL,2019-11-13,2022-03-01,2022-03-01,2024-07-16,https://clinicaltrials.gov/study/NCT04159896
NCT03176277,A Study of ONO-7475 in Patients With Acute Leukemias,TERMINATED,Protocol defined futility criteria,BIOLOGICAL_FAILURE,EFFICACY/FUTILITY,HIGH,"score=6;eff:term:futility(w=3),eff:futility_phrase",INTERVENTIONAL,PHASE1; PHASE2,Ono Pharmaceutical Co. Ltd,,Acute Leukemia; Myelodysplastic Syndromes,ONO-7475 3mg once daily; ONO-7475 6mg once daily; ONO-7475 10mg once daily; ONO-7475 6mg + Venetoclax (70-400mg),DRUG; DRUG; DRUG; DRUG,2017-06-26,2022-12-01,2023-01-20,2024-07-15,https://clinicaltrials.gov/study/NCT03176277
NCT04790903,"A Study Evaluating the Safety, Efficacy and Pharmacokinetics of Venetoclax in Combination With Polatuzumab Vedotin Plus Rituximab (R) and Cyclophosphamide, Doxorubicin, Prednisone (CHP) in Participants With Untreated BCL-2 Immunohistochemistry (IHC)-Positive Diffuse Large B-Cell Lymphoma (DLBCL)",TERMINATED,Decision to discontinue the study based on broader development and strategic prioritisation. The Sponsor concludes there is no benefit-risk impact on the BO42203 study.,BIOLOGICAL_FAILURE,EFFICACY/FUTILITY,MEDIUM,score=2;eff:term:no benefit(w=2),INTERVENTIONAL,PHASE1,Hoffmann-La Roche,,"Lymphoma, Large B-Cell, Diffuse",Venetoclax; Polatuzumab Vedotin; Rituximab; Cyclophosphamide; Doxorubicin; Prednisone,DRUG; DRUG; DRUG; DRUG; DRUG; DRUG,2021-07-02,2024-05-21,2024-05-21,2024-07-11,https://clinicaltrials.gov/study/NCT04790903
NCT02400242,Study of ACY-241 Alone and in Combination With Pomalidomide and Dexamethasone in Multiple Myeloma,TERMINATED,Lack of efficacy,BIOLOGICAL_FAILURE,EFFICACY/FUTILITY,MEDIUM,score=3;eff:term:lack of efficacy(w=3),INTERVENTIONAL,PHASE1,Celgene,,Multiple Myeloma,ACY-241; Pomalidomide; Dexamethasone,DRUG; DRUG; DRUG,2015-05-07,2024-06-03,2024-06-03,2024-07-09,https://clinicaltrials.gov/study/NCT02400242
NCT03690141,An Open-label Study of the Effect of Tomivosertib (eFT508) in Patients With Advanced Castrate-resistant Prostate Cancer,TERMINATED,Terminated early due to a lack of efficacy.,BIOLOGICAL_FAILURE,EFFICACY/FUTILITY,MEDIUM,"score=5;eff:term:lack of efficacy(w=3),eff:causal_near:lack of efficacy",INTERVENTIONAL,PHASE2,Effector Therapeutics,,Castrate-resistant Prostate Cancer (CRPC),eFT508,DRUG,2018-11-27,2020-04-27,2020-04-27,2024-06-21,https://clinicaltrials.gov/study/NCT03690141
NCT04161391,"Study of TPX-0046, A RET/SRC Inhibitor in Adult Subjects With Advanced Solid Tumors Harboring RET Fusions or Mutations",TERMINATED,Adverse change in the risk/benefit.,BIOLOGICAL_FAILURE,SAFETY,MEDIUM,score=2;saf:term:risk/benefit(w=2),INTERVENTIONAL,PHASE1; PHASE2,"Turning Point Therapeutics, Inc.",,Non Small Cell Lung Cancer; Medullary Thyroid Cancer; RET Gene Mutation; Metastatic Solid Tumor; Advanced Solid Tumor,TPX-0046,DRUG,2019-12-06,2023-05-22,2023-05-22,2024-06-13,https://clinicaltrials.gov/study/NCT04161391
NCT03492164,In Vivo PARP-1 Expression With 18F-FTT PET/CT in Pancreatic Cancer,TERMINATED,Early analysis of images after 6 patients showed no activity of the radiotracer in this patient population.,BIOLOGICAL_FAILURE,EFFICACY/FUTILITY,MEDIUM,score=2;eff:term:no activity(w=2),INTERVENTIONAL,EARLY_PHASE1,Abramson Cancer Center at Penn Medicine,,Pancreatic Cancer,[18F]FluorThanatrace ([18F]FTT),DRUG,2018-03-20,2024-06-11,2024-06-11,2024-06-12,https://clinicaltrials.gov/study/NCT03492164
NCT05160168,A Study of THE-630 in Patients With Advanced Gastrointestinal Stromal Tumors (GIST),TERMINATED,The Sponsor terminated the study due to early dose-limiting toxicities.,BIOLOGICAL_FAILURE,SAFETY,MEDIUM,"score=3;saf:term:toxic(w=1),saf:causal_near:toxic",INTERVENTIONAL,PHASE1; PHASE2,Theseus Pharmaceuticals,,"Gastrointestinal Stromal Tumors (GIST); Neoplasms, Connective Tissue; Neoplasms, Connective and Soft Tissue; Neoplasms by Histologic Type; Neoplasms; Gastrointestinal Neoplasms; Digestive System Neoplasm; Digestive System Disease; Gastrointestinal Diseases",THE-630,DRUG,2022-01-03,2024-02-02,2024-02-02,2024-06-05,https://clinicaltrials.gov/study/NCT05160168
NCT02902484,Study of Nintedanib and Chemotherapy for Advanced Pancreatic Cancer,TERMINATED,The study was terminated due to futility and lack of future funding,BIOLOGICAL_FAILURE,EFFICACY/FUTILITY,HIGH,"score=7;eff:term:futility(w=3),eff:causal_near:futility,eff:futility_phrase",INTERVENTIONAL,PHASE1; PHASE2,University of Texas Southwestern Medical Center,Boehringer Ingelheim; The University of Texas Health Science Center at San Antonio; South Plains Oncology Consortium,Cancer of Pancreas,Nintedanib,DRUG,2017-09-07,2021-10-26,2021-10-26,2024-06-03,https://clinicaltrials.gov/study/NCT02902484
NCT05048732,Imaging Apoptosis for Lymphoma Treatment Response,TERMINATED,Futility,BIOLOGICAL_FAILURE,EFFICACY/FUTILITY,HIGH,"score=6;eff:term:futility(w=3),eff:futility_phrase",INTERVENTIONAL,EARLY_PHASE1,Washington University School of Medicine,AbbVie,Diffuse Large B Cell Lymphoma,18F-FluorApoTrace,DRUG,2021-12-06,2024-02-10,2024-02-10,2024-05-30,https://clinicaltrials.gov/study/NCT05048732
NCT04698915,Phase 2b Study of GC4711 in Combination With SBRT for Nonmetastatic Pancreatic Cancer,TERMINATED,Futility Analysis,BIOLOGICAL_FAILURE,EFFICACY/FUTILITY,HIGH,"score=9;eff:term:futility(w=3),eff:term:futility analysis(w=3),eff:futility_phrase",INTERVENTIONAL,PHASE2,"Galera Therapeutics, Inc.",,SBRT; Borderline Resectable Pancreatic Cancer; Unresectable Pancreatic Cancer,Drug GC4711; Placebo,DRUG; DRUG,2021-05-07,2023-11-30,2023-11-30,2024-05-21,https://clinicaltrials.gov/study/NCT04698915
NCT03893019,MB-CART20.1 Melanoma,TERMINATED,The risk-benefit assessment was not as expected.,BIOLOGICAL_FAILURE,SAFETY,MEDIUM,score=2;saf:term:risk-benefit(w=2),INTERVENTIONAL,EARLY_PHASE1,Miltenyi Biomedicine GmbH,DLR German Aerospace Center,Melanoma (Skin),MB-CART20.1,BIOLOGICAL,2019-03-08,2023-01-30,2023-01-30,2024-05-16,https://clinicaltrials.gov/study/NCT03893019
NCT02663518,A Trial of PF-07901800 (TTI-621) for Patients With Hematologic Malignancies and Selected Solid Tumors,TERMINATED,Pfizer decided terminating study for administrative reasons on 22Mar2022 (stopping enrollment as of 15Apr2022). The decision wasn't due to safety concerns or requests from regulatory authorities.,BIOLOGICAL_FAILURE,SAFETY,HIGH,"score=10;saf:term:safety(w=1),saf:causal_near:safety,saf:term:safety concern(w=2),saf:causal_near:safety concern,saf:term:safety concerns(w=2),saf:causal_near:safety concerns",INTERVENTIONAL,PHASE1,Pfizer,,Hematologic Malignancies; Solid Tumor,PF-0791800 (TTI-621); PF-07901800 (TTI-621) plus Rituximab; PF-07901800 (TTI-621) plus Nivolumab,DRUG; DRUG; DRUG,2016-01-28,2022-11-23,2022-11-23,2024-05-10,https://clinicaltrials.gov/study/NCT02663518
NCT02635061,Selective HDAC6 Inhibitor ACY 241 in Combination With Nivolumab in Patients With Unresectable Non Small Cell Lung Cancer,TERMINATED,Lack of efficacy,BIOLOGICAL_FAILURE,EFFICACY/FUTILITY,MEDIUM,score=3;eff:term:lack of efficacy(w=3),INTERVENTIONAL,PHASE1,Celgene,,Non Small Cell Lung Cancer,ACY-241; Nivolumab,DRUG; DRUG,2016-08-25,2024-01-22,2024-01-22,2024-05-07,https://clinicaltrials.gov/study/NCT02635061
NCT04476797,Phase I/II Study of SBRT and GC4711 for Centrally Located or Large NSCLC,TERMINATED,Development GC4711 was halted after the lead study in pancreatic cancer was stopped early due to meeting the requirements of a futility analysis,BIOLOGICAL_FAILURE,EFFICACY/FUTILITY,HIGH,"score=13;eff:term:futility(w=3),eff:causal_near:futility,eff:term:futility analysis(w=3),eff:causal_near:futility analysis,eff:futility_phrase",INTERVENTIONAL,PHASE1; PHASE2,"Galera Therapeutics, Inc.",,SBRT; NSCLC; Non-metastatic,GC4711 +SBRT; Placebo +SBRT,DRUG; DRUG,2020-10-18,2023-11-28,2023-11-28,2024-04-30,https://clinicaltrials.gov/study/NCT04476797
NCT00775502,Phase 1/2 Study of Anti GM-2 Monoclonal Antibody To Treat Multiple Myeloma,TERMINATED,lack of efficacy in Multiple myeloma,BIOLOGICAL_FAILURE,EFFICACY/FUTILITY,MEDIUM,score=3;eff:term:lack of efficacy(w=3),INTERVENTIONAL,PHASE1,"Kyowa Kirin Co., Ltd.","Kyowa Hakko Kirin Pharma, Inc.",Multiple Myeloma,BIW-8962,DRUG,2008-10,2011-05,2011-10,2024-04-25,https://clinicaltrials.gov/study/NCT00775502
NCT01898156,"Two-Part, Open-Label, Multi-Center, Phase 1/2 Study of BIW-8962 as Monotherapy in Subjects With Lung Cancer",TERMINATED,lack of efficacy,BIOLOGICAL_FAILURE,EFFICACY/FUTILITY,MEDIUM,score=3;eff:term:lack of efficacy(w=3),INTERVENTIONAL,PHASE1; PHASE2,"Kyowa Kirin Korea Co., Ltd.",,"Phase 1 Portion : Non Small Cell Lung Cancer(NSCLC), Small Cell Lung Cancer(SCLC), Mesothelioma; Phase 2 Portion : Small Cell Lung Cancer(SCLC)",BIW-8962,DRUG,2013-07,2016-06,2016-06,2024-04-25,https://clinicaltrials.gov/study/NCT01898156
NCT02085304,"Tumor Resection and Gliadel® Wafers, Followed by Temodar® With Standard Radiation or GammaKnife® for New GBM",TERMINATED,met stopping rules for futility,BIOLOGICAL_FAILURE,EFFICACY/FUTILITY,HIGH,"score=6;eff:term:futility(w=3),eff:futility_phrase",INTERVENTIONAL,PHASE1; PHASE2,"St. Joseph's Hospital and Medical Center, Phoenix",,Glioblastoma,Gross total resection and Gliadel(R) wafers implanted; GammaKnife(R) stereotactic Radiosurgery; Standard fractionated radiation therapy; Temozolomide,PROCEDURE; RADIATION; RADIATION; DRUG,2013-05-07,2015-05-30,2018-05-29,2024-04-19,https://clinicaltrials.gov/study/NCT02085304
NCT04349280,A Study to Evaluate the Efficacy and Safety of Bintrafusp Alfa (M7824) Monotherapy in Metastatic or Locally Advanced Urothelial Cancer,TERMINATED,Primary investigator withdrew the participant due to an SAE,BIOLOGICAL_FAILURE,SAFETY,MEDIUM,"score=3;saf:term:sae(w=1),saf:causal_near:sae",INTERVENTIONAL,PHASE1,GlaxoSmithKline,"Merck KGaA, Darmstadt, Germany",Neoplasms,Bintrafusp alfa,DRUG,2020-10-15,2022-08-15,2022-08-15,2024-04-18,https://clinicaltrials.gov/study/NCT04349280
NCT03396471,Study of Pembrolizumab and Concurrent Radiation in Patients With Previously Treated Carcinoma of Unknown Primary,TERMINATED,Study failed to meet its interim analysis endpoint,BIOLOGICAL_FAILURE,EFFICACY/FUTILITY,MEDIUM,"score=4;eff:term:failed to meet(w=3),eff:term:interim analysis(w=1)",INTERVENTIONAL,PHASE2,Hoosier Cancer Research Network,Merck Sharp & Dohme LLC,"Carcinoma, Unspecified Site",Pembrolizumab; External Beam Radiation Therapy,DRUG; RADIATION,2018-02-01,2021-08-12,2023-03-02,2024-04-18,https://clinicaltrials.gov/study/NCT03396471
NCT00310232,Epoetin Alfa in Advanced Non-Small Cell Lung Cancer (EPO-CAN-20),TERMINATED,"Recommendation of DSMB for safety issue, increased mortality with study drug.",BIOLOGICAL_FAILURE,SAFETY,MEDIUM,"score=3;saf:term:safety(w=1),saf:term:safety issue(w=2)",INTERVENTIONAL,PHASE3,Ontario Clinical Oncology Group (OCOG),"Ortho Biotech, Inc.",Non-Small-Cell Lung Carcinoma; Lung Cancer; Anemia,Epoetin Alfa,DRUG,2001-02,,2004-04,2024-04-02,https://clinicaltrials.gov/study/NCT00310232
NCT04610658,Immune Checkpoint Inhibition With Lurbinectedin Relapsed/Recurrent SCLC,TERMINATED,DLTs,BIOLOGICAL_FAILURE,SAFETY,MEDIUM,"score=2;saf:term:dlt(w=1),saf:term:dlts(w=1)",INTERVENTIONAL,PHASE1,H. Lee Moffitt Cancer Center and Research Institute,Bristol-Myers Squibb; Jazz Pharmaceuticals,Small-cell Lung Cancer; Relapsed Small Cell Lung Cancer; Recurrent Small Cell Lung Cancer,Nivolumab; Ipilimumab; Lurbinectedin,DRUG; DRUG; DRUG,2020-11-23,2023-03-24,2023-03-24,2024-04-02,https://clinicaltrials.gov/study/NCT04610658
NCT04115059,Dasatinib In Waldenström Macroglobulinemia,TERMINATED,Lack of efficacy,BIOLOGICAL_FAILURE,EFFICACY/FUTILITY,MEDIUM,score=3;eff:term:lack of efficacy(w=3),INTERVENTIONAL,PHASE1,"Jorge J. Castillo, MD",Bristol-Myers Squibb,Waldenstrom Macroglobulinemia; DASATINIB,Dasatinib,DRUG,2019-11-04,2021-12-31,2021-12-31,2024-03-21,https://clinicaltrials.gov/study/NCT04115059
NCT04793399,Safety and Efficacy Evaluation of Bosutinib Plus Atezolizumab in Newly Diagnosed Chronic Leukemia Adult Patients,TERMINATED,The study has been prematurely terminated due to the onset of 2 dose limiting toxicities in 2 patients.,BIOLOGICAL_FAILURE,SAFETY,HIGH,"score=6;saf:term:toxic(w=1),saf:causal_near:toxic,saf:term:dose limiting(w=1),saf:causal_near:dose limiting",INTERVENTIONAL,PHASE1; PHASE2,Fundacion Espanola para la Curacion de la Leucemia Mieloide Cronica,"Pfizer; Roche Farma, S.A",Chronic Phase-Chronic Myeloid Leukemia,Bosutinib 400 MG Monotherapy; Bosutinib 400 MG + Atezolizumab 840 MG in 14 ML Injection,DRUG; DRUG,2021-02-24,2021-09-24,2021-09-24,2024-03-19,https://clinicaltrials.gov/study/NCT04793399
NCT06160609,Platform Sub-study of Belantamab Mafodotin (GSK2857916) in Combination With aOX40 (GSK3174998) in Participants With RRMM,TERMINATED,The study was terminated due to lack of efficacy.,BIOLOGICAL_FAILURE,EFFICACY/FUTILITY,MEDIUM,"score=5;eff:term:lack of efficacy(w=3),eff:causal_near:lack of efficacy",INTERVENTIONAL,PHASE1; PHASE2,GlaxoSmithKline,,Relapsed/Refractory Multiple Myeloma,Belantamab Mafodotin; GSK3174998,DRUG; DRUG,2019-10-07,2023-01-09,2023-01-09,2024-03-12,https://clinicaltrials.gov/study/NCT06160609
NCT03051516,HPV Vaccine Therapy in Interrupting Progression in Patients With High-Grade Vulvar or Anal Lesions,TERMINATED,The study was terminated early due to futility.,BIOLOGICAL_FAILURE,EFFICACY/FUTILITY,HIGH,"score=8;eff:term:futility(w=3),eff:causal_near:futility,eff:futility_phrase",INTERVENTIONAL,PHASE4,Fred Hutchinson Cancer Center,National Cancer Institute (NCI),High Grade Anal Canal Intraepithelial Neoplasia; High Grade Vulvar Squamous Intraepithelial Lesion,Laboratory Biomarker Analysis; Placebo Administration; Questionnaire Administration; Recombinant Human Papillomavirus Nonavalent Vaccine,OTHER; OTHER; OTHER; BIOLOGICAL,2017-08-01,2022-12-31,2022-12-31,2024-02-28,https://clinicaltrials.gov/study/NCT03051516
NCT03357224,PARCT: Trial of Atezolizumab in Relapsed/Refractory Cutaneous T Cell Lymphoma (CTCL),TERMINATED,Following an urgent safety measure due to toxicity recruitment has been closed prematurely.,BIOLOGICAL_FAILURE,SAFETY,HIGH,"score=9;saf:term:safety(w=1),saf:causal_near:safety,saf:term:toxicity(w=2),saf:causal_near:toxicity,saf:term:toxic(w=1),saf:causal_near:toxic",INTERVENTIONAL,PHASE2,European Organisation for Research and Treatment of Cancer - EORTC,Hoffmann-La Roche,"Lymphoma, T-Cell, Cutaneous; Mycosis Fungoides/Sezary Syndrome",Atezolizumab,DRUG,2018-09-24,2021-03-11,2022-08-18,2024-02-22,https://clinicaltrials.gov/study/NCT03357224
NCT04025216,A Study of CART-TnMUC1 in Patients With TnMUC1-Positive Advanced Cancers,TERMINATED,The sponsor finds the risk/benefit analysis unfavorable and has terminated the study.,BIOLOGICAL_FAILURE,SAFETY,MEDIUM,score=2;saf:term:risk/benefit(w=2),INTERVENTIONAL,PHASE1,"Kite, A Gilead Company",,Non-Small Cell Lung Cancer; Ovarian Cancer; Fallopian Tube Cancer; Triple Negative Breast Cancer; Multiple Myeloma; Pancreatic Ductal Adenocarcinoma,CART-TnMUC1; Cyclophosphamide; Fludarabine,BIOLOGICAL; DRUG; DRUG,2019-10-10,2022-12-02,2022-12-02,2024-01-24,https://clinicaltrials.gov/study/NCT04025216
NCT05124795,"IMU-935 in Patients With Progressive, Metastatic Castration Resistant Prostate Cancer",TERMINATED,Lack of Efficacy,BIOLOGICAL_FAILURE,EFFICACY/FUTILITY,MEDIUM,score=3;eff:term:lack of efficacy(w=3),INTERVENTIONAL,PHASE1,Immunic AG,,Metastatic Castration Resistant Prostate Cancer,IMU-935,DRUG,2021-12-09,2023-05-31,2023-05-31,2024-01-17,https://clinicaltrials.gov/study/NCT05124795
NCT04196010,Continuous Infusion Chemotherapy (CI-CLAM) for the Treatment of Relapsed or Refractory Acute Myeloid Leukemia or Other High-Grade Myeloid Neoplasms,TERMINATED,Terminated due to unfavorable risk-benefit ratio of investigational regimen.,BIOLOGICAL_FAILURE,SAFETY,MEDIUM,"score=4;saf:term:risk-benefit(w=2),saf:causal_near:risk-benefit",INTERVENTIONAL,PHASE1,University of Washington,,Myeloid Neoplasm; Recurrent Acute Myeloid Leukemia; Refractory Acute Myeloid Leukemia,Cladribine; Cytarabine; Recombinant Granulocyte Colony-Stimulating Factor; Mitoxantrone,DRUG; DRUG; BIOLOGICAL; DRUG,2020-05-08,2021-10-13,2021-10-13,2023-12-28,https://clinicaltrials.gov/study/NCT04196010
NCT00679029,Chemotherapy & Bevacizumab for Human Epidermal Growth Factor Receptor 2 (HER2)/Neu-Negative Stage II/III Breast Cancer,TERMINATED,drug toxicity,BIOLOGICAL_FAILURE,SAFETY,MEDIUM,"score=3;saf:term:toxicity(w=2),saf:term:toxic(w=1)",INTERVENTIONAL,PHASE2,University of Nebraska,National Cancer Institute (NCI),HER2-negative Breast Cancer; Stage II Breast Cancer; Stage IIIA Breast Cancer; Stage IIIB Breast Cancer; Stage IIIC Breast Cancer,doxorubicin hydrochloride; cyclophosphamide; bevacizumab; paclitaxel; gemcitabine hydrochloride; laboratory biomarker analysis; pegfilgrastim,DRUG; DRUG; BIOLOGICAL; DRUG; DRUG; OTHER; BIOLOGICAL,2008-05-02,2010-11-18,2010-11-18,2023-12-11,https://clinicaltrials.gov/study/NCT00679029
NCT00540995,"Busulfan, Etoposide, and Intensity-Modulated Radiation Therapy Followed By Donor Stem Cell Transplant in Treating Patients With Advanced Myeloid Cancer",TERMINATED,"Unable to safely escalate to TMLI doses that were hypothesized to be effective and less toxic than FTBI. Likely due to the giving of Busulfan prior to radiation delivery. Therefore, the study was abandoned and no further patients were accrued.",BIOLOGICAL_FAILURE,SAFETY,MEDIUM,"score=3;saf:term:toxic(w=1),saf:causal_near:toxic",INTERVENTIONAL,PHASE1; PHASE2,City of Hope Medical Center,,Adult Acute Myeloid Leukemia in Remission; Adult Acute Myeloid Leukemia With 11q23 (MLL) Abnormalities; Adult Acute Myeloid Leukemia With Del(5q); Adult Acute Myeloid Leukemia With Inv(16)(p13;q22); Adult Acute Myeloid Leukemia With t(15;17)(q22;q12); Adult Acute Myeloid Leukemia With t(16;16)(p13;q22); Adult Acute Myeloid Leukemia With t(8;21)(q22;q22); Blastic Phase Chronic Myelogenous Leukemia; Childhood Acute Myeloid Leukemia in Remission; Childhood Chronic Myelogenous Leukemia; Childhood Myelodysplastic Syndromes; Previously Treated Myelodysplastic Syndromes; Recurrent Adult Acute Myeloid Leukemia; Recurrent Childhood Acute Myeloid Leukemia; Refractory Anemia With Excess Blasts,busulfan; etoposide; intensity-modulated radiation therapy; allogeneic hematopoietic stem cell transplantation; allogeneic bone marrow transplantation; peripheral blood stem cell transplantation; tomotherapy,DRUG; DRUG; RADIATION; PROCEDURE; PROCEDURE; PROCEDURE; RADIATION,2007-06-11,2011-05-17,2011-08-09,2023-11-30,https://clinicaltrials.gov/study/NCT00540995
NCT04329949,Study of Relacorilant in Combination With Nab-Paclitaxel in Patients With Metastatic Pancreatic Ductal Adenocarcinoma,TERMINATED,"The independent data monitoring committee found no safety issues, however the observed response rate did not meet the predefined threshold for continuing the study. The study was terminated by the Sponsor.",BIOLOGICAL_FAILURE,EFFICACY/FUTILITY,MEDIUM,score=3;eff:term:did not meet(w=3),INTERVENTIONAL,PHASE3,Corcept Therapeutics,,Metastatic Pancreatic Ductal Adenocarcinoma,"Relacorilant, 100 mg and 25 mg; Nab-paclitaxel",DRUG; DRUG,2020-06-30,2021-08-23,2022-03-25,2023-11-18,https://clinicaltrials.gov/study/NCT04329949
NCT02312206,"The VITAL Amyloidosis Study, a Global Phase 3, Efficacy and Safety Study of NEOD001 in Patients With AL Amyloidosis",TERMINATED,The VITAL study was terminated due to futility analysis,BIOLOGICAL_FAILURE,EFFICACY/FUTILITY,HIGH,"score=13;eff:term:futility(w=3),eff:causal_near:futility,eff:term:futility analysis(w=3),eff:causal_near:futility analysis,eff:futility_phrase",INTERVENTIONAL,PHASE3,Prothena Biosciences Ltd.,,Primary Systemic (AL) Amyloidosis,NEOD001; Placebo,DRUG; OTHER,2015-02,2018-05,2018-05,2023-11-14,https://clinicaltrials.gov/study/NCT02312206
NCT03786094,"Pivotal Study in HER2 Negative, Locally Recurrent or Metastatic Breast Cancer",TERMINATED,The study was halted early due to failure to meet the primary endpoint.,BIOLOGICAL_FAILURE,EFFICACY/FUTILITY,MEDIUM,"score=3;eff:term:primary endpoint(w=1),eff:causal_near:primary endpoint",INTERVENTIONAL,PHASE3,Spexis AG,,Metastatic Breast Cancer; Locally Recurrent Breast Cancer,Eribulin; Balixafortide,DRUG; DRUG,2019-05-30,2021-10-19,2021-10-19,2023-11-01,https://clinicaltrials.gov/study/NCT03786094
NCT03318861,Study to Evaluate the Safety and Efficacy of KITE-585 in Participants With Relapsed/Refractory Multiple Myeloma,TERMINATED,The study was terminated due to lack of efficacy,BIOLOGICAL_FAILURE,EFFICACY/FUTILITY,MEDIUM,"score=5;eff:term:lack of efficacy(w=3),eff:causal_near:lack of efficacy",INTERVENTIONAL,PHASE1,"Kite, A Gilead Company",,Relapsed/Refractory Multiple Myeloma,KITE-585; Cyclophosphamide; Fludarabine,GENETIC; DRUG; DRUG,2017-10-20,2018-12-17,2022-09-16,2023-10-19,https://clinicaltrials.gov/study/NCT03318861
NCT04404140,"A Study Evaluating The Safety, Efficacy and Pharmacokinetics Of Ipatasertib In Combination With Atezolizumab And Docetaxel In Metastatic Castration-Resistant Prostate Cancer (mCRPC).",TERMINATED,"Despite many risk-minimization strategies, the combination of ipatasertib, atezolizumab and docetaxel was challenging due to multiple study treatment modifications required to manage toxicity, making further enrollment inappropriate.",BIOLOGICAL_FAILURE,SAFETY,HIGH,"score=6;saf:term:toxicity(w=2),saf:causal_near:toxicity,saf:term:toxic(w=1),saf:causal_near:toxic",INTERVENTIONAL,PHASE1,Hoffmann-La Roche,,Castration-Resistant Prostatic Cancer,Ipatasertib; Atezolizumab; Docetaxel,DRUG; DRUG; DRUG,2020-07-09,2022-10-14,2022-10-14,2023-10-17,https://clinicaltrials.gov/study/NCT04404140
NCT03690154,A Phase 1 Study to Evaluate FN-1501 Monotherapy in Patients With Advanced Solid Tumors and R/R AML,TERMINATED,Despite demonstrated safety and tolerability the trial was terminated early due to program re-prioritization in light of the competitive landscape.,BIOLOGICAL_FAILURE,SAFETY,MEDIUM,"score=3;saf:term:safety(w=1),saf:causal_near:safety",INTERVENTIONAL,PHASE1,Shanghai Fosun Pharmaceutical Industrial Development Co. Ltd.,,"Advanced Cancer; Solid Tumors; Acute Myeloid Leukemia Refractory; Acute Myeloid Leukemia, in Relapse",FN-1501,DRUG,2018-07-23,2022-02-11,2022-02-11,2023-10-13,https://clinicaltrials.gov/study/NCT03690154
NCT04891185,Visualisation of Indocyanine Green in Primary and Interval Debulking for Ovarian Cancer,TERMINATED,Clinical futility,BIOLOGICAL_FAILURE,EFFICACY/FUTILITY,HIGH,"score=6;eff:term:futility(w=3),eff:futility_phrase",INTERVENTIONAL,PHASE2,Universitaire Ziekenhuizen KU Leuven,,Ovarian Cancer,Indocyanine green,DRUG,2021-10-01,2023-10-01,2023-10-01,2023-10-05,https://clinicaltrials.gov/study/NCT04891185
NCT01377389,Ipilimumab + Androgen Depravation Therapy in Prostate Cancer,TERMINATED,Due to adverse events,BIOLOGICAL_FAILURE,SAFETY,HIGH,"score=8;saf:term:adverse event(w=2),saf:causal_near:adverse event,saf:term:adverse events(w=2),saf:causal_near:adverse events",INTERVENTIONAL,PHASE2,M.D. Anderson Cancer Center,Bristol-Myers Squibb,Prostate Cancer,Ipilimumab; Leuprolide; Goserelin; Degarelix,DRUG; DRUG; DRUG; DRUG,2011-06-17,2017-04-07,2017-04-07,2023-09-29,https://clinicaltrials.gov/study/NCT01377389
NCT03067571,Daratumumab in Treating Patients With Relapsed or Refractory Acute Myeloid Leukemia or High-Risk Myelodysplastic Syndrome,TERMINATED,Study terminated early because of lack of efficacy,BIOLOGICAL_FAILURE,EFFICACY/FUTILITY,MEDIUM,"score=5;eff:term:lack of efficacy(w=3),eff:causal_near:lack of efficacy",INTERVENTIONAL,PHASE2,M.D. Anderson Cancer Center,National Cancer Institute (NCI),High Risk Myelodysplastic Syndrome; Recurrent Acute Myeloid Leukemia; Refractory Acute Myeloid Leukemia,Daratumumab,BIOLOGICAL,2017-10-27,2022-11-21,2022-11-21,2023-09-21,https://clinicaltrials.gov/study/NCT03067571
NCT04145700,CAMPFIRE: A Study of Ramucirumab (LY3009806) in Children and Young Adults With Synovial Sarcoma,TERMINATED,Study terminated for meeting protocol specified futility criteria.,BIOLOGICAL_FAILURE,EFFICACY/FUTILITY,HIGH,"score=6;eff:term:futility(w=3),eff:futility_phrase",INTERVENTIONAL,PHASE1; PHASE2,Eli Lilly and Company,,Synovial Sarcoma,Ramucirumab; Gemcitabine; Docetaxel,DRUG; DRUG; DRUG,2020-03-04,2023-02-23,2023-02-23,2023-09-13,https://clinicaltrials.gov/study/NCT04145700
NCT00176644,Phase II Trial of Transdermal Estradiol for Hormone Refractory Prostate Cancer,TERMINATED,Treatment ineffective,BIOLOGICAL_FAILURE,EFFICACY/FUTILITY,MEDIUM,score=2;eff:term:ineffective(w=2),INTERVENTIONAL,PHASE2,University of Medicine and Dentistry of New Jersey,National Cancer Institute (NCI),Prostate Cancer,Transdermal Estradiol,DRUG,2005-05,2008-12,2008-12,2023-09-13,https://clinicaltrials.gov/study/NCT00176644
NCT02585388,Addition of Aromatase at the Navelbine in Pretreated Metastatic Breast Cancer.,TERMINATED,Treatment toxicity,BIOLOGICAL_FAILURE,SAFETY,MEDIUM,"score=3;saf:term:toxicity(w=2),saf:term:toxic(w=1)",INTERVENTIONAL,PHASE2,ARCAGY/ GINECO GROUP,Pierre Fabre Laboratories,Breast Cancer,Vinorelbine; Letrozole; Anastrozole,DRUG; DRUG; DRUG,2015-10-23,2017-05-15,2017-05-15,2023-09-06,https://clinicaltrials.gov/study/NCT02585388
NCT04720664,Oral SM-88 in Patients With Metastatic HR+/HER2- Breast Cancer,TERMINATED,Lack of efficacy,BIOLOGICAL_FAILURE,EFFICACY/FUTILITY,MEDIUM,score=3;eff:term:lack of efficacy(w=3),INTERVENTIONAL,PHASE2,Georgetown University,"Tyme, Inc",Breast Cancer; Metastatic Breast Cancer; Hormone Receptor Positive Breast Carcinoma,SM-88,DRUG,2021-09-22,2023-02-10,2023-02-10,2023-08-28,https://clinicaltrials.gov/study/NCT04720664
NCT03626545,Phase III Study Evaluating Efficacy and Safety of Canakinumab in Combination With Docetaxel in Adult Subjects With Non-small Cell Lung Cancers as a Second or Third Line Therapy,TERMINATED,The study was early terminated due to the lack of efficacy of study treatment observed in the analysis of the primary endpoint of the randomized part,BIOLOGICAL_FAILURE,EFFICACY/FUTILITY,HIGH,"score=8;eff:term:lack of efficacy(w=3),eff:causal_near:lack of efficacy,eff:term:primary endpoint(w=1),eff:causal_near:primary endpoint",INTERVENTIONAL,PHASE3,Novartis Pharmaceuticals,,Non-Small-Cell Lung,Canakinumab; Docetaxel; Placebo,DRUG; DRUG; OTHER,2019-01-23,2021-01-08,2021-12-20,2023-08-21,https://clinicaltrials.gov/study/NCT03626545
NCT04227275,A Study of CART-PSMA-TGFβRDN in Patients With Metastatic Castration Resistant Prostate Cancer,TERMINATED,Based on the safety events and evidence of biologic activity without sustained clinical responses the Sponsor finds the risk/benefit analysis unfavorable for patients and has terminated the study.,BIOLOGICAL_FAILURE,SAFETY,MEDIUM,"score=3;saf:term:safety(w=1),saf:term:risk/benefit(w=2)",INTERVENTIONAL,PHASE1,"Tceleron Therapeutics, Inc.",,Metastatic Castration-resistant Prostate Cancer,CART-PSMA-TGFβRDN; Cyclophosphamide; Fludarabine; Anakinra,BIOLOGICAL; DRUG; DRUG; DRUG,2019-11-22,2022-11-07,2022-11-07,2023-08-21,https://clinicaltrials.gov/study/NCT04227275
NCT03682055,Phase 1/2a Study of VK-2019 in Patients With Epstein-Barr Virus (EBV)-Positive Nasopharyngeal Carcinoma (NPC),TERMINATED,Lack of efficacy,BIOLOGICAL_FAILURE,EFFICACY/FUTILITY,MEDIUM,score=3;eff:term:lack of efficacy(w=3),INTERVENTIONAL,PHASE1; PHASE2,Cullinan Therapeutics Inc.,National Cancer Institute (NCI),Nasopharyngeal Carcinoma; Nasopharyngeal Cancer,VK-2019,DRUG,2019-04-04,2020-06-23,2020-08-08,2023-08-15,https://clinicaltrials.gov/study/NCT03682055
NCT04729725,"SAR439459 and Cemiplimab for the Treatment of Advanced or Unresectable Solid Tumors, Strategic Alliance, TACTIC TRIAL",TERMINATED,"The industry supporter discontinued the study and lead drug, SAR439459, due to toxicity.",BIOLOGICAL_FAILURE,SAFETY,HIGH,"score=7;saf:term:toxicity(w=2),saf:causal_near:toxicity,saf:term:toxic(w=1),saf:causal_near:toxic",INTERVENTIONAL,PHASE1,M.D. Anderson Cancer Center,,Advanced Malignant Solid Neoplasm; Metastatic Malignant Solid Neoplasm; Unresectable Malignant Solid Neoplasm,Anti-TGF-beta Monoclonal Antibody SAR-439459; Cemiplimab,BIOLOGICAL; BIOLOGICAL,2021-02-09,2022-12-02,2022-12-02,2023-08-14,https://clinicaltrials.gov/study/NCT04729725
NCT05222516,Immunomodulation by OM-85 (Broncho-Vaxom) in Early AD,TERMINATED,Recommendation of DSMB (futility of Endpoints),BIOLOGICAL_FAILURE,EFFICACY/FUTILITY,HIGH,"score=6;eff:term:futility(w=3),eff:futility_phrase",INTERVENTIONAL,PHASE2,OM Pharma SA,,Atopic Dermatitis,Broncho-Vaxom; Placebo,DRUG; DRUG,2021-12-20,2023-07-13,2023-07-13,2023-08-08,https://clinicaltrials.gov/study/NCT05222516
NCT00551759,"Chemotherapy, Radiation Therapy, and Cetuximab Followed by Surgery, Docetaxel, and Cetuximab in Treating Patients With Esophageal Cancer or Gastroesophageal Junction Cancer",TERMINATED,"The study used a two-stage design. After stage one, the study was terminated due to excess toxicity.",BIOLOGICAL_FAILURE,SAFETY,HIGH,"score=7;saf:term:toxicity(w=2),saf:causal_near:toxicity,saf:term:toxic(w=1),saf:causal_near:toxic",INTERVENTIONAL,PHASE2,Eastern Cooperative Oncology Group,National Cancer Institute (NCI),Esophageal Cancer,5-Fluorouracil; Oxaliplatin; Cetuximab; Docetaxel; Surgery; Radiotherapy,DRUG; DRUG; DRUG; DRUG; PROCEDURE; RADIATION,2008-10-02,2011-10,2014-02,2023-07-03,https://clinicaltrials.gov/study/NCT00551759
NCT02588456,Pilot Study of Autologous Anti-CD22 Chimeric Antigen Receptor Redirected T Cells In Patients With Chemotherapy Resistant Or Refractory Acute Lymphoblastic Leukemia,TERMINATED,This study was terminated due to lack of efficacy,BIOLOGICAL_FAILURE,EFFICACY/FUTILITY,MEDIUM,"score=5;eff:term:lack of efficacy(w=3),eff:causal_near:lack of efficacy",INTERVENTIONAL,PHASE1,University of Pennsylvania,,Relapsed or Refractory B-cell Acute Lymphoblastic Leukemia,CART22 cells,BIOLOGICAL,2015-10,2017-09,2017-09,2023-06-22,https://clinicaltrials.gov/study/NCT02588456
NCT05153408,(HARMONY) Study of BLU-701 in EGFR-mutant NSCLC,TERMINATED,Lack of efficacy,BIOLOGICAL_FAILURE,EFFICACY/FUTILITY,MEDIUM,score=3;eff:term:lack of efficacy(w=3),INTERVENTIONAL,PHASE1,Blueprint Medicines Corporation,,"Lung Neoplasm; Carcinoma, Non-Small-Cell Lung; Respiratory Tract Neoplasms; Neoplasms; Neoplasms by Site; Lung Diseases; Respiratory Tract Diseases; Carcinoma, Bronchogenic; Bronchial Neoplasms; Adenocarcinoma; Carcinoma; Neoplasms by Histologic Type; Neoplasms, Nerve Tissue; EGFR C797S; EGFR C797A; EGFR L858R; EGFR Exon 19 Deletion; EGFR Gene Mutation; EGF-R Positive Non-Small Cell Lung Cancer; EGFR Mutation Resulting in Tyrosine Kinase Inhibitor Resistance; EGFR Activating Mutation; Thoracic Neoplasms; Antineoplastic Agents; Protein Kinase Inhibitors; EGFR C797G; EGFR C797X; Non Small Cell Lung Cancer",BLU-701; osimertinib; carboplatin; pemetrexed,DRUG; DRUG; DRUG; DRUG,2022-01-13,2022-12-09,2022-12-09,2023-06-18,https://clinicaltrials.gov/study/NCT05153408
NCT02450331,A Study of Atezolizumab Versus Observation as Adjuvant Therapy in Participants With High-Risk Muscle-Invasive Urothelial Carcinoma (UC) After Surgical Resection,TERMINATED,Sponsor decided to terminate the study early because the study did not meet its primary endpoint and because the study had met its goals of providing safety and additional exploratory efficacy information for atezolizumab monotherapy in MIBC.,BIOLOGICAL_FAILURE,EFFICACY/FUTILITY,HIGH,"score=6;eff:term:did not meet(w=3),eff:endpoint_not_met_phrase",INTERVENTIONAL,PHASE3,Hoffmann-La Roche,,"Carcinoma, Transitional Cell",Atezolizumab,DRUG,2015-10-05,2019-11-30,2022-06-14,2023-06-18,https://clinicaltrials.gov/study/NCT02450331
NCT03522584,"Durvalumab, Tremelimumab and Hypofractionated Radiation Therapy in Treating Patients With Recurrent or Metastatic Head and Neck Squamous Cell Carcinoma",TERMINATED,Terminated by the sponsor due to lack of efficacy in study treatment.,BIOLOGICAL_FAILURE,EFFICACY/FUTILITY,MEDIUM,"score=5;eff:term:lack of efficacy(w=3),eff:causal_near:lack of efficacy",INTERVENTIONAL,PHASE1; PHASE2,University of Washington,National Cancer Institute (NCI); AstraZeneca,Metastatic Head and Neck Squamous Cell Carcinoma; Recurrent Head and Neck Squamous Cell Carcinoma,Durvalumab; Laboratory Biomarker Analysis; Stereotactic Body Radiation Therapy; Tremelimumab; Hypofractionated Image-Guided Radiation Therapy,BIOLOGICAL; OTHER; RADIATION; BIOLOGICAL; PROCEDURE,2018-05-17,2021-12-16,2022-01-19,2023-06-12,https://clinicaltrials.gov/study/NCT03522584
NCT04648020,Clonidine HCl MBT vs. Placebo to Prevent Chemoradiotherapy-Induced Severe Oral Mucositis in Oropharyngeal Cancer.,TERMINATED,Interim Analysis did not meet the pre-defined threshold for efficacy of a 15% absolute difference in SOM prevention between Validive and placebo.,BIOLOGICAL_FAILURE,EFFICACY/FUTILITY,MEDIUM,"score=4;eff:term:did not meet(w=3),eff:term:interim analysis(w=1)",INTERVENTIONAL,PHASE2; PHASE3,Monopar Therapeutics,,Chemoradiotherapy-Induced Severe Oral Mucositis,Clonidine HCl Mucoadhesive Buccal Tablet; Placebo Mucoadhesive Buccal Tablet,DRUG; DRUG,2021-02-11,2023-05-14,2023-05-14,2023-05-31,https://clinicaltrials.gov/study/NCT04648020
NCT04849273,"A Study of TPX-0131, a Novel Oral ALK Tyrosine Kinase Inhibitor, in Patients With ALK+ Advanced or Metastatic NSCLC",TERMINATED,Adverse change in the risk/benefit.,BIOLOGICAL_FAILURE,SAFETY,MEDIUM,score=2;saf:term:risk/benefit(w=2),INTERVENTIONAL,PHASE1,"Turning Point Therapeutics, Inc.",,Non Small Cell Lung Cancer; Non-Small Cell Lung Cancer; NSCLC; Advanced Solid Tumor; Metastatic Solid Tumor; ALK Gene Mutation,TPX-0131,DRUG,2021-07-28,2023-04-18,2023-04-18,2023-05-26,https://clinicaltrials.gov/study/NCT04849273
NCT04163900,Comparing NUC-1031 Plus Cisplatin to Gemcitabine Plus Cisplatin in Patients With Advanced Biliary Tract Cancer,TERMINATED,"A pre-planned futility analysis concluded that NUC-1031 plus cisplatin was unlikely to achieve its primary objective of improving overall survival. Based on the IDMC's recommendation, NuCana has closed the study.",BIOLOGICAL_FAILURE,EFFICACY/FUTILITY,HIGH,"score=9;eff:term:futility(w=3),eff:term:futility analysis(w=3),eff:futility_phrase",INTERVENTIONAL,PHASE3,NuCana plc,,Biliary Tract Cancer,NUC-1031; Gemcitabine; Cisplatin,DRUG; DRUG; DRUG,2019-12-24,2022-03-02,2022-04-05,2023-05-24,https://clinicaltrials.gov/study/NCT04163900
NCT00946712,S0819: Carboplatin and Paclitaxel With or Without Bevacizumab and/or Cetuximab in Treating Patients With Stage IV or Recurrent Non-Small Cell Lung Cancer,TERMINATED,terminated at pre-planned futility analysis,BIOLOGICAL_FAILURE,EFFICACY/FUTILITY,HIGH,"score=9;eff:term:futility(w=3),eff:term:futility analysis(w=3),eff:futility_phrase",INTERVENTIONAL,PHASE3,SWOG Cancer Research Network,National Cancer Institute (NCI),Recurrent Large Cell Lung Carcinoma; Recurrent Lung Adenocarcinoma; Recurrent Squamous Cell Lung Carcinoma; Stage IV Large Cell Lung Carcinoma; Stage IV Lung Adenocarcinoma; Stage IV Squamous Cell Lung Carcinoma,Bevacizumab; Carboplatin; Cetuximab; Laboratory Biomarker Analysis; Paclitaxel,BIOLOGICAL; DRUG; BIOLOGICAL; OTHER; DRUG,2009-07-15,2017-08-31,2022-02-08,2023-05-23,https://clinicaltrials.gov/study/NCT00946712
NCT03535675,Muscadine Plus (MPX) In Men With Prostate Cancer,TERMINATED,The study was terminated by DSMB due to futility.,BIOLOGICAL_FAILURE,EFFICACY/FUTILITY,HIGH,"score=8;eff:term:futility(w=3),eff:causal_near:futility,eff:futility_phrase",INTERVENTIONAL,PHASE3,Sidney Kimmel Comprehensive Cancer Center at Johns Hopkins,Greater Washington Community Foundation,Adenocarcinoma of the Prostate,Muscadine Plus; Placebos,DRUG; DRUG,2018-10-30,2022-07-06,2022-11-03,2023-05-22,https://clinicaltrials.gov/study/NCT03535675
NCT03823131,"Optimizing Antitumor Immunity Using Plasmid Electroporation, Pembrolizumab, and Epacadostat",TERMINATED,Treatment Ineffective,BIOLOGICAL_FAILURE,EFFICACY/FUTILITY,MEDIUM,score=2;eff:term:ineffective(w=2),INTERVENTIONAL,PHASE2,"Chase Heaton, MD",Incyte Corporation; OncoSec Medical Incorporated,Metastatic Head and Neck Squamous Cell Carcinoma; Recurrent Head and Neck Squamous Cell Carcinoma; Unresectable Head and Neck Squamous Cell Carcinoma,ImmunoPulse; Epacadostat; Pembrolizumab; CORVax; Tavokinogene telseplasmid,DEVICE; DRUG; DRUG; BIOLOGICAL; DRUG,2019-05-02,2022-07-31,2022-07-31,2023-05-09,https://clinicaltrials.gov/study/NCT03823131
NCT05001724,KN046 Plus Lenvatinib in Subject With Advanced Non-Small Cell Lung Cancer in the Failure of Anti-PD-(L)1 Agent,TERMINATED,"Because the efficacy data did not meet expectations, the sponsor decided to terminate the study.",BIOLOGICAL_FAILURE,EFFICACY/FUTILITY,MEDIUM,score=3;eff:term:did not meet(w=3),INTERVENTIONAL,PHASE2; PHASE3,"Jiangsu Alphamab Biopharmaceuticals Co., Ltd",,Advanced Non-small Cell Lung Cancer,KN046; Lenvatinib; Docetaxel,BIOLOGICAL; DRUG; DRUG,2021-10-28,2023-02-13,2023-04-07,2023-04-25,https://clinicaltrials.gov/study/NCT05001724
NCT02994771,A Phase I Study With Lymfactin® in the Treatment of Patients With Secondary Lymphedema,TERMINATED,Lack of efficacy,BIOLOGICAL_FAILURE,EFFICACY/FUTILITY,MEDIUM,score=3;eff:term:lack of efficacy(w=3),INTERVENTIONAL,PHASE1,Herantis Pharma Plc.,,Secondary Lymphedema,Lymfactin® [1 x 10E10 vp]; Lymfactin® [1 x 10E11 vp],DRUG; DRUG,2016-06,2019-02-03,2022-04-05,2023-04-24,https://clinicaltrials.gov/study/NCT02994771
NCT01160926,Dual REctcal Angiogenesis or MEK Inhibition radioTHERAPY Trial,TERMINATED,2 DLTs had been reported from first 4 patients on lowest possible dose cohort.,BIOLOGICAL_FAILURE,SAFETY,MEDIUM,"score=2;saf:term:dlt(w=1),saf:term:dlts(w=1)",INTERVENTIONAL,PHASE1,The Christie NHS Foundation Trust,Cancer Research UK; AstraZeneca,Rectal Cancer,AZD6244; Cediranib (AZD2171),DRUG; DRUG,2010-07,2013-10,2016-11-04,2023-04-24,https://clinicaltrials.gov/study/NCT01160926
NCT02744287,Safety and Activity Study of PSCA-Targeted CAR-T Cells (BPX-601) in Subjects With Selected Advanced Solid Tumors,SUSPENDED,Due to a Dose Limiting Toxicity.,BIOLOGICAL_FAILURE,SAFETY,HIGH,"score=10;saf:term:toxicity(w=2),saf:causal_near:toxicity,saf:term:toxic(w=1),saf:causal_near:toxic,saf:term:dose limiting(w=1),saf:causal_near:dose limiting",INTERVENTIONAL,PHASE1; PHASE2,Bellicum Pharmaceuticals,,Metastatic Castration-resistant Prostate Cancer; Metastatic Prostate Cancer,BPX-601; Rimiducid,BIOLOGICAL; DRUG,2016-11,2025-10,2026-02,2023-04-20,https://clinicaltrials.gov/study/NCT02744287
NCT04650451,Safety and Activity Study of HER2-Targeted Dual Switch CAR-T Cells (BPX-603) in Subjects With HER2-Positive Solid Tumors,SUSPENDED,Due to a Dose Limiting Toxicity in another sister trial with same technology.,BIOLOGICAL_FAILURE,SAFETY,HIGH,"score=10;saf:term:toxicity(w=2),saf:causal_near:toxicity,saf:term:toxic(w=1),saf:causal_near:toxic,saf:term:dose limiting(w=1),saf:causal_near:dose limiting",INTERVENTIONAL,PHASE1,Bellicum Pharmaceuticals,,"HER-2 Gene Amplification; HER2-positive Gastric Cancer; HER2-positive Breast Cancer; HER-2 Protein Overexpression; Solid Tumor, Adult",chimeric antigen receptor (CAR) T cell therapy,BIOLOGICAL,2020-12-07,2025-12-31,2027-01-02,2023-04-20,https://clinicaltrials.gov/study/NCT04650451
NCT03790111,A Safety and Efficacy Study of XERMELO® + First-line Chemotherapy in Patients With Advanced Biliary Tract Cancer,TERMINATED,Did not meet pre-specified Progression-Free Survival at Month 6 for Stage 2 Analysis,BIOLOGICAL_FAILURE,EFFICACY/FUTILITY,MEDIUM,score=3;eff:term:did not meet(w=3),INTERVENTIONAL,PHASE2,TerSera Therapeutics LLC,,Biliary Tract Cancer (BTC),telotristat ethyl,DRUG,2019-03-13,2022-01-13,2022-01-13,2023-04-19,https://clinicaltrials.gov/study/NCT03790111
NCT03642132,Avelumab and Talazoparib in Untreated Advanced Ovarian Cancer (JAVELIN OVARIAN PARP 100),TERMINATED,"Phase 3 B9991010 study was stopped due to futility of efficacy at interim analysis on 21Dec2018, and approvals of PARP inhibitors in front-line maintenance setting, Pfizer decided stopping enrollment in the B9991030 study on 19Mar2019.",BIOLOGICAL_FAILURE,EFFICACY/FUTILITY,HIGH,"score=10;eff:term:futility(w=3),eff:causal_near:futility,eff:term:interim analysis(w=1),eff:causal_near:interim analysis,eff:futility_phrase",INTERVENTIONAL,PHASE3,Pfizer,,Ovarian Cancer,Chemotherapy + avelumab followed by avelumab + talazoparib; Chemotherapy followed by talazoparib maintenance; Chemotherapy + bevacizumab followed by bevacizumab,DRUG; DRUG; DRUG,2018-07-19,2021-12-22,2021-12-22,2023-04-06,https://clinicaltrials.gov/study/NCT03642132
NCT02332928,Melatonin Supplementation for Cancer-related Fatigue in Patients Receiving Radiotherapy,TERMINATED,Lack of efficacy,BIOLOGICAL_FAILURE,EFFICACY/FUTILITY,MEDIUM,score=3;eff:term:lack of efficacy(w=3),INTERVENTIONAL,PHASE3,Virginia Commonwealth University,National Cancer Institute (NCI),Breast Cancer - Female,Melatonin; Placebo,DRUG; DRUG,2015-03-25,2021-06-02,2021-06-02,2023-03-30,https://clinicaltrials.gov/study/NCT02332928
NCT02771626,"Study CB-839 in Combination With Nivolumab in Patients With Melanoma, Clear Cell Renal Cell Carcinoma (ccRCC) and Non-Small Cell Lung Cancer (NSCLC)",TERMINATED,lack of efficacy,BIOLOGICAL_FAILURE,EFFICACY/FUTILITY,MEDIUM,score=3;eff:term:lack of efficacy(w=3),INTERVENTIONAL,PHASE1; PHASE2,"Calithera Biosciences, Inc",,Clear Cell Renal Cell Carcinoma (ccRCC); Melanoma; Non-small Cell Lung Cancer (NSCLC),CB-839; Nivolumab,DRUG; DRUG,2016-08-01,2020-04-24,2020-04-24,2023-03-17,https://clinicaltrials.gov/study/NCT02771626
NCT01709734,"A 2 Part, Phase 2 Trial of Galeterone in the Treatment of Castration Resistant Prostate Cancer",TERMINATED,"Study was terminated prematurely in all investigational study centers upon recommendation from the study's Data Monitoring Committee (DMC).

Study was stopped due to lack of efficacy.",BIOLOGICAL_FAILURE,EFFICACY/FUTILITY,MEDIUM,"score=5;eff:term:lack of efficacy(w=3),eff:causal_near:lack of efficacy",INTERVENTIONAL,PHASE2,"LTN PHARMACEUTICALS, INC.",,Prostate Cancer,galeterone,DRUG,2012-12,2016-09,2016-09,2023-03-15,https://clinicaltrials.gov/study/NCT01709734
NCT03878927,"CPX-351+GO in Subjects 55 Years Old, or Older, With AML",TERMINATED,Dose limiting toxicities.,BIOLOGICAL_FAILURE,SAFETY,MEDIUM,"score=2;saf:term:toxic(w=1),saf:term:dose limiting(w=1)",INTERVENTIONAL,PHASE1,Weill Medical College of Cornell University,Jazz Pharmaceuticals; Pfizer,Acute Myeloid Leukemia,CPX-351; Gemtuzumab Ozogamicin,DRUG; DRUG,2019-08-23,2022-08-15,2022-09-01,2023-03-10,https://clinicaltrials.gov/study/NCT03878927
NCT03713944,Carboplatin Plus Pemetrexed Plus Atezolizumab Plus Bevacizumab in Chemotherapy and Immunotherapy-naïve Patients With Stage IV Non-squamous Non-small Cell Lung Cancer,TERMINATED,"Extreme toxicity, thromboembolic events",BIOLOGICAL_FAILURE,SAFETY,MEDIUM,"score=3;saf:term:toxicity(w=2),saf:term:toxic(w=1)",INTERVENTIONAL,PHASE2,Nasser Hanna,"Genentech, Inc.","NSCLC Stage IV; NSCLC, Recurrent",Carboplatin; Pemetrexed; Atezolizumab; Bevacizumab,DRUG; DRUG; DRUG; DRUG,2018-11-15,2021-12-16,2021-12-16,2023-03-01,https://clinicaltrials.gov/study/NCT03713944
NCT05622058,A Study of ALRN-6924 for Protection of Chemotherapy-Induced Side Effects in Patients With TP53-Mutant Breast Cancer,TERMINATED,The study has been terminated early given that the first four patients enrolled have experienced Grade 4 neutropenia and alopecia after cycle 1 and as such failed to meet the primary endpoint and the main secondary endpoint.,BIOLOGICAL_FAILURE,EFFICACY/FUTILITY,HIGH,"score=7;eff:term:failed to meet(w=3),eff:term:primary endpoint(w=1),eff:endpoint_not_met_phrase",INTERVENTIONAL,PHASE1,"Aileron Therapeutics, Inc.",,Prevention of Chemotherapy-induced Myelosuppression,ALRN-6924; TAC (doxorubicin 50 mg/m2; cyclophosphamide 500 mg/m2; docetaxel 75 mg/m2),DRUG; DRUG,2023-01-09,2023-02-22,2023-02-22,2023-02-27,https://clinicaltrials.gov/study/NCT05622058
NCT04438902,Osimertinib Combined With Anlotinib in EGFR T790M Mutated NSCLC Patients With Progression on Osimertinib Treatment,TERMINATED,Many patients can't tolerate the combination treatment due to adverse events.,BIOLOGICAL_FAILURE,SAFETY,HIGH,"score=8;saf:term:adverse event(w=2),saf:causal_near:adverse event,saf:term:adverse events(w=2),saf:causal_near:adverse events",INTERVENTIONAL,PHASE2,First Affiliated Hospital of Zhejiang University,,Non Small Cell Lung Cancer,osimertinib mesylate tablets and anlotinib hydrochloride capsules,DRUG,2020-12-12,2022-12-08,2023-02-16,2023-02-21,https://clinicaltrials.gov/study/NCT04438902
NCT03791398,BrUOG 379 Phase Ib/II Trial ONC201 + Nivolumab in MSS mCRC,TERMINATED,Lack of efficacy,BIOLOGICAL_FAILURE,EFFICACY/FUTILITY,MEDIUM,score=3;eff:term:lack of efficacy(w=3),INTERVENTIONAL,PHASE1; PHASE2,Brown University,"Rhode Island Hospital; Bristol-Myers Squibb; Oncoceutics, Inc.",Metastatic Colorectal Cancer,Dose level 1 ONC201 625mg; Dose level 2 ONC201 500mg; Dose level 3 ONC201 375mg,DRUG; DRUG; DRUG,2019-11-15,2021-06-16,2021-08-05,2023-02-17,https://clinicaltrials.gov/study/NCT03791398
NCT02834247,A Study of TAK-659 in Combination With Nivolumab in Participants With Advanced Solid Tumors,TERMINATED,Insufficient efficacy of drug; no safety concern,BIOLOGICAL_FAILURE,EFFICACY/FUTILITY,MEDIUM,score=3;eff:term:insufficient efficacy(w=3),INTERVENTIONAL,PHASE1,"Calithera Biosciences, Inc",,"Triple-Negative Breast Neoplasms; Carcinoma, Non-Small-Cell Lung; Head and Neck Carcinoma, Squamous Cell; Advanced Solid Tumors",TAK-659; Nivolumab,DRUG; DRUG,2016-08-12,2018-11-30,2018-11-30,2023-02-08,https://clinicaltrials.gov/study/NCT02834247
NCT03123393,TAK-659 in Participants With Relapsed or Refractory Diffuse Large B-Cell Lymphoma (DLBCL),TERMINATED,Lack of efficacy of the drug; no safety concern,BIOLOGICAL_FAILURE,EFFICACY/FUTILITY,MEDIUM,score=3;eff:term:lack of efficacy(w=3),INTERVENTIONAL,PHASE2,"Calithera Biosciences, Inc",,Diffuse Large B-cell Lymphoma,TAK-659,DRUG,2017-10-10,2019-12-17,2019-12-17,2023-02-08,https://clinicaltrials.gov/study/NCT03123393
NCT04784520,A Study of HA121-28 Tablets in Advanced Biliary Tract Cancer,TERMINATED,The primary endpoint did not meet expectation.,BIOLOGICAL_FAILURE,EFFICACY/FUTILITY,HIGH,"score=7;eff:term:did not meet(w=3),eff:term:primary endpoint(w=1),eff:endpoint_not_met_phrase",INTERVENTIONAL,PHASE2,"CSPC ZhongQi Pharmaceutical Technology Co., Ltd.",,Biliary Tract Cancer,HA121-28 tablets,DRUG,2021-06-22,2022-12-28,2022-12-28,2023-02-06,https://clinicaltrials.gov/study/NCT04784520
NCT02138786,Selinexor in Initial or Refractory and/or Relapsed Richter's Transformation,TERMINATED,Lack of efficacy at time of interim analysis,BIOLOGICAL_FAILURE,EFFICACY/FUTILITY,MEDIUM,"score=4;eff:term:lack of efficacy(w=3),eff:term:interim analysis(w=1)",INTERVENTIONAL,PHASE2,Karyopharm Therapeutics Inc,,Richter's Transformation,selinexor,DRUG,2014-11-14,2016-08-31,2016-08-31,2023-01-26,https://clinicaltrials.gov/study/NCT02138786
NCT02454842,"Study for Treatment With TH-4000 (Tarloxotinib) in Epidermal Growth Factor Receptor (EGFR) Mutant, T790M-negative Non-small Cell Lung Cancer (NSCLC) Patients",TERMINATED,Lack of efficacy,BIOLOGICAL_FAILURE,EFFICACY/FUTILITY,MEDIUM,score=3;eff:term:lack of efficacy(w=3),INTERVENTIONAL,PHASE2,Rain Oncology Inc,,Non-small Cell Lung Cancer; NSCLC; Non-squamous NSCLC,TH-4000 (Tarloxotinib),DRUG,2015-06,2017-01,2017-01-31,2023-01-12,https://clinicaltrials.gov/study/NCT02454842
NCT02449681,Study for Treatment of Patients With Recurrent or Metastatic Squamous Cell Carcinoma of the Head and Neck or Skin,TERMINATED,Lack of efficacy,BIOLOGICAL_FAILURE,EFFICACY/FUTILITY,MEDIUM,score=3;eff:term:lack of efficacy(w=3),INTERVENTIONAL,PHASE2,Rain Oncology Inc,,Metastatic Head-and-neck Squamous-cell Carcinoma,TH-4000 (Tarloxotinib),DRUG,2015-08,2017-01,2017-01-31,2023-01-12,https://clinicaltrials.gov/study/NCT02449681
NCT00849667,Efficacy and Safety of Farletuzumab (MORAb-003) in Combination With Carboplatin and Taxane in Participants With Platinum-sensitive Ovarian Cancer in First Relapse,TERMINATED,Lack of efficacy,BIOLOGICAL_FAILURE,EFFICACY/FUTILITY,MEDIUM,score=3;eff:term:lack of efficacy(w=3),INTERVENTIONAL,PHASE3,Morphotek,Eisai Europe Ltd. (United Kingdom),Ovarian Cancer,Farletuzumab; Carboplatin; Taxane; Farletuzumab-matched placebo,DRUG; DRUG; DRUG; DRUG,2009-04-16,2012-12-31,2013-04-12,2022-12-30,https://clinicaltrials.gov/study/NCT00849667
NCT00887926,Study of IMC-EB10 in Participant With Leukemia,TERMINATED,Lack of efficacy,BIOLOGICAL_FAILURE,EFFICACY/FUTILITY,MEDIUM,score=3;eff:term:lack of efficacy(w=3),INTERVENTIONAL,PHASE1,Eli Lilly and Company,,Myeloid Leukemia,IMC-EB10,BIOLOGICAL,2009-06,2010-08,2010-08,2022-12-22,https://clinicaltrials.gov/study/NCT00887926
NCT02987998,Neoadjuvant Chemoradiation Plus Pembrolizumab Followed By Consolidation Pembrolizumab in NSCLC,TERMINATED,higher than expected rate of toxicity \& unrealistic timeline to complete trial under company's proposed plan to reopen,BIOLOGICAL_FAILURE,SAFETY,MEDIUM,"score=3;saf:term:toxicity(w=2),saf:term:toxic(w=1)",INTERVENTIONAL,PHASE1,"Nathan Pennell, MD, PhD",,Stage IIIA Non-Small Cell Lung Cancer,Cisplatin; Etoposide; Pembrolizumab; Radiation,DRUG; DRUG; DRUG; DRUG,2017-05-19,2022-11-28,2022-11-28,2022-12-19,https://clinicaltrials.gov/study/NCT02987998
NCT02978222,Folate Receptor Alpha Peptide Vaccine With GM-CSF Versus GM-CSF Alone in Patients With Platinum Sensitive Ovarian Cancer,TERMINATED,Futility analysis did not support continuation of the trial,BIOLOGICAL_FAILURE,EFFICACY/FUTILITY,HIGH,"score=9;eff:term:futility(w=3),eff:term:futility analysis(w=3),eff:futility_phrase",INTERVENTIONAL,PHASE2,"Marker Therapeutics, Inc.",,Platinum Sensitive Ovarian Cancer; Ovarian Cancer,FRα peptide plus Adjuvant (GM-CSF); Adjuvant (GM-CSF) Alone,BIOLOGICAL; DRUG,2017-07-20,2020-01-15,2020-01-15,2022-12-15,https://clinicaltrials.gov/study/NCT02978222
NCT01905592,"A Phase III Trial of Niraparib Versus Physician's Choice in HER2 Negative, Germline BRCA Mutation-positive Breast Cancer Patients",TERMINATED,The study was terminated due to futility.,BIOLOGICAL_FAILURE,EFFICACY/FUTILITY,HIGH,"score=8;eff:term:futility(w=3),eff:causal_near:futility,eff:futility_phrase",INTERVENTIONAL,PHASE3,"Tesaro, Inc.","European Organisation for Research and Treatment of Cancer - EORTC; Breast International Group; Myriad Genetic Laboratories, Inc.; US Oncology Research; Sarah Cannon; Facing Our Risk of Cancer Empowered","Neoplasms, Breast; Carcinoma of Breast; Human Epidermal Growth Factor 2 Negative Carcinoma of Breast; BRCA1 Gene Mutation; BRCA2 Gene Mutation; Ovarian Neoplasms",niraparib; Physician's choice,DRUG; DRUG,2014-02-25,2018-05-23,2021-10-26,2022-11-15,https://clinicaltrials.gov/study/NCT01905592
NCT03445533,A Study of Tilsotolimod in Combo With Ipilimumab vs Ipilimumab Alone in Subjects With Anti-PD-1 Refractory Melanoma,TERMINATED,Lack of Efficacy,BIOLOGICAL_FAILURE,EFFICACY/FUTILITY,MEDIUM,score=3;eff:term:lack of efficacy(w=3),INTERVENTIONAL,PHASE3,"Idera Pharmaceuticals, Inc.",Bristol-Myers Squibb,Metastatic Melanoma,Ipilimumab; Tilsotolimod with Ipilimumab,DRUG; DRUG,2018-05-30,2021-06-01,2021-06-01,2022-11-08,https://clinicaltrials.gov/study/NCT03445533
NCT04880564,A Study of CN1 in Combination With CN401 in Adult Patients With Relapsed/Refractory Lymphoid Malignancies,TERMINATED,Sponsor decided that there was no benefit in the drug treatment and due to company change in landscape in the new year.,BIOLOGICAL_FAILURE,EFFICACY/FUTILITY,MEDIUM,"score=4;eff:term:no benefit(w=2),eff:causal_near:no benefit",INTERVENTIONAL,PHASE1; PHASE2,Curon Biopharmaceutical (Australia) Co Pty Ltd,Novotech (Australia) Pty Limited,Relapsed Lymphoid Malignancies; Refractory Lymphoid Malignancies,"CN1, 0.5mg/kg and CN401, 400mg; CN1, 1mg/kg and CN401, 600mg; CN1, 1mg/kg and CN401, 800mg; CN1, 3mg/kg and CN401, 800mg; CN1, 10mg/kg and CN401, 800mg",DRUG; DRUG; DRUG; DRUG; DRUG,2021-07-28,2022-08-29,2022-09-30,2022-10-24,https://clinicaltrials.gov/study/NCT04880564
NCT00520533,Study of Safety and Functional Imaging of cG250 and Sunitinib in Patients With Advanced Renal Cell Carcinoma,TERMINATED,Closed prematurely due to toxicity,BIOLOGICAL_FAILURE,SAFETY,HIGH,"score=7;saf:term:toxicity(w=2),saf:causal_near:toxicity,saf:term:toxic(w=1),saf:causal_near:toxic",INTERVENTIONAL,PHASE1,Ludwig Institute for Cancer Research,Pfizer; Heidelberg Pharma AG,Renal Cell Carcinoma (RCC),Chimeric monoclonal antibody cG250; Sunitinib malate,BIOLOGICAL; DRUG,2008-02,2011-07,2012-09,2022-10-12,https://clinicaltrials.gov/study/NCT00520533
NCT04022876,A Study of ALRN-6924 for the Prevention of Chemotherapy-induced Side Effects (Chemoprotection),TERMINATED,With a favorable safety profile the difference between treatment groups for the primary composite endpoint was not sufficient to generate statistically significant results with the targeted sample size,BIOLOGICAL_FAILURE,SAFETY,MEDIUM,"score=3;saf:term:safety(w=1),saf:term:safety profile(w=2)",INTERVENTIONAL,PHASE1,"Aileron Therapeutics, Inc.",,Non Small Cell Lung Cancer; Small-cell Lung Cancer,ALRN-6924; Carboplatin; Pemetrexed; Placebo; ALRN-6924; Topotecan,DRUG; DRUG; DRUG; DRUG; DRUG; DRUG,2019-09-03,2022-07-30,2022-08-30,2022-10-10,https://clinicaltrials.gov/study/NCT04022876
NCT03955471,Study to Evaluate the Efficacy and Safety of the Combination of Niraparib and Dostarlimab (TSR-042) in Participants With Platinum Resistant Ovarian Cancer,TERMINATED,The study will not resume based on the results of a planned interim analysis that showed futility,BIOLOGICAL_FAILURE,EFFICACY/FUTILITY,HIGH,"score=6;eff:term:futility(w=3),eff:futility_phrase",INTERVENTIONAL,PHASE2,"Tesaro, Inc.",Gynecologic Oncology Group,Ovarian Neoplasms,Niraparib; Dostarlimab,DRUG; DRUG,2019-10-03,2021-08-18,2022-01-12,2022-09-10,https://clinicaltrials.gov/study/NCT03955471
NCT05156229,A Phase 1/2a Study of CDK-003 in Patients With Cutaneous T-Cell Lymphoma (CTCL).,TERMINATED,PK/PD from two patients plus the healthy volunteer data confirmed the RP2D and manageable safety profile. Proceeding to Phase II did not require additional data from this Phase I Dose-Finding study.,BIOLOGICAL_FAILURE,SAFETY,MEDIUM,"score=3;saf:term:safety(w=1),saf:term:safety profile(w=2)",INTERVENTIONAL,PHASE1,Codiak BioSciences,,Cutaneous T-cell Lymphoma (CTCL),CDK-003,BIOLOGICAL,2021-09-06,2022-08-24,2022-08-24,2022-09-02,https://clinicaltrials.gov/study/NCT05156229
NCT02457910,Taselisib and Enzalutamide in Treating Patients With Androgen Receptor Positive Triple-Negative Metastatic Breast Cancer,TERMINATED,Interim analysis - toxicity,BIOLOGICAL_FAILURE,SAFETY,MEDIUM,"score=3;saf:term:toxicity(w=2),saf:term:toxic(w=1)",INTERVENTIONAL,PHASE1; PHASE2,Vanderbilt-Ingram Cancer Center,"National Cancer Institute (NCI); Translational Breast Cancer Research Consortium; Conquer Cancer Foundation; Genentech, Inc.",Estrogen Receptor Negative; Estrogen Receptor Positive; HER2/Neu Negative; Progesterone Receptor Negative; Progesterone Receptor Positive; Stage IV Breast Cancer; Triple-Negative Breast Carcinoma,Biomarker Analysis; Enzalutamide; Pharmacological Study; Taselisib,OTHER; DRUG; OTHER; DRUG,2015-06,2018-12,2022-08-08,2022-08-22,https://clinicaltrials.gov/study/NCT02457910
NCT03422523,"Atezolizumab, Rituximab, Gemcitabine and Oxaliplatin in Patients With Relapsed or Refractory DLBCL Not Suitable for High-dose Therapy",TERMINATED,Failure to reach pre-specified futility boundary,BIOLOGICAL_FAILURE,EFFICACY/FUTILITY,HIGH,"score=6;eff:term:futility(w=3),eff:futility_phrase",INTERVENTIONAL,PHASE2,University Hospital Southampton NHS Foundation Trust,Hoffmann-La Roche,Diffuse Large B Cell Lymphoma; Relapsed Diffuse Large B-Cell Lymphoma; Refractory Diffuse Large B-Cell Lymphoma,Atezolizumab; Rituximab; Gemcitabine 1000 mg; Oxaliplatin 100 MG,DRUG; DRUG; DRUG; DRUG,2018-05-09,2021-01-31,2021-11-18,2022-08-22,https://clinicaltrials.gov/study/NCT03422523
NCT03150056,Dose Escalation and Dose Expansion Study of GSK525762 in Combination With Androgen Deprivation Therapy in Participants With Castrate-resistant Prostate Cancer,TERMINATED,This study has been terminated due to meeting protocol defined futility.,BIOLOGICAL_FAILURE,EFFICACY/FUTILITY,HIGH,"score=8;eff:term:futility(w=3),eff:causal_near:futility,eff:futility_phrase",INTERVENTIONAL,PHASE1,GlaxoSmithKline,,Solid Tumours,GSK525762; Abiraterone; Enzalutamide; Prednisone,DRUG; DRUG; DRUG; DRUG,2017-07-18,2020-07-31,2021-06-22,2022-08-10,https://clinicaltrials.gov/study/NCT03150056
NCT04447235,Early Treatment With Ivermectin and LosarTAN for Cancer Patients With COVID-19 Infection,TERMINATED,futility analysis has demonstrated no difference between arms,BIOLOGICAL_FAILURE,EFFICACY/FUTILITY,HIGH,"score=9;eff:term:futility(w=3),eff:term:futility analysis(w=3),eff:futility_phrase",INTERVENTIONAL,PHASE2,Instituto do Cancer do Estado de São Paulo,,Cancer; COVID; Coronavirus Infection,Placebo; Ivermectin; Losartan,DRUG; DRUG; DRUG,2020-07-23,2022-06-30,2022-06-30,2022-08-09,https://clinicaltrials.gov/study/NCT04447235
NCT00394147,Pemetrexed and Gemcitabine in Patients With Advanced Head and Neck Cancer,TERMINATED,stopped for lack of efficacy,BIOLOGICAL_FAILURE,EFFICACY/FUTILITY,MEDIUM,score=3;eff:term:lack of efficacy(w=3),INTERVENTIONAL,PHASE2,Fox Chase Cancer Center,Eli Lilly and Company,Head and Neck Cancer,pemetrexed; gemcitabine,DRUG; DRUG,2006-10,2008-08,2009-12,2022-08-05,https://clinicaltrials.gov/study/NCT00394147
NCT02901548,Phase 2 Durvalumab (Medi4736) for Bacillus Calmette-Guérin (BCG) Refactory Urothelial Carcinoma in Situ of the Bladder,TERMINATED,Study closed early due to futility,BIOLOGICAL_FAILURE,EFFICACY/FUTILITY,HIGH,"score=8;eff:term:futility(w=3),eff:causal_near:futility,eff:futility_phrase",INTERVENTIONAL,PHASE2,H. Lee Moffitt Cancer Center and Research Institute,AstraZeneca,Carcinoma in Situ of Bladder; Bladder Cancer,Durvalumab; Cystoscopy with Biopsy,DRUG; PROCEDURE,2017-02-16,2020-07-24,2021-09-07,2022-07-29,https://clinicaltrials.gov/study/NCT02901548
NCT01773395,GVAX vs. Placebo for MDS/AML After Allo HSCT,TERMINATED,Recommendation by the Data and Safety Monitoring Board due to efficacy concerns,BIOLOGICAL_FAILURE,EFFICACY/FUTILITY,HIGH,"score=8;eff:term:efficacy concern(w=2),eff:causal_near:efficacy concern,eff:term:efficacy concerns(w=2),eff:causal_near:efficacy concerns",INTERVENTIONAL,PHASE2,Dana-Farber Cancer Institute,Massachusetts General Hospital; Beth Israel Deaconess Medical Center,Myelodysplastic Syndrome; Acute Myeloid Leukemia; Chronic Myelomonocytic Leukemia,GVAX; Placebo Vaccine; Allogeneic Hematopoietic Stem Cell Transplant; Busulfan; Fludarabine; Tacrolimus; Methotrexate,BIOLOGICAL; BIOLOGICAL; PROCEDURE; DRUG; DRUG; DRUG; DRUG,2013-01-08,2020-12-11,2021-11-24,2022-07-18,https://clinicaltrials.gov/study/NCT01773395
NCT03531827,"Combining CRLX101, a Nanoparticle Camptothecin, With Enzalutamide in People With Progressive Metastatic Castration Resistant Prostate Cancer Following Prior Enzalutamide Treatment",TERMINATED,Study was closed for toxicity.,BIOLOGICAL_FAILURE,SAFETY,MEDIUM,"score=3;saf:term:toxicity(w=2),saf:term:toxic(w=1)",INTERVENTIONAL,PHASE2,National Cancer Institute (NCI),,Metastatic Castration Resistant Prostate Cancer; Prostate Neoplasms,enzalutamide; CRLX101,DRUG; DRUG,2019-03-26,2021-05-15,2021-06-01,2022-07-12,https://clinicaltrials.gov/study/NCT03531827
NCT02499952,Pembrolizumab in Subjects With Incurable Platinum-Refractory Germ Cell Tumors,TERMINATED,Lack of Efficacy,BIOLOGICAL_FAILURE,EFFICACY/FUTILITY,MEDIUM,score=3;eff:term:lack of efficacy(w=3),INTERVENTIONAL,PHASE2,"Nasser Hanna, M.D.",Hoosier Cancer Research Network; Merck Sharp & Dohme LLC,"Germ Cell Neoplasms; Testicular Neoplasms; Non Seminomatous Germ Cell Tumors; Mediastinal Neoplasms; Genital Neoplasms, Male; Genital Neoplasms, Female; Ovarian Neoplasms",Pembrolizumab,DRUG,2016-01,2017-01-13,2017-01-13,2022-07-11,https://clinicaltrials.gov/study/NCT02499952
NCT01402908,A Phase III PI-88 in the Adjuvant Treatment of Subjects With Hepatitis Virus Related HCC After Surgical Resection,TERMINATED,Due to Interim Analysis and business concerns,BIOLOGICAL_FAILURE,EFFICACY/FUTILITY,MEDIUM,"score=3;eff:term:interim analysis(w=1),eff:causal_near:interim analysis",INTERVENTIONAL,PHASE3,Cellxpert Biotechnology Corp.,Medigen Biotechnology Corporation,Cancer; Liver Cancer; Hepatocellular Carcinoma,PI-88; Placebo,DRUG; OTHER,2011-08,2014-07,2015-01,2022-06-23,https://clinicaltrials.gov/study/NCT01402908
NCT02880371,A Study of ARRY-382 in Combination With Pembrolizumab for the Treatment of Patients With Advanced Solid Tumors,TERMINATED,Study was halted prematurely due to insufficient efficacy. Not due to safety reasons.,BIOLOGICAL_FAILURE,EFFICACY/FUTILITY,MEDIUM,"score=5;eff:term:insufficient efficacy(w=3),eff:causal_near:insufficient efficacy",INTERVENTIONAL,PHASE1; PHASE2,Pfizer,,Advanced Solid Tumors,ARRY-382; Pembrolizumab,DRUG; DRUG,2016-09-01,2019-09-17,2019-10-24,2022-06-16,https://clinicaltrials.gov/study/NCT02880371
NCT02454855,Impact of a Melatonin Supplementation on the Quality of Life in Elderly Metastatic Cancer Patients,TERMINATED,The study stopped for futility after the DSMB.,BIOLOGICAL_FAILURE,EFFICACY/FUTILITY,HIGH,"score=6;eff:term:futility(w=3),eff:futility_phrase",INTERVENTIONAL,PHASE3,Centre Jean Perrin,,Cancer,melatonin; placebo,DRUG; DRUG,2015-07,2021-05,2022-02,2022-06-13,https://clinicaltrials.gov/study/NCT02454855
NCT03738423,"Efficacy, Safety, and Pharmacokinetic Profiles of REGN3500 Administered to Adult Patients With Moderate-to-Severe Atopic Dermatitis",TERMINATED,Lack of efficacy,BIOLOGICAL_FAILURE,EFFICACY/FUTILITY,MEDIUM,score=3;eff:term:lack of efficacy(w=3),INTERVENTIONAL,PHASE2,Regeneron Pharmaceuticals,Sanofi,Atopic Dermatitis,REGN3500; REGN3500-Matching Placebo,DRUG; DRUG,2018-11-13,2020-03-13,2020-07-24,2022-06-10,https://clinicaltrials.gov/study/NCT03738423
NCT03063203,Single Agent Decitabine in TP53 Mutated Relapsed/Refractory Acute Myeloid Leukemia,TERMINATED,Futility,BIOLOGICAL_FAILURE,EFFICACY/FUTILITY,HIGH,"score=6;eff:term:futility(w=3),eff:futility_phrase",INTERVENTIONAL,PHASE2,Washington University School of Medicine,Janssen Pharmaceuticals; National Institutes of Health (NIH); National Cancer Institute (NCI),"Acute Myeloid Leukemia; Acute Myeloid Leukemia, Relapsed, Adult",Decitabine; Bone marrow biopsy/aspirate; Peripheral blood draw; Skin biopsy; Buccal swab,DRUG; PROCEDURE; PROCEDURE; PROCEDURE; PROCEDURE,2017-07-14,2021-02-13,2022-03-16,2022-06-02,https://clinicaltrials.gov/study/NCT03063203
NCT02999854,Safety and Efficacy of ATIR101 as Adjunctive Treatment to Blood Stem Cell Transplantation From a Haploidentical Family Donor Compared to Post-transplant Cyclophosphamide in Patients With Blood Cancer,TERMINATED,"Insufficient efficacy, terminated by Sponsor",BIOLOGICAL_FAILURE,EFFICACY/FUTILITY,MEDIUM,score=3;eff:term:insufficient efficacy(w=3),INTERVENTIONAL,PHASE3,Kiadis Pharma,,Acute Myeloid Leukemia; Acute Lymphoblastic Leukemia; Myelodysplastic Syndrome,"ATIR101; Cyclophosphamide; T-cell depleted HSCT from a related, haploidentical donor; T-cell replete HSCT from a related, haploidentical donor",BIOLOGICAL; DRUG; PROCEDURE; PROCEDURE,2017-11-29,2021-11-09,2021-12-17,2022-05-24,https://clinicaltrials.gov/study/NCT02999854
NCT02121405,Randomized Trial of Primary Surgery Followed Selective Radiochemotherapy for Rectal Cancer With MRI Negative CRM,SUSPENDED,DSMB stopped this trial due to the difference of 3-year DFS's rate between two groups more than 5% at the interim analysis in July 2021.,BIOLOGICAL_FAILURE,EFFICACY/FUTILITY,MEDIUM,"score=3;eff:term:interim analysis(w=1),eff:causal_near:interim analysis",INTERVENTIONAL,PHASE3,Zhejiang University,,Colorectal Neoplasm; Effects of Radiation Therapy; Effects of Chemotherapy; Surgery,Rectectomy; Radiotherapy; Capecitabine; Oxaliplatin,PROCEDURE; RADIATION; DRUG; DRUG,2015-10,2024-02,2026-02,2022-05-11,https://clinicaltrials.gov/study/NCT02121405
NCT01507545,Morphotek Investigation in Colorectal Cancer: Research of MORAb-004 (MICRO),TERMINATED,By the sponsor at the end of Stage 1 due to futility.,BIOLOGICAL_FAILURE,EFFICACY/FUTILITY,HIGH,"score=8;eff:term:futility(w=3),eff:causal_near:futility,eff:futility_phrase",INTERVENTIONAL,PHASE2,Morphotek,,Metastatic Colorectal Cancer; Colorectal Cancer,MORAb-004; Placebo; Best supportive care,DRUG; DRUG; OTHER,2012-03-27,2013-10-20,2013-10-20,2022-05-06,https://clinicaltrials.gov/study/NCT01507545
NCT01067144,Stanford Accelerated Recovery Trial (START),TERMINATED,Trial met futility stopping point,BIOLOGICAL_FAILURE,EFFICACY/FUTILITY,HIGH,"score=6;eff:term:futility(w=3),eff:futility_phrase",INTERVENTIONAL,PHASE3,Stanford University,,Pain; Breast Cancer; Lung Cancer,Gabapentin; Lorazepam (active control); Placebo (inactive),DRUG; DRUG; DRUG,2010-05,2016-07,2016-07,2022-05-05,https://clinicaltrials.gov/study/NCT01067144
NCT04258150,"Ipilimumab, Nivolumab, Tocilizumab and Radiation in Pretreated Patients With Advanced Pancreatic Cancer",TERMINATED,primary endpoint was not met,BIOLOGICAL_FAILURE,EFFICACY/FUTILITY,MEDIUM,"score=4;eff:term:primary endpoint(w=1),eff:endpoint_not_met_phrase",INTERVENTIONAL,PHASE2,Herlev Hospital,,Pancreatic Cancer,Nivolumab; Ipilimumab; Tocilizumab; SBRT,DRUG; DRUG; DRUG; RADIATION,2020-04-16,2021-11-23,2021-11-23,2022-03-31,https://clinicaltrials.gov/study/NCT04258150
NCT02212015,Evaluation of Votrient in Angiosarcoma,TERMINATED,Due to interim analysis' results and definitions fixed in protocol,BIOLOGICAL_FAILURE,EFFICACY/FUTILITY,MEDIUM,"score=3;eff:term:interim analysis(w=1),eff:causal_near:interim analysis",INTERVENTIONAL,PHASE2,Heidelberg University,"Universitätsmedizin Mannheim; Helios Klinikum Berlin-Buch; University Hospital Dresden; Universitätsklinikum Hamburg-Eppendorf; University Hospital, Essen; Hannover Medical School; Klinikum der Universitaet Muenchen, Grosshadern; Medical University of Vienna; Medical University of Graz; Medical University Innsbruck; Novartis Pharmaceuticals",Angiosarcoma,Pazopanib + Paclitaxel,DRUG,2014-07,2019-12-31,2020-07-01,2022-03-22,https://clinicaltrials.gov/study/NCT02212015
NCT04501094,A Phase II Study of Bintrafusp Alfa (M7824) in Checkpoint Inhibitor Naive and Refractory Subjects With Urothelial Carcinoma,TERMINATED,Because of the low accrual and the safety concerns we closed the study.,BIOLOGICAL_FAILURE,SAFETY,HIGH,"score=10;saf:term:safety(w=1),saf:causal_near:safety,saf:term:safety concern(w=2),saf:causal_near:safety concern,saf:term:safety concerns(w=2),saf:causal_near:safety concerns",INTERVENTIONAL,PHASE2,National Cancer Institute (NCI),,Urothelial Cancer,Bintrafusp alfa (M7824),DRUG,2020-10-26,2021-01-19,2021-10-13,2022-03-22,https://clinicaltrials.gov/study/NCT04501094
NCT03151408,An Efficacy and Safety Study Of Pracinostat In Combination With Azacitidine In Adults With Acute Myeloid Leukemia,TERMINATED,The IDMC recommended to stop the study prematurely due to a lack of efficacy.,BIOLOGICAL_FAILURE,EFFICACY/FUTILITY,MEDIUM,"score=5;eff:term:lack of efficacy(w=3),eff:causal_near:lack of efficacy",INTERVENTIONAL,PHASE3,Helsinn Healthcare SA,Clinipace Worldwide,Acute Myeloid Leukemia,Pracinostat; Placebos; Azacitidine,DRUG; DRUG; DRUG,2017-06-23,2020-08-20,2020-08-20,2022-03-10,https://clinicaltrials.gov/study/NCT03151408
NCT03696537,IMRT-TMI With Fludarabine as Myeloablative Conditioning for Allogeneic HSCT,TERMINATED,Extreme toxicity,BIOLOGICAL_FAILURE,SAFETY,MEDIUM,"score=3;saf:term:toxicity(w=2),saf:term:toxic(w=1)",INTERVENTIONAL,PHASE1,"Naoyuki G. Saito, M.D., Ph.D.",Indiana University,Acute Myeloid Leukemia; Chronic Myeloid Leukemia; Acute Lymphocytic Leukemia; Myelodysplastic Syndromes,Fludarabine; Total Marrow Irradiation (TMI),DRUG; RADIATION,2018-08-29,2020-07-08,2021-04-13,2022-03-09,https://clinicaltrials.gov/study/NCT03696537
NCT03549650,Prevention and Management of Intravesical BCG-related Lower Urinary Tract Symptoms,TERMINATED,"Given the updated precautions on Elmiron as well as the risk benefit profile, we have decided to terminate the study.",BIOLOGICAL_FAILURE,SAFETY,MEDIUM,score=2;saf:term:risk benefit(w=2),INTERVENTIONAL,PHASE2,Sir Mortimer B. Davis - Jewish General Hospital,Cancer Research Network,Lower Urinary Tract Symptoms; Bladder Carcinoma; BCG,Pentosan Polysulfate Na 100Mg Cap; Placebo oral capsule,DRUG; DRUG,2019-05-03,2022-02-15,2022-02-15,2022-03-04,https://clinicaltrials.gov/study/NCT03549650
NCT00740181,"Decitabine, Cytarabine, GCSF for Refractory AML/MDS",TERMINATED,Lack of efficacy,BIOLOGICAL_FAILURE,EFFICACY/FUTILITY,MEDIUM,score=3;eff:term:lack of efficacy(w=3),INTERVENTIONAL,PHASE2,Brown University,Memorial Hospital of Rhode Island; Roger Williams Medical Center,Myelodysplasia; Leukemia,chemotherapy,DRUG,2008-08,2010-02,2010-04,2022-01-14,https://clinicaltrials.gov/study/NCT00740181
NCT02545283,A Study of Idasanutlin With Cytarabine Versus Cytarabine Plus Placebo in Participants With Relapsed or Refractory Acute Myeloid Leukemia (AML),TERMINATED,The study was stopped for futility based on efficacy results at the interim analysis; no unexpected safety findings were observed.,BIOLOGICAL_FAILURE,EFFICACY/FUTILITY,HIGH,"score=7;eff:term:futility(w=3),eff:term:interim analysis(w=1),eff:futility_phrase",INTERVENTIONAL,PHASE3,Hoffmann-La Roche,,"Leukemia, Myeloid, Acute",Cytarabine; Idasanutlin; Placebo,DRUG; DRUG; OTHER,2015-12-30,2020-04-24,2020-04-24,2022-01-11,https://clinicaltrials.gov/study/NCT02545283
NCT02874651,ADjuVant Apatinib in Nasopharyngeal Carcinoma Patients With Residual Epstein-Barr Virus (EBV) DNA Following Radiotherapy,TERMINATED,Unacceptable toxicity (nasopharynx necrosis and massive hemorrhage),BIOLOGICAL_FAILURE,SAFETY,HIGH,"score=6;saf:term:toxicity(w=2),saf:term:toxic(w=1),saf:term:unacceptable toxicity(w=3)",INTERVENTIONAL,PHASE2,Sun Yat-sen University,"First People's Hospital of Foshan; Guilin Medical University, China",Nasopharyngeal Neoplasms,Apatinib; Placebo,DRUG; DRUG,2016-10,2018-11-29,2020-08-27,2022-01-11,https://clinicaltrials.gov/study/NCT02874651
NCT02818023,Dose-seeking Study of Pembrolizumab Plus Vemurafenib and Cobimetinib Advanced Melanoma,TERMINATED,Accrual to trial stopped due to high toxicity even at lowest dose of combination treatment. Patients on trial tolerating treatment at time of accrual closure still continued to receive treatment.,BIOLOGICAL_FAILURE,SAFETY,HIGH,"score=6;saf:term:toxicity(w=2),saf:causal_near:toxicity,saf:term:toxic(w=1),saf:causal_near:toxic",INTERVENTIONAL,PHASE1,Yana Najjar,Merck Sharp & Dohme LLC,Melanoma,Pembrolizumab; Vemurafenib; Cobimetinib,DRUG; DRUG; DRUG,2016-07-13,2019-06-10,2021-04-23,2022-01-03,https://clinicaltrials.gov/study/NCT02818023
NCT01018563,An Open Label Extension Study of the Efficacy of MORAb-003,TERMINATED,Study was terminated by sponsor due to futile results in NCT00849667 study.,BIOLOGICAL_FAILURE,EFFICACY/FUTILITY,MEDIUM,"score=3;eff:term:futile(w=1),eff:causal_near:futile",INTERVENTIONAL,PHASE2,Morphotek,,Epithelial Ovarian Cancer,MORAb-003,DRUG,2010-01-13,2013-03-05,2013-03-05,2021-12-08,https://clinicaltrials.gov/study/NCT01018563
NCT04165031,A Study of LY3499446 in Participants With Advanced Solid Tumors With KRAS G12C Mutation,TERMINATED,The study was terminated due to an unexpected toxicity finding.,BIOLOGICAL_FAILURE,SAFETY,HIGH,"score=7;saf:term:toxicity(w=2),saf:causal_near:toxicity,saf:term:toxic(w=1),saf:causal_near:toxic",INTERVENTIONAL,PHASE1; PHASE2,Eli Lilly and Company,,Advanced Solid Tumor; Non-Small Cell Lung Cancer; Colorectal Cancer,LY3499446; Abemaciclib; Cetuximab; Erlotinib; Docetaxel,DRUG; DRUG; DRUG; DRUG; DRUG,2019-11-28,2020-10-30,2020-10-30,2021-11-24,https://clinicaltrials.gov/study/NCT04165031
NCT01312389,"A Clinical Trial of Autologous Oxidized Tumor Cell Lysate Vaccine For Recurrent Ovarian, Fallopian Tube or Primary Peritoneal Cancer",TERMINATED,Did not meet criteria laid out in Phase 1 to continue to Phase 2,BIOLOGICAL_FAILURE,EFFICACY/FUTILITY,MEDIUM,score=3;eff:term:did not meet(w=3),INTERVENTIONAL,PHASE1; PHASE2,Abramson Cancer Center at Penn Medicine,,Ovarian Cancer; Fallopian Tube Cancer; Primary Peritoneal Cancer,OC-L/Montanide ISA 51 VG; Ampligen; Prevnar,BIOLOGICAL; BIOLOGICAL; BIOLOGICAL,2011-04,2012-05,2012-08-17,2021-11-15,https://clinicaltrials.gov/study/NCT01312389
NCT03184558,Bemcentinib (BGB324) in Combination With Pembrolizumab in Patients With TNBC,TERMINATED,Based on planned futility assessment,BIOLOGICAL_FAILURE,EFFICACY/FUTILITY,HIGH,"score=6;eff:term:futility(w=3),eff:futility_phrase",INTERVENTIONAL,PHASE2,BerGenBio ASA,Merck Sharp & Dohme LLC,Triple Negative Breast Cancer; Inflammatory Breast Cancer Stage IV,Bemcentinib; pembrolizumab,DRUG,2017-07-26,2018-08-20,2018-08-20,2021-11-09,https://clinicaltrials.gov/study/NCT03184558
NCT00402883,"Chemotherapy, Radiotherapy and Bevacizumab in Patients With Unresectable Stage III Non-Small-Cell Lung Cancer",TERMINATED,Terminated due to bevacizumab and chemoradiotherapy toxicity,BIOLOGICAL_FAILURE,SAFETY,HIGH,"score=7;saf:term:toxicity(w=2),saf:causal_near:toxicity,saf:term:toxic(w=1),saf:causal_near:toxic",INTERVENTIONAL,PHASE2,"SCRI Development Innovations, LLC","Genentech, Inc.; Eli Lilly and Company",Lung Cancer,Bevacizumab; Pemetrexed; Radiotherapy; Folic Acid; vitamin B12; carboplatin,DRUG; DRUG; PROCEDURE; OTHER; OTHER; DRUG,2006-11,2009-01,2009-01,2021-11-09,https://clinicaltrials.gov/study/NCT00402883
NCT04298918,A Study Evaluating the Safety and Efficacy of Venetoclax in Combination With Trastuzumab Emtansine in Patients With Previously Treated HER2-Positive Locally Advanced or Metastatic Breast Cancer,TERMINATED,Decision to discontinue the study based on broader development and strategic prioritisation. The Sponsor concludes there is no benefit-risk impact on the CO41863 study.,BIOLOGICAL_FAILURE,EFFICACY/FUTILITY,MEDIUM,score=2;eff:term:no benefit(w=2),INTERVENTIONAL,PHASE1; PHASE2,Hoffmann-La Roche,,Breast Cancer,Placebo; Venetoclax; Trastuzumab emtansine,DRUG; DRUG; DRUG,2020-09-23,2021-02-04,2021-02-04,2021-11-08,https://clinicaltrials.gov/study/NCT04298918
NCT04422210,"A Study Evaluating The Safety, Tolerability, Pharmacokinetics, And Efficacy Of Venetoclax In Combination With Atezolizumab, Carboplatin, And Etoposide In Participants With Untreated Extensive-Stage Small Cell Lung Cancer (ES-SCLC).",TERMINATED,Decision to discontinue the study based on broader development and strategic prioritisation. The Sponsor concludes there is no benefit-risk impact on the GO41864 study.,BIOLOGICAL_FAILURE,EFFICACY/FUTILITY,MEDIUM,score=2;eff:term:no benefit(w=2),INTERVENTIONAL,PHASE1,Hoffmann-La Roche,,Small Cell Lung Cancer,Venetoclax; Atezolizumab; Carboplatin; Etoposide,DRUG; DRUG; DRUG; DRUG,2020-09-22,2020-11-06,2020-11-06,2021-11-08,https://clinicaltrials.gov/study/NCT04422210
NCT03736967,Efficacy and Safety of REGN3500 Monotherapy and Combination of REGN3500 Plus Dupilumab in Adult Patients With Moderate-to-Severe Atopic Dermatitis,TERMINATED,Lack of efficacy,BIOLOGICAL_FAILURE,EFFICACY/FUTILITY,MEDIUM,score=3;eff:term:lack of efficacy(w=3),INTERVENTIONAL,PHASE2,Regeneron Pharmaceuticals,Sanofi,Atopic Dermatitis,REGN3500; Dupilumab; REGN3500 + Dupilumab Combo; Placebo,DRUG; DRUG; DRUG; DRUG,2018-11-12,2020-03-13,2020-07-28,2021-11-01,https://clinicaltrials.gov/study/NCT03736967
NCT01741155,Study of SPI-1620 in Combination With Docetaxel Versus Docetaxel Alone for Patients With Non Small-cell Lung Cancer (NSCLC),TERMINATED,The study did not meet efficacy end point and did not enroll patients in the randomized phase.,BIOLOGICAL_FAILURE,EFFICACY/FUTILITY,MEDIUM,score=3;eff:term:did not meet(w=3),INTERVENTIONAL,PHASE2,"Spectrum Pharmaceuticals, Inc",,Non Small Cell Lung Cancer (NSCLC),SPI-1620; Docetaxel,DRUG; DRUG,2013-05,2015-07,2015-07,2021-10-13,https://clinicaltrials.gov/study/NCT01741155
NCT01773785,Phase II Study of SPI-1620 in Combination With Docetaxel as a Second-Line to Treat Biliary Cancer,TERMINATED,The study completed the first phase and did not meet efficacy end point to enter into the randomized phase.,BIOLOGICAL_FAILURE,EFFICACY/FUTILITY,MEDIUM,score=3;eff:term:did not meet(w=3),INTERVENTIONAL,PHASE2,"Spectrum Pharmaceuticals, Inc",,Biliary Cancer,SPI-1620; Docetaxel,DRUG; DRUG,2013-04,2015-09,2015-09,2021-10-13,https://clinicaltrials.gov/study/NCT01773785
NCT01585688,Phase I/II Study of hLL1-DOX in Relapsed NHL and CLL,TERMINATED,"Study was terminated due to lack of efficacy, as a result, the stability program for the drug product was discontinued",BIOLOGICAL_FAILURE,EFFICACY/FUTILITY,MEDIUM,"score=5;eff:term:lack of efficacy(w=3),eff:causal_near:lack of efficacy",INTERVENTIONAL,PHASE1; PHASE2,Gilead Sciences,,Non-Hodgkin's Lymphoma; Chronic Lymphocytic Leukemia,hLL1-DOX (IMMU-115),DRUG,2012-08,2016-11,2017-10,2021-10-08,https://clinicaltrials.gov/study/NCT01585688
NCT02907918,Neoadjuvant Study of Palbociclib in Combination With Letrozole and Trastuzumab in Stage II-III ER+ HER2+ Breast Cancer,TERMINATED,Futility,BIOLOGICAL_FAILURE,EFFICACY/FUTILITY,HIGH,"score=6;eff:term:futility(w=3),eff:futility_phrase",INTERVENTIONAL,PHASE2,Washington University School of Medicine,Pfizer; Rising Tide Foundation,Breast Cancer; Cancer of Breast; Breast Carcinoma,Palbociclib; Letrozole; Trastuzumab; Goserelin; Breast surgery; Research tumor biopsy; Research bone marrow (OPTIONAL); Research blood sample; Research blood for germline DNA; Blood for detection of circulating tumor cells,DRUG; DRUG; BIOLOGICAL; DRUG; PROCEDURE; PROCEDURE; PROCEDURE; PROCEDURE; GENETIC; PROCEDURE,2017-06-30,2020-08-24,2020-09-23,2021-09-29,https://clinicaltrials.gov/study/NCT02907918
NCT02952586,Study To Compare Avelumab In Combination With Standard of Care Chemoradiotherapy (SoC CRT) Versus SoC CRT for Definitive Treatment In Patients With Locally Advanced Squamous Cell Carcinoma Of The Head And Neck (JAVELIN HEAD AND NECK 100),TERMINATED,The trial prematurely terminated as recommended by the E-DMC because the boundary for futility has been crossed.,BIOLOGICAL_FAILURE,EFFICACY/FUTILITY,HIGH,"score=6;eff:term:futility(w=3),eff:futility_phrase",INTERVENTIONAL,PHASE3,Pfizer,,Squamous Cell Carcinoma of the Head and Neck,Avelumab; Chemoradiation,DRUG; OTHER,2016-11-28,2019-12-23,2020-08-25,2021-09-22,https://clinicaltrials.gov/study/NCT02952586
NCT02963051,"A Phase Ib Study of Intravenous Copper Loading With Oral Disulfiram in Metastatic, Castration Resistant Prostate Cancer",TERMINATED,Study stopped due to lack of efficacy.,BIOLOGICAL_FAILURE,EFFICACY/FUTILITY,MEDIUM,"score=5;eff:term:lack of efficacy(w=3),eff:causal_near:lack of efficacy",INTERVENTIONAL,PHASE1,"Daniel George, MD",Give 1 For Dad Campaign; The V Foundation for Cancer Research; Peter Michael Foundation; Cantex Pharmaceuticals,Prostate Cancer,Copper; Disulfiram; Copper gluconate,DRUG; DRUG; DRUG,2017-07-11,2018-12-30,2020-02-01,2021-09-16,https://clinicaltrials.gov/study/NCT02963051
NCT01101594,A Study of hLL1-DOX (Milatuzumab-Doxorubicin Antibody-Drug Conjugate) in Patients With Multiple Myeloma,TERMINATED,Study was terminated due to lack of efficacy,BIOLOGICAL_FAILURE,EFFICACY/FUTILITY,MEDIUM,"score=5;eff:term:lack of efficacy(w=3),eff:causal_near:lack of efficacy",INTERVENTIONAL,PHASE1; PHASE2,Gilead Sciences,,Multiple Myeloma,hLL1-DOX (the doxorubicin conjugate of milatuzumab),DRUG,2010-07,2013-07,2013-07,2021-08-16,https://clinicaltrials.gov/study/NCT01101594
NCT01988090,High Dose Vitamin D vs Standard Dose Vitamin D Study,TERMINATED,An interim analysis demonstrated no benefit of high dose vitamin D when compared to standard dose vitamin D in the reduction or prevention of arthralgia,BIOLOGICAL_FAILURE,EFFICACY/FUTILITY,MEDIUM,"score=3;eff:term:no benefit(w=2),eff:term:interim analysis(w=1)",INTERVENTIONAL,PHASE2,Mothaffar Rimawi,,Breast Cancer,"800 IU Vitamin D Supplement; 50,000 IU Vitamin D supplement",DRUG; DRUG,2013-12,2018-07-21,2018-12-10,2021-08-09,https://clinicaltrials.gov/study/NCT01988090
NCT03630120,Adaptive Tyrosine Kinase Inhibitor (TKI) Therapy In Patients With Thyroid Cancer,TERMINATED,Lack of efficacy,BIOLOGICAL_FAILURE,EFFICACY/FUTILITY,MEDIUM,score=3;eff:term:lack of efficacy(w=3),INTERVENTIONAL,PHASE2,H. Lee Moffitt Cancer Center and Research Institute,,"Thyroid Cancer; Thyroid Cancer, Medullary; Differentiated Thyroid Cancer; Papillary Thyroid Cancer; Follicular Thyroid Cancer; Poorly Differentiated Thyroid Gland Carcinoma",Lenvatinib; Sorafenib; Cabozantinib; Vandetanib,DRUG; DRUG; DRUG; DRUG,2018-08-06,2019-11-14,2019-12-05,2021-07-14,https://clinicaltrials.gov/study/NCT03630120
NCT03938337,Abemaciclib and Pembrolizumab in Metastatic or Recurrent Head and Neck Cancer,TERMINATED,"Sponsor terminated study due to higher incidence of pulmonary toxicity than expected, including death",BIOLOGICAL_FAILURE,SAFETY,HIGH,"score=7;saf:term:toxicity(w=2),saf:causal_near:toxicity,saf:term:toxic(w=1),saf:causal_near:toxic",INTERVENTIONAL,PHASE2,University of Alabama at Birmingham,,Head and Neck Cancer,Cohort 1 Not Previously Treated; Cohort 2 Treated Previously,DRUG; DRUG,2019-10-08,2020-04-03,2020-04-03,2021-07-09,https://clinicaltrials.gov/study/NCT03938337
NCT01767857,A Phase III Study of Xilonix in Patients With Advanced Colorectal Cancer,TERMINATED,The study crossed the prospective futility boundary of primary endpoint,BIOLOGICAL_FAILURE,EFFICACY/FUTILITY,HIGH,"score=7;eff:term:primary endpoint(w=1),eff:term:futility(w=3),eff:futility_phrase",INTERVENTIONAL,PHASE3,"Janssen Research & Development, LLC",,Metastatic Colorectal Cancer,Xilonix; Placebo,DRUG; DRUG,2013-03-31,2017-06-30,2017-06-30,2021-06-29,https://clinicaltrials.gov/study/NCT01767857
NCT01403064,Safety and Efficacy of ALD518 for Reducing Oral Mucositis in Head and Neck Cancer Subjects,TERMINATED,due to lack of efficacy,BIOLOGICAL_FAILURE,EFFICACY/FUTILITY,MEDIUM,"score=5;eff:term:lack of efficacy(w=3),eff:causal_near:lack of efficacy",INTERVENTIONAL,PHASE2,CSL Behring,,Oral Mucositis,ALD518; 0.9% saline,BIOLOGICAL; DRUG,2011-07,2013-04,2014-03,2021-05-11,https://clinicaltrials.gov/study/NCT01403064
NCT02608229,BVD-523 Plus Nab-paclitaxel and Gemcitabine in Patients With Metastatic Pancreatic Cancer,TERMINATED,Adverse events,BIOLOGICAL_FAILURE,SAFETY,MEDIUM,"score=4;saf:term:adverse event(w=2),saf:term:adverse events(w=2)",INTERVENTIONAL,PHASE1,Washington University School of Medicine,"BioMed Valley Discoveries, Inc; National Cancer Institute (NCI)",Pancreatic Cancer; Cancer of Pancreas; Cancer of the Pancreas; Pancreas Cancer,BVD-523; Nab-paclitaxel; Gemcitabine; Tumor biopsy,DRUG; DRUG; DRUG; PROCEDURE,2016-06-06,2019-03-27,2020-05-21,2021-04-21,https://clinicaltrials.gov/study/NCT02608229
NCT01244191,"Tivantinib Plus Erlotinib Versus Placebo Plus Erlotinib for the Treatment of Non-squamous, Non-small-cell Lung Cancer",TERMINATED,Sponsor decision due to the protocol-defined stopping boundary for futility was met based on the interim OS data.,BIOLOGICAL_FAILURE,EFFICACY/FUTILITY,HIGH,"score=7;eff:term:futility(w=3),eff:causal_near:futility,eff:futility_phrase",INTERVENTIONAL,PHASE3,Daiichi Sankyo,"ArQule, Inc., a subsidiary of Merck Sharp & Dohme LLC, a subsidiary of Merck & Co., Inc. (Rahway, NJ USA)","Non Squamous, Non-small-cell Lung Cancer",Tivantinib; Placebo; Erlotinib,DRUG; DRUG; DRUG,2011-01-11,2012-12-15,2012-12-15,2021-04-06,https://clinicaltrials.gov/study/NCT01244191
NCT01055067,ARQ 197 for Participants With Relapsed or Refractory Germ Cell Tumors,TERMINATED,The study was terminated early for futility according to the stopping rule of the Simon 2-stage design.,BIOLOGICAL_FAILURE,EFFICACY/FUTILITY,HIGH,"score=6;eff:term:futility(w=3),eff:futility_phrase",INTERVENTIONAL,PHASE2,Daiichi Sankyo,,Non-CNS Germ Cell Tumors (Seminomas and Nonseminomas),Tivantinib (ARQ 197),DRUG,2010-02-02,2011-11-30,2011-11-30,2021-04-06,https://clinicaltrials.gov/study/NCT01055067
NCT03729297,Cabozantinib in Advanced Salivary Gland Cancer Patients,TERMINATED,safety issues,BIOLOGICAL_FAILURE,SAFETY,MEDIUM,"score=5;saf:term:safety(w=1),saf:term:safety issue(w=2),saf:term:safety issues(w=2)",INTERVENTIONAL,PHASE2,Radboud University Medical Center,Ipsen,Salivary Gland Cancer,Cabozantinib,DRUG,2018-09-05,2019-11-06,2019-11-06,2021-03-12,https://clinicaltrials.gov/study/NCT03729297
NCT03572478,Rucaparib and Nivolumab in Patients With Prostate or Endometrial Cancer,TERMINATED,The study was terminated due to lack of efficacy.,BIOLOGICAL_FAILURE,EFFICACY/FUTILITY,MEDIUM,"score=5;eff:term:lack of efficacy(w=3),eff:causal_near:lack of efficacy",INTERVENTIONAL,PHASE1; PHASE2,University of Chicago,"Bristol-Myers Squibb; Clovis Oncology, Inc.",Prostate Cancer; Endometrial Cancer,Rucaparib; Nivolumab,DRUG; DRUG,2018-08-14,2020-02-29,2020-10-01,2021-03-09,https://clinicaltrials.gov/study/NCT03572478
NCT00066677,Bevacizumab With or Without Docetaxel in Treating Patients With Previously Treated Metastatic Pancreatic Cancer,TERMINATED,Stopped accordining to early stopping rule for futility,BIOLOGICAL_FAILURE,EFFICACY/FUTILITY,HIGH,"score=6;eff:term:futility(w=3),eff:futility_phrase",INTERVENTIONAL,PHASE2,Fox Chase Cancer Center,National Cancer Institute (NCI),Pancreatic Cancer,rhuMAB-VEGF; docetaxel,DRUG; DRUG,2003-10,2008-11,2009-04,2021-03-05,https://clinicaltrials.gov/study/NCT00066677
NCT00796445,"A Phase III Study to Test the Benefit of a New Kind of Anti-cancer Treatment in Patients With Melanoma, After Surgical Removal of Their Tumor",TERMINATED,The study was terminated early following assessment of the two co-primary endpoints showing the lack of efficacy of the study product.,BIOLOGICAL_FAILURE,EFFICACY/FUTILITY,MEDIUM,"score=4;eff:term:lack of efficacy(w=3),eff:term:primary endpoint(w=1)",INTERVENTIONAL,PHASE3,GlaxoSmithKline,,Melanoma,GSK 2132231A; Placebo,DRUG; DRUG,2008-12-01,2016-01-27,2016-01-27,2021-03-05,https://clinicaltrials.gov/study/NCT00796445
NCT02865915,MLE4901 vs. Placebo for the Treatment of PCOS,TERMINATED,The risk/benefit profile no longer indicated continued development.,BIOLOGICAL_FAILURE,SAFETY,MEDIUM,score=2;saf:term:risk/benefit(w=2),INTERVENTIONAL,PHASE2,"Millendo Therapeutics US, Inc.","Medpace, Inc.; Covance",Polycystic Ovary Syndrome (PCOS),MLE4901; Placebo,DRUG; DRUG,2016-07,2017-09,2017-09,2021-02-01,https://clinicaltrials.gov/study/NCT02865915
NCT03149679,The p53 Colorectal Cancer Trial,TERMINATED,The study was discontinued after the first pre-planned interim analysis due to insufficient response rates.,BIOLOGICAL_FAILURE,EFFICACY/FUTILITY,MEDIUM,"score=3;eff:term:interim analysis(w=1),eff:causal_near:interim analysis",INTERVENTIONAL,PHASE2,Haukeland University Hospital,,Colorectal Cancer Metastatic; Colorectal Cancer Stage IV; TP53 Gene Mutation,Cyclophosphamide,DRUG,2017-05-09,2020-08-07,2020-08-07,2021-01-22,https://clinicaltrials.gov/study/NCT03149679
NCT03382899,Study of Pegilodecakin (LY3500518) With Pembrolizumab Compared to Pembrolizumab Alone First-line Tx in Participants With Metastatic Non-Small Cell Lung Cancer,TERMINATED,The CYPRESS-1 trial was closed early after the planned primary analysis because the risk benefit ratio is unfavorable.,BIOLOGICAL_FAILURE,SAFETY,MEDIUM,score=2;saf:term:risk benefit(w=2),INTERVENTIONAL,PHASE2,Eli Lilly and Company,ARMO BioSciences,Non Small Cell Lung Cancer,Pegilodecakin; Pembrolizumab,BIOLOGICAL; DRUG,2018-03-19,2019-12-06,2020-03-05,2021-01-20,https://clinicaltrials.gov/study/NCT03382899
NCT03429101,A Study of Poziotinib in Combination With T-DM1 in HER2-Positive Breast Cancer,TERMINATED,Dose limiting toxicity,BIOLOGICAL_FAILURE,SAFETY,MEDIUM,"score=4;saf:term:toxicity(w=2),saf:term:toxic(w=1),saf:term:dose limiting(w=1)",INTERVENTIONAL,PHASE1,"Spectrum Pharmaceuticals, Inc",,Breast Cancer,Poziotinib; T-DM1,DRUG; DRUG,2018-07-13,2019-04-17,2019-04-17,2021-01-15,https://clinicaltrials.gov/study/NCT03429101
NCT02587962,Dose-escalation Study of Birinapant and Pembrolizumab in Solid Tumors,TERMINATED,"Based on a futility analysis, the data monitoring committee recommended to stop enrollment.",BIOLOGICAL_FAILURE,EFFICACY/FUTILITY,HIGH,"score=8;eff:term:futility(w=3),eff:term:futility analysis(w=3),eff:futility_phrase",INTERVENTIONAL,PHASE1; PHASE2,Medivir,Merck Sharp & Dohme LLC,Solid Tumors,Birinapant; Pembrolizumab,DRUG; DRUG,2017-08-04,2020-02-17,2020-02-17,2021-01-14,https://clinicaltrials.gov/study/NCT02587962
NCT01268059,"A Study of Carboplatin and Paclitaxel With or Without MEDI-575 in Untreated, Advanced Non-Small Cell Lung Cancer",TERMINATED,"In conjunction with the overall risk-benefit assessment, study was terminated prematurely due to safety concerns.",BIOLOGICAL_FAILURE,SAFETY,HIGH,"score=15;saf:term:safety(w=1),saf:causal_near:safety,saf:term:safety concern(w=2),saf:causal_near:safety concern,saf:term:safety concerns(w=2),saf:causal_near:safety concerns,saf:term:risk-benefit(w=2),saf:causal_near:risk-benefit",INTERVENTIONAL,PHASE1; PHASE2,MedImmune LLC,,Non-small Cell Lung Cancer,Carboplatin; Paclitaxel; MEDI-575,DRUG; DRUG; DRUG,2010-12-16,2013-09-11,2013-09-11,2020-12-23,https://clinicaltrials.gov/study/NCT01268059
NCT00480025,GSK1572932A Antigen-Specific Cancer Immunotherapeutic as Adjuvant Therapy in Patients With Non-Small Cell Lung Cancer,TERMINATED,The study was terminated following assessment of the lack of efficacy of the study product by the Independent Data monitoring Committee for the study.,BIOLOGICAL_FAILURE,EFFICACY/FUTILITY,MEDIUM,score=3;eff:term:lack of efficacy(w=3),INTERVENTIONAL,PHASE3,GlaxoSmithKline,,"Lung Cancer, Non-Small Cell",GSK1572932A Antigen-Specific Cancer Immunotherapeutic; Placebo Control,BIOLOGICAL; BIOLOGICAL,2007-10-04,2013-12-06,2014-09-23,2020-12-22,https://clinicaltrials.gov/study/NCT00480025
NCT02951156,"Avelumab In Combination Regimens That Include An Immune Agonist, Epigenetic Modulator, CD20 Antagonist and/or Conventional Chemotherapy in Patients With Relapsed or Refractory Diffuse Large B-cell Lymphoma (R/R DLBCL)",TERMINATED,Study was terminated due to closure of study arms following futility analysis and difficulty in enrolling participants due to evolving treatment landscape,BIOLOGICAL_FAILURE,EFFICACY/FUTILITY,HIGH,"score=13;eff:term:futility(w=3),eff:causal_near:futility,eff:term:futility analysis(w=3),eff:causal_near:futility analysis,eff:futility_phrase",INTERVENTIONAL,PHASE3,Pfizer,EMD Serono,Diffuse Large B-Cell Lymphoma,Avelumab; Utomilumab; Rituximab; Azacitidine; Bendamustine; Gemcitabine; Oxaliplatin,BIOLOGICAL; BIOLOGICAL; BIOLOGICAL; OTHER; DRUG; DRUG; DRUG,2016-12-16,2019-12-02,2019-12-02,2020-12-17,https://clinicaltrials.gov/study/NCT02951156
NCT02443337,A Study of LY3023414 and Necitumumab in Squamous Lung Cancer,TERMINATED,The study stopped due to lack of efficacy.,BIOLOGICAL_FAILURE,EFFICACY/FUTILITY,MEDIUM,"score=5;eff:term:lack of efficacy(w=3),eff:causal_near:lack of efficacy",INTERVENTIONAL,PHASE2,Eli Lilly and Company,"SCRI Development Innovations, LLC",Non-small Cell Lung Cancer Metastatic,LY3023414; Necitumumab,DRUG; DRUG,2015-07,2017-09,2017-09,2020-12-09,https://clinicaltrials.gov/study/NCT02443337
NCT01495247,"Phase Ib/II Trial of BEZ235 With Paclitaxel in Patients With HER2 Negative, Locally Advanced or Metastatic Breast Cancer",TERMINATED,Study did not meet Phase Ib primary objective to establish the maximum tolerated dose/recommended dose for Phase II,BIOLOGICAL_FAILURE,EFFICACY/FUTILITY,MEDIUM,score=3;eff:term:did not meet(w=3),INTERVENTIONAL,PHASE1; PHASE2,Novartis Pharmaceuticals,,Inoperable Locally Advanced Breast Cancer; Metastatic Breast Cancer (MBC),BEZ235; Paclitaxel,DRUG; DRUG,2012-01-30,2014-05-19,2014-05-19,2020-12-08,https://clinicaltrials.gov/study/NCT01495247
NCT03234465,"Efficacy, Safety and Tolerability of AG013 in Oral Mucositis Compared to Placebo When Administered Three Times Per Day",TERMINATED,"No efficacy could be demonstrated, sponsor decided to prematurely end the study.",BIOLOGICAL_FAILURE,EFFICACY/FUTILITY,MEDIUM,score=3;eff:term:no efficacy(w=3),INTERVENTIONAL,PHASE2,"Oragenics, Inc.",,Oral Mucositis,AG013; Placebo,BIOLOGICAL; OTHER,2017-07-18,2020-03-31,2020-07-13,2020-11-23,https://clinicaltrials.gov/study/NCT03234465
NCT02368691,Efficacy and Safety of GTx-024 in Patients With Androgen Receptor-Positive Triple Negative Breast Cancer (AR+ TNBC),TERMINATED,Lack of Efficacy,BIOLOGICAL_FAILURE,EFFICACY/FUTILITY,MEDIUM,score=3;eff:term:lack of efficacy(w=3),INTERVENTIONAL,PHASE2,GTx,,Triple Negative Breast Cancer,GTx-024,DRUG,2015-06,2017-09-22,2017-09-22,2020-11-18,https://clinicaltrials.gov/study/NCT02368691
NCT00538681,"Study for Participants With Advanced, Not Amenable to Surgery, or Metastatic Lung Cancer Comparing Treatment With Pemetrexed + Cisplatin + Enzastaurin Versus Pemetrexed + Cisplatin + Placebo",TERMINATED,Terminated due to lack of efficacy demonstrated in relevant participant population in other clinical trials.,BIOLOGICAL_FAILURE,EFFICACY/FUTILITY,MEDIUM,"score=5;eff:term:lack of efficacy(w=3),eff:causal_near:lack of efficacy",INTERVENTIONAL,PHASE2,Eli Lilly and Company,,Lung Cancer,enzastaurin; pemetrexed; cisplatin; placebo,DRUG; DRUG; DRUG; DRUG,2007-09,2008-11,2008-11,2020-11-05,https://clinicaltrials.gov/study/NCT00538681
NCT01656252,Trial of Eltrombopag During Consolidation Therapy in Adults With AML in Complete Remission,TERMINATED,Study stopped per Novartis request due to futility from another study.,BIOLOGICAL_FAILURE,EFFICACY/FUTILITY,HIGH,"score=8;eff:term:futility(w=3),eff:causal_near:futility,eff:futility_phrase",INTERVENTIONAL,PHASE1; PHASE2,"PrECOG, LLC.",GlaxoSmithKline; Novartis,Acute Myeloid Leukemia,Phase I- Cytarabine & Eltrombopag; Phase II- Sequence A; Phase II- Sequence B,DRUG; DRUG; DRUG,2012-07,2016-03,2016-03,2020-11-03,https://clinicaltrials.gov/study/NCT01656252
NCT01483690,A Pilot Study of Decitabine and Vorinostat With Chemotherapy for Relapsed ALL,TERMINATED,Toxicity,BIOLOGICAL_FAILURE,SAFETY,MEDIUM,"score=3;saf:term:toxicity(w=2),saf:term:toxic(w=1)",INTERVENTIONAL,PHASE1; PHASE2,Therapeutic Advances in Childhood Leukemia Consortium,,Acute Lymphoblastic Leukemia; Precursor B-Cell Lymphoblastic Leukemia; Precursor T-Cell Lymphoblastic Leukemia,Decitabine; Vorinostat; Vincristine; Dexamethasone; Mitoxantrone; Pegaspargase; Methotrexate,DRUG; DRUG; DRUG; DRUG; DRUG; DRUG; DRUG,2011-12,2015-07-31,2015-07-31,2020-10-27,https://clinicaltrials.gov/study/NCT01483690
NCT02750254,Azacitidine in Haploidentical Donor Hematopoietic Cell Transplantation,TERMINATED,Toxicity. Only enrolled patients in phase I portion of trial.,BIOLOGICAL_FAILURE,SAFETY,MEDIUM,"score=3;saf:term:toxicity(w=2),saf:term:toxic(w=1)",INTERVENTIONAL,PHASE1,Washington University School of Medicine,,Acute Myeloid Leukemia; Myelodysplastic Syndrome; Acute Lymphocytic Leukemia,Fludarabine; Fractionated total body irradiation; Busulfan; Cyclophosphamide; Single dose total body irradiation; Melphalan; Granulocyte-colony stimulating factor; Stem cell transplant; Azacitidine,DRUG; RADIATION; DRUG; DRUG; RADIATION; DRUG; DRUG; PROCEDURE; DRUG,2016-06-27,2017-05-24,2020-10-14,2020-10-20,https://clinicaltrials.gov/study/NCT02750254
NCT01806064,Randomized Phase 2 Trial of Axitinib and TRC105 Versus Axitinib Alone in Patients Renal Cell Carcinoma,TERMINATED,The study did not meet endpoint.,BIOLOGICAL_FAILURE,EFFICACY/FUTILITY,MEDIUM,score=3;eff:term:did not meet(w=3),INTERVENTIONAL,PHASE1; PHASE2,Tracon Pharmaceuticals Inc.,,Renal Cell Carcinoma,TRC105 and Axitinib; Axitinib,DRUG; DRUG,2013-03-08,2018-12-21,2019-06-12,2020-10-19,https://clinicaltrials.gov/study/NCT01806064
NCT00671645,"Preoperative Combined RadioChemo-Molecular Target Therapy With Capecitabine, Bevacizumab, and Radiotherapy",TERMINATED,reaching of step 1 (recruitment of 8 patients) per protocol -\> risk assessment -\> termination because of occurance of toxicity Grade 3 and 4,BIOLOGICAL_FAILURE,SAFETY,HIGH,"score=6;saf:term:toxicity(w=2),saf:causal_near:toxicity,saf:term:toxic(w=1),saf:causal_near:toxic",INTERVENTIONAL,PHASE2,Austrian Breast & Colorectal Cancer Study Group,Hoffmann-La Roche,Rectal Cancer,"capecitabine, bevacizumab",DRUG,2008-07,2009-02-27,2009-02-27,2020-10-19,https://clinicaltrials.gov/study/NCT00671645
NCT00633061,Identification and Treatment of Clinically Silent Catheter-Related Deep Vein Thrombosis in Children With Cancer,TERMINATED,Futility; unable to complete screening due to clinical practice change,BIOLOGICAL_FAILURE,EFFICACY/FUTILITY,HIGH,"score=8;eff:term:futility(w=3),eff:causal_near:futility,eff:futility_phrase",INTERVENTIONAL,PHASE2,University of Texas Southwestern Medical Center,,Childhood Cancer; Central Venous Catheters; Deep Vein Thrombosis; Catheter-related Infection; Catheter-related Occlusion,Enoxaparin,DRUG,2008-06,2011-06,2011-12,2020-10-08,https://clinicaltrials.gov/study/NCT00633061
NCT01532362,Evaluation of Apricoxib (Selective Cyclooxygenase 2 Inhibition) in Modulating T Regulatory Cells of Patients With Early Stage Non-small Cell Lung Cancer,TERMINATED,Drug sponsor stopped drug manufacture due to toxicity issues from other studies,BIOLOGICAL_FAILURE,SAFETY,HIGH,"score=7;saf:term:toxicity(w=2),saf:causal_near:toxicity,saf:term:toxic(w=1),saf:causal_near:toxic",INTERVENTIONAL,NA,Jonsson Comprehensive Cancer Center,,Non Small Cell Lung Cancer,Apricoxib,DRUG,2011-11,2012-05,2012-05,2020-09-22,https://clinicaltrials.gov/study/NCT01532362
NCT03382912,Study of Pegilodecakin (LY3500518) With Nivolumab Compared to Nivolumab Alone Second-line Tx in Participants With Metastatic Non-Small Cell Lung Cancer,TERMINATED,The CYPRESS-2 trial was closed early after the planned final analysis because the risk benefit ratio is unfavorable.,BIOLOGICAL_FAILURE,SAFETY,MEDIUM,score=2;saf:term:risk benefit(w=2),INTERVENTIONAL,PHASE2,Eli Lilly and Company,ARMO BioSciences,Non Small Cell Lung Cancer,Pegilodecakin; Nivolumab,BIOLOGICAL; DRUG,2018-03-22,2019-08-28,2020-03-03,2020-09-11,https://clinicaltrials.gov/study/NCT03382912
NCT00780676,Personalized Treatment Selection for Metastatic Breast Cancer,TERMINATED,Closed early for futility.,BIOLOGICAL_FAILURE,EFFICACY/FUTILITY,HIGH,"score=6;eff:term:futility(w=3),eff:futility_phrase",INTERVENTIONAL,PHASE2,M.D. Anderson Cancer Center,Bristol-Myers Squibb; AstraZeneca,Breast Cancer,Dasatinib; AZD6244,DRUG; DRUG,2009-06,2014-05,2014-05,2020-09-03,https://clinicaltrials.gov/study/NCT00780676
NCT03539484,A Study of RO7172508 in Patients With Locally Advanced and/or Metastatic CEA-Positive Solid Tumors,TERMINATED,"Study terminated due to change in benefit-risk ratio, driven by high incidence GI toxicity in absence of clinically significant anti-tumor efficacy.",BIOLOGICAL_FAILURE,SAFETY,HIGH,"score=7;saf:term:toxicity(w=2),saf:causal_near:toxicity,saf:term:toxic(w=1),saf:causal_near:toxic",INTERVENTIONAL,PHASE1,Hoffmann-La Roche,,Solid Tumors,RO7172508; Obinutuzumab; Tocilizumab,DRUG; DRUG; DRUG,2018-07-04,2019-07-22,2019-07-22,2020-09-03,https://clinicaltrials.gov/study/NCT03539484
NCT02767934,Pembrolizumab in Treating Minimal Residual Disease in Patients With Acute Lymphoblastic Leukemia,TERMINATED,Terminated due to lack of efficacy,BIOLOGICAL_FAILURE,EFFICACY/FUTILITY,MEDIUM,"score=5;eff:term:lack of efficacy(w=3),eff:causal_near:lack of efficacy",INTERVENTIONAL,PHASE2,University of Washington,National Cancer Institute (NCI),B Acute Lymphoblastic Leukemia; Minimal Residual Disease; Recurrent Acute Lymphoblastic Leukemia; T Acute Lymphoblastic Leukemia,Laboratory Biomarker Analysis; Pembrolizumab,OTHER; BIOLOGICAL,2017-01-13,2019-07-31,2019-12-17,2020-08-20,https://clinicaltrials.gov/study/NCT02767934
NCT03719300,Codex: Study of Inodiftagene Vixteplasmid (BC-819) in Unresponsive NMIBC,TERMINATED,Lack of efficacy,BIOLOGICAL_FAILURE,EFFICACY/FUTILITY,MEDIUM,score=3;eff:term:lack of efficacy(w=3),INTERVENTIONAL,PHASE2,Anchiano Therapeutics Israel Ltd.,,Non-muscle Invasive Bladder Cancer (NMIBC),inodiftagene vixteplasmid,DRUG,2019-03-20,2019-11-18,2019-12-18,2020-08-19,https://clinicaltrials.gov/study/NCT03719300
NCT00437294,Enzastaurin in Combination of Capecitabine to Treat Breast Cancer,TERMINATED,Lack of efficacy,BIOLOGICAL_FAILURE,EFFICACY/FUTILITY,MEDIUM,score=3;eff:term:lack of efficacy(w=3),INTERVENTIONAL,PHASE2,Eli Lilly and Company,,Breast Cancer,enzastaurin; placebo; capecitabine,DRUG; DRUG; DRUG,2007-03,2009-03,2009-03,2020-08-10,https://clinicaltrials.gov/study/NCT00437294
NCT03698227,OlaReDo - Olaratumab and Rechallenge With Doxorubicin in Soft Tissue Sarcoma Patients,TERMINATED,Lack of efficacy on olaratumab,BIOLOGICAL_FAILURE,EFFICACY/FUTILITY,MEDIUM,score=3;eff:term:lack of efficacy(w=3),INTERVENTIONAL,PHASE2,Institut für Klinische Krebsforschung IKF GmbH at Krankenhaus Nordwest,,Advanced Soft Tissue Sarcoma,Olaratumab; Dexrazoxane; Doxorubicin,DRUG; DRUG; DRUG,2018-11-12,2020-06-25,2020-06-25,2020-07-15,https://clinicaltrials.gov/study/NCT03698227
NCT02718417,Avelumab in Previously Untreated Patients With Epithelial Ovarian Cancer (JAVELIN OVARIAN 100),TERMINATED,The study was terminated based on the results of a planned interim analysis that showed futility of efficacy.,BIOLOGICAL_FAILURE,EFFICACY/FUTILITY,HIGH,"score=7;eff:term:futility(w=3),eff:term:interim analysis(w=1),eff:futility_phrase",INTERVENTIONAL,PHASE3,Pfizer,,Ovarian Cancer,carboplatin; paclitaxel; Avelumab; Avelumab,DRUG; DRUG; DRUG; DRUG,2016-05-19,2018-09-07,2019-05-16,2020-07-14,https://clinicaltrials.gov/study/NCT02718417
NCT03330834,CAR-T Cell Immunotherapy for Advanced Lung Cancer,TERMINATED,Serious adverse events,BIOLOGICAL_FAILURE,SAFETY,HIGH,"score=7;saf:term:adverse event(w=2),saf:term:adverse events(w=2),saf:term:serious adverse(w=3)",INTERVENTIONAL,PHASE1,Sun Yat-sen University,"Guangzhou Yiyang Biological Technology Co., Ltd.",Advanced Lung Cancer,CAR-T cells to treat advanced lung cancer,BIOLOGICAL,2017-11-20,2020-04-14,2020-04-14,2020-07-13,https://clinicaltrials.gov/study/NCT03330834
NCT02395627,Reversing Therapy Resistance With Epigenetic-Immune Modification,TERMINATED,Insufficient efficacy in an unselected patient population,BIOLOGICAL_FAILURE,EFFICACY/FUTILITY,MEDIUM,score=3;eff:term:insufficient efficacy(w=3),INTERVENTIONAL,PHASE2,"University of California, San Francisco",Avon Foundation; Merck Sharp & Dohme LLC,Breast Neoplasms,Tamoxifen; Vorinostat; Pembrolizumab,DRUG; DRUG; DRUG,2015-05-04,2019-06-08,2019-06-08,2020-07-07,https://clinicaltrials.gov/study/NCT02395627
NCT02609984,Study to Compare the Safety and Efficacy of CMB305 With Atezolizumab to Atezolizumab Alone in Participants With Sarcoma (IMDZ-C232/V943A-002),TERMINATED,This study did not meet the efficacy objective,BIOLOGICAL_FAILURE,EFFICACY/FUTILITY,MEDIUM,score=3;eff:term:did not meet(w=3),INTERVENTIONAL,PHASE2,"Immune Design, a subsidiary of Merck & Co., Inc. (Rahway, New Jersey USA)","Genentech, Inc.",Sarcoma; Myxoid/Round Cell Liposarcoma; Synovial Sarcoma; Metastatic Sarcoma; Recurrent Adult Soft Tissue Sarcoma; Locally Advanced Sarcoma; Liposarcoma,CMB305; atezolizumab,BIOLOGICAL; BIOLOGICAL,2015-04-29,2019-02-06,2019-02-06,2020-07-07,https://clinicaltrials.gov/study/NCT02609984
NCT02387125,"Phase 1b Safety Study of CMB305 in Patients With Locally Advanced, Relapsed, or Metastatic Cancer Expressing NY-ESO-1",TERMINATED,This study did not meet the efficacy objective,BIOLOGICAL_FAILURE,EFFICACY/FUTILITY,MEDIUM,score=3;eff:term:did not meet(w=3),INTERVENTIONAL,PHASE1,"Immune Design, a subsidiary of Merck & Co., Inc. (Rahway, New Jersey USA)",,Sarcoma; Melanoma; Non-small Cell Lung Cancer; Ovarian Cancer,CMB305; G100; Metronomic CPA,BIOLOGICAL; BIOLOGICAL; DRUG,2015-02-28,2019-03-29,2019-03-29,2020-07-01,https://clinicaltrials.gov/study/NCT02387125
NCT02985554,Phase I Study to Assess the Tolerability and Efficacy of Nivolumab in Patients With Hematologic Malignancies,TERMINATED,Study stopped early due to slow accrual and safety concerns.,BIOLOGICAL_FAILURE,SAFETY,HIGH,"score=10;saf:term:safety(w=1),saf:causal_near:safety,saf:term:safety concern(w=2),saf:causal_near:safety concern,saf:term:safety concerns(w=2),saf:causal_near:safety concerns",INTERVENTIONAL,PHASE1,University of Chicago,,Hematologic Malignancies,Nivolumab,DRUG,2017-03-20,2019-02-06,2020-06-22,2020-06-25,https://clinicaltrials.gov/study/NCT02985554
NCT03718143,"AZD1775 in Advanced Acute Myeloid Leukemia, Myelodysplastic Syndrome and Myelofibrosis",TERMINATED,Safety concerns,BIOLOGICAL_FAILURE,SAFETY,MEDIUM,"score=5;saf:term:safety(w=1),saf:term:safety concern(w=2),saf:term:safety concerns(w=2)",INTERVENTIONAL,PHASE2,NYU Langone Health,,Myelofibroses; Acute Myeloid Leukemia; Myelodysplastic Syndromes,Combination AZD1775 with AraC; AZD1775 only,DRUG; DRUG,2019-05-08,2019-09-27,2019-09-27,2020-06-02,https://clinicaltrials.gov/study/NCT03718143
NCT01796470,Entospletinib in Combination With Idelalisib in Adults With Relapsed or Refractory Hematologic Malignancies,TERMINATED,Study was terminated due to safety measures.,BIOLOGICAL_FAILURE,SAFETY,MEDIUM,"score=3;saf:term:safety(w=1),saf:causal_near:safety",INTERVENTIONAL,PHASE2,Gilead Sciences,,Chronic Lymphocytic Leukemia; Mantle Cell Lymphoma; Diffuse Large B-cell Lymphoma; Indolent Non-Hodgkin's Lymphoma,Entospletinib; Idelalisib,DRUG; DRUG,2013-06-20,2015-01,2016-12-22,2020-06-02,https://clinicaltrials.gov/study/NCT01796470
NCT03344172,Pre-Operative Trial (PGHA vs. PGH) for Resectable Pancreatic Cancer,TERMINATED,Suspected Serious Adverse Events related to treatment,BIOLOGICAL_FAILURE,SAFETY,HIGH,"score=13;saf:term:adverse event(w=2),saf:causal_near:adverse event,saf:term:adverse events(w=2),saf:causal_near:adverse events,saf:term:serious adverse(w=3),saf:causal_near:serious adverse",INTERVENTIONAL,PHASE2,"Nathan Bahary, MD",Pfizer; National Cancer Institute (NCI),Pancreatic Cancer Resectable,"Gemcitabine, Nab-Paclitaxel, hydroxychloroquine and Avelumab; Gemcitabine, Nab-Paclitaxel, and hydroxychloroquine",DRUG; DRUG,2017-12-13,2019-04-30,2019-04-30,2020-05-14,https://clinicaltrials.gov/study/NCT03344172
NCT01532960,Pilot Study of a Breast Cancer Vaccine Plus Poly-ICLC for Breast Cancer,TERMINATED,"Futility for immune responses to the vaccine. Also, a component of study drug was in short supply.",BIOLOGICAL_FAILURE,EFFICACY/FUTILITY,HIGH,"score=6;eff:term:futility(w=3),eff:futility_phrase",INTERVENTIONAL,PHASE1,"Craig L Slingluff, Jr",,Breast Cancer,"poly-ICLC; 9 Peptides from Her-2/neu, CEA, & CTA; Peptide-tet",BIOLOGICAL; BIOLOGICAL; BIOLOGICAL,2012-07,2015-09,2015-09,2020-05-08,https://clinicaltrials.gov/study/NCT01532960
NCT01133678,Study in Locally Advanced Squamous Cell Carcinoma of Head and Neck,TERMINATED,Primary endpoint reached futility boundary,BIOLOGICAL_FAILURE,EFFICACY/FUTILITY,HIGH,"score=7;eff:term:primary endpoint(w=1),eff:term:futility(w=3),eff:futility_phrase",INTERVENTIONAL,PHASE2,University of Chicago,Novartis Pharmaceuticals,Head and Neck Cancer,Everolimus; Placebo,DRUG; DRUG,2010-05-04,2015-01,2015-01,2020-05-08,https://clinicaltrials.gov/study/NCT01133678
NCT01548924,Determination of Dose of Antiangiogenic Multitargeted DOVITINIB (TKI258) Plus Paclitaxel in Patients With Solid Tumors,TERMINATED,Drug toxicity,BIOLOGICAL_FAILURE,SAFETY,MEDIUM,"score=3;saf:term:toxicity(w=2),saf:term:toxic(w=1)",INTERVENTIONAL,PHASE1,Centro Nacional de Investigaciones Oncologicas CARLOS III,Hospital Universitario de Fuenlabrada; M.D. Anderson Cancer Center; Hospital Universitari de Bellvitge,Solid Tumors,Dovitinib; Dovitinib + Paclitaxel,DRUG; DRUG,2012-04,2013-02,2013-08,2020-04-17,https://clinicaltrials.gov/study/NCT01548924
NCT03093272,A Study of Docetaxel + ARN-509 in Castration-Resistant Prostate Cancer,TERMINATED,Safety concerns,BIOLOGICAL_FAILURE,SAFETY,MEDIUM,"score=5;saf:term:safety(w=1),saf:term:safety concern(w=2),saf:term:safety concerns(w=2)",INTERVENTIONAL,PHASE2,Dana-Farber Cancer Institute,Janssen Pharmaceuticals,Prostate Cancer,Leuprolide Acetate; Prednisone; Docetaxel; Apalutamide,DRUG; DRUG; DRUG; DRUG,2017-06-23,2019-05-16,2019-12-31,2020-04-09,https://clinicaltrials.gov/study/NCT03093272
NCT00901927,"Bendamustine, Mitoxantrone, and Rituximab (BMR) for Patients With Untreated High Risk Follicular Lymphoma",TERMINATED,Study was closed early due to toxicity,BIOLOGICAL_FAILURE,SAFETY,HIGH,"score=7;saf:term:toxicity(w=2),saf:causal_near:toxicity,saf:term:toxic(w=1),saf:causal_near:toxic",INTERVENTIONAL,PHASE2,M.D. Anderson Cancer Center,Cephalon,Follicular Lymphoma,Bendamustine; Mitoxantrone; Rituximab,DRUG; DRUG; DRUG,2009-05,2016-01,2016-01,2020-04-03,https://clinicaltrials.gov/study/NCT00901927
NCT01077518,Ofatumumab Bendamustine Combination Compared With Bendamustine Monotherapy in Indolent B-cell NHL Unresponsive to Rituxtherapy,TERMINATED,The study was terminated early as it did not meet the Primary efficacy objective after primary analysis.,BIOLOGICAL_FAILURE,EFFICACY/FUTILITY,MEDIUM,score=3;eff:term:did not meet(w=3),INTERVENTIONAL,PHASE3,Novartis Pharmaceuticals,,"Lymphoma, Follicular",Ofatumumab; Bendamustine infusion; Ofatumumab and Bendamustine infusions (Arm A); Bendamustine infusion (Arm B),DRUG; DRUG; DRUG; DRUG,2010-08-26,2018-01-03,2018-12-26,2020-03-27,https://clinicaltrials.gov/study/NCT01077518
NCT01400672,Imiquimod/Brain Tumor Initiating Cell (BTIC) Vaccine in Brain Stem Glioma,TERMINATED,Treatment ineffective; Extreme toxicity,BIOLOGICAL_FAILURE,SAFETY,MEDIUM,"score=3;saf:term:toxicity(w=2),saf:term:toxic(w=1)",INTERVENTIONAL,PHASE1,"Masonic Cancer Center, University of Minnesota",,Diffuse Intrinsic Pontine Glioma,Tumor Lysate Vaccine; Imiquimod; Radiation therapy,BIOLOGICAL; DRUG; RADIATION,2012-07-17,2016-03-07,2018-10-08,2020-03-18,https://clinicaltrials.gov/study/NCT01400672
NCT01110226,Trial Of Cisplatin And KML-001 in Platinum Responsive Malignancies,TERMINATED,Toxicity was not felt to be acceptable for further development.,BIOLOGICAL_FAILURE,SAFETY,MEDIUM,"score=3;saf:term:toxicity(w=2),saf:term:toxic(w=1)",INTERVENTIONAL,PHASE1,"University of Maryland, Baltimore","University of Maryland, College Park","Non-Small Cell Lung Cancer, Small Cell Lung Cancer; Platinum Responsive Malignancies",KML-001; Cisplatin,DRUG; DRUG,2010-04-27,2015-10-22,2015-10-27,2020-03-17,https://clinicaltrials.gov/study/NCT01110226
NCT01596699,Pilot Trial of Clofarabine Added to Standard Busulfan and Fludarabine for Conditioning Prior to Allogeneic Hematopoietic Cell Transplantation,TERMINATED,Triggering of futility rule; Interim analysis suggested no statistical superiority over historic controls,BIOLOGICAL_FAILURE,EFFICACY/FUTILITY,HIGH,"score=7;eff:term:futility(w=3),eff:term:interim analysis(w=1),eff:futility_phrase",INTERVENTIONAL,PHASE2,"University of California, San Francisco",,Myeloid Malignancy; Bone Marrow Failure Syndrome; Transfusion-dependent Red Blood Cell (RBC) Defect; Congenital Immunodeficiency; Metabolic Disease; Severe Immune Dysregulation,Alemtuzumab; Busulfan; Fludarabine; Clofarabine,DRUG; DRUG; DRUG; DRUG,2012-05-24,2019-06,2019-06,2020-02-26,https://clinicaltrials.gov/study/NCT01596699
NCT01057017,First-Line FOLFOX-Bevacizumab for Advanced Colorectal Cancer With Wild-Type Ras,TERMINATED,possible lack of efficacy,BIOLOGICAL_FAILURE,EFFICACY/FUTILITY,MEDIUM,score=3;eff:term:lack of efficacy(w=3),INTERVENTIONAL,PHASE2,Brown University,Rhode Island Hospital; The Miriam Hospital,Colorectal Cancer,intervention,BIOLOGICAL,2010-01,2011-04,2011-12,2020-02-17,https://clinicaltrials.gov/study/NCT01057017
NCT02630251,Dose Escalation Study of GSK2820151 in Subjects With Advanced or Recurrent Solid Tumors,TERMINATED,"In 2017, GSK2820151 was terminated due to development of another BET Inhibitor (GSK525762) with a better understanding of the risk benefit profile.",BIOLOGICAL_FAILURE,SAFETY,MEDIUM,score=2;saf:term:risk benefit(w=2),INTERVENTIONAL,PHASE1,GlaxoSmithKline,,Cancer; Neoplasms,GSK2820151,DRUG,2016-04-25,2018-12-13,2018-12-13,2020-02-12,https://clinicaltrials.gov/study/NCT02630251
NCT00955240,"Radiation Therapy, Cisplatin, Fluorouracil, and Cetuximab in Treating Patients With Locally Advanced Anal Cancer",TERMINATED,Inadequate toxicity,BIOLOGICAL_FAILURE,SAFETY,MEDIUM,"score=3;saf:term:toxicity(w=2),saf:term:toxic(w=1)",INTERVENTIONAL,PHASE2,UNICANCER,,Anal Cancer,cetuximab; cisplatin; fluorouracil; laboratory biomarker analysis; radiation therapy,BIOLOGICAL; DRUG; DRUG; OTHER; RADIATION,2009-03,2010-11-26,2010-11-26,2020-02-11,https://clinicaltrials.gov/study/NCT00955240
NCT00541112,"Radiation Therapy, Chemotherapy, and Cetuximab Followed by Surgery, Chemotherapy, and Cetuximab in Treating Patients With Locally Advanced or Metastatic Rectal Cancer That Can Be Removed by Surgery",TERMINATED,Toxicity and lack of efficacy,BIOLOGICAL_FAILURE,SAFETY,MEDIUM,"score=3;saf:term:toxicity(w=2),saf:term:toxic(w=1)",INTERVENTIONAL,PHASE2,UNICANCER,,Colorectal Cancer,cetuximab; capecitabine; fluorouracil; leucovorin calcium; oxaliplatin; adjuvant therapy; conventional surgery; neoadjuvant therapy; radiation therapy,BIOLOGICAL; DRUG; DRUG; DRUG; DRUG; PROCEDURE; PROCEDURE; PROCEDURE; RADIATION,2007-10-29,2010-01-29,2010-01-29,2020-02-11,https://clinicaltrials.gov/study/NCT00541112
NCT03001219,A Study of RO7123520 to Evaluate the Safety and Efficacy in Participants With Moderately To Severely Active Rheumatoid Arthritis (RA) Who Are Inadequately Responding to Anti-Tumor Necrosis Factor (TNF)-Alpha Therapy,TERMINATED,The trial was prematurely terminated due to a lack of efficacy of the investigational drug.,BIOLOGICAL_FAILURE,EFFICACY/FUTILITY,MEDIUM,"score=5;eff:term:lack of efficacy(w=3),eff:causal_near:lack of efficacy",INTERVENTIONAL,PHASE2,Hoffmann-La Roche,,Rheumatoid Arthritis,Anti-TNF-alpha; Methotrexate; Placebo; RO7123520,DRUG; DRUG; DRUG; DRUG,2016-12-22,2018-11-06,2018-11-06,2020-01-29,https://clinicaltrials.gov/study/NCT03001219
NCT01805791,A Phase III Trial of HMPL-004 in Patients With Mild to Moderate Active Ulcerative Colitis,TERMINATED,Interim futility analysis results,BIOLOGICAL_FAILURE,EFFICACY/FUTILITY,HIGH,"score=9;eff:term:futility(w=3),eff:term:futility analysis(w=3),eff:futility_phrase",INTERVENTIONAL,PHASE3,Hutchison Medipharma Limited,,Ulcerative Colitis,HMPL-004 1800 mg/day; Placebo; HMPL-004 2400 mg/day,DRUG; DRUG; DRUG,2013-03,2014-10,2014-10,2020-01-02,https://clinicaltrials.gov/study/NCT01805791
NCT01437605,Phase II Study to Assess the Safety and Immunogenicity of recMAGE-A3+AS15 ASCI With or Without Poly IC:LC,TERMINATED,Treatment Ineffective,BIOLOGICAL_FAILURE,EFFICACY/FUTILITY,MEDIUM,score=2;eff:term:ineffective(w=2),INTERVENTIONAL,PHASE2,H. Lee Moffitt Cancer Center and Research Institute,"GlaxoSmithKline; Oncovir, Inc.",Melanoma,MAGE-A3 ASCI injections without Poly IC:LC; MAGE-A3 ASCI injections with Poly IC:LC,DRUG; DRUG,2011-10-11,2018-07-18,2018-07-18,2019-12-20,https://clinicaltrials.gov/study/NCT01437605
NCT01369875,Modified Tumor Infiltrating Lymphocytes for Metastatic Melanoma,TERMINATED,Premature closure. Protocol did not meet its primary objective.,BIOLOGICAL_FAILURE,EFFICACY/FUTILITY,MEDIUM,score=3;eff:term:did not meet(w=3),INTERVENTIONAL,PHASE2,National Cancer Institute (NCI),,Metastatic Melanoma; Skin Cancer,Cyclophosphamide; Fludarabine; Aldesleukin; Tumor Infiltrating Lymphocytes,DRUG; DRUG; BIOLOGICAL; BIOLOGICAL,2011-06-17,2012-02-13,2012-02-14,2019-12-10,https://clinicaltrials.gov/study/NCT01369875
NCT00985946,Study of Panobinostat in Patients With Neuroendocrine Tumors,TERMINATED,Study did not meet statistical requirements to continue.,BIOLOGICAL_FAILURE,EFFICACY/FUTILITY,MEDIUM,score=3;eff:term:did not meet(w=3),INTERVENTIONAL,PHASE2,"University of Wisconsin, Madison",Novartis Pharmaceuticals,Neuroendocrine Tumors,panobinostat (LBH589),DRUG,2010-05,2015-04,2015-04,2019-12-09,https://clinicaltrials.gov/study/NCT00985946
NCT00582816,Haploidentical Transplant With NK Cell Infusion for Pediatric Acute Leukemia and Solid Tumors,TERMINATED,toxicity,BIOLOGICAL_FAILURE,SAFETY,MEDIUM,"score=3;saf:term:toxicity(w=2),saf:term:toxic(w=1)",INTERVENTIONAL,PHASE1; PHASE2,"University of Wisconsin, Madison",Miltenyi Biomedicine GmbH,Leukemia; Solid Tumors,Clinimacs Cell Separation System; conditioning chemotherapy; DLI,DEVICE; DRUG; OTHER,2008-08,2015-08,2015-08,2019-12-09,https://clinicaltrials.gov/study/NCT00582816
NCT01083641,Estrogen for Triple Negative Breast Cancer,TERMINATED,did not meet efficacy goals after interim analysis,BIOLOGICAL_FAILURE,EFFICACY/FUTILITY,MEDIUM,score=3;eff:term:did not meet(w=3),INTERVENTIONAL,PHASE2,"University of Wisconsin, Madison",National Cancer Institute (NCI),Female Breast Cancer,Estradiol,DRUG,2010-01,2013-06,2015-03,2019-12-09,https://clinicaltrials.gov/study/NCT01083641
NCT02034123,Investigation of GSK2879552 in Subjects With Relapsed/Refractory Small Cell Lung Carcinoma,TERMINATED,The risk benefit in relapsed refractory SCLC does not favor continuation of the study,BIOLOGICAL_FAILURE,SAFETY,MEDIUM,score=2;saf:term:risk benefit(w=2),INTERVENTIONAL,PHASE1,GlaxoSmithKline,,"Carcinoma, Small Cell",GSK2879552,DRUG,2014-02-04,2017-04-18,2017-04-18,2019-12-06,https://clinicaltrials.gov/study/NCT02034123
NCT02112045,A Study of Granix to Disrupt the Bone Marrow Microenvironment in Patients With Multiple Myeloma Undergoing Autologous Transplantation,TERMINATED,Terminated due to results of interim analysis,BIOLOGICAL_FAILURE,EFFICACY/FUTILITY,MEDIUM,"score=3;eff:term:interim analysis(w=1),eff:causal_near:interim analysis",INTERVENTIONAL,PHASE2,Washington University School of Medicine,,Multiple Myeloma,Granix; High dose melphalan (HDR); Autologous Stem Cell Transplant (ASCT),DRUG; DRUG; PROCEDURE,2015-01-20,2017-12-13,2019-09-10,2019-11-26,https://clinicaltrials.gov/study/NCT02112045
NCT00765102,Trial of Romidepsin and Bortezomib for Multiple Myeloma,TERMINATED,There was a change in the Sponsor's research strategy; safety concerns were not a factor.,BIOLOGICAL_FAILURE,SAFETY,MEDIUM,"score=5;saf:term:safety(w=1),saf:term:safety concern(w=2),saf:term:safety concerns(w=2)",INTERVENTIONAL,PHASE2,Celgene,,Multiple Myeloma,Bortezomib; Romidepsin,DRUG; DRUG,2008-09-01,2010-03-01,2010-03-01,2019-11-25,https://clinicaltrials.gov/study/NCT00765102
NCT01370239,HumanaH - Hu3s193 in the Treatment of Advanced Breast Cancer After Hormonal Therapy,TERMINATED,futility,BIOLOGICAL_FAILURE,EFFICACY/FUTILITY,HIGH,"score=6;eff:term:futility(w=3),eff:futility_phrase",INTERVENTIONAL,PHASE2,Instituto do Cancer do Estado de São Paulo,Fundação Faculdade de Medicina; Recepta Biopharma,Breast Cancer,Hu3S193,BIOLOGICAL,2013-11,2015-10,2018-05-25,2019-10-11,https://clinicaltrials.gov/study/NCT01370239
NCT02092909,Phase 1/2 Dose Escalation Study in Patients With Relapsed or Refractory Waldenstrom's Macroglobulinemia,TERMINATED,Lack of efficacy,BIOLOGICAL_FAILURE,EFFICACY/FUTILITY,MEDIUM,score=3;eff:term:lack of efficacy(w=3),INTERVENTIONAL,PHASE1; PHASE2,"Idera Pharmaceuticals, Inc.",,Waldenstrom's Macroglobulinemia,IMO-8400,DRUG,2014-03,2017-04,2017-11,2019-09-10,https://clinicaltrials.gov/study/NCT02092909
NCT03672851,Study Evaluating Safety and Efficacy of CAR-T Cells Targeting CD123 in Patients With Acute Leukemia,TERMINATED,adverse effect,BIOLOGICAL_FAILURE,SAFETY,MEDIUM,score=2;saf:term:adverse effect(w=2),INTERVENTIONAL,PHASE1,Second Affiliated Hospital of Xi'an Jiaotong University,Nanjing Legend Biotech Co.,Acute Leukemia; Acute Leukemia in Relapse; Acute Myeloid Leukemia; Relapsed or Refractory Acute Leukemia,anti-CD123 CAR-T treatment,DRUG,2019-04-17,2019-07-31,2019-07-31,2019-09-06,https://clinicaltrials.gov/study/NCT03672851
NCT00687674,"Sorafenib, Lenalidomide, and Dexamethasone in Treating Patients With Relapsed or Refractory Multiple Myeloma",TERMINATED,"Due to study design (and toxicity), this trial closed to accrual prior to opening the phase II portion.",BIOLOGICAL_FAILURE,SAFETY,HIGH,"score=6;saf:term:toxicity(w=2),saf:causal_near:toxicity,saf:term:toxic(w=1),saf:causal_near:toxic",INTERVENTIONAL,PHASE1,Mayo Clinic,National Cancer Institute (NCI),Multiple Myeloma and Plasma Cell Neoplasm,dexamethasone; sorafenib tosylate; Lenalidomide,DRUG; DRUG; DRUG,2008-08,2011-11,2011-11,2019-08-20,https://clinicaltrials.gov/study/NCT00687674
NCT02337478,Vincristine Sulfate Liposome in Treating Patients With Relapsed or Refractory Acute Myeloid Leukemia,TERMINATED,The study was stopped early due to futility.,BIOLOGICAL_FAILURE,EFFICACY/FUTILITY,HIGH,"score=8;eff:term:futility(w=3),eff:causal_near:futility,eff:futility_phrase",INTERVENTIONAL,PHASE2,Wake Forest University Health Sciences,"National Cancer Institute (NCI); Spectrum Pharmaceuticals, Inc",Recurrent Adult Acute Myeloid Leukemia,Vincristine Sulfate Liposome; Laboratory Biomarker Analysis,DRUG; OTHER,2015-06-05,2016-03-31,2017-09-04,2019-08-14,https://clinicaltrials.gov/study/NCT02337478
NCT03494231,"A Study of HLX06, a Humanized Monoclonal Antibody Targeting Human Vascular Endothelial Growth Factor Receptor-2 in Patients With Advanced Solid Tumors",TERMINATED,Lack of efficacy,BIOLOGICAL_FAILURE,EFFICACY/FUTILITY,MEDIUM,score=3;eff:term:lack of efficacy(w=3),INTERVENTIONAL,PHASE1,"Henlix, Inc",,"Solid Tumor, Adult",HLX06,DRUG,2018-03-22,2019-05-17,2019-05-30,2019-07-30,https://clinicaltrials.gov/study/NCT03494231
NCT01611662,Gemcitabine Hydrochloride and Cisplatin Before Surgery in Treating Patients With Muscle Invasive Bladder Cancer,TERMINATED,Extreme Toxicity,BIOLOGICAL_FAILURE,SAFETY,MEDIUM,"score=3;saf:term:toxicity(w=2),saf:term:toxic(w=1)",INTERVENTIONAL,PHASE2,Fox Chase Cancer Center,,Distal Urethral Cancer; Proximal Urethral Cancer; Squamous Cell Carcinoma of the Bladder; Stage II Bladder Cancer; Stage III Bladder Cancer; Urethral Cancer Associated With Invasive Bladder Cancer,gemcitabine hydrochloride; cisplatin; therapeutic conventional surgery; laboratory biomarker analysis,DRUG; DRUG; PROCEDURE; OTHER,2012-05-29,2013-07-12,2019-01-22,2019-07-29,https://clinicaltrials.gov/study/NCT01611662
NCT01646125,"An Open-label, Randomized Phase II Study to Evaluate the Efficacy of AUY922 vs Pemetrexed or Docetaxel in NSCLC Patients With EGFR Mutations",TERMINATED,"An interim analysis was conducted in May-2014. Upon review of the data, the committee recommended study termination due to futility.",BIOLOGICAL_FAILURE,EFFICACY/FUTILITY,HIGH,"score=9;eff:term:futility(w=3),eff:causal_near:futility,eff:term:interim analysis(w=1),eff:futility_phrase",INTERVENTIONAL,PHASE2,Novartis Pharmaceuticals,,Advanced Non Small Cell Lung Cancer (NSCLC),AUY922; Docetaxel; Pemetrexed,DRUG; DRUG; DRUG,2012-11-23,2015-11-04,2015-11-04,2019-07-24,https://clinicaltrials.gov/study/NCT01646125
NCT01391130,A Study of LY2510924 and Sunitinib in Patients With Metastatic Renal Cell Carcinoma,TERMINATED,Study Terminated due to Insufficient Efficacy,BIOLOGICAL_FAILURE,EFFICACY/FUTILITY,MEDIUM,"score=5;eff:term:insufficient efficacy(w=3),eff:causal_near:insufficient efficacy",INTERVENTIONAL,PHASE2,Eli Lilly and Company,,Metastatic Clear Cell Renal Cell Carcinoma,LY2510924; Sunitinib,DRUG; DRUG,2011-08,2014-09,2017-02,2019-07-23,https://clinicaltrials.gov/study/NCT01391130
NCT02177812,A Phase I Dose Escalation Study of GSK2879552 in Subjects With Acute Myeloid Leukemia (AML),TERMINATED,The risk benefit in relapsed refractory AML does not favor continuation of the study.,BIOLOGICAL_FAILURE,SAFETY,MEDIUM,score=2;saf:term:risk benefit(w=2),INTERVENTIONAL,PHASE1,GlaxoSmithKline,,"Leukaemia, Myelocytic, Acute",GSK2879552; ATRA,DRUG; DRUG,2014-08-27,2017-12-08,2017-12-08,2019-06-28,https://clinicaltrials.gov/study/NCT02177812
NCT02106091,Safety Study to Assess AFM11 in Patients With Relapsed and/or Refractory CD19 Positive B-cell NHL,TERMINATED,Non-favorable risk/benefit profile with studied dosing regimen,BIOLOGICAL_FAILURE,SAFETY,MEDIUM,score=2;saf:term:risk/benefit(w=2),INTERVENTIONAL,PHASE1,Affimed GmbH,,Relapsed B-Cell Non-Hodgkin Lymphoma; Refractory B-Cell Non-Hodgkin Lymphoma,AFM11,DRUG,2014-04,2018-08,2018-09,2019-06-18,https://clinicaltrials.gov/study/NCT02106091
NCT03333746,Lenalidomide and Nivolumab in Treating Patients With Relapsed or Refractory Multiple Myeloma,TERMINATED,Study was discontinued due to FDA recommendations of the potential toxicities of the combination of drugs.,BIOLOGICAL_FAILURE,SAFETY,MEDIUM,"score=3;saf:term:toxic(w=1),saf:causal_near:toxic",INTERVENTIONAL,PHASE2,Yvonne Efebera,"National Cancer Institute (NCI); American Cancer Society, Inc.; Bristol-Myers Squibb",Recurrent Plasma Cell Myeloma; Refractory Plasma Cell Myeloma,Laboratory Biomarker Analysis; Lenalidomide; Nivolumab; Pharmacological Study,OTHER; DRUG; BIOLOGICAL; OTHER,2018-03-21,2018-08-13,2018-11-16,2019-05-30,https://clinicaltrials.gov/study/NCT03333746
NCT00290706,A Phase I/II Trial of VELCADE & Gemcitabine for Patients With Relapsed or Refractory Aggressive B- and T-cell Non-Hodgkin's Lymphoma,TERMINATED,Closed per Data Monitoring Committee due to lack of efficacy,BIOLOGICAL_FAILURE,EFFICACY/FUTILITY,MEDIUM,"score=5;eff:term:lack of efficacy(w=3),eff:causal_near:lack of efficacy",INTERVENTIONAL,PHASE1; PHASE2,Northwestern University,"Eli Lilly and Company; Millennium Pharmaceuticals, Inc.",Lymphoma,bortezomib; gemcitabine hydrochloride,DRUG; DRUG,2006-04-07,2011-02-11,2012-09-05,2019-05-28,https://clinicaltrials.gov/study/NCT00290706
NCT03061708,Trial of Single Agent AZD2014 in RICTOR Amplified GC Patients as Second-line Therapy,TERMINATED,lack of efficacy,BIOLOGICAL_FAILURE,EFFICACY/FUTILITY,MEDIUM,score=3;eff:term:lack of efficacy(w=3),INTERVENTIONAL,PHASE2,Samsung Medical Center,,Stomach Neoplasms,AZD2014,DRUG,2017-02-01,2018-11-16,2018-11-16,2019-05-20,https://clinicaltrials.gov/study/NCT03061708
NCT03082833,Phase II Trial of AZD2014 in TSC1/2 Mutated or TSC1/2 Null GC Patients as Second-line Chemotherapy,TERMINATED,lack of efficacy,BIOLOGICAL_FAILURE,EFFICACY/FUTILITY,MEDIUM,score=3;eff:term:lack of efficacy(w=3),INTERVENTIONAL,PHASE2,Samsung Medical Center,,Cancer of Stomach,AZD2014,DRUG,2017-02-01,2018-11-16,2018-11-16,2019-05-20,https://clinicaltrials.gov/study/NCT03082833
NCT02720484,Nivolumab in Treating Patients With Metastatic Adrenocortical Cancer,TERMINATED,Study did not meet first stage requirements of interim analysis,BIOLOGICAL_FAILURE,EFFICACY/FUTILITY,MEDIUM,score=3;eff:term:did not meet(w=3),INTERVENTIONAL,PHASE2,Northwestern University,National Cancer Institute (NCI),Metastatic Carcinoma in the Adrenal Cortex; Recurrent Adrenal Cortex Carcinoma; Stage III Adrenal Cortex Carcinoma; Stage IV Adrenal Cortex Carcinoma,Laboratory Biomarker Analysis; Nivolumab,OTHER; DRUG,2016-03-30,2017-04-17,2018-11-02,2019-05-01,https://clinicaltrials.gov/study/NCT02720484
NCT02595840,Biomarker Study Accompanying the AIO-TRK-0114 Study (MARBLE),TERMINATED,Futility,BIOLOGICAL_FAILURE,EFFICACY/FUTILITY,HIGH,"score=6;eff:term:futility(w=3),eff:futility_phrase",INTERVENTIONAL,PHASE2,Universität Duisburg-Essen,,Non-small-cell Lung Cancer With Somatic EGFR Mutations,Afatinib; Pemetrexed,DRUG; DRUG,2015-11-25,2017-11-20,2017-11-20,2019-04-19,https://clinicaltrials.gov/study/NCT02595840
NCT02658084,Vinorelbine With Trastuzumab Emtansine in Pre-Treated HER2-Positive Metastatic Breast Cancer,TERMINATED,Terminated due to low accrual and toxicity concerns.,BIOLOGICAL_FAILURE,SAFETY,HIGH,"score=6;saf:term:toxicity(w=2),saf:causal_near:toxicity,saf:term:toxic(w=1),saf:causal_near:toxic",INTERVENTIONAL,PHASE1; PHASE2,University of Miami,"Genentech, Inc.",Breast Cancer; Metastatic Breast Cancer,Vinorelbine; Trastuzumab Emtansine,DRUG; DRUG,2017-04-12,2018-10-11,2018-10-11,2019-04-17,https://clinicaltrials.gov/study/NCT02658084
NCT03381118,Haploidentical Lymphocytes With Nivolumab/Ara-C as Consolidation in Elderly AML Patients,TERMINATED,Unexpected toxicity,BIOLOGICAL_FAILURE,SAFETY,MEDIUM,"score=3;saf:term:toxicity(w=2),saf:term:toxic(w=1)",INTERVENTIONAL,PHASE2,St. Petersburg State Pavlov Medical University,,Acute Myeloid Leukemia,Cytarabine; Nivolumab; Cytarabine; Nivolumab; G-CSF mobilized HLA-haploidentical donor PBSC,DRUG; DRUG; DRUG; DRUG; BIOLOGICAL,2017-06-30,2018-09-30,2018-09-30,2019-04-05,https://clinicaltrials.gov/study/NCT03381118
NCT01478828,Pre-Prostatectomy Lovastatin on Prostate Cancer,TERMINATED,The study was stopped due to an unanticipated serious adverse event.,BIOLOGICAL_FAILURE,SAFETY,HIGH,"score=9;saf:term:adverse event(w=2),saf:causal_near:adverse event,saf:term:serious adverse(w=3),saf:causal_near:serious adverse",INTERVENTIONAL,NA,Sidney Kimmel Comprehensive Cancer Center at Johns Hopkins,Patrick C Walsh Prostate Cancer Research Fund,Prostate Cancer,Lovastatin,DRUG,2012-07-13,2013-04-08,2013-04-08,2019-03-27,https://clinicaltrials.gov/study/NCT01478828
NCT02418000,A Study of E6201 for the Treatment of Advanced Hematologic Malignancies With FLT3 and/or Ras Mutations,TERMINATED,Insufficient efficacy in Phase 1 dose-escalation portion of study,BIOLOGICAL_FAILURE,EFFICACY/FUTILITY,MEDIUM,score=3;eff:term:insufficient efficacy(w=3),INTERVENTIONAL,PHASE1; PHASE2,"Spirita Oncology, LLC",,AML; MDS; CMML,E6201,DRUG,2015-04-10,2017-06-08,2017-06-08,2019-03-20,https://clinicaltrials.gov/study/NCT02418000
NCT02444793,A Study of PF-05082566 In Combination With Mogamulizumab In Patients With Advanced Solid Tumors,TERMINATED,The study was terminated due to marginal efficacy and change in sponsor prioritization. The combination had a manageable safety profile.,BIOLOGICAL_FAILURE,SAFETY,MEDIUM,"score=3;saf:term:safety(w=1),saf:term:safety profile(w=2)",INTERVENTIONAL,PHASE1,Pfizer,"Kyowa Kirin Co., Ltd.",Advanced/Metastatic Solid Tumors,PF-05082566; KW-0761,DRUG; DRUG,2015-05,2017-09,2017-10,2019-02-27,https://clinicaltrials.gov/study/NCT02444793
NCT01186406,"Gliadel, XRT, Temodar, Avastin Followed by Avastin, Temodar for Newly Diagnosed Glioblastoma Multiforme (GBM)",TERMINATED,Study ended early due to toxicity,BIOLOGICAL_FAILURE,SAFETY,HIGH,"score=7;saf:term:toxicity(w=2),saf:causal_near:toxicity,saf:term:toxic(w=1),saf:causal_near:toxic",INTERVENTIONAL,PHASE2,Duke University,"Genentech, Inc.; Eisai Inc.",Glioblastoma Multiforme; Gliosarcoma,Gliadel; Radiation Therapy; Avastin; Temodar,DRUG; RADIATION; DRUG; DRUG,2011-04,2014-06-16,2014-06-16,2019-02-15,https://clinicaltrials.gov/study/NCT01186406
NCT01251354,Study of BN83495 in Post-menopausal Women With Endometrial Cancer Post-chemotherapy,TERMINATED,The futility analysis of study NCT00910091 in patients with endometrial cancer shows that the primary endpoint will not be reached.,BIOLOGICAL_FAILURE,EFFICACY/FUTILITY,HIGH,"score=10;eff:term:primary endpoint(w=1),eff:term:futility(w=3),eff:term:futility analysis(w=3),eff:futility_phrase",INTERVENTIONAL,PHASE2,Ipsen,,Endometrial Cancer,BN83495,DRUG,2010-11,2011-06,2011-07,2019-01-14,https://clinicaltrials.gov/study/NCT01251354
NCT01232556,A Study Of Inotuzumab Ozogamicin Plus Rituximab For Relapsed/Refractory Aggressive Non-Hodgkin Lymphoma Patients Who Are Not Candidates For Intensive High-Dose Chemotherapy,TERMINATED,"The study was terminated prematurely on May 16, 2013, for futility. No new or unexpected safety issues were identified.",BIOLOGICAL_FAILURE,EFFICACY/FUTILITY,HIGH,"score=6;eff:term:futility(w=3),eff:futility_phrase",INTERVENTIONAL,PHASE3,Pfizer,UCB Pharma,"Lymphoma, Non-Hodgkin",Inotuzumab ozogamicin; Rituximab; rituximab + gemcitabine; rituximab +bendamustine,DRUG; DRUG; DRUG; DRUG,2011-04-04,2014-03-28,2014-03-28,2019-01-08,https://clinicaltrials.gov/study/NCT01232556
NCT01230970,Exploratory Study to Assess the Short Term Intratumoural and Peripheral Effects of BN83495 in Postmenopausal Women With Newly Diagnosed Breast Cancer,TERMINATED,The futility analysis of study NCT00910091 in patients with endometrial cancer shows that the primary endpoint will not be reached.,BIOLOGICAL_FAILURE,EFFICACY/FUTILITY,HIGH,"score=10;eff:term:primary endpoint(w=1),eff:term:futility(w=3),eff:term:futility analysis(w=3),eff:futility_phrase",INTERVENTIONAL,PHASE2,Ipsen,,Breast Cancer,BN83495,DRUG,2011-05,2011-05,2011-05,2019-01-07,https://clinicaltrials.gov/study/NCT01230970
NCT02633800,Patritumab With Cetuximab and a Platinum Agent for Squamous Cell Carcinoma (Cancer) of the Head and Neck (SCCHN ),TERMINATED,Trial was terminated by sponsor due to lack of efficacy.,BIOLOGICAL_FAILURE,EFFICACY/FUTILITY,MEDIUM,"score=5;eff:term:lack of efficacy(w=3),eff:causal_near:lack of efficacy",INTERVENTIONAL,PHASE2,Daiichi Sankyo,,Head and Neck Neoplasms,Patritumab; Cetuximab; Cisplatin; Carboplatin; Placebo,DRUG; DRUG; DRUG; DRUG; DRUG,2015-12-22,2018-01-11,2018-02-21,2019-01-07,https://clinicaltrials.gov/study/NCT02633800
NCT02785900,Vadastuximab Talirine (SGN-CD33A; 33A) Combined With Azacitidine or Decitabine in Older Patients With Newly Diagnosed Acute Myeloid Leukemia,TERMINATED,"Due to safety; specifically a higher rate of deaths, including fatal infections, in the SGN33A arm versus the control arm",BIOLOGICAL_FAILURE,SAFETY,MEDIUM,"score=3;saf:term:safety(w=1),saf:causal_near:safety",INTERVENTIONAL,PHASE3,Seagen Inc.,,Acute Myeloid Leukemia,33A; placebo; azacitidine; decitabine,DRUG; DRUG; DRUG; DRUG,2016-05,2017-10-03,2017-10-03,2018-12-12,https://clinicaltrials.gov/study/NCT02785900
NCT02334527,Phase II Trial of Palbociclib in Patients With Metastatic Urothelial Cancer After Failure of First-Line Chemotherapy,TERMINATED,Data from first 12 subjects-primary endpoint not met. Data analysis underway.,BIOLOGICAL_FAILURE,EFFICACY/FUTILITY,HIGH,"score=7;eff:term:primary endpoint(w=1),eff:term:endpoint not met(w=3),eff:endpoint_not_met_phrase",INTERVENTIONAL,PHASE2,UNC Lineberger Comprehensive Cancer Center,Pfizer,Metastatic Urothelial Carcinoma (UC),Palbociclib,DRUG,2015-03-17,2016-12-02,2017-09-28,2018-11-16,https://clinicaltrials.gov/study/NCT02334527
NCT00023881,Bortezomib in Treating Patients With Chronic Myelogenous Leukemia,TERMINATED,Lack of efficacy,BIOLOGICAL_FAILURE,EFFICACY/FUTILITY,MEDIUM,score=3;eff:term:lack of efficacy(w=3),INTERVENTIONAL,PHASE2,M.D. Anderson Cancer Center,National Cancer Institute (NCI),Leukemia,bortezomib,DRUG,2001-07-02,2005-03,2005-03,2018-11-14,https://clinicaltrials.gov/study/NCT00023881
NCT00671801,Irinotecan Plus Lenalidomide in Adult Patients With Recurrent Glioblastoma Multiforme: Phase I,TERMINATED,Toxicity,BIOLOGICAL_FAILURE,SAFETY,MEDIUM,"score=3;saf:term:toxicity(w=2),saf:term:toxic(w=1)",INTERVENTIONAL,PHASE1,M.D. Anderson Cancer Center,Celgene,Malignant Gliomas,Irinotecan; Lenalidomide,DRUG; DRUG,2008-04-29,2014-02,2014-02,2018-11-13,https://clinicaltrials.gov/study/NCT00671801
NCT02472977,Safety and Efficacy Study of Ulocuplumab and Nivolumab in Subjects With Solid Tumors,TERMINATED,Trial terminated because of lack of efficacy in the short term acute phase,BIOLOGICAL_FAILURE,EFFICACY/FUTILITY,MEDIUM,"score=5;eff:term:lack of efficacy(w=3),eff:causal_near:lack of efficacy",INTERVENTIONAL,PHASE1; PHASE2,Bristol-Myers Squibb,,Solid Tumor,Ulocuplumab; Nivolumab,DRUG; DRUG,2015-07-13,2017-01-27,2017-01-27,2018-11-01,https://clinicaltrials.gov/study/NCT02472977
NCT01820325,Safety and Efficacy of Buparlisib (BKM120) in Patients With Untreated Squamous Non-small Cell Lung Cancer,TERMINATED,Due to DLTs/AEs safety profile considered challenging.,BIOLOGICAL_FAILURE,SAFETY,HIGH,"score=13;saf:term:safety(w=1),saf:causal_near:safety,saf:term:dlt(w=1),saf:causal_near:dlt,saf:term:dlts(w=1),saf:causal_near:dlts,saf:term:safety profile(w=2),saf:causal_near:safety profile",INTERVENTIONAL,PHASE1,Novartis Pharmaceuticals,,Non-Small Cell Lunch Cancer,Buparlisib; Buparlisib placebo; Carboplatin; Paclitaxel,DRUG; DRUG; DRUG; DRUG,2013-09-09,2014-06-18,2014-06-18,2018-10-11,https://clinicaltrials.gov/study/NCT01820325
NCT02489500,Trial of High Dose Melphalan/Stem Cell Transplant With or Without Bortezomib,TERMINATED,Enrollment held for toxicity evaluation; then closed due to competing trial,BIOLOGICAL_FAILURE,SAFETY,HIGH,"score=6;saf:term:toxicity(w=2),saf:causal_near:toxicity,saf:term:toxic(w=1),saf:causal_near:toxic",INTERVENTIONAL,PHASE3,Boston Medical Center,,AL Amyloidosis,Bortezomib; Melphalan; Neupogen; Stem Cell Collection; Stem cell infusion,DRUG; DRUG; DRUG; PROCEDURE; PROCEDURE,2015-06,2017-04-28,2017-04-28,2018-09-10,https://clinicaltrials.gov/study/NCT02489500
NCT00910000,"Vorinostat, Carboplatin and Gemcitabine in Women With Recurrent, Platinum-Sensitive Ovarian Cancer",TERMINATED,Terminated due to unacceptable toxicity,BIOLOGICAL_FAILURE,SAFETY,HIGH,"score=12;saf:term:toxicity(w=2),saf:causal_near:toxicity,saf:term:toxic(w=1),saf:causal_near:toxic,saf:term:unacceptable toxicity(w=3),saf:causal_near:unacceptable toxicity",INTERVENTIONAL,PHASE1; PHASE2,Dana-Farber Cancer Institute,Brigham and Women's Hospital; Massachusetts General Hospital; Merck Sharp & Dohme LLC,Ovarian Cancer; Fallopian Tube Cancer; Peritoneal Cancer,Vorinostat; Carboplatin; Gemcitabine,DRUG; DRUG; DRUG,2009-06,2013-01,2015-10,2018-09-10,https://clinicaltrials.gov/study/NCT00910000
NCT00953576,"Ketoconazole, Hydrocortisone, Dutasteride and Lapatinib (KHAD-L) in Prostate Cancer",TERMINATED,The study terminated early due to concerns about drug toxicity.,BIOLOGICAL_FAILURE,SAFETY,HIGH,"score=7;saf:term:toxicity(w=2),saf:causal_near:toxicity,saf:term:toxic(w=1),saf:causal_near:toxic",INTERVENTIONAL,PHASE1; PHASE2,Dana-Farber Cancer Institute,Beth Israel Deaconess Medical Center; Brigham and Women's Hospital; Massachusetts General Hospital; Prostate Cancer Foundation Clinical Research Consortium; GlaxoSmithKline,Prostate Cancer,ketoconazole; hydrocortisone; dutasteride; lapatinib,DRUG; DRUG; DRUG; DRUG,2009-09-29,2013-04-11,2013-04-11,2018-09-04,https://clinicaltrials.gov/study/NCT00953576
NCT01621243,M402 in Combination With Nab-Paclitaxel and Gemcitabine in Pancreatic Cancer,TERMINATED,The study was terminated after a pre-planned futility analyses showed an insufficient level of efficacy in the study population to warrant continuation.,BIOLOGICAL_FAILURE,EFFICACY/FUTILITY,HIGH,"score=6;eff:term:futility(w=3),eff:futility_phrase",INTERVENTIONAL,PHASE1; PHASE2,"Momenta Pharmaceuticals, Inc.",,Metastatic Pancreatic Cancer,nab-paclitaxel; gemcitabine; placebo; Necuparanib,DRUG; DRUG; DRUG; DRUG,2012-05,2016-10-24,2016-10-24,2018-08-29,https://clinicaltrials.gov/study/NCT01621243
NCT01439542,FASTR: Fairly Brief Androgen Suppression and Stereotactic Radiotherapy for High Risk Prostate Cancer,TERMINATED,Higher then expected Gr3 GU/GI toxicity,BIOLOGICAL_FAILURE,SAFETY,MEDIUM,"score=3;saf:term:toxicity(w=2),saf:term:toxic(w=1)",INTERVENTIONAL,PHASE2,London Health Sciences Centre Research Institute OR Lawson Research Institute of St. Joseph's,,Prostate Cancer,Stereotactic Body Radiation; Luteinizing Hormone Releasing Hormone (LHRH) Agonist,RADIATION; DRUG,2011-09,2017-11,2017-11,2018-08-09,https://clinicaltrials.gov/study/NCT01439542
NCT01378377,Combination Trial of Pimasertib (MSC1936369B) With Temsirolimus,TERMINATED,The trial was stopped due to the toxicities observed with the combination of pimasertib and temsirolimus.,BIOLOGICAL_FAILURE,SAFETY,MEDIUM,"score=3;saf:term:toxic(w=1),saf:causal_near:toxic",INTERVENTIONAL,PHASE1,EMD Serono,,Advanced Solid Tumor,Pimasertib; Pimasertib; Temsirolimus; Temsirolimus,DRUG; DRUG; DRUG; DRUG,2011-05-27,2012-02-23,2012-02-23,2018-07-30,https://clinicaltrials.gov/study/NCT01378377
NCT02095717,Multicenter Study Comparing Taxotere Plus Curcumin Versus Taxotere Plus Placebo Combination in First-line Treatment of Prostate Cancer Metastatic Castration Resistant (CURTAXEL),TERMINATED,The trial was stopped for futility in view of the results of the interim analysis,BIOLOGICAL_FAILURE,EFFICACY/FUTILITY,HIGH,"score=7;eff:term:futility(w=3),eff:term:interim analysis(w=1),eff:futility_phrase",INTERVENTIONAL,PHASE2,Centre Jean Perrin,,Prostate Cancer Metastatic Castration Resistant,Curcumin; Placebo; Taxotere,DRUG; DRUG; DRUG,2014-03,2018-04,2018-04,2018-07-24,https://clinicaltrials.gov/study/NCT02095717
NCT00852332,Docetaxel With or Without a Phytochemical in Treating Patients With Breast Cancer,TERMINATED,The trial was stopped for futility in view of the results of the anticipated analysis,BIOLOGICAL_FAILURE,EFFICACY/FUTILITY,HIGH,"score=6;eff:term:futility(w=3),eff:futility_phrase",INTERVENTIONAL,PHASE2,Centre Jean Perrin,,Breast Cancer,Curcumin; Taxotere,DIETARY_SUPPLEMENT; DRUG,2009-08,2017-11,2017-11,2018-07-24,https://clinicaltrials.gov/study/NCT00852332
NCT01009346,RAD001 in Combination With Cetuximab and Cisplatin in Recurrent and Metastatic SCCHN,TERMINATED,Toxicity,BIOLOGICAL_FAILURE,SAFETY,MEDIUM,"score=3;saf:term:toxicity(w=2),saf:term:toxic(w=1)",INTERVENTIONAL,PHASE1; PHASE2,Sidney Kimmel Comprehensive Cancer Center at Johns Hopkins,Novartis Pharmaceuticals,Head and Neck Cancer,RAD001; Cetuximab; Cisplatin; Carboplatin,DRUG; DRUG; DRUG; DRUG,2009-10,2011-03,2011-03,2018-07-17,https://clinicaltrials.gov/study/NCT01009346
NCT01482949,A Rollover Protocol for Subjects Previously Treated With AGS-003,TERMINATED,Lack of efficacy,BIOLOGICAL_FAILURE,EFFICACY/FUTILITY,MEDIUM,score=3;eff:term:lack of efficacy(w=3),INTERVENTIONAL,PHASE2,Argos Therapeutics,,Renal Cell Carcinoma,AGS-003,DRUG,2011-09,2018-05,2018-05,2018-06-27,https://clinicaltrials.gov/study/NCT01482949
NCT01582672,Phase 3 Trial of Autologous Dendritic Cell Immunotherapy Plus Standard Treatment of Advanced Renal Cell Carcinoma,TERMINATED,Lack of efficacy,BIOLOGICAL_FAILURE,EFFICACY/FUTILITY,MEDIUM,score=3;eff:term:lack of efficacy(w=3),INTERVENTIONAL,PHASE3,Argos Therapeutics,,Advanced Renal Cell Carcinoma; Renal Cell Carcinoma; Metastatic Renal Cell Carcinoma,Standard Treatment; AGS-003,DRUG; BIOLOGICAL,2012-11,2018-04,2018-04,2018-06-14,https://clinicaltrials.gov/study/NCT01582672
NCT03540953,Endoscopic Injection of Mitomycin C for the Treatment of Pharyngoesophageal Stenosis,TERMINATED,"adverse events was observed in all of them, with intense neck pain and ulcer evelopment",BIOLOGICAL_FAILURE,SAFETY,MEDIUM,"score=4;saf:term:adverse event(w=2),saf:term:adverse events(w=2)",INTERVENTIONAL,NA,Fauze Maluf Filho,,Esophageal Stenosis; Deglutition Disorders; Head and Neck Neoplasms; Esophageal Neoplasms,Endoscopic injection of Mitomycin C,DRUG,2015-01-05,2015-05-05,2018-01-05,2018-05-30,https://clinicaltrials.gov/study/NCT03540953
NCT01200589,Single Agent Ofatumumab Vs. Single Agent Rituximab in Indolent B-Cell Non Hodgkin Lymphoma Relapsed After Rituximab-Containing Therapy,TERMINATED,The study stopped due to futility.,BIOLOGICAL_FAILURE,EFFICACY/FUTILITY,HIGH,"score=8;eff:term:futility(w=3),eff:causal_near:futility,eff:futility_phrase",INTERVENTIONAL,PHASE3,Novartis Pharmaceuticals,GlaxoSmithKline,Non-Hodgkin's Lymphoma,Ofatumumab; Rituximab; Ofatumumab; Rituximab,BIOLOGICAL; BIOLOGICAL; BIOLOGICAL; BIOLOGICAL,2010-10-11,2016-12-19,2016-12-19,2018-05-16,https://clinicaltrials.gov/study/NCT01200589
NCT00889187,Neoadjuvant Accelerated Short Course Radiation Therapy With Photons and Capecitabine for Resectable Pancreatic Cancer,TERMINATED,Excess toxicity was identified intraoperatively,BIOLOGICAL_FAILURE,SAFETY,MEDIUM,"score=3;saf:term:toxicity(w=2),saf:term:toxic(w=1)",INTERVENTIONAL,PHASE1; PHASE2,Dana-Farber Cancer Institute,Brigham and Women's Hospital; Massachusetts General Hospital,Pancreatic Cancer,Neoadjuvant Short-Course Photon Radiation; Capecitabine,RADIATION; DRUG,2009-12,2011-12-30,2011-12-30,2018-05-11,https://clinicaltrials.gov/study/NCT00889187
NCT00014560,Antibody Therapy in Treating Patients With Refractory or Relapsed Non-Hodgkin's Lymphoma or Chronic Lymphocytic Leukemia,TERMINATED,Medarex (supplier of BsAb) stopped study due to toxicities experienced at other sites on unrelated trials halting manufacturing of BsAb,BIOLOGICAL_FAILURE,SAFETY,MEDIUM,"score=3;saf:term:toxic(w=1),saf:causal_near:toxic",INTERVENTIONAL,PHASE1,Dartmouth-Hitchcock Medical Center,National Cancer Institute (NCI),Leukemia; Lymphoma,bispecific antibody 4G7xH22; sargramostim,BIOLOGICAL; BIOLOGICAL,2000-09-28,2003-02-14,2003-02-14,2018-05-03,https://clinicaltrials.gov/study/NCT00014560
NCT00984165,Pilot Study of Radiation-Enhanced Allogeneic Cell Therapy for Progressive Hematologic Malignancy After Allogeneic Hematopoietic Stem Cell Transplantation,TERMINATED,"Terminated due to slow accrual, PI left NIH and primary endpoint not met.",BIOLOGICAL_FAILURE,EFFICACY/FUTILITY,HIGH,"score=10;eff:term:primary endpoint(w=1),eff:causal_near:primary endpoint,eff:term:endpoint not met(w=3),eff:causal_near:endpoint not met,eff:endpoint_not_met_phrase",INTERVENTIONAL,PHASE2,National Cancer Institute (NCI),,Hodgkin's Lymphoma; Non-Hodgkin's Lymphoma; Chronic Lymphocytic Leukemias; Multiple Myeloma With Plasmacytoma,Single fraction radiation; Donor Lymphocyte Infusion (DLI); Apheresis,PROCEDURE; BIOLOGICAL; PROCEDURE,2010-01-19,2013-01-18,2013-01-31,2018-05-02,https://clinicaltrials.gov/study/NCT00984165
NCT00459108,Dasatinib in Treating Patients With Advanced Liver Cancer That Cannot Be Removed by Surgery,TERMINATED,Halted early for futility.,BIOLOGICAL_FAILURE,EFFICACY/FUTILITY,HIGH,"score=6;eff:term:futility(w=3),eff:futility_phrase",INTERVENTIONAL,PHASE2,National Cancer Institute (NCI),,Adult Primary Hepatocellular Carcinoma; Advanced Adult Primary Liver Cancer; Recurrent Adult Primary Liver Cancer,dasatinib,DRUG,2007-04,2011-04,2011-04,2018-04-19,https://clinicaltrials.gov/study/NCT00459108
NCT01907815,Trametinib and Akt Inhibitor GSK2141795 in Treating Patients With Acute Myeloid Leukemia,TERMINATED,Lack of efficacy.,BIOLOGICAL_FAILURE,EFFICACY/FUTILITY,MEDIUM,score=3;eff:term:lack of efficacy(w=3),INTERVENTIONAL,PHASE2,National Cancer Institute (NCI),,Recurrent Adult Acute Myeloid Leukemia; Untreated Adult Acute Myeloid Leukemia,Akt Inhibitor GSK2141795; Laboratory Biomarker Analysis; Trametinib,DRUG; OTHER; DRUG,2013-10,2016-01,2016-01,2018-04-06,https://clinicaltrials.gov/study/NCT01907815
NCT00824538,"Sunitinib in Treating Patients With Stage I, Stage II, or Stage III Breast Cancer Who Have Tumor Cells in the Bone Marrow",TERMINATED,Closed prematurely due to emerging data on toxicity and competing trials.,BIOLOGICAL_FAILURE,SAFETY,HIGH,"score=7;saf:term:toxicity(w=2),saf:causal_near:toxicity,saf:term:toxic(w=1),saf:causal_near:toxic",INTERVENTIONAL,PHASE2,"University of California, San Francisco",National Cancer Institute (NCI),Breast Cancer,sunitinib malate; flow cytometry; immunohistochemistry staining method; laboratory biomarker analysis,DRUG; OTHER; OTHER; OTHER,2009-02,2010-11-10,2013-12,2018-04-05,https://clinicaltrials.gov/study/NCT00824538
NCT01717898,"A Multicenter Phase I/II Trial of Abiraterone Acetate + BEZ235 in Metastatic, Castration-Resistant Prostate Cancer",TERMINATED,Dose limiting toxicities on lowest dose level,BIOLOGICAL_FAILURE,SAFETY,MEDIUM,"score=2;saf:term:toxic(w=1),saf:term:dose limiting(w=1)",INTERVENTIONAL,PHASE1; PHASE2,Charles Ryan,Novartis Pharmaceuticals,Castrate-resistant Prostate Cancer,BEZ235; Prednisone; Abiraterone acetate,DRUG; DRUG; DRUG,2013-01-31,2013-09-03,2016-08-29,2018-03-27,https://clinicaltrials.gov/study/NCT01717898
NCT01010854,Valproic Acid in Combination With FEC100 for Primary Therapy in Patients With Breast Cancer,TERMINATED,Premature closure for lack of efficacy.,BIOLOGICAL_FAILURE,EFFICACY/FUTILITY,MEDIUM,score=3;eff:term:lack of efficacy(w=3),INTERVENTIONAL,PHASE2,"University of California, San Francisco",H. Lee Moffitt Cancer Center and Research Institute,Breast Cancer,VPA FEC100,DRUG,2008-12-10,2010-12-12,2011-07-29,2018-03-09,https://clinicaltrials.gov/study/NCT01010854
NCT02119676,Study of Ruxolitinib in Colorectal Cancer Patients,TERMINATED,Substudy 1 was terminated for futility at interim analysis and Substudy 2 was terminated per sponsor decision.,BIOLOGICAL_FAILURE,EFFICACY/FUTILITY,HIGH,"score=6;eff:term:futility(w=3),eff:term:interim analysis(w=1),eff:futility_phrase",INTERVENTIONAL,PHASE2,Incyte Corporation,,CRC (Colorectal Cancer),Ruxolitinib; Regorafenib; Placebo,DRUG; DRUG; DRUG,2014-03,2016-02,2016-12,2018-02-13,https://clinicaltrials.gov/study/NCT02119676
NCT02119663,A Study of Ruxolitinib in Pancreatic Cancer Patients,TERMINATED,The safety committee found no safety issues but recommended halting the study based on a lack of efficacy in a similar trial. The sponsor terminated the trial.,BIOLOGICAL_FAILURE,EFFICACY/FUTILITY,MEDIUM,score=3;eff:term:lack of efficacy(w=3),INTERVENTIONAL,PHASE3,Incyte Corporation,,Pancreatic Cancer,Ruxolitinib; Placebo; Capecitabine,DRUG; DRUG; DRUG,2014-06,2016-02,2016-10,2018-02-13,https://clinicaltrials.gov/study/NCT02119663
NCT02393209,Docetaxel With or Without TAK-117 (MLN1117) in Participants With Locally Advanced or Metastatic Non-small Cell Lung Cancer,TERMINATED,Lack of efficacy in combination.,BIOLOGICAL_FAILURE,EFFICACY/FUTILITY,MEDIUM,score=3;eff:term:lack of efficacy(w=3),INTERVENTIONAL,PHASE1; PHASE2,"Millennium Pharmaceuticals, Inc.",,Non-small Cell Lung Cancer,Docetaxel; TAK-117,DRUG; DRUG,2015-06-03,2017-01-12,2017-01-20,2018-02-07,https://clinicaltrials.gov/study/NCT02393209
NCT01237678,A Study of IMGN901 for Patients With Advanced Solid Tumors and Extensive Stage Small Cell Lung Cancer,TERMINATED,Study was stopped early due to lack of efficacy signal and safety concerns,BIOLOGICAL_FAILURE,SAFETY,HIGH,"score=11;saf:term:safety(w=1),saf:causal_near:safety,saf:term:safety concern(w=2),saf:causal_near:safety concern,saf:term:safety concerns(w=2),saf:causal_near:safety concerns",INTERVENTIONAL,PHASE1; PHASE2,"ImmunoGen, Inc.",,Small Cell Lung Cancer,IMGN901; Carboplatin and Etoposide,DRUG; DRUG,2010-11,2015-05,2015-05,2018-01-18,https://clinicaltrials.gov/study/NCT01237678
NCT00574951,"AMG 706 in Treating Patients With Persistent or Recurrent Ovarian Epithelial Cancer, Fallopian Tube Cancer, or Primary Peritoneal Cancer",TERMINATED,Study was stopped for severe toxicity causing concern for patients,BIOLOGICAL_FAILURE,SAFETY,MEDIUM,"score=3;saf:term:toxicity(w=2),saf:term:toxic(w=1)",INTERVENTIONAL,PHASE2,Gynecologic Oncology Group,National Cancer Institute (NCI),Fallopian Tube Cancer; Ovarian Cancer; Primary Peritoneal Cavity Cancer,motesanib diphosphate,DRUG,2007-12,2013-07,,2018-01-11,https://clinicaltrials.gov/study/NCT00574951
NCT01442714,Azacitidine + Lenalidomide Combo in the Elderly With Previously Treated AML & High-Risk MDS,TERMINATED,Lack of efficacy - Inability to meet the primary response endpoint,BIOLOGICAL_FAILURE,EFFICACY/FUTILITY,MEDIUM,score=3;eff:term:lack of efficacy(w=3),INTERVENTIONAL,PHASE2,Stanford University,Celgene Corporation,Leukemia; Acute Myeloid Leukemia (AML); Myelodysplastic Syndromes (MDS),Azacitidine; Lenalidomide,DRUG; DRUG,2011-08,2014-03,2014-05,2018-01-03,https://clinicaltrials.gov/study/NCT01442714
NCT00262951,Chemoradiation in Locally Advanced Pancreatic Cancer,TERMINATED,Closed at a planned interim analysis by meeting a predefined toxicity endpoint,BIOLOGICAL_FAILURE,SAFETY,MEDIUM,"score=3;saf:term:toxicity(w=2),saf:term:toxic(w=1)",INTERVENTIONAL,PHASE2,"Masonic Cancer Center, University of Minnesota",,Pancreatic Cancer,recombinant interferon alfa; cisplatin; fluorouracil; radiation therapy; Resection of tumor,BIOLOGICAL; DRUG; DRUG; RADIATION; PROCEDURE,2005-01,2011-04,2011-08,2017-12-28,https://clinicaltrials.gov/study/NCT00262951
NCT00963872,"Donor Umbilical Cord Blood Transplant After Fludarabine Phosphate, Cyclophosphamide, and Total-Body Irradiation in Treating Patients With High-Risk Hematologic Cancer",TERMINATED,Lack of efficacy after interim analysis,BIOLOGICAL_FAILURE,EFFICACY/FUTILITY,MEDIUM,"score=4;eff:term:lack of efficacy(w=3),eff:term:interim analysis(w=1)",INTERVENTIONAL,PHASE1; PHASE2,"Masonic Cancer Center, University of Minnesota","National Heart, Lung, and Blood Institute (NHLBI)",Leukemia; Lymphoma; Multiple Myeloma; Myelodysplastic Syndromes,cyclophosphamide; fludarabine phosphate; Total body irradiation; Umbilical cord blood unit with C3a fragment; Unmanipulated UCB Unit,DRUG; DRUG; RADIATION; BIOLOGICAL; BIOLOGICAL,2010-03,2012-08,2013-08,2017-12-28,https://clinicaltrials.gov/study/NCT00963872
NCT00652899,"Allogeneic Natural Killer Cells in Patients With Recurrent Ovarian Cancer, Fallopian Tube, and Primary Peritoneal Cancer",TERMINATED,Withdrawn due to toxicity,BIOLOGICAL_FAILURE,SAFETY,HIGH,"score=7;saf:term:toxicity(w=2),saf:causal_near:toxicity,saf:term:toxic(w=1),saf:causal_near:toxic",INTERVENTIONAL,PHASE2,"Masonic Cancer Center, University of Minnesota",,Fallopian Tube Cancer; Ovarian Cancer; Peritoneal Cavity Cancer,Allopurinol; Cyclophosphamide; Fludarabine phosphate; total-body irradiation; Allogeneic natural killer cells; Aldesleukin,BIOLOGICAL; DRUG; DRUG; RADIATION; BIOLOGICAL; BIOLOGICAL,2008-03,2009-08,2009-08,2017-12-28,https://clinicaltrials.gov/study/NCT00652899
NCT00818649,Bortezomib and Vorinostat in Treating Patients With High-Risk Myelodysplastic Syndrome or Acute Myeloid Leukemia,TERMINATED,"Met protocol stop rule \[i.e., extreme toxicity\]",BIOLOGICAL_FAILURE,SAFETY,MEDIUM,"score=3;saf:term:toxicity(w=2),saf:term:toxic(w=1)",INTERVENTIONAL,PHASE2,"Masonic Cancer Center, University of Minnesota","Merck Sharp & Dohme LLC; Millennium Pharmaceuticals, Inc.",Leukemia; Myelodysplastic Syndrome,bortezomib; vorinostat,DRUG; DRUG,2009-01,2012-05,2012-05,2017-12-28,https://clinicaltrials.gov/study/NCT00818649
NCT00376805,Allogeneic Natural Killer (NK) Cells in Patients With Advanced Metastatic Breast Cancer,TERMINATED,Withdrawn due to toxicity,BIOLOGICAL_FAILURE,SAFETY,HIGH,"score=7;saf:term:toxicity(w=2),saf:causal_near:toxicity,saf:term:toxic(w=1),saf:causal_near:toxic",INTERVENTIONAL,PHASE2,"Masonic Cancer Center, University of Minnesota",,Breast Cancer,Fludarabine; Cyclophosphamide; Total body irradiation; Natural killer cell infusion; Interleukin-2,DRUG; DRUG; RADIATION; OTHER; BIOLOGICAL,2006-04,2009-09,2010-01,2017-12-28,https://clinicaltrials.gov/study/NCT00376805
NCT01740401,CTLA-4 Blockade and Low Dose Cyclophosphamide in Patients With Advanced Malignant Melanoma,TERMINATED,Primary Endpoint not met,BIOLOGICAL_FAILURE,EFFICACY/FUTILITY,HIGH,"score=7;eff:term:primary endpoint(w=1),eff:term:endpoint not met(w=3),eff:endpoint_not_met_phrase",INTERVENTIONAL,PHASE2,Icahn School of Medicine at Mount Sinai,Bristol-Myers Squibb,Melanoma,Cyclophosphamide,DRUG,2012-10,2013-12,2014-12,2017-12-06,https://clinicaltrials.gov/study/NCT01740401
NCT00526890,"Carboplatin, Paclitaxel, Selenomethionine, and Radiation Therapy in Treating Patients With Stage III Non-Small Cell Lung Cancer That Cannot Be Removed by Surgery",TERMINATED,lack of efficacy,BIOLOGICAL_FAILURE,EFFICACY/FUTILITY,MEDIUM,score=3;eff:term:lack of efficacy(w=3),INTERVENTIONAL,PHASE2,Roswell Park Cancer Institute,,Lung Cancer,selenomethionine; carboplatin; paclitaxel; laboratory biomarker analysis; radiation therapy,DIETARY_SUPPLEMENT; DRUG; DRUG; OTHER; RADIATION,2006-10,2010-08,2010-09,2017-11-28,https://clinicaltrials.gov/study/NCT00526890
NCT01334710,A Phase II Trial of OSI-906 and Sorafenib in Advanced Hepatocellular Cancer,TERMINATED,safety issue observed on another hepatocellular study using OSI906,BIOLOGICAL_FAILURE,SAFETY,MEDIUM,"score=3;saf:term:safety(w=1),saf:term:safety issue(w=2)",INTERVENTIONAL,PHASE2,Emory University,OSI Pharmaceuticals,Liver Cancer,Sorafenib and OSI-906,DRUG,2011-03,2011-08,2011-12,2017-11-21,https://clinicaltrials.gov/study/NCT01334710
NCT00524589,Calcitriol and Dexamethasone in Treating Patients With Prostate Cancer That Did Not Respond to Hormone Therapy,TERMINATED,closed due to futility,BIOLOGICAL_FAILURE,EFFICACY/FUTILITY,HIGH,"score=8;eff:term:futility(w=3),eff:causal_near:futility,eff:futility_phrase",INTERVENTIONAL,PHASE2,Roswell Park Cancer Institute,,Prostate Cancer,calcitriol; dexamethasone; protein expression analysis; laboratory biomarker analysis,DIETARY_SUPPLEMENT; DRUG; GENETIC; OTHER,2006-04,2010-07,2010-09,2017-11-20,https://clinicaltrials.gov/study/NCT00524589
NCT02593708,"Phase1 of Neratinib+Trastuzumab, Pertuzumab, Paclitaxel in Patients With Advanced Solid Tumors/HER2+",TERMINATED,toxicity,BIOLOGICAL_FAILURE,SAFETY,MEDIUM,"score=3;saf:term:toxicity(w=2),saf:term:toxic(w=1)",INTERVENTIONAL,PHASE1,Michelle Melisko,,Solid Tumor,Neratinib; Paclitaxel; Pertuzumab; Trastuzumab,DRUG; DRUG; DRUG; DRUG,2015-11-03,2017-01-05,2017-07-31,2017-11-17,https://clinicaltrials.gov/study/NCT02593708
NCT01649258,Fosaprepitant Dimeglumine and Granisetron Transdermal System in Preventing Nausea and Vomiting in Patients With Breast Cancer Undergoing Chemotherapy,TERMINATED,Lack of Efficacy,BIOLOGICAL_FAILURE,EFFICACY/FUTILITY,MEDIUM,score=3;eff:term:lack of efficacy(w=3),INTERVENTIONAL,PHASE1,University of Southern California,National Cancer Institute (NCI),Breast Cancer; Nausea; Vomiting,granisetron transdermal system; fosaprepitant dimeglumine; laboratory biomarker analysis,DRUG; DRUG; OTHER,2012-09-04,2017-05-22,2017-09-30,2017-11-17,https://clinicaltrials.gov/study/NCT01649258
NCT02100007,ME-344 Given in Combination With Hycamtin® in Patients With Solid Tumors,TERMINATED,lack of efficacy,BIOLOGICAL_FAILURE,EFFICACY/FUTILITY,MEDIUM,score=3;eff:term:lack of efficacy(w=3),INTERVENTIONAL,PHASE1; PHASE2,"MEI Pharma, Inc.","SCRI Development Innovations, LLC",Solid Tumors,ME-344; Topotecan,DRUG; DRUG,2014-04,2016-01,2016-04,2017-10-02,https://clinicaltrials.gov/study/NCT02100007
NCT02485353,Study of Vosaroxin and Cytarabine for the Treatment of Adults 60 Years of Age or Older With Previously Untreated AML,TERMINATED,Safety concerns,BIOLOGICAL_FAILURE,SAFETY,MEDIUM,"score=5;saf:term:safety(w=1),saf:term:safety concern(w=2),saf:term:safety concerns(w=2)",INTERVENTIONAL,NA,Hamid Sayar,,"Leukemia, Myeloid, Acute",Vosaroxin and Cytarabine,DRUG,2015-10-20,2016-05-02,2017-02-16,2017-09-20,https://clinicaltrials.gov/study/NCT02485353
NCT01319539,"MK2206 in Treating Patients With Stage I, Stage II, or Stage III Breast Cancer",TERMINATED,"terminated early, due to toxicity",BIOLOGICAL_FAILURE,SAFETY,HIGH,"score=7;saf:term:toxicity(w=2),saf:causal_near:toxicity,saf:term:toxic(w=1),saf:causal_near:toxic",INTERVENTIONAL,PHASE2,National Cancer Institute (NCI),,Estrogen Receptor Negative; Estrogen Receptor Positive; HER2/Neu Negative; HER2/Neu Positive; Progesterone Receptor Negative; Progesterone Receptor Positive; Stage IA Breast Cancer; Stage IB Breast Cancer; Stage IIA Breast Cancer; Stage IIB Breast Cancer; Stage IIIA Breast Cancer; Stage IIIB Breast Cancer; Stage IIIC Breast Cancer; Triple-Negative Breast Carcinoma,Akt Inhibitor MK2206; Therapeutic Conventional Surgery; Pharmacological Study; Laboratory Biomarker Analysis,DRUG; PROCEDURE; OTHER; OTHER,2011-04,2013-07,2013-07,2017-08-30,https://clinicaltrials.gov/study/NCT01319539
NCT01991210,A Study of DNIB0600A in Comparison With Pegylated Liposomal Doxorubicin (PLD) in Participants With Platinum-Resistant Ovarian Cancer (PROC),TERMINATED,The primary objective of PFS did not meet pre-specified criteria.,BIOLOGICAL_FAILURE,EFFICACY/FUTILITY,MEDIUM,score=3;eff:term:did not meet(w=3),INTERVENTIONAL,PHASE2,"Genentech, Inc.",,Ovarian Cancer,DNIB0600A; PLD,DRUG; DRUG,2014-02-06,2016-08-17,2016-08-17,2017-08-21,https://clinicaltrials.gov/study/NCT01991210
NCT01918306,GDC-0941 and Cisplatin in Treating Patients With Androgen Receptor-Negative Triple Negative Metastatic Breast Cancer,TERMINATED,"company stopped production of study drug due to excessive toxicities, lack of efficacy",BIOLOGICAL_FAILURE,EFFICACY/FUTILITY,MEDIUM,"score=5;eff:term:lack of efficacy(w=3),eff:causal_near:lack of efficacy",INTERVENTIONAL,PHASE1; PHASE2,Vanderbilt-Ingram Cancer Center,"National Cancer Institute (NCI); Genentech, Inc.",Estrogen Receptor Negative Breast Cancer; Human Epidermal Growth Factor 2 Negative Carcinoma of Breast; Triple Negative Breast Cancer; Recurrent Breast Cancer; Stage IV Breast Cancer; Triple-negative Breast Cancer,"cisplatin; laboratory biomarker analysis; pharmacological study; dynamic contrast-enhanced MRI, diffusion-weighted MRI & chemical exchange saturation transfer MRI; GDC -0941",DRUG; OTHER; OTHER; PROCEDURE; DRUG,2013-09,2014-12,2015-04,2017-06-27,https://clinicaltrials.gov/study/NCT01918306
NCT02925533,Ph 1B B-701 in Combination With Pembrolizumab in Metastatic Transitional Cell Carcinoma of the Urothelial Tract,TERMINATED,Terminated due to safety concerns.,BIOLOGICAL_FAILURE,SAFETY,HIGH,"score=11;saf:term:safety(w=1),saf:causal_near:safety,saf:term:safety concern(w=2),saf:causal_near:safety concern,saf:term:safety concerns(w=2),saf:causal_near:safety concerns",INTERVENTIONAL,PHASE1,"Mark Pomerantz, MD",Merck Sharp & Dohme LLC; Rainier Therapeutics,Bladder Cancer,B-701; Pembrolizumab,DRUG; DRUG,2016-12-14,2017-06,2017-06,2017-06-27,https://clinicaltrials.gov/study/NCT02925533
NCT01774851,"A Study of MM-111 and Paclitaxel With Trastuzumab in Patients HER2 Positive Carcinomas of the Distal Esophagus, Gastroesophageal (GE) Junction and Stomach",TERMINATED,DSMB recommendation due to lack of efficacy. There were no safety signals.,BIOLOGICAL_FAILURE,EFFICACY/FUTILITY,MEDIUM,"score=5;eff:term:lack of efficacy(w=3),eff:causal_near:lack of efficacy",INTERVENTIONAL,PHASE2,Merrimack Pharmaceuticals,,HER-2 Gene Amplification; Esophagus Cancer; Gastroesophageal Junction Cancer; Stomach Cancer,MM-111; Paclitaxel; Trastuzumab,DRUG; DRUG; DRUG,2013-01,2015-07,2015-12,2017-06-22,https://clinicaltrials.gov/study/NCT01774851
NCT00538980,Dasatinib in Polycythemia Vera,TERMINATED,This study was terminated due to lack of efficacy.,BIOLOGICAL_FAILURE,EFFICACY/FUTILITY,MEDIUM,"score=5;eff:term:lack of efficacy(w=3),eff:causal_near:lack of efficacy",INTERVENTIONAL,PHASE2,Weill Medical College of Cornell University,Bristol-Myers Squibb,Polycythemia Vera,Dasatinib,DRUG,2007-04-30,2010-08-25,2010-08-27,2017-06-20,https://clinicaltrials.gov/study/NCT00538980
NCT00005047,"4B951, Combination Chemotherapy in Treating Patients With Bladder Cancer",TERMINATED,Accrual was halted on the basis of the Data and Safety Monitoring Board review of a futility analysis.,BIOLOGICAL_FAILURE,EFFICACY/FUTILITY,HIGH,"score=8;eff:term:futility(w=3),eff:term:futility analysis(w=3),eff:futility_phrase",INTERVENTIONAL,PHASE3,SWOG Cancer Research Network,National Cancer Institute (NCI); NCIC Clinical Trials Group; University of Southern California,Bladder Cancer,cisplatin; doxorubicin hydrochloride; methotrexate; vinblastine,DRUG; DRUG; DRUG; DRUG,1997-08,2011-03,2014-12,2017-06-08,https://clinicaltrials.gov/study/NCT00005047
NCT01385293,BKM120 in Metastatic Castration-resistant Prostate Cancer,TERMINATED,The trial was stopped at the first stage due to futility,BIOLOGICAL_FAILURE,EFFICACY/FUTILITY,HIGH,"score=8;eff:term:futility(w=3),eff:causal_near:futility,eff:futility_phrase",INTERVENTIONAL,PHASE2,"Andrew J. Armstrong, MD",Novartis Pharmaceuticals,Prostate Cancer; Metastatic (Spread to Other Areas of the Body),BKM120,DRUG,2011-08,2016-02,2016-02,2017-05-19,https://clinicaltrials.gov/study/NCT01385293
NCT00895245,"Fosaprepitant Dimeglumine, Palonosetron Hydrochloride, and Dexamethasone in Preventing Nausea and Vomiting Caused by Cisplatin in Patients With Stage III or Stage IV Head and Neck Cancer Undergoing Chemotherapy and Radiation Therapy",TERMINATED,Study stopped due to lack of efficacy in first 6 patients,BIOLOGICAL_FAILURE,EFFICACY/FUTILITY,MEDIUM,"score=5;eff:term:lack of efficacy(w=3),eff:causal_near:lack of efficacy",INTERVENTIONAL,PHASE2,University of Washington,National Cancer Institute (NCI),Nausea and Vomiting; Stage III Squamous Cell Carcinoma of the Hypopharynx; Stage III Squamous Cell Carcinoma of the Larynx; Stage III Squamous Cell Carcinoma of the Lip and Oral Cavity; Stage III Squamous Cell Carcinoma of the Nasopharynx; Stage III Squamous Cell Carcinoma of the Oropharynx; Stage IV Squamous Cell Carcinoma of the Hypopharynx; Stage IV Squamous Cell Carcinoma of the Larynx; Stage IV Squamous Cell Carcinoma of the Lip and Oral Cavity; Stage IV Squamous Cell Carcinoma of the Nasopharynx; Stage IV Squamous Cell Carcinoma of the Oropharynx,fosaprepitant dimeglumine; cisplatin; palonosetron hydrochloride; dexamethasone; Functional Living Index-Emesis Questionnaire; Emesis Diary; Radiotherapy,DRUG; DRUG; DRUG; DRUG; OTHER; BEHAVIORAL; RADIATION,2009-02,2010-09,2011-02,2017-05-18,https://clinicaltrials.gov/study/NCT00895245
NCT01794845,Cetuximab + Taxotere With Low Dose Fractionated Radiation for Head and Neck Carcinoma,TERMINATED,Early termination due to lack of efficacy (overall response),BIOLOGICAL_FAILURE,EFFICACY/FUTILITY,MEDIUM,"score=5;eff:term:lack of efficacy(w=3),eff:causal_near:lack of efficacy",INTERVENTIONAL,PHASE2,University of Miami,,Squamous Cell Carcinoma; Head and Neck Cancer; Recurrent Disease,Erbitux; Taxotere; Low Dose Fractionated Radiation Therapy,DRUG; DRUG; RADIATION,2013-06-03,2016-06-07,2016-06-07,2017-05-11,https://clinicaltrials.gov/study/NCT01794845
NCT01017601,Seneca Valley Virus-001 After Chemotherapy in Treating Patients With Extensive-Stage Small Cell Lung Cancer,TERMINATED,Interim analysis declared futility.,BIOLOGICAL_FAILURE,EFFICACY/FUTILITY,HIGH,"score=7;eff:term:futility(w=3),eff:term:interim analysis(w=1),eff:futility_phrase",INTERVENTIONAL,PHASE2,Alliance for Clinical Trials in Oncology,National Cancer Institute (NCI),Lung Cancer,Seneca Valley virus-001; placebo,BIOLOGICAL; OTHER,2010-01,2013-01,2014-11-15,2017-05-08,https://clinicaltrials.gov/study/NCT01017601
NCT02840162,Pre-Prostatectomy Celecoxib or Placebo,TERMINATED,Drug safety concerns,BIOLOGICAL_FAILURE,SAFETY,MEDIUM,"score=5;saf:term:safety(w=1),saf:term:safety concern(w=2),saf:term:safety concerns(w=2)",INTERVENTIONAL,PHASE2,OHSU Knight Cancer Institute,Pfizer,Adenocarcinoma of the Prostate; Prostate Cancer,Celecoxib; Placebo,DRUG; DRUG,2001-05,2005-01,2011-05,2017-04-28,https://clinicaltrials.gov/study/NCT02840162
NCT01719861,Phase 2a Desipramine in Small Cell Lung Cancer and Other High-Grade Neuroendocrine Tumors,TERMINATED,Lack of efficacy,BIOLOGICAL_FAILURE,EFFICACY/FUTILITY,MEDIUM,score=3;eff:term:lack of efficacy(w=3),INTERVENTIONAL,PHASE2,Joel Neal,,Small Cell Lung Cancer (SCLC); Neuroendocrine Tumors,Desipramine HCL,DRUG,2012-10,2014-05,2015-05,2017-04-17,https://clinicaltrials.gov/study/NCT01719861
NCT02247960,Antibiotic Prophylaxis for Urinary Catheter Removal After Radical Prostatectomy,TERMINATED,Interim analysis determined that the study should be concluded for futility.,BIOLOGICAL_FAILURE,EFFICACY/FUTILITY,HIGH,"score=7;eff:term:futility(w=3),eff:term:interim analysis(w=1),eff:futility_phrase",INTERVENTIONAL,NA,University of Rochester,,Prostate Cancer; Urinary Tract Infection; Clostridium Difficile,Ciprofloxacin,DRUG,2014-07,2016-05,2016-05,2017-04-17,https://clinicaltrials.gov/study/NCT02247960
NCT01391611,Pazopanib in Imatinib Refractory or Intolerant Gastrointestinal Stromal Tumors (GIST),TERMINATED,Lack of efficacy - Futility endpoint reached,BIOLOGICAL_FAILURE,EFFICACY/FUTILITY,HIGH,"score=9;eff:term:lack of efficacy(w=3),eff:term:futility(w=3),eff:futility_phrase",INTERVENTIONAL,PHASE2,Kristen Ganjoo,GlaxoSmithKline,Gastrointestinal Stromal Tumor (GIST),Pazopanib,DRUG,2011-07,2013-06,2013-12,2017-04-07,https://clinicaltrials.gov/study/NCT01391611
NCT01611675,Leflunomide+Vemurafenib in V600 Mutant Met. Melanoma,TERMINATED,Adverse Events,BIOLOGICAL_FAILURE,SAFETY,MEDIUM,"score=4;saf:term:adverse event(w=2),saf:term:adverse events(w=2)",INTERVENTIONAL,PHASE1,Massachusetts General Hospital,,Melanoma,Vemurafenib; Leflunomide,DRUG; DRUG,2012-07,2014-01,2014-01,2017-04-06,https://clinicaltrials.gov/study/NCT01611675
NCT00738699,An Efficacy and Safety Study of MORAb-003 in Platinum-Resistant or Refractory Relapsed Ovarian Cancer,TERMINATED,study did not meet pre-specified criteria for continuation following interim futility analysis,BIOLOGICAL_FAILURE,EFFICACY/FUTILITY,HIGH,"score=12;eff:term:did not meet(w=3),eff:term:futility(w=3),eff:term:futility analysis(w=3),eff:futility_phrase",INTERVENTIONAL,PHASE2,Morphotek,,Ovarian Cancer,MORAb-003 (farletuzumab); 0.9% Saline; Paclitaxel,DRUG; DRUG; DRUG,2008-09,2011-12,2012-01,2017-03-30,https://clinicaltrials.gov/study/NCT00738699
NCT01944943,Phase II Study of Vismodegib in Patients With Refractory or Relapsed B-cell Lymphoma or Chronic Lymphocytic Leukemia,TERMINATED,lack of efficacy,BIOLOGICAL_FAILURE,EFFICACY/FUTILITY,MEDIUM,score=3;eff:term:lack of efficacy(w=3),INTERVENTIONAL,PHASE2,The Lymphoma Academic Research Organisation,Roche Pharma AG,Diffuse Large B-cell Lymphoma; Indolent Non-hodgkin Lymphoma; Primary Central Nervous System Lymphoma; Chronic Lymphocytic Leukemia,Vismodegib,DRUG,2013-02,2014-08,2014-10,2017-03-13,https://clinicaltrials.gov/study/NCT01944943
NCT00947167,A Phase II Study of Pertuzumab and Erlotinib for Metastatic or Unresectable Neuroendocrine Tumors,TERMINATED,Extreme toxicity of Pertuzumab and Erlotinib combination,BIOLOGICAL_FAILURE,SAFETY,MEDIUM,"score=3;saf:term:toxicity(w=2),saf:term:toxic(w=1)",INTERVENTIONAL,PHASE2,Pamela L. Kunz,"Genentech, Inc.",Neuroendocrine Tumors; Carcinoid Tumors; Adrenal Gland Tumors; Neuroblastoma; Pancreatic Neuroendocrine Tumors; Multiple Endocrine Neoplasia,pertuzumab; erlotinib,DRUG; DRUG,2009-03,2010-05,2010-05,2017-03-03,https://clinicaltrials.gov/study/NCT00947167
NCT01108458,A Phase 2 Study of Pertuzumab and Erlotinib for Refractory Pancreatic Adenocarcinoma,TERMINATED,Extreme toxicity of Pertuzumab and Erlotinib combination,BIOLOGICAL_FAILURE,SAFETY,MEDIUM,"score=3;saf:term:toxicity(w=2),saf:term:toxic(w=1)",INTERVENTIONAL,PHASE2,George Albert Fisher,"Genentech, Inc.",Pancreatic Cancer,Pertuzumab; Erlotinib,DRUG; DRUG,2010-07,2010-11,2011-03,2017-03-03,https://clinicaltrials.gov/study/NCT01108458
NCT00073008,A Study Of Oral GW572016 In Advanced Or Metastatic Non-Small Cell Lung Cancer,TERMINATED,"Based on interim analysis at the end of Stage 1, and predefined stopping rules for futility, further enrollment was stopped due to lack of efficacy",BIOLOGICAL_FAILURE,EFFICACY/FUTILITY,HIGH,"score=13;eff:term:lack of efficacy(w=3),eff:causal_near:lack of efficacy,eff:term:futility(w=3),eff:causal_near:futility,eff:term:interim analysis(w=1),eff:futility_phrase",INTERVENTIONAL,PHASE2,GlaxoSmithKline,,"Lung Cancer, Non-Small Cell",GW572016 (lapatinib),DRUG,2003-11,2008-07,2008-07,2017-02-28,https://clinicaltrials.gov/study/NCT00073008
NCT01266070,TKI 258 in Von Hippel-Lindau Syndrome (VHL),TERMINATED,Trial met toxicity stopping rule,BIOLOGICAL_FAILURE,SAFETY,MEDIUM,"score=3;saf:term:toxicity(w=2),saf:term:toxic(w=1)",INTERVENTIONAL,PHASE2,M.D. Anderson Cancer Center,Novartis,Von Hippel-Lindau Syndrome,Dovitinib,DRUG,2012-11,2015-12,2015-12,2017-02-13,https://clinicaltrials.gov/study/NCT01266070
NCT01870609,Placebo Controlled Study of VS-6063 in Subjects With Malignant Pleural Mesothelioma,TERMINATED,Interim analysis-DSMB stated good safety profile but lack of efficacy,BIOLOGICAL_FAILURE,EFFICACY/FUTILITY,MEDIUM,"score=4;eff:term:lack of efficacy(w=3),eff:term:interim analysis(w=1)",INTERVENTIONAL,PHASE2,"Verastem, Inc.",,Malignant Pleural Mesothelioma,defactinib (VS-6063); Placebo,DRUG; DRUG,2013-09,2016-01,2016-01,2017-01-30,https://clinicaltrials.gov/study/NCT01870609
NCT02439138,Study of Phosphatidylinositol-3-kinase (PI3K) Inhibitor Idelalisib (GS-1101) in Waldenström Macroglobulinemia,TERMINATED,Safety issues from trials in CLL,BIOLOGICAL_FAILURE,SAFETY,MEDIUM,"score=5;saf:term:safety(w=1),saf:term:safety issue(w=2),saf:term:safety issues(w=2)",INTERVENTIONAL,PHASE2,Dana-Farber Cancer Institute,Gilead Sciences,Waldenstrom's Macroglobulinemia,GS-1101,DRUG,2015-10,2016-04,2016-04,2017-01-11,https://clinicaltrials.gov/study/NCT02439138
NCT02213744,MM-302 Plus Trastuzumab vs. Chemotherapy of Physician's Choice Plus Trastuzumab in HER2-Positive Locally Advanced/Metastatic Breast Cancer Patients,TERMINATED,Felt not to show benefit over control per DMC and confirmed via futility analysis,BIOLOGICAL_FAILURE,EFFICACY/FUTILITY,HIGH,"score=9;eff:term:futility(w=3),eff:term:futility analysis(w=3),eff:futility_phrase",INTERVENTIONAL,PHASE2; PHASE3,Merrimack Pharmaceuticals,,Breast Cancer; HER2 Positive Breast Cancer,MM-302; Gemcitabine; Capecitabine; Vinorelbine; Trastuzumab,DRUG; DRUG; DRUG; DRUG; DRUG,2014-07,2016-12,2017-06,2017-01-06,https://clinicaltrials.gov/study/NCT02213744
NCT01708798,Study of the Effect of Eplerenone on Heart Function in Women Receiving Anthracycline Chemotherapy for Breast Cancer,TERMINATED,Futility,BIOLOGICAL_FAILURE,EFFICACY/FUTILITY,HIGH,"score=6;eff:term:futility(w=3),eff:futility_phrase",INTERVENTIONAL,PHASE2; PHASE3,University of British Columbia,Canadian Cancer Society (CCS); Pfizer,Breast Cancer,Eplerenone; Placebo,DRUG; DRUG,2014-05,2016-11,2016-11,2017-01-05,https://clinicaltrials.gov/study/NCT01708798
NCT02689726,"Safety, Tolerability, and Immunogenicity of GTL001 Vaccine Adjuvanted With Imiquimod Cream in HPV 16- and/or HPV 18-Infected Women Aged 25 to 65 Years, With Normal Cytology, ASCUS, or LSIL",TERMINATED,Lack of efficacy in European Phase 2 study,BIOLOGICAL_FAILURE,EFFICACY/FUTILITY,MEDIUM,score=3;eff:term:lack of efficacy(w=3),INTERVENTIONAL,PHASE1,Genticel,"PPD Development, LP","HPV 16- and/or HPV 18-Infected Women With Normal Cytology, ASCUS, or LSIL",GTL001+; Aldara,DRUG; DRUG,2015-08,2016-08,2016-08,2016-12-02,https://clinicaltrials.gov/study/NCT02689726
NCT00565227,Phase I Study of Vorinostat in Combination With Docetaxel in Patients With Advanced and Relapsed Solid Malignancies.,TERMINATED,closed due to toxicity,BIOLOGICAL_FAILURE,SAFETY,HIGH,"score=7;saf:term:toxicity(w=2),saf:causal_near:toxicity,saf:term:toxic(w=1),saf:causal_near:toxic",INTERVENTIONAL,PHASE1,University of Michigan Rogel Cancer Center,,Non-Small-Cell Lung Carcinoma; Prostate Cancer; Bladder Cancer; Urothelial Carcinoma,vorinostat (suberoylanilide hydroxamic acid); docetaxel,DRUG; DRUG,2007-04,2008-11,2009-09,2016-12-02,https://clinicaltrials.gov/study/NCT00565227
NCT01450696,A Study of Herceptin (Trastuzumab) in Combination With Cisplatin/Capecitabine Chemotherapy in Participants With Human Epidermal Growth Factor Receptor 2 (HER2)-Positive Metastatic Gastric or Gastro-Esophageal Junction Cancer,TERMINATED,futility following planned interim analysis,BIOLOGICAL_FAILURE,EFFICACY/FUTILITY,HIGH,"score=7;eff:term:futility(w=3),eff:term:interim analysis(w=1),eff:futility_phrase",INTERVENTIONAL,PHASE3,Hoffmann-La Roche,,Gastric Cancer,Capecitabine; Cisplatin; Herceptin,DRUG; DRUG; DRUG,2011-12,2015-02,2015-08,2016-11-28,https://clinicaltrials.gov/study/NCT01450696
NCT00978432,Epigenetic Modulation in Relapsed/Refractory Diffuse Large B-Cell Lymphoma (DLBCL),TERMINATED,The toxicity seemed to outweigh the benefit.,BIOLOGICAL_FAILURE,SAFETY,MEDIUM,"score=3;saf:term:toxicity(w=2),saf:term:toxic(w=1)",INTERVENTIONAL,PHASE2,"Anne Beaven, MD",Novartis,Diffuse Large B-cell Lymphoma,RAD001; LBH589; Doublet (RAD001 and LBH589),DRUG; DRUG; DRUG,2012-02,2015-04,2016-03,2016-11-25,https://clinicaltrials.gov/study/NCT00978432
NCT01517347,Efficiency Study of Low Dose of IL-2 to Prevent Relapse in Standard Risk Leukemia After Transplantation,TERMINATED,"Because the conditional power was 0.083, the Data and Safety Monitoring Board recommended halting the study due to futility after the 1st interim analysis.",BIOLOGICAL_FAILURE,EFFICACY/FUTILITY,HIGH,"score=11;eff:term:futility(w=3),eff:causal_near:futility,eff:term:interim analysis(w=1),eff:causal_near:interim analysis,eff:futility_phrase",INTERVENTIONAL,NA,Peking University People's Hospital,,Leukemia,Interleukin-2,DRUG,2012-01,2015-08,2015-08,2016-10-24,https://clinicaltrials.gov/study/NCT01517347
NCT02147873,Study of Azacitidine With or Without Birinapant in Subjects With MDS or CMMoL,TERMINATED,Study terminated due to lack of efficacy,BIOLOGICAL_FAILURE,EFFICACY/FUTILITY,MEDIUM,"score=5;eff:term:lack of efficacy(w=3),eff:causal_near:lack of efficacy",INTERVENTIONAL,PHASE2,TetraLogic Pharmaceuticals,,Myelodysplastic Syndrome (MDS); Chronic Myelomonocytic Leukemia (CMML),birinapant; Azacitidine; Placebo,DRUG; DRUG; DRUG,2014-06,2016-01,2016-06,2016-10-20,https://clinicaltrials.gov/study/NCT02147873
NCT00788606,R-CHOP-B Bevacizumab for Diffuse Large B Cell Lymphoma,TERMINATED,Toxicity and efficacy data from another trial,BIOLOGICAL_FAILURE,SAFETY,MEDIUM,"score=3;saf:term:toxicity(w=2),saf:term:toxic(w=1)",INTERVENTIONAL,PHASE2,Royal Marsden NHS Foundation Trust,Hoffmann-La Roche,Non-Hodgkin's Lymphoma; B-cell Lymphoma,"bevacizumab, Rituximab",DRUG,2008-05,2010-06,2010-06,2016-10-14,https://clinicaltrials.gov/study/NCT00788606
NCT00862836,Addition of Vandetanib to Standard Therapy Pegliposomal Doxorubicin (PLD),TERMINATED,Lack of efficacy,BIOLOGICAL_FAILURE,EFFICACY/FUTILITY,MEDIUM,score=3;eff:term:lack of efficacy(w=3),INTERVENTIONAL,PHASE1; PHASE2,"Genzyme, a Sanofi Company",,Ovarian Cancer,Vandetanib,DRUG,2009-04,2010-09,2010-09,2016-10-10,https://clinicaltrials.gov/study/NCT00862836
NCT01829971,"A Multicenter Phase I Study of MRX34, MicroRNA miR-RX34 Liposomal Injection",TERMINATED,Five immune related serious adverse events,BIOLOGICAL_FAILURE,SAFETY,HIGH,"score=7;saf:term:adverse event(w=2),saf:term:adverse events(w=2),saf:term:serious adverse(w=3)",INTERVENTIONAL,PHASE1,"Mirna Therapeutics, Inc.",Cancer Prevention Research Institute of Texas,Primary Liver Cancer; SCLC; Lymphoma; Melanoma; Multiple Myeloma; Renal Cell Carcinoma; NSCLC,MRX34,DRUG,2013-04,2017-03,2017-05,2016-09-27,https://clinicaltrials.gov/study/NCT01829971
NCT00312286,Efficacy of 851B Gel for Treating High-Risk Cervical Human Papillomavirus Infection in Women.,TERMINATED,Lack of efficacy,BIOLOGICAL_FAILURE,EFFICACY/FUTILITY,MEDIUM,score=3;eff:term:lack of efficacy(w=3),INTERVENTIONAL,PHASE2,Takeda,,Papillomavirus Infections,851B; 851B; 851B; 851B; 851B; 851B; 851B; 851B; 851B; 851B; 851B,DRUG; DRUG; DRUG; DRUG; DRUG; DRUG; DRUG; DRUG; DRUG; DRUG; DRUG,2006-04,2008-06,2008-06,2016-09-23,https://clinicaltrials.gov/study/NCT00312286
NCT00117884,Efficacy of 851B Gel for Treating High-Risk Cervical Human Papillomavirus Infection in Women.,TERMINATED,Lack of efficacy,BIOLOGICAL_FAILURE,EFFICACY/FUTILITY,MEDIUM,score=3;eff:term:lack of efficacy(w=3),INTERVENTIONAL,PHASE2,Takeda,,Papillomavirus Infections,851B; 851B; 851B; 851B; 851B; 851B; 851B; 851B; 851B; 851B; 851B,DRUG; DRUG; DRUG; DRUG; DRUG; DRUG; DRUG; DRUG; DRUG; DRUG; DRUG,2006-04,2008-06,2008-06,2016-08-19,https://clinicaltrials.gov/study/NCT00117884
NCT01405846,Feasibility Study to Estimate Number of Patients With Precancerous Areas in Their Airways and the Response to Gefitinib,TERMINATED,Futility,BIOLOGICAL_FAILURE,EFFICACY/FUTILITY,HIGH,"score=6;eff:term:futility(w=3),eff:futility_phrase",INTERVENTIONAL,PHASE2,Papworth Hospital NHS Foundation Trust,AstraZeneca; Noble Organisation,Lung Cancer; Head and Neck Cancer,Gefitinib,DRUG,2011-12,2016-04,2016-06,2016-08-19,https://clinicaltrials.gov/study/NCT01405846
NCT01555073,Preemptive Analgesia Following Uterine Artery Embolization,TERMINATED,Subjects did not meet inclusion criteria,BIOLOGICAL_FAILURE,EFFICACY/FUTILITY,MEDIUM,score=3;eff:term:did not meet(w=3),INTERVENTIONAL,PHASE4,Northwestern University,,Uterine Fibroids; Uterine Artery Embolization,pregabalin/celecoxib; pregabalin/placebo; celecoxib/placebo; Placebo group,DRUG; DRUG; DRUG; DRUG,2011-10,2013-08,2013-10,2016-07-28,https://clinicaltrials.gov/study/NCT01555073
NCT01078974,"Pomalidomide, Dexamethasone and Rituximab in Waldenstrom's Macroglobulinemia",TERMINATED,Safety concerns (IgM Flare),BIOLOGICAL_FAILURE,SAFETY,MEDIUM,"score=5;saf:term:safety(w=1),saf:term:safety concern(w=2),saf:term:safety concerns(w=2)",INTERVENTIONAL,PHASE1,"Steven P. Treon, MD, PhD",Celgene Corporation,Waldenstrom's Macroglobulinemia,pomalidomide; dexamethasone; rituximab,DRUG; DRUG; DRUG,2010-05,2015-09,2016-03,2016-07-25,https://clinicaltrials.gov/study/NCT01078974
NCT00417248,Cisplatin/Etoposide/Radiotherapy Followed by Consolidation Sorafenib for Inoperable Stage III Non-Small Cell Lung Cancer,TERMINATED,Negative sorafenib results from ESCAPE trial and safety concerns of regimen,BIOLOGICAL_FAILURE,SAFETY,MEDIUM,"score=5;saf:term:safety(w=1),saf:term:safety concern(w=2),saf:term:safety concerns(w=2)",INTERVENTIONAL,PHASE1; PHASE2,"Nasser Hanna, M.D.",Bayer; Amgen; Walther Cancer Institute,Non-Small Cell Lung Cancer,Cisplatin; Etoposide; Radiotherapy; Sorafenib,DRUG; DRUG; PROCEDURE; DRUG,2007-06,2008-04,2008-04,2016-07-25,https://clinicaltrials.gov/study/NCT00417248
NCT01888965,Maintenance Dovitinib for Colorectal and Pancreas Cancer,TERMINATED,Adverse Event issues.,BIOLOGICAL_FAILURE,SAFETY,MEDIUM,score=2;saf:term:adverse event(w=2),INTERVENTIONAL,PHASE2,Georgetown University,Novartis,Colorectal Cancer; Pancreas Cancer,Dovitinib,DRUG,2013-10,2014-08,2014-10,2016-07-19,https://clinicaltrials.gov/study/NCT01888965
NCT01515969,Phase 1 Erlotinib and Dovitinib (TKI258) in Advanced Non-small Cell Lung Cancer (NSCLC),TERMINATED,Patient safety - Unacceptable toxicity,BIOLOGICAL_FAILURE,SAFETY,HIGH,"score=7;saf:term:safety(w=1),saf:term:toxicity(w=2),saf:term:toxic(w=1),saf:term:unacceptable toxicity(w=3)",INTERVENTIONAL,PHASE1,Heather Wakelee,"Genentech, Inc.; Novartis","Non-small Cell Lung Cancer (NSCLC), Recurrent; Non-small Cell Lung Cancer (NSCLC), Stage IV",Erlotinib hydrochloride; Dovitinib lactate,DRUG; DRUG,2012-07,2013-02,2014-12,2016-07-12,https://clinicaltrials.gov/study/NCT01515969
NCT00268437,"Radiation Therapy, Pemetrexed Disodium, and Carboplatin in Treating Patients With Locally Advanced Esophageal Cancer That Can Be Removed By Surgery",TERMINATED,"Trial closed early because, during an interim analysis, the primary endpoint fell short.",BIOLOGICAL_FAILURE,EFFICACY/FUTILITY,MEDIUM,"score=2;eff:term:primary endpoint(w=1),eff:term:interim analysis(w=1)",INTERVENTIONAL,PHASE2,Alliance for Clinical Trials in Oncology,National Cancer Institute (NCI),Esophageal Cancer,carboplatin; Pemetrexed; conventional surgery; neoadjuvant therapy; radiation therapy,DRUG; DRUG; PROCEDURE; PROCEDURE; RADIATION,2006-04,2008-01,2015-03,2016-07-06,https://clinicaltrials.gov/study/NCT00268437
NCT01798485,A Phase 3 Study of Ganetespib in Combination With Docetaxel Versus Docetaxel Alone in Patients With Advanced NSCLC,TERMINATED,The study was stopped after the first Interim Analysis due to futility.,BIOLOGICAL_FAILURE,EFFICACY/FUTILITY,HIGH,"score=11;eff:term:futility(w=3),eff:causal_near:futility,eff:term:interim analysis(w=1),eff:causal_near:interim analysis,eff:futility_phrase",INTERVENTIONAL,PHASE3,Synta Pharmaceuticals Corp.,,Non-Small-Cell Lung Adenocarcinoma; Non-small Cell Lung Cancer Stage IIIB; Non-small Cell Lung Cancer Stage IV; Non-small Cell Lung Cancer Metastatic,Docetaxel; Ganetespib,DRUG; DRUG,2013-04,2015-12,2015-12,2016-07-01,https://clinicaltrials.gov/study/NCT01798485
NCT01557114,Study of Radiotherapy Administered in Combination With Ipilimumab in Patients With Unresectable Stage III or Stage IV Advanced Malignant Melanoma,TERMINATED,"New compounds available in the indication (nivolumab/pembrolizumab), toxicity of ipilimumab",BIOLOGICAL_FAILURE,SAFETY,MEDIUM,"score=3;saf:term:toxicity(w=2),saf:term:toxic(w=1)",INTERVENTIONAL,PHASE1,"Gustave Roussy, Cancer Campus, Grand Paris",,Malignant Melanoma,Ipilimumab; Radiotherapy,DRUG; RADIATION,2011-03,2015-11,2016-03,2016-06-09,https://clinicaltrials.gov/study/NCT01557114
NCT00543114,Dose Escalation Study of Revlimid With Fludarabine-Rituximab for CLL/SLL,TERMINATED,lack of efficacy and tolerability,BIOLOGICAL_FAILURE,EFFICACY/FUTILITY,MEDIUM,score=3;eff:term:lack of efficacy(w=3),INTERVENTIONAL,PHASE1,Dana-Farber Cancer Institute,Brigham and Women's Hospital; Massachusetts General Hospital; Beth Israel Deaconess Medical Center; Celgene Corporation,Chronic Lymphocytic Leukemia; Small Lymphocytic Leukemia,Lenalidomide; Fludarabine; Rituximab,DRUG; DRUG; DRUG,2007-10,2009-06,2012-12,2016-05-27,https://clinicaltrials.gov/study/NCT00543114
NCT01925118,Irradiated Donor Lymphocyte Infusion Plus High-dose IL-2,TERMINATED,Ineffectiveness,BIOLOGICAL_FAILURE,EFFICACY/FUTILITY,MEDIUM,score=2;eff:term:ineffective(w=2),INTERVENTIONAL,PHASE2,Seoul National University Hospital,,Metastatic Malignant Melanoma and Renal Cell Carcinoma,Irradiated donor lymphocyte infusion,BIOLOGICAL,2013-08,2015-05,2015-05,2016-04-26,https://clinicaltrials.gov/study/NCT01925118
NCT01807156,Phase II Trial of Tivozanib in Advanced Hepatocellular Cancer,TERMINATED,Primary endpoint not met,BIOLOGICAL_FAILURE,EFFICACY/FUTILITY,HIGH,"score=7;eff:term:primary endpoint(w=1),eff:term:endpoint not met(w=3),eff:endpoint_not_met_phrase",INTERVENTIONAL,PHASE2,Emory University,"AVEO Pharmaceuticals, Inc.",Hepatocellular Cancer,Tivozanib,DRUG,2013-03,2015-02,2015-02,2016-04-22,https://clinicaltrials.gov/study/NCT01807156
NCT00142168,CC-5013 (Lenalidomide) and Rituximab in Waldenstrom's Macroglobulinemia,TERMINATED,Toxicity,BIOLOGICAL_FAILURE,SAFETY,MEDIUM,"score=3;saf:term:toxicity(w=2),saf:term:toxic(w=1)",INTERVENTIONAL,PHASE2,Dana-Farber Cancer Institute,"Beth Israel Deaconess Medical Center; Brigham and Women's Hospital; Celgene Corporation; Genentech, Inc.",Waldenstrom's Macroglobulinemia,CC-5103 (lenalidomide); Rituximab,DRUG; DRUG,2004-09,2006-05,2008-04,2016-04-21,https://clinicaltrials.gov/study/NCT00142168
NCT00872404,"A Study of CP-751,871 in Patients With Recurrent Squamous Head and Neck Carcinoma",TERMINATED,lack of efficacy,BIOLOGICAL_FAILURE,EFFICACY/FUTILITY,MEDIUM,score=3;eff:term:lack of efficacy(w=3),INTERVENTIONAL,PHASE2,Cliniques universitaires Saint-Luc- Université Catholique de Louvain,,Head and Neck Cancer,"CP-751,871",DRUG,2009-01,2010-09,2010-09,2016-04-20,https://clinicaltrials.gov/study/NCT00872404
NCT02720926,Study of TKI 258 in Combination With Xeloda and Oxaliplatin in Advanced Colorectal and Gastric Cancer,TERMINATED,Unafavourable toxicity profile,BIOLOGICAL_FAILURE,SAFETY,MEDIUM,"score=3;saf:term:toxicity(w=2),saf:term:toxic(w=1)",INTERVENTIONAL,PHASE1,"National Cancer Centre, Singapore",Novartis,Colorectal Cancer; Gastric Cancer,"Xeloda,; Oxaliplatin; TKI258",DRUG; DRUG; DRUG,2011-09,2012-01,2012-01,2016-03-28,https://clinicaltrials.gov/study/NCT02720926
NCT01573247,Safety Study of AKN-028 in Patients With Acute Myelogenous Leukemia,TERMINATED,During the study two patients have experienced serious liver events related to AKN-028. The risk-benefit balance was judged to be negative.,BIOLOGICAL_FAILURE,SAFETY,MEDIUM,score=2;saf:term:risk-benefit(w=2),INTERVENTIONAL,PHASE1; PHASE2,Akinion Pharmaceuticals AB,,Acute Myeloid Leukemia,AKN-028,DRUG,2011-12,2016-03,2016-03,2016-03-25,https://clinicaltrials.gov/study/NCT01573247
NCT01962909,Phase 0 Biodistribution of Novel Imaging for Resectable Pancreatic Cancer,TERMINATED,"From preliminary imaging data, the study was stopped due to futility.",BIOLOGICAL_FAILURE,EFFICACY/FUTILITY,HIGH,"score=8;eff:term:futility(w=3),eff:causal_near:futility,eff:futility_phrase",INTERVENTIONAL,EARLY_PHASE1,University of Virginia,,Pancreatic Ductal Adenocarcinoma,PTP-01,DRUG,2013-11,2016-01,2016-01,2016-03-18,https://clinicaltrials.gov/study/NCT01962909
NCT00670397,"Photodynamic Therapy Using HPPH in Treating Patients With Recurrent Dysplasia, Carcinoma in Situ, or Stage I Oral Cavity Cancer",TERMINATED,safety issues,BIOLOGICAL_FAILURE,SAFETY,MEDIUM,"score=5;saf:term:safety(w=1),saf:term:safety issue(w=2),saf:term:safety issues(w=2)",INTERVENTIONAL,PHASE1,Roswell Park Cancer Institute,,Head and Neck Cancer,HPPH,DRUG,2010-06,2011-11,2015-07,2016-03-16,https://clinicaltrials.gov/study/NCT00670397
NCT00967226,Propranolol Versus Prednisolone for Treatment of Symptomatic Hemangiomas,TERMINATED,"Serious adverse events with prednisolone, primarily temporary growth retardation, \<5th percentile.",BIOLOGICAL_FAILURE,SAFETY,HIGH,"score=7;saf:term:adverse event(w=2),saf:term:adverse events(w=2),saf:term:serious adverse(w=3)",INTERVENTIONAL,PHASE2,Nancy Bauman,,Hemangioma of Infancy,propranolol; Prednisolone,DRUG; DRUG,2009-07,2013-01,2014-12,2016-02-24,https://clinicaltrials.gov/study/NCT00967226
NCT01029925,Dichloroacetate (DCA) in Patients With Previously Treated Metastatic Breast or Non-Small Cell Lung Cancer (NSCL),TERMINATED,"DSMB determined, due to higher than expected risk/safety concerns, study should be closed.",BIOLOGICAL_FAILURE,SAFETY,HIGH,"score=11;saf:term:safety(w=1),saf:causal_near:safety,saf:term:safety concern(w=2),saf:causal_near:safety concern,saf:term:safety concerns(w=2),saf:causal_near:safety concerns",INTERVENTIONAL,PHASE2,Jonsson Comprehensive Cancer Center,,Metastatic Breast Cancer; Lung Cancer,Dichloroacetate (DCA),DRUG,2009-12,2011-08,2011-11,2016-02-12,https://clinicaltrials.gov/study/NCT01029925
NCT00660036,"Phase I/II Study of Mitoxantrone, Etoposide and Gemtuzumab Ozogamicin for Acute Myeloid Leukemia",TERMINATED,due to new safety information,BIOLOGICAL_FAILURE,SAFETY,MEDIUM,"score=3;saf:term:safety(w=1),saf:causal_near:safety",INTERVENTIONAL,PHASE1,University of Pittsburgh,,Acute Myeloid Leukemia,Gemtuzumab ozogamicin; Mitoxantrone; Etoposide,DRUG; DRUG; DRUG,2008-09,2011-04,2011-04,2016-01-15,https://clinicaltrials.gov/study/NCT00660036
NCT00299390,Safety and Efficacy Study of a New Chemotherapy Agent to Treat Small Cell Lung Cancer,TERMINATED,"Since only 1 of the first 10 subjects responded to the study treatment, it was decided to stop the trial due to lack of efficacy .",BIOLOGICAL_FAILURE,EFFICACY/FUTILITY,MEDIUM,"score=5;eff:term:lack of efficacy(w=3),eff:causal_near:lack of efficacy",INTERVENTIONAL,PHASE2,Bayer,,Small Cell Lung Carcinoma,"Sagopilone (BAY86-5302, ZK 219477)",DRUG,2006-04,2007-04,2007-04,2015-12-31,https://clinicaltrials.gov/study/NCT00299390
NCT00734851,Multimodality Phase II Study in Prostate Cancer,TERMINATED,Dose Limiting Toxicities,BIOLOGICAL_FAILURE,SAFETY,MEDIUM,"score=2;saf:term:toxic(w=1),saf:term:dose limiting(w=1)",INTERVENTIONAL,PHASE2,Duke University,Pfizer; Sanofi,Prostate Cancer,Docetaxel; Sunitinib; EBXRT,DRUG; DRUG; RADIATION,2008-12,2014-09,2014-11,2015-12-23,https://clinicaltrials.gov/study/NCT00734851
NCT00864513,Study of Pemetrexed for Second-Line Pancreas Cancer,TERMINATED,At interim analysis the study did not meet the response criteria to continue,BIOLOGICAL_FAILURE,EFFICACY/FUTILITY,MEDIUM,"score=4;eff:term:did not meet(w=3),eff:term:interim analysis(w=1)",INTERVENTIONAL,PHASE2,Georgetown University,Eli Lilly and Company,Pancreas Cancer,pemetrexed,DRUG,2007-10,2009-07,2009-07,2015-12-08,https://clinicaltrials.gov/study/NCT00864513
NCT02443194,"The Effect of Duloxetine on Mood, Quality of Life and Cognitive Functioning in Glioblastoma Patients",TERMINATED,principle investigator decision due to many adverse events in patients,BIOLOGICAL_FAILURE,SAFETY,HIGH,"score=8;saf:term:adverse event(w=2),saf:causal_near:adverse event,saf:term:adverse events(w=2),saf:causal_near:adverse events",INTERVENTIONAL,PHASE3,michal roll,,Depression,duloxetine; PLACEBO,DRUG; DRUG,2015-05,2015-11,2015-11,2015-12-03,https://clinicaltrials.gov/study/NCT02443194
NCT01045928,Lenalidomide And Rituximab as Maintenance Therapy in Treating Patients With B-Cell Non-Hodgkin Lymphoma,TERMINATED,"Extreme toxicity in Phase I, study did not proceed to Phase II",BIOLOGICAL_FAILURE,SAFETY,MEDIUM,"score=3;saf:term:toxicity(w=2),saf:term:toxic(w=1)",INTERVENTIONAL,PHASE1,Case Comprehensive Cancer Center,,Adult Non-Hodgkin Lymphoma; Adult Grade III Lymphomatoid Granulomatosis; Contiguous Stage II Adult Burkitt Lymphoma; Contiguous Stage II Adult Diffuse Large Cell Lymphoma; Contiguous Stage II Adult Diffuse Mixed Cell Lymphoma; Contiguous Stage II Adult Diffuse Small Cleaved Cell Lymphoma; Contiguous Stage II Adult Immunoblastic Large Cell Lymphoma; Contiguous Stage II Adult Lymphoblastic Lymphoma; Contiguous Stage II Grade 1 Follicular Lymphoma; Contiguous Stage II Grade 2 Follicular Lymphoma; Contiguous Stage II Grade 3 Follicular Lymphoma; Contiguous Stage II Mantle Cell Lymphoma; Contiguous Stage II Marginal Zone Lymphoma; Contiguous Stage II Small Lymphocytic Lymphoma; Cutaneous B-cell Non-Hodgkin Lymphoma; Extranodal Marginal Zone B-cell Lymphoma of Mucosa-associated Lymphoid Tissue; Nodal Marginal Zone B-cell Lymphoma; Noncontiguous Stage II Adult Burkitt Lymphoma; Noncontiguous Stage II Adult Diffuse Large Cell Lymphoma; Noncontiguous Stage II Adult Diffuse Mixed Cell Lymphoma; Noncontiguous Stage II Adult Diffuse Small Cleaved Cell Lymphoma; Noncontiguous Stage II Adult Immunoblastic Large Cell Lymphoma; Noncontiguous Stage II Adult Lymphoblastic Lymphoma; Noncontiguous Stage II Grade 1 Follicular Lymphoma; Noncontiguous Stage II Grade 2 Follicular Lymphoma; Noncontiguous Stage II Grade 3 Follicular Lymphoma; Noncontiguous Stage II Mantle Cell Lymphoma; Noncontiguous Stage II Marginal Zone Lymphoma; Noncontiguous Stage II Small Lymphocytic Lymphoma; Recurrent Adult Burkitt Lymphoma; Recurrent Adult Diffuse Large Cell Lymphoma; Recurrent Adult Diffuse Mixed Cell Lymphoma; Recurrent Adult Diffuse Small Cleaved Cell Lymphoma; Recurrent Adult Grade III Lymphomatoid Granulomatosis; Recurrent Adult Immunoblastic Large Cell Lymphoma; Recurrent Adult Lymphoblastic Lymphoma; Recurrent Grade 1 Follicular Lymphoma; Recurrent Grade 2 Follicular Lymphoma; Recurrent Grade 3 Follicular Lymphoma; Recurrent Mantle Cell Lymphoma; Recurrent Marginal Zone Lymphoma; Recurrent Small Lymphocytic Lymphoma; Splenic Marginal Zone Lymphoma; Stage I Adult Burkitt Lymphoma; Stage I Adult Diffuse Large Cell Lymphoma; Stage I Adult Diffuse Mixed Cell Lymphoma; Stage I Adult Diffuse Small Cleaved Cell Lymphoma; Stage I Adult Immunoblastic Large Cell Lymphoma; Stage I Adult Lymphoblastic Lymphoma; Stage I Grade 1 Follicular Lymphoma; Stage I Grade 2 Follicular Lymphoma; Stage I Grade 3 Follicular Lymphoma; Stage I Mantle Cell Lymphoma; Stage I Marginal Zone Lymphoma; Stage I Small Lymphocytic Lymphoma; Stage III Adult Burkitt Lymphoma; Stage III Adult Diffuse Large Cell Lymphoma; Stage III Adult Diffuse Mixed Cell Lymphoma; Stage III Adult Diffuse Small Cleaved Cell Lymphoma; Stage III Adult Immunoblastic Large Cell Lymphoma; Stage III Adult Lymphoblastic Lymphoma; Stage III Grade 1 Follicular Lymphoma; Stage III Grade 2 Follicular Lymphoma; Stage III Grade 3 Follicular Lymphoma; Stage III Mantle Cell Lymphoma; Stage III Marginal Zone Lymphoma; Stage III Small Lymphocytic Lymphoma; Stage IV Adult Burkitt Lymphoma; Stage IV Adult Diffuse Large Cell Lymphoma; Stage IV Adult Diffuse Mixed Cell Lymphoma; Stage IV Adult Diffuse Small Cleaved Cell Lymphoma; Stage IV Adult Immunoblastic Large Cell Lymphoma; Stage IV Adult Lymphoblastic Lymphoma; Stage IV Grade 1 Follicular Lymphoma; Stage IV Grade 2 Follicular Lymphoma; Stage IV Grade 3 Follicular Lymphoma; Stage IV Mantle Cell Lymphoma; Stage IV Marginal Zone Lymphoma; Stage IV Small Lymphocytic Lymphoma; Waldenstrom Macroglobulinemia,lenalidomide; rituximab; polymerase chain reaction; nucleic acid sequencing; polymorphism analysis; flow cytometry; laboratory biomarker analysis,DRUG; BIOLOGICAL; GENETIC; GENETIC; GENETIC; OTHER; OTHER,2010-01,2011-03,2012-03,2015-11-26,https://clinicaltrials.gov/study/NCT01045928
NCT01236573,Cell Therapy for Metastatic Melanoma Using CD8 Enriched Tumor Infiltrating Lymphocytes,TERMINATED,"Unexpected toxicities, likely due to TIL/IL-12 \& low % of durable responses.",BIOLOGICAL_FAILURE,SAFETY,MEDIUM,"score=3;saf:term:toxic(w=1),saf:causal_near:toxic",INTERVENTIONAL,PHASE1; PHASE2,National Institutes of Health Clinical Center (CC),National Cancer Institute (NCI),Skin Cancer; Metastatic Melanoma,Fludarabine; Cyclophosphamide; IL-12 transduced TIL,DRUG; DRUG; BIOLOGICAL,2010-10,2015-03,2015-03,2015-11-26,https://clinicaltrials.gov/study/NCT01236573
NCT01033019,"To Evaluate the Safety, Local Tolerability, PK and PD of LDE225 on Sporadic Superficial and Nodular Skin Basal Cell Carcinomas (sBCC)",TERMINATED,The data from participants with sBCCs showed insufficient efficacy with current formulation and treatment conditions.,BIOLOGICAL_FAILURE,EFFICACY/FUTILITY,MEDIUM,score=3;eff:term:insufficient efficacy(w=3),INTERVENTIONAL,PHASE2,Novartis Pharmaceuticals,,Sporadic Superficial and Nodular Skin Basal Cell Carcinomas,LDE225 0.75%; Vehicle,DRUG; DRUG,2009-12,2011-02,2011-02,2015-10-30,https://clinicaltrials.gov/study/NCT01033019
NCT00671112,Everolimus and Bortezomib in Treating Patients With Relapsed or Refractory Lymphoma,TERMINATED,Treatment ineffective,BIOLOGICAL_FAILURE,EFFICACY/FUTILITY,MEDIUM,score=2;eff:term:ineffective(w=2),INTERVENTIONAL,PHASE1,"Brian Hill, MD, PhD",National Cancer Institute (NCI); The Leukemia and Lymphoma Society,714leukemia; Lymphoma,Bortezomib; Everolimus,DRUG; DRUG,2008-06,2015-10,,2015-10-28,https://clinicaltrials.gov/study/NCT00671112
NCT00544908,Dasatinib in Treating Patients With Stage IV Pancreatic Cancer,TERMINATED,Toxicity,BIOLOGICAL_FAILURE,SAFETY,MEDIUM,"score=3;saf:term:toxicity(w=2),saf:term:toxic(w=1)",INTERVENTIONAL,PHASE2,City of Hope Medical Center,National Cancer Institute (NCI),Pancreatic Cancer,dasatinib; immunoenzyme technique; immunohistochemistry staining method; laboratory biomarker analysis; quality-of-life assessment,DRUG; OTHER; OTHER; OTHER; PROCEDURE,2007-09,2012-10,,2015-10-05,https://clinicaltrials.gov/study/NCT00544908
NCT00923117,Sunitinib to Treat Recurrent Brain Cancer,TERMINATED,The study was terminated based on results of an interim analysis for futility.,BIOLOGICAL_FAILURE,EFFICACY/FUTILITY,HIGH,"score=7;eff:term:futility(w=3),eff:term:interim analysis(w=1),eff:futility_phrase",INTERVENTIONAL,PHASE2,National Cancer Institute (NCI),,Glioblastoma Multiforme; Malignant Gliomas; Anaplastic Gliomas,Sutent (sunitinib),DRUG,2008-06,2012-06,2012-06,2015-09-30,https://clinicaltrials.gov/study/NCT00923117
NCT00460317,MONET1-MOtesanib NSCLC Efficacy and Tolerability Study,TERMINATED,Amgen discontinued the development of AMG706 because 20050201 did not meet its primary objective.,BIOLOGICAL_FAILURE,EFFICACY/FUTILITY,MEDIUM,score=3;eff:term:did not meet(w=3),INTERVENTIONAL,PHASE3,Amgen,Takeda,Non-Small Cell Lung Cancer,AMG 706; placebo; paclitaxel; carboplatin,DRUG; DRUG; DRUG; DRUG,2007-07,2011-03,2013-08,2015-09-07,https://clinicaltrials.gov/study/NCT00460317
NCT00498914,Study of YM155 in Refractory Diffuse Large B-cell Lymphoma (DLBCL) Subjects,TERMINATED,Futility boundary at interim analysis not met,BIOLOGICAL_FAILURE,EFFICACY/FUTILITY,HIGH,"score=7;eff:term:futility(w=3),eff:term:interim analysis(w=1),eff:futility_phrase",INTERVENTIONAL,PHASE2,Astellas Pharma Inc,,"Lymphoma, Large-Cell, Diffuse; Lymphoma, B-Cell Refractory",YM155,DRUG,2007-06,2009-04,2009-04,2015-09-04,https://clinicaltrials.gov/study/NCT00498914
NCT01348503,Lenalidomide in Combination With a Fixed Dose of Sorafenib for the Treatment of Hepatocellular Carcinoma,TERMINATED,Treatment was ineffective,BIOLOGICAL_FAILURE,EFFICACY/FUTILITY,MEDIUM,score=2;eff:term:ineffective(w=2),INTERVENTIONAL,PHASE1,Indiana University School of Medicine,Celgene Corporation,Hepatocellular Carcinoma,Lenalidomide; Sorafenib,DRUG; DRUG,2011-05,2012-12,2014-03,2015-08-31,https://clinicaltrials.gov/study/NCT01348503
NCT01388647,"Study of Neoadjuvant Carboplatin, Eribulin and Trastuzumab for Operable HER2 Positive Breast Cancer",TERMINATED,Closed early due to increased hematologic toxicity and possible reduced efficacy,BIOLOGICAL_FAILURE,SAFETY,HIGH,"score=7;saf:term:toxicity(w=2),saf:causal_near:toxicity,saf:term:toxic(w=1),saf:causal_near:toxic",INTERVENTIONAL,PHASE1; PHASE2,Vector Oncology,Eisai Inc.,HER-2 Positive Breast Cancer,eribulin; carboplatin; trastuzumab,DRUG; DRUG; DRUG,2011-08,2014-06,2014-09,2015-08-28,https://clinicaltrials.gov/study/NCT01388647
NCT00905398,Nilotinib With Chemotherapy for the Treatment of Philadelphia Chromosome Positive Acute Lymphoblastic Leukemia,TERMINATED,The study was terminated due to excessive toxicity and low compliance to the protocol scheme.,BIOLOGICAL_FAILURE,SAFETY,HIGH,"score=7;saf:term:toxicity(w=2),saf:causal_near:toxicity,saf:term:toxic(w=1),saf:causal_near:toxic",INTERVENTIONAL,PHASE1; PHASE2,Rony Schaffel,,Precursor B-Cell Lymphoblastic Leukemia-Lymphoma; Acute Lymphoblastic Leukemia,Nilotinib,DRUG,2009-05,2012-06,2015-07,2015-07-09,https://clinicaltrials.gov/study/NCT00905398
NCT00431340,"A Phase II Study of Belinostat in Combination With Bortezomib in Patients With Relapsed, Refractory Multiple Myeloma",TERMINATED,Terminated due to dose limiting toxicity,BIOLOGICAL_FAILURE,SAFETY,HIGH,"score=10;saf:term:toxicity(w=2),saf:causal_near:toxicity,saf:term:toxic(w=1),saf:causal_near:toxic,saf:term:dose limiting(w=1),saf:causal_near:dose limiting",INTERVENTIONAL,PHASE2,Valerio Therapeutics,,Multiple Myeloma,PXD101,DRUG,2007-03,2007-06,2007-06,2015-07-08,https://clinicaltrials.gov/study/NCT00431340
NCT00500240,Effect of Tight Control of Blood Glucose During Hyper-CVAD Chemotherapy For Acute Lymphocytic Leukemia (ALL),TERMINATED,Terminated early due to futility.,BIOLOGICAL_FAILURE,EFFICACY/FUTILITY,HIGH,"score=8;eff:term:futility(w=3),eff:causal_near:futility,eff:futility_phrase",INTERVENTIONAL,PHASE3,M.D. Anderson Cancer Center,Novo Nordisk A/S,Leukemia; Lymphoma,Insulin Glargine; Insulin Aspart,DRUG; DRUG,2004-04,2012-04,2012-04,2015-06-03,https://clinicaltrials.gov/study/NCT00500240
NCT01238965,Panobinostat and Fluorouracil Followed By Leucovorin Calcium in Treating Patients With Stage IV Colorectal Cancer Who Did Not Respond to Previous Fluorouracil-Based Chemotherapy,TERMINATED,Adverse Events,BIOLOGICAL_FAILURE,SAFETY,MEDIUM,"score=4;saf:term:adverse event(w=2),saf:term:adverse events(w=2)",INTERVENTIONAL,PHASE1,University of Southern California,Novartis,Recurrent Colon Cancer; Recurrent Rectal Cancer; Stage IV Colon Cancer; Stage IV Rectal Cancer,panobinostat; fluorouracil; leucovorin calcium; biopsy; reverse transcriptase-polymerase chain reaction; western blotting; laboratory biomarker analysis; gene expression analysis; RNA analysis; polymorphism analysis,DRUG; DRUG; DRUG; PROCEDURE; GENETIC; GENETIC; OTHER; GENETIC; GENETIC; GENETIC,2010-10,2014-12,2015-04,2015-05-27,https://clinicaltrials.gov/study/NCT01238965
NCT01262274,Randomized Phase II Trial of Anastrozole Plus Metronomic Tegafur-uracil as Neo-adjuvant Therapy in Postmenopausal Breast Cancer,TERMINATED,Due to an adverse event revelation.,BIOLOGICAL_FAILURE,SAFETY,MEDIUM,"score=4;saf:term:adverse event(w=2),saf:causal_near:adverse event",INTERVENTIONAL,PHASE2,"Translational Research Center for Medical Innovation, Kobe, Hyogo, Japan",Department of breast and endocrine surgery graduate school of Medicine Osaka University,Breast Neoplasms,Anastrozole; Anastrozole plus tegafur-uracil,DRUG; DRUG,2010-12,2013-06,2014-04,2015-05-21,https://clinicaltrials.gov/study/NCT01262274
NCT00088907,Phase III Trial Of Docetaxel Versus Docetaxel Plus ZD1839 In Head And Neck Cancer,TERMINATED,It was unlikely that the primary endpoint would be reached based on the fifth interim analysis results.,BIOLOGICAL_FAILURE,EFFICACY/FUTILITY,MEDIUM,"score=2;eff:term:primary endpoint(w=1),eff:term:interim analysis(w=1)",INTERVENTIONAL,PHASE3,National Cancer Institute (NCI),,Recurrent Head and Neck Cancer; Metastatic Head and Neck Cancer,docetaxel; placebo; gefitinib,DRUG; OTHER; DRUG,2004-08,2009-05,2012-08,2015-05-06,https://clinicaltrials.gov/study/NCT00088907
NCT00217464,Fulvestrant in Treating Patients With Recurrent Prostate Cancer,TERMINATED,Closed for futility,BIOLOGICAL_FAILURE,EFFICACY/FUTILITY,HIGH,"score=6;eff:term:futility(w=3),eff:futility_phrase",INTERVENTIONAL,PHASE2,Roswell Park Cancer Institute,,Prostate Cancer,fulvestrant,DRUG,2004-06,2010-02,2010-03,2015-04-16,https://clinicaltrials.gov/study/NCT00217464
NCT00584740,"Efficacy, Safety and Tolerability of AIN457 in Moderate to Severe Active Crohn's Disease",TERMINATED,The study was terminated prematurely after futility criterion was met at planned interim analysis of 41 patients.,BIOLOGICAL_FAILURE,EFFICACY/FUTILITY,HIGH,"score=7;eff:term:futility(w=3),eff:term:interim analysis(w=1),eff:futility_phrase",INTERVENTIONAL,PHASE2,Novartis Pharmaceuticals,,Crohn's Disease,AIN457; Placebo,DRUG; DRUG,2008-08,2010-08,2010-08,2015-03-31,https://clinicaltrials.gov/study/NCT00584740
NCT00735345,Chemotherapy Induction and Chemoradiotherapy in Patients With Esophageal Carcinoma,TERMINATED,because of safety concerns the study was terminated prematurely,BIOLOGICAL_FAILURE,SAFETY,HIGH,"score=11;saf:term:safety(w=1),saf:causal_near:safety,saf:term:safety concern(w=2),saf:causal_near:safety concern,saf:term:safety concerns(w=2),saf:causal_near:safety concerns",INTERVENTIONAL,PHASE2,Arbeitsgemeinschaft medikamentoese Tumortherapie,Merck Sharp & Dohme LLC; Sanofi,Esophageal Cancer,5-FU; Cisplatin; Taxotere; Cetuximab; Radiation during chemoradio-immunotherapy,DRUG; DRUG; DRUG; BIOLOGICAL; RADIATION,2008-08,2012-12,2012-12,2015-03-09,https://clinicaltrials.gov/study/NCT00735345
NCT00058214,Perifosine in Treating Patients With Recurrent Prostate Cancer,TERMINATED,Did not meet interim stopping criteria for continuation to the second stage.,BIOLOGICAL_FAILURE,EFFICACY/FUTILITY,MEDIUM,score=3;eff:term:did not meet(w=3),INTERVENTIONAL,PHASE2,National Cancer Institute (NCI),,Adenocarcinoma of the Prostate; Recurrent Prostate Cancer; Stage IIB Prostate Cancer; Stage III Prostate Cancer; Stage IV Prostate Cancer,perifosine; laboratory biomarker analysis,DRUG; OTHER,2003-03,2009-01,2009-01,2015-02-23,https://clinicaltrials.gov/study/NCT00058214
NCT00363883,Vorinostat in Treating Patients With Locally Recurrent or Metastatic Cancer of the Urothelium,TERMINATED,Trial stopped early for futility,BIOLOGICAL_FAILURE,EFFICACY/FUTILITY,HIGH,"score=6;eff:term:futility(w=3),eff:futility_phrase",INTERVENTIONAL,PHASE2,National Cancer Institute (NCI),,Localized Transitional Cell Cancer of the Renal Pelvis and Ureter; Metastatic Transitional Cell Cancer of the Renal Pelvis and Ureter; Recurrent Transitional Cell Cancer of the Renal Pelvis and Ureter; Regional Transitional Cell Cancer of the Renal Pelvis and Ureter; Transitional Cell Carcinoma of the Bladder,vorinostat; laboratory biomarker analysis,DRUG; OTHER,2006-06,2010-12,2010-12,2015-02-13,https://clinicaltrials.gov/study/NCT00363883
NCT01369888,Use of IL-15 After Chemotherapy and Lymphocyte Transfer in Metastatic Melanoma,TERMINATED,Closed this protocol due to autoimmune toxicity.,BIOLOGICAL_FAILURE,SAFETY,HIGH,"score=7;saf:term:toxicity(w=2),saf:causal_near:toxicity,saf:term:toxic(w=1),saf:causal_near:toxic",INTERVENTIONAL,PHASE1; PHASE2,National Cancer Institute (NCI),,Metastatic Melanoma; Skin Cancer,Cyclophosphamide; Fludarabine; Tumor Infiltrating Lymphocytes; IL-15,DRUG; DRUG; BIOLOGICAL; DRUG,2011-05,2014-05,2014-05,2015-01-27,https://clinicaltrials.gov/study/NCT01369888
NCT01537861,"Filgrastim in Treating Patients With Bortezomib-, Carfilzomib-, or IMID-Refractory Multiple Myeloma",TERMINATED,Unexpected toxicity (2 early deaths),BIOLOGICAL_FAILURE,SAFETY,MEDIUM,"score=3;saf:term:toxicity(w=2),saf:term:toxic(w=1)",INTERVENTIONAL,EARLY_PHASE1,Washington University School of Medicine,,Multiple Myeloma,Filgrastim; Bortezomib; Carfilzomib; Dexamethasone; Cyclophosphamide; Thalidomide; Lenalidomide; Pomalidomide,DRUG; DRUG; DRUG; DRUG; DRUG; DRUG; DRUG; DRUG,2012-06,2014-02,2014-12,2015-01-26,https://clinicaltrials.gov/study/NCT01537861
NCT01400451,Ph I Ipilimumab Vemurafenib Combo in Patients With v-Raf Murine Sarcoma Viral Oncogene Homolog B1 (BRAF),TERMINATED,More than 2 of 6 patients treated experienced dose limiting toxicities.,BIOLOGICAL_FAILURE,SAFETY,MEDIUM,"score=2;saf:term:toxic(w=1),saf:term:dose limiting(w=1)",INTERVENTIONAL,PHASE1,Bristol-Myers Squibb,Roche-Genentech,Melanoma,Ipilimumab (BMS-734016); Vemurafenib,DRUG; DRUG,2011-11,2013-04,2013-12,2015-01-01,https://clinicaltrials.gov/study/NCT01400451
